DrugID,DrugName,ConnectivitySMILES
0,(+)-Mefloquine,C1CCNC(C1)C(C2=CC(=NC3=C2C=CC=C3C(F)(F)F)C(F)(F)F)O
1,(+)-menthol,CC1CCC(C(C1)O)C(C)C
2,"(1,2,6,7-3H)Testosterone",CC12CCC3C(C1CCC2O)CCC4=CC(=O)CCC34C
3,"(1R,2S)-2-Phenylcyclopropanaminium",C1C(C1[NH3+])C2=CC=CC=C2
4,"(1S,3S,5S)-2-{(2S)-2-amino-2-[(1R,3S,5R,7S)-3-hydroxytricyclo[3.3.1.1~3,7~]dec-1-yl]acetyl}-2-azabicyclo[3.1.0]hexane-3-carbonitrile",C1C2CC2N(C1C#N)C(=O)C(C34CC5CC(C3)CC(C5)(C4)O)N
5,"(2R)-1-(2,6-dimethylphenoxy)propan-2-amine",CC1=C(C(=CC=C1)C)OCC(C)N
6,(3-Carboxy-2-(R)-Hydroxy-Propyl)-Trimethyl-Ammonium,C[N+](C)(C)CC(CC(=O)O)O
7,"(5R)-5-(4-{[(2R)-6-HYDROXY-2,5,7,8-TETRAMETHYL-3,4-DIHYDRO-2H-CHROMEN-2-YL]METHOXY}BENZYL)-1,3-THIAZOLIDINE-2,4-DIONE",CC1=C(C2=C(CCC(O2)(C)COC3=CC=C(C=C3)CC4C(=O)NC(=O)S4)C(=C1O)C)C
8,(6R)-Folinic acid,C1C(N(C2=C(N1)N=C(NC2=O)N)C=O)CNC3=CC=C(C=C3)C(=O)NC(CCC(=O)O)C(=O)O
9,"(6S)-5,6,7,8-tetrahydrofolic acid",C1C(NC2=C(N1)N=C(NC2=O)N)CNC3=CC=C(C=C3)C(=O)NC(CCC(=O)O)C(=O)O
10,(R)-Atenolol,CC(C)NCC(COC1=CC=C(C=C1)CC(=O)N)O
11,(R)-Bicalutamide,CC(CS(=O)(=O)C1=CC=C(C=C1)F)(C(=O)NC2=CC(=C(C=C2)C#N)C(F)(F)F)O
12,(R)-Fluoxetine,CNCCC(C1=CC=CC=C1)OC2=CC=C(C=C2)C(F)(F)F
13,(R)-Gossypol,CC1=CC2=C(C(=C(C(=C2C(C)C)O)O)C=O)C(=C1C3=C(C4=C(C=C3C)C(=C(C(=C4C=O)O)O)C(C)C)O)O
14,(R)-Praziquantel,C1CCC(CC1)C(=O)N2CC3C4=CC=CC=C4CCN3C(=O)C2
15,(R)-Propafenone,CCCNCC(COC1=CC=CC=C1C(=O)CCC2=CC=CC=C2)O
16,(R)-Rolipram,COC1=C(C=C(C=C1)C2CC(=O)NC2)OC3CCCC3
17,(R)-etodolac,CCC1=C2C(=CC=C1)C3=C(N2)C(OCC3)(CC)CC(=O)O
18,(R)-warfarin,CC(=O)CC(C1=CC=CC=C1)C2=C(C3=CC=CC=C3OC2=O)O
19,(S)-Indapamide,CC1CC2=CC=CC=C2N1NC(=O)C3=CC(=C(C=C3)Cl)S(=O)(=O)N
20,(S)-econazole,C1=CC(=CC=C1COC(CN2C=CN=C2)C3=C(C=C(C=C3)Cl)Cl)Cl
21,"1,10-Phenanthroline",C1=CC2=C(C3=C(C=CC=N3)C=C2)N=C1
22,"1,2-Benzodiazepine",C1=CC=C2C(=C1)C=CC=NN2
24,1-(2-Phenylethyl)-4-phenyl-4-acetoxypiperidine,CC(=O)OC1(CCN(CC1)CCC2=CC=CC=C2)C3=CC=CC=C3
25,"1-BENZYL-4-[(5,6-DIMETHOXY-1-INDANON-2-YL)METHYL]PIPERIDINE",COC1=C(C=C2C(=C1)CC(C2=O)CC3CCN(CC3)CC4=CC=CC=C4)OC
26,1-Testosterone,CC12CCC3C(C1CCC2O)CCC4C3(C=CC(=O)C4)C
27,1-benzylimidazole,C1=CC=C(C=C1)CN2C=CN=C2
28,1-deoxymannojirimycin,C1C(C(C(C(N1)CO)O)O)O
29,10-hydroxycamptothecin,CCC1(C2=C(COC1=O)C(=O)N3CC4=C(C3=C2)N=C5C=CC(=CC5=C4)O)O
30,16-Bromoepiandrosterone,CC12CCC(CC1CCC3C2CCC4(C3CC(C4=O)Br)C)O
31,17alpha-Estriol,CC12CCC3C(C1CC(C2O)O)CCC4=C3C=CC(=C4)O
32,18-methyl-19-nortestosterone,CCC12CCC3C(C1CCC2O)CCC4=CC(=O)CCC34
33,19-norandrostenedione,CC12CCC3C(C1CCC2=O)CCC4=CC(=O)CCC34
34,"1alpha,24S-Dihydroxyvitamin D2",CC(C)C(C)(C=CC(C)C1CCC2C1(CCCC2=CC=C3CC(CC(C3=C)O)O)C)O
35,1alpha-Hydroxyvitamin D5,CCC(CCC(C)C1CCC2C1(CCCC2=CC=C3CC(CC(C3=C)O)O)C)C(C)C
36,"2,4-Diamino-5-(3,4,5-Trimethoxy-Benzyl)-Pyrimidin-1-Ium",COC1=CC(=CC(=C1OC)OC)CC2=C[NH+]=C(N=C2N)N
37,"2,4-thiazolidinedione",C1C(=O)NC(=O)S1
38,"2,5-Dimethoxy-4-ethylamphetamine",CCC1=CC(=C(C=C1OC)CC(C)N)OC
39,"2,5-Dimethoxy-4-ethylthioamphetamine",CCSC1=C(C=C(C(=C1)OC)CC(C)N)OC
40,2-(4-Chlorophenyl)-5-Quinoxalinecarboxamide,C1=CC(=C2C(=C1)N=CC(=N2)C3=CC=C(C=C3)Cl)C(=O)N
41,2-Fluoroadenosine,C1=NC2=C(N=C(N=C2N1C3C(C(C(O3)CO)O)O)F)N
42,2-Methoxyestradiol,CC12CCC3C(C1CCC2O)CCC4=CC(=C(C=C34)OC)O
43,2-Methoxyethanol,COCCO
44,2-chloro-5-[(1S)-1-hydroxy-3-oxo-2H-isoindol-1-yl]benzenesulfonamide,C1=CC=C2C(=C1)C(=O)NC2(C3=CC(=C(C=C3)Cl)S(=O)(=O)N)O
45,2-chloroethyl-3-sarcosinamide-1-nitrosourea,CN(CC(=O)N)C(=O)N(CCCl)N=O
46,25-desacetylrifapentine,CC1C=CC=C(C(=O)NC2=C(C(=C3C(=C2O)C(=C(C4=C3C(=O)C(O4)(OC=CC(C(C(C(C(C(C1O)C)O)C)O)C)OC)C)C)O)O)C=NN5CCN(CC5)C6CCCC6)C
47,"3,4-Dihydroxybenzoic Acid",C1=CC(=C(C=C1C(=O)O)O)O
48,"3,5-Diiodotyrosine",C1=C(C=C(C(=C1I)O)I)CC(C(=O)O)N
49,"3,5-Dinitrocatechol",C1=C(C=C(C(=C1[N+](=O)[O-])O)O)[N+](=O)[O-]
50,"3,5-diiodothyropropionic acid",C1=CC(=CC=C1O)OC2=C(C=C(C=C2I)CCC(=O)O)I
51,3-isobutyl-1-methyl-7H-xanthine,CC(C)CN1C2=C(C(=O)N(C1=O)C)NC=N2
52,"4-Bromo-2,5-dimethoxyamphetamine",CC(CC1=CC(=C(C=C1OC)Br)OC)N
53,"4-Bromo-2,5-dimethoxyphenethylamine",COC1=CC(=C(C=C1CCN)OC)Br
54,4-Hydroxytestosterone,CC12CCC3C(C1CCC2O)CCC4=C(C(=O)CCC34C)O
55,4-Methoxyamphetamine,CC(CC1=CC=C(C=C1)OC)N
56,4-Oxoretinol,CC1=C(C(CCC1=O)(C)C)C=CC(=CC=CC(=CCO)C)C
57,4-hydroxycoumarin,C1=CC=C2C(=C1)C(=CC(=O)O2)O
58,5-(2-methylpiperazine-1-sulfonyl)isoquinoline,CC1CNCCN1S(=O)(=O)C2=CC=CC3=C2C=CN=C3
59,5-androstenedione,CC12CCC3C(C1CCC2=O)CC=C4C3(CCC(=O)C4)C
60,5-fluorouridine,C1=C(C(=O)NC(=O)N1C2C(C(C(O2)CO)O)O)F
61,"5-methoxy-N,N-dimethyltryptamine",CN(C)CCC1=CNC2=C1C=C(C=C2)OC
62,5-methyltetrahydrofolic acid,CN1C(CNC2=C1C(=O)NC(=N2)N)CNC3=CC=C(C=C3)C(=O)NC(CCC(=O)O)C(=O)O
63,5beta-dihydrotestosterone,CC12CCC(=O)CC1CCC3C2CCC4(C3CCC4O)C
64,"6-CHLORO-3-(DICHLOROMETHYL)-3,4-DIHYDRO-2H-1,2,4-BENZOTHIADIAZINE-7-SULFONAMIDE 1,1-DIOXIDE",C1=C2C(=CC(=C1Cl)S(=O)(=O)N)S(=O)(=O)NC(N2)C(Cl)Cl
65,6-Deoxyerythronolide B,CCC1C(C(C(C(=O)C(CC(C(C(C(C(C(=O)O1)C)O)C)O)C)C)C)O)C
66,6-O-benzylguanine,C1=CC=C(C=C1)COC2=NC(=NC3=C2NC=N3)N
67,"6S-5,6,7,8-Tetrahydrobiopterin",CC(C(C1CNC2=C(N1)C(=O)NC(=N2)N)O)O
68,"7,8-Dichloro-1,2,3,4-tetrahydroisoquinoline",C1CNCC2=C1C=CC(=C2Cl)Cl
69,"7,9-Dimethylguanine",CN1C=[N+](C2=C1C(NC(N2)N)O)C
70,7-((Carboxy(4-Hydroxyphenyl)Acetyl)Amino)-7-Methoxy-(3-((1-Methyl-1h-Tetrazol-5-Yl)Thio)Methyl)-8-Oxo-5-Oxa-1-Azabicyclo[4.2.0]Oct-2-Ene-2-Carboxylic Acid,CN1C(=NN=N1)SCC2=C(N3C(C(C3=O)(NC(=O)C(C4=CC=C(C=C4)O)C(=O)O)OC)OC2)C(=O)O
71,7-(2-Amino-2-Phenyl-Acetylamino)-3-Chloro-8-Oxo-1-Aza-Bicyclo[4.2.0]Oct-2-Ene-2-Carboxylic Acid,C1CC(=C(N2C1C(C2=O)NC(=O)C(C3=CC=CC=C3)N)C(=O)O)Cl
72,7-Deazaguanine,C1=CNC2=C1C(=O)NC(=N2)N
73,7-Hydroxystaurosporine,CC12C(C(CC(O1)N3C4=CC=CC=C4C5=C6C(=C7C8=CC=CC=C8N2C7=C53)C(NC6=O)O)NC)OC
74,7-Nitroindazole,C1=CC2=C(C(=C1)[N+](=O)[O-])NN=C2
75,8-azaguanine,C12=NNN=C1N=C(NC2=O)N
76,8-chlorotheophylline,CN1C2=C(C(=O)N(C1=O)C)NC(=N2)Cl
77,9-(N-methyl-L-isoleucine)-cyclosporin A,CCC1C(=O)N(CC(=O)N(C(C(=O)NC(C(=O)N(C(C(=O)NC(C(=O)NC(C(=O)N(C(C(=O)N(C(C(=O)N(C(C(=O)N(C(C(=O)N1)C(C(C)CC=CC)O)C)C(C)C)C)CC(C)C)C)CC(C)C)C)C)C)CC(C)C)C)C(C)C)C(C)CC)C)C
78,9-Beta-D-Xylofuranosyl-Adenine,C1=NC(=C2C(=N1)N(C=N2)C3C(C(C(O3)CO)O)O)N
79,9-Deazaguanine,C1=CNC2=C1N=C(NC2=O)N
80,9-Methylguanine,CN1C=NC2=C1N=C(NC2=O)N
81,9-aminocamptothecin,CCC1(C2=C(COC1=O)C(=O)N3CC4=CC5=C(C=CC=C5N=C4C3=C2)N)O
82,AICA ribonucleotide,C1=NC(=C(N1C2C(C(C(O2)COP(=O)(O)O)O)O)N)C(=O)N
83,ALT-2074,CC1(CN[Se]C2=CC=CC=C21)C
84,AMG-222,CC(CC1(C2=C(CCC3=C1C=CC(=C3)C(=O)N(C)C)C=C(C=C2)C(=O)N(C)C)C4=NNN=N4)NCC(=O)N5CCCC5C#N
85,AS-8112,CCN1CCN(CC(C1)NC(=O)C2=CC(=C(C=C2OC)NC)Br)C
86,AZD-3043,CCCOC(=O)CC1=CC(=C(C=C1)OCC(=O)N(CC)CC)OCC
87,AZD-5991,CC1=C2C(=NN1C)CSCC3=NN(C(=C3)CSC4=CC5=CC=CC=C5C(=C4)OCCCC6=C(N(C7=C6C=CC(=C27)Cl)C)C(=O)O)C
88,Abacavir,C1CC1NC2=C3C(=NC(=N2)N)N(C=N3)C4CC(C=C4)CO
89,Abafungin,CC1=CC(=C(C=C1)OC2=CC=CC=C2C3=CSC(=N3)NC4=NCCCN4)C
90,Abametapir,CC1=CN=C(C=C1)C2=NC=C(C=C2)C
91,Abediterol,C1=CC=C(C=C1)C(COCCCCCCNCC(C2=C3C=CC(=O)NC3=C(C=C2)O)O)(F)F
92,Abemaciclib,CCN1CCN(CC1)CC2=CN=C(C=C2)NC3=NC=C(C(=N3)C4=CC5=C(C(=C4)F)N=C(N5C(C)C)C)F
93,Abexinostat,CN(C)CC1=C(OC2=CC=CC=C21)C(=O)NCCOC3=CC=C(C=C3)C(=O)NO
94,Abiraterone,CC12CCC(CC1=CCC3C2CCC4(C3CC=C4C5=CN=CC=C5)C)O
95,Abrocitinib,CCCS(=O)(=O)NC1CC(C1)N(C)C2=NC=NC3=C2C=CN3
96,Acalabrutinib,CC#CC(=O)N1CCCC1C2=NC(=C3N2C=CN=C3N)C4=CC=C(C=C4)C(=O)NC5=CC=CC=N5
97,Acamprosate,CC(=O)NCCCS(=O)(=O)O
98,Acarbose,CC1C(C(C(C(O1)OC2C(OC(C(C2O)O)OC(C(CO)O)C(C(C=O)O)O)CO)O)O)NC3C=C(C(C(C3O)O)O)CO
99,Acebutolol,CCCC(=O)NC1=CC(=C(C=C1)OCC(CNC(C)C)O)C(=O)C
100,Aceclofenac,C1=CC=C(C(=C1)CC(=O)OCC(=O)O)NC2=C(C=CC=C2Cl)Cl
101,Acefylline,CN1C2=C(C(=O)N(C1=O)C)N(C=N2)CC(=O)O
102,Acemetacin,CC1=C(C2=C(N1C(=O)C3=CC=C(C=C3)Cl)C=CC(=C2)OC)CC(=O)OCC(=O)O
103,Acenocoumarol,CC(=O)CC(C1=CC=C(C=C1)[N+](=O)[O-])C2=C(C3=CC=CC=C3OC2=O)O
104,Acepromazine,CC(=O)C1=CC2=C(C=C1)SC3=CC=CC=C3N2CCCN(C)C
105,Aceprometazine,CC(CN1C2=CC=CC=C2SC3=C1C=C(C=C3)C(=O)C)N(C)C
106,Acetaminophen,CC(=O)NC1=CC=C(C=C1)O
107,Acetate,CC(=O)[O-]
108,Acetazolamide,CC(=O)NC1=NN=C(S1)S(=O)(=O)N
109,Acetoacetic acid,CC(=O)CC(=O)O
110,Acetohexamide,CC(=O)C1=CC=C(C=C1)S(=O)(=O)NC(=O)NC2CCCCC2
111,Acetophenazine,CC(=O)C1=CC2=C(C=C1)SC3=CC=CC=C3N2CCCN4CCN(CC4)CCO
112,Acetyl sulfisoxazole,CC1=C(ON=C1C)N(C(=O)C)S(=O)(=O)C2=CC=C(C=C2)N
113,Acetylamino-Acetic Acid,CC(=O)NCC(=O)O
114,Acetylcholine,CC(=O)OCC[N+](C)(C)C
115,Acetylcysteine,CC(=O)NC(CS)C(=O)O
116,Acetyldigitoxin,CC1C(C(CC(O1)OC2C(OC(CC2O)OC3C(OC(CC3O)OC4CCC5(C(C4)CCC6C5CCC7(C6(CCC7C8=CC(=O)OC8)O)C)C)C)C)OC(=O)C)O
117,Acetyldigoxin,CC1C(C(CC(O1)OC2C(OC(CC2O)OC3C(OC(CC3O)OC4CCC5(C(C4)CCC6C5CC(C7(C6(CCC7C8=CC(=O)OC8)O)C)O)C)C)C)OC(=O)C)O
118,Acetylleucine,CC(C)CC(C(=O)O)NC(=O)C
119,Acetylsalicylic acid,CC(=O)OC1=CC=CC=C1C(=O)O
120,Acipimox,CC1=CN=C(C=[N+]1[O-])C(=O)O
121,Acitretin,CC1=CC(=C(C(=C1C=CC(=CC=CC(=CC(=O)O)C)C)C)C)OC
122,Aclarubicin,CCC1(CC(C2=C(C3=C(C=C2C1C(=O)OC)C(=O)C4=C(C3=O)C(=CC=C4)O)O)OC5CC(C(C(O5)C)OC6CC(C(C(O6)C)OC7CCC(=O)C(O7)C)O)N(C)C)O
123,Aclidinium,C1C[N+]2(CCC1C(C2)OC(=O)C(C3=CC=CS3)(C4=CC=CS4)O)CCCOC5=CC=CC=C5
124,Acotiamide,CC(C)N(CCNC(=O)C1=CSC(=N1)NC(=O)C2=CC(=C(C=C2O)OC)OC)C(C)C
125,Acrivastine,CC1=CC=C(C=C1)C(=CCN2CCCC2)C3=CC=CC(=N3)C=CC(=O)O
126,Acteoside,CC1C(C(C(C(O1)OC2C(C(OC(C2OC(=O)C=CC3=CC(=C(C=C3)O)O)CO)OCCC4=CC(=C(C=C4)O)O)O)O)O)O
127,Acyclovir,C1=NC2=C(N1COCCO)N=C(NC2=O)N
128,Adagrasib,CN1CCCC1COC2=NC3=C(CCN(C3)C4=CC=CC5=C4C(=CC=C5)Cl)C(=N2)N6CCN(C(C6)CC#N)C(=O)C(=C)F
129,Adefovir,C1=NC(=C2C(=N1)N(C=N2)CCOCP(=O)(O)O)N
130,Adefovir dipivoxil,CC(C)(C)C(=O)OCOP(=O)(COCCN1C=NC2=C(N=CN=C21)N)OCOC(=O)C(C)(C)C
131,Ademetionine,C[S+](CCC(C(=O)[O-])N)CC1C(C(C(O1)N2C=NC3=C(N=CN=C32)N)O)O
132,Adenine,C1=NC2=NC=NC(=C2N1)N
133,Adinazolam,CN(C)CC1=NN=C2N1C3=C(C=C(C=C3)Cl)C(=NC2)C4=CC=CC=C4
134,Adipiplon,CCCC1=C(N=CN2C1=NC(=N2)C)CN3C=CN=C3C4=C(C=CC=N4)F
135,Adrafinil,C1=CC=C(C=C1)C(C2=CC=CC=C2)S(=O)CC(=O)NO
136,Afatinib,CN(C)CC=CC(=O)NC1=C(C=C2C(=C1)C(=NC=N2)NC3=CC(=C(C=C3)F)Cl)OC4CCOC4
137,Afimoxifene,CCC(=C(C1=CC=C(C=C1)O)C2=CC=C(C=C2)OCCN(C)C)C3=CC=CC=C3
138,Agmatine,C(CCN=C(N)N)CN
139,Agomelatine,CC(=O)NCCC1=CC=CC2=C1C=C(C=C2)OC
140,Ajmaline,CCC1C2CC3C4C5(CC(C2C5O)N3C1O)C6=CC=CC=C6N4C
141,Alanosine,C(C(C(=O)[O-])[NH3+])N(N=O)O
142,Alaproclate,CC(C(=O)OC(C)(C)CC1=CC=C(C=C1)Cl)N
143,Albaconazole,CC(C(CN1C=NC=N1)(C2=C(C=C(C=C2)F)F)O)N3C=NC4=C(C3=O)C=CC(=C4)Cl
144,Albendazole,CCCSC1=CC2=C(C=C1)N=C(N2)NC(=O)OC
145,Albuterol,CC(C)(C)NCC(C1=CC(=C(C=C1)O)CO)O
146,Alcaftadine,CN1CCC(=C2C3=CC=CC=C3CCN4C2=NC=C4C=O)CC1
147,Alclofenac,C=CCOC1=C(C=C(C=C1)CC(=O)O)Cl
148,Alclometasone,CC1CC2C3C(CC4=CC(=O)C=CC4(C3C(CC2(C1(C(=O)CO)O)C)O)C)Cl
149,Alcloxa,C1(C(=O)NC(=N1)[O-])NC(=O)N.[OH-].[OH-].[OH-].[OH-].[Al+3].[Al+3].[Cl-]
150,Alcuronium,C=CC[N+]12CCC34C1CC(C(=CCO)C2)C5=CN6C7C(=CN(C53)C8=CC=CC=C48)C9CC1C7(CC[N+]1(CC9=CCO)CC=C)C1=CC=CC=C16
151,Aldosterone,CC12CCC(=O)C=C1CCC3C2C(CC4(C3CCC4C(=O)CO)C=O)O
152,Aldoxorubicin,CC1C(C(CC(O1)OC2CC(CC3=C2C(=C4C(=C3O)C(=O)C5=C(C4=O)C(=CC=C5)OC)O)(C(=NNC(=O)CCCCCN6C(=O)C=CC6=O)CO)O)N)O
153,Alectinib,CCC1=CC2=C(C=C1N3CCC(CC3)N4CCOCC4)C(C5=C(C2=O)C6=C(N5)C=C(C=C6)C#N)(C)C
154,Alendronic acid,C(CC(O)(P(=O)(O)O)P(=O)(O)O)CN
155,Alexitol sodium,C(C(C(C(C(CO)O)O)O)O)O.C(=O)([O-])[O-].[OH-].[Na+].[Al+3]
156,Alfacalcidol,CC(C)CCCC(C)C1CCC2C1(CCCC2=CC=C3CC(CC(C3=C)O)O)C
157,Alfaxalone,CC(=O)C1CCC2C1(CC(=O)C3C2CCC4C3(CCC(C4)O)C)C
158,Alfentanil,CCC(=O)N(C1=CC=CC=C1)C2(CCN(CC2)CCN3C(=O)N(N=N3)CC)COC
159,Alfuzosin,CN(CCCNC(=O)C1CCCO1)C2=NC3=CC(=C(C=C3C(=N2)N)OC)OC
160,Algestone,CC(=O)C1(C(CC2C1(CCC3C2CCC4=CC(=O)CCC34C)C)O)O
161,Algestone acetophenide,CC(=O)C12C(CC3C1(CCC4C3CCC5=CC(=O)CCC45C)C)OC(O2)(C)C6=CC=CC=C6
162,Alimemazine,CC(CN1C2=CC=CC=C2SC3=CC=CC=C31)CN(C)C
163,Aliskiren,CC(C)C(CC1=CC(=C(C=C1)OC)OCCCOC)CC(C(CC(C(C)C)C(=O)NCC(C)(C)C(=O)N)O)N
164,Alitretinoin,CC1=C(C(CCC1)(C)C)C=CC(=CC=CC(=CC(=O)O)C)C
165,Allicin,C=CCSS(=O)CC=C
166,Allobarbital,C=CCC1(C(=O)NC(=O)NC1=O)CC=C
167,Alloin,C1=CC2=C(C(=C1)O)C(=O)C3=C(C2C4C(C(C(C(O4)CO)O)O)O)C=C(C=C3O)CO
168,Allopurinol,C1=NNC2=C1C(=O)NC=N2
169,Allylestrenol,CC12CCC3C(C1CCC2(CC=C)O)CCC4=CCCCC34
170,Almasilate,O.[O-][Si]([O-])([O-])[O-].[O-][Si]([O-])([O-])[O-].[Mg+2].[Al+3].[Al+3]
171,Alminoprofen,CC(C1=CC=C(C=C1)NCC(=C)C)C(=O)O
172,Almotriptan,CN(C)CCC1=CNC2=C1C=C(C=C2)CS(=O)(=O)N3CCCC3
173,Alogliptin,CN1C(=O)C=C(N(C1=O)CC2=CC=CC=C2C#N)N3CCCC(C3)N
174,Aloglutamol,C(C(C(C(C(C(=O)[O-])O)O)O)O)O.C(C(CO)(CO)N)O.[OH-].[OH-].[Al+3]
175,Alosetron,CC1=C(N=CN1)CN2CCC3=C(C2=O)C4=CC=CC=C4N3C
176,Alpelisib,CC1=C(SC(=N1)NC(=O)N2CCCC2C(=O)N)C3=CC(=NC=C3)C(C)(C)C(F)(F)F
177,Alphacetylmethadol,CCC(C(CC(C)N(C)C)(C1=CC=CC=C1)C2=CC=CC=C2)OC(=O)C
178,Alphaprodine,CCC(=O)OC1(CCN(CC1C)C)C2=CC=CC=C2
179,Alprazolam,CC1=NN=C2N1C3=C(C=C(C=C3)Cl)C(=NC2)C4=CC=CC=C4
180,Alprenolol,CC(C)NCC(COC1=CC=CC=C1CC=C)O
181,Alprostadil,CCCCCC(C=CC1C(CC(=O)C1CCCCCCC(=O)O)O)O
182,Altrenogest,CC12C=CC3=C4CCC(=O)C=C4CCC3C1CCC2(CC=C)O
183,Altretamine,CN(C)C1=NC(=NC(=N1)N(C)C)N(C)C
184,Aluminium,[Al]
185,Aluminium acetotartrate,CC(=O)[O-].C(C(C(=O)[O-])O)(C(=O)[O-])O.[Al+3]
186,Aluminium clofibrate,CC(C)(C(=O)[O-])OC1=CC=C(C=C1)Cl.CC(C)(C(=O)[O-])OC1=CC=C(C=C1)Cl.[OH-].[Al+3]
187,Aluminium glycinate,C(C(=O)[O-])N.O.[OH-].[OH-].[Al+3]
188,Aluminium nicotinate,C1=CC(=CN=C1)C(=O)[O-].C1=CC(=CN=C1)C(=O)[O-].C1=CC(=CN=C1)C(=O)[O-].[Al+3]
189,Aluminium phosphate,[O-]P(=O)([O-])[O-].[Al+3]
190,Aluminium tristearate,CCCCCCCCCCCCCCCCCC(=O)[O-].CCCCCCCCCCCCCCCCCC(=O)[O-].CCCCCCCCCCCCCCCCCC(=O)[O-].[Al+3]
191,Aluminum chloride,[Al](Cl)(Cl)Cl
192,Aluminum chlorohydrate,O.[OH-].[OH-].[OH-].[OH-].[OH-].[Al+3].[Al+3].[Cl-]
193,Aluminum sulfate,[O-]S(=O)(=O)[O-].[O-]S(=O)(=O)[O-].[O-]S(=O)(=O)[O-].[Al+3].[Al+3]
194,Alverine,CCN(CCCC1=CC=CC=C1)CCCC2=CC=CC=C2
195,Alvimopan,CC1CN(CCC1(C)C2=CC(=CC=C2)O)CC(CC3=CC=CC=C3)C(=O)NCC(=O)O
196,Alvocidib,CN1CCC(C(C1)O)C2=C(C=C(C3=C2OC(=CC3=O)C4=CC=CC=C4Cl)O)O
197,Amantadine,C1C2CC3CC1CC(C2)(C3)N
198,Ambenonium,CC[N+](CC)(CCNC(=O)C(=O)NCC[N+](CC)(CC)CC1=CC=CC=C1Cl)CC2=CC=CC=C2Cl
199,Ambrisentan,CC1=CC(=NC(=N1)OC(C(=O)O)C(C2=CC=CC=C2)(C3=CC=CC=C3)OC)C
200,Ambroxol,C1CC(CCC1NCC2=C(C(=CC(=C2)Br)Br)N)O
201,Amcinonide,CC(=O)OCC(=O)C12C(CC3C1(CC(C4(C3CCC5=CC(=O)C=CC54C)F)O)C)OC6(O2)CCCC6
202,Amdinocillin,CC1(C(N2C(S1)C(C2=O)N=CN3CCCCCC3)C(=O)O)C
203,Amibegron,CCOC(=O)COC1=CC2=C(CCC(C2)NCC(C3=CC(=CC=C3)Cl)O)C=C1
204,Amidephrine,CNCC(C1=CC(=CC=C1)NS(=O)(=O)C)O
205,Amifampridine,C1=CN=CC(=C1N)N
206,Amifostine,C(CN)CNCCSP(=O)(O)O
207,Amikacin,C1C(C(C(C(C1NC(=O)C(CCN)O)OC2C(C(C(C(O2)CO)O)N)O)O)OC3C(C(C(C(O3)CN)O)O)O)N
208,Amiloride,C1(=C(N=C(C(=N1)Cl)N)N)C(=O)N=C(N)N
209,Amineptine,C1CC2=CC=CC=C2C(C3=CC=CC=C31)NCCCCCCC(=O)O
210,Aminoglutethimide,CCC1(CCC(=O)NC1=O)C2=CC=C(C=C2)N
211,Aminohippuric acid,C1=CC(=CC=C1C(=O)NCC(=O)O)N
212,Aminolevulinic acid,C(CC(=O)O)C(=O)CN
213,Aminomethylbenzoic acid,C1=CC(=CC=C1CN)C(=O)O
214,Aminophenazone,CC1=C(C(=O)N(N1C)C2=CC=CC=C2)N(C)C
215,Aminophylline,CN1C2=C(C(=O)N(C1=O)C)NC=N2.CN1C2=C(C(=O)N(C1=O)C)NC=N2.C(CN)N
216,Aminopterin,C1=CC(=CC=C1C(=O)NC(CCC(=O)O)C(=O)O)NCC2=CN=C3C(=N2)C(=NC(=N3)N)N
217,Aminosalicylic acid,C1=CC(=C(C=C1N)O)C(=O)O
218,Amiodarone,CCCCC1=C(C2=CC=CC=C2O1)C(=O)C3=CC(=C(C(=C3)I)OCCN(CC)CC)I
219,Amisulpride,CCN1CCCC1CNC(=O)C2=CC(=C(C=C2OC)N)S(=O)(=O)CC
220,Amithiozone,CC(=O)NC1=CC=C(C=C1)C=NNC(=S)N
221,Amitraz,CC1=CC(=C(C=C1)N=CN(C)C=NC2=C(C=C(C=C2)C)C)C
222,Amitriptyline,CN(C)CCC=C1C2=CC=CC=C2CCC3=CC=CC=C31
223,Amitriptylinoxide,C[N+](C)(CCC=C1C2=CC=CC=C2CCC3=CC=CC=C31)[O-]
224,Amlodipine,CCOC(=O)C1=C(NC(=C(C1C2=CC=CC=C2Cl)C(=O)OC)C)COCCN
225,Ammonia N-13,N
226,Ammonium bicarbonate,C(=O)(O)[O-].[NH4+]
227,Ammonium lactate,CC(C(=O)[O-])O.[NH4+]
228,Ammonium tetrathiomolybdate,[NH4+].[NH4+].[SH-].[SH-].S=[Mo]=S
229,Amobarbital,CCC1(C(=O)NC(=O)NC1=O)CCC(C)C
230,Amodiaquine,CCN(CC)CC1=C(C=CC(=C1)NC2=C3C=CC(=CC3=NC=C2)Cl)O
231,Amonafide,CN(C)CCN1C(=O)C2=CC=CC3=CC(=CC(=C32)C1=O)N
232,Amoxapine,C1CN(CCN1)C2=NC3=CC=CC=C3OC4=C2C=C(C=C4)Cl
233,Amoxicillin,CC1(C(N2C(S1)C(C2=O)NC(=O)C(C3=CC=C(C=C3)O)N)C(=O)O)C
234,Amperozide,CCNC(=O)N1CCN(CC1)CCCC(C2=CC=C(C=C2)F)C3=CC=C(C=C3)F
235,Amphetamine,CC(CC1=CC=CC=C1)N
236,Amphotericin B,CC1C=CC=CC=CC=CC=CC=CC=CC(CC2C(C(CC(O2)(CC(CC(C(CCC(CC(CC(=O)OC(C(C1O)C)C)O)O)O)O)O)O)O)C(=O)O)OC3C(C(C(C(O3)C)O)N)O
237,Ampicillin,CC1(C(N2C(S1)C(C2=O)NC(=O)C(C3=CC=CC=C3)N)C(=O)O)C
238,Amprenavir,CC(C)CN(CC(C(CC1=CC=CC=C1)NC(=O)OC2CCOC2)O)S(=O)(=O)C3=CC=C(C=C3)N
239,Amrinone,C1=CN=CC=C1C2=CNC(=O)C(=C2)N
240,Amrubicin,CC(=O)C1(CC(C2=C(C1)C(=C3C(=C2O)C(=O)C4=CC=CC=C4C3=O)O)OC5CC(C(CO5)O)O)N
241,Amsacrine,COC1=C(C=CC(=C1)NS(=O)(=O)C)NC2=C3C=CC=CC3=NC4=CC=CC=C42
242,Amyl Nitrite,CC(C)CCON=O
243,Anagliptin,CC1=NN2C=C(C=NC2=C1)C(=O)NCC(C)(C)NCC(=O)N3CCCC3C#N
244,Anagrelide,C1C2=C(C=CC(=C2Cl)Cl)N=C3N1CC(=O)N3
245,Anastrozole,CC(C)(C#N)C1=CC(=CC(=C1)CN2C=NC=N2)C(C)(C)C#N
246,Andrographolide,CC12CCC(C(C1CCC(=C)C2CC=C3C(COC3=O)O)(C)CO)O
247,Androstenediol,CC12CCC3C(C1CCC2O)CC=C4C3(CCC(C4)O)C
248,Androstenedione,CC12CCC(=O)C=C1CCC3C2CCC4(C3CCC4=O)C
249,Anecortave,CC12CCC(=O)C=C1CCC3C2=CCC4(C3CCC4(C(=O)CO)O)C
250,Angiotensin 1-7,CCC(C)C(C(=O)NC(CC1=CN=CN1)C(=O)N2CCCC2C(=O)O)NC(=O)C(CC3=CC=C(C=C3)O)NC(=O)C(C(C)C)NC(=O)C(CCCN=C(N)N)NC(=O)C(CC(=O)O)N
251,Anileridine,CCOC(=O)C1(CCN(CC1)CCC2=CC=C(C=C2)N)C3=CC=CC=C3
252,Aniline,C1=CC=C(C=C1)N
253,Aniracetam,COC1=CC=C(C=C1)C(=O)N2CCCC2=O
254,Anisodamine,CN1C2CC(CC1C(C2)O)OC(=O)C(CO)C3=CC=CC=C3
255,Anisotropine methylbromide,CCCC(CCC)C(=O)OC1CC2CCC(C1)[N+]2(C)C.[Br-]
256,Annamycin,CC1C(C(C(C(O1)OC2CC(CC3=C2C(=C4C(=C3O)C(=O)C5=CC=CC=C5C4=O)O)(C(=O)CO)O)I)O)O
257,Antazoline,C1CN=C(N1)CN(CC2=CC=CC=C2)C3=CC=CC=C3
258,Antipyrine,CC1=CC(=O)N(N1C)C2=CC=CC=C2
259,Antrafenine,C1CN(CCN1CCOC(=O)C2=CC=CC=C2NC3=C4C=CC(=CC4=NC=C3)C(F)(F)F)C5=CC=CC(=C5)C(F)(F)F
260,Apalutamide,CNC(=O)C1=C(C=C(C=C1)N2C(=S)N(C(=O)C23CCC3)C4=CC(=C(N=C4)C#N)C(F)(F)F)F
261,Apaziquone,CN1C(=C(C2=C1C(=O)C=C(C2=O)N3CC3)CO)C=CCO
262,Apixaban,COC1=CC=C(C=C1)N2C3=C(CCN(C3=O)C4=CC=C(C=C4)N5CCCCC5=O)C(=N2)C(=O)N
263,Apomorphine,CN1CCC2=C3C1CC4=C(C3=CC=C2)C(=C(C=C4)O)O
264,Apraclonidine,C1CN=C(N1)NC2=C(C=C(C=C2Cl)N)Cl
265,Apramycin,CNC1C(C2C(CC(C(O2)OC3C(CC(C(C3O)O)N)N)N)OC1OC4C(C(C(C(O4)CO)N)O)O)O
266,Apremilast,CCOC1=C(C=CC(=C1)C(CS(=O)(=O)C)N2C(=O)C3=C(C2=O)C(=CC=C3)NC(=O)C)OC
267,Aprepitant,CC(C1=CC(=CC(=C1)C(F)(F)F)C(F)(F)F)OC2C(N(CCO2)CC3=NNC(=O)N3)C4=CC=C(C=C4)F
268,Aprindine,CCN(CC)CCCN(C1CC2=CC=CC=C2C1)C3=CC=CC=C3
269,Aprobarbital,CC(C)C1(C(=O)NC(=O)NC1=O)CC=C
270,Aprocitentan,C1=CC(=CC=C1C2=C(N=CN=C2OCCOC3=NC=C(C=N3)Br)NS(=O)(=O)N)Br
271,Apronalide,CC(C)C(CC=C)C(=O)NC(=O)N
272,Arachidonic Acid,CCCCCC=CCC=CCC=CCC=CCCCC(=O)O
273,Aramchol,CCCCCCCCCCCCCCCCCCCC(=O)NC1CCC2(C(C1)CC(C3C2CC(C4(C3CCC4C(C)CCC(=O)O)C)O)O)C
274,Aranidipine,CC1=C(C(C(=C(N1)C)C(=O)OCC(=O)C)C2=CC=CC=C2[N+](=O)[O-])C(=O)OC
275,Arbaclofen,C1=CC(=CC=C1C(CC(=O)O)CN)Cl
276,Arbaclofen Placarbil,CC(C)C(OC(=O)C(C)C)OC(=O)NCC(CC(=O)O)C1=CC=C(C=C1)Cl
277,Arbekacin,C1CC(C(OC1CN)OC2C(CC(C(C2O)OC3C(C(C(C(O3)CO)O)N)O)NC(=O)C(CCN)O)N)N
278,Arbutamine,C1=CC(=CC=C1CCCCNCC(C2=CC(=C(C=C2)O)O)O)O
279,Arecoline,CN1CCC=C(C1)C(=O)OC
280,Arformoterol,CC(CC1=CC=C(C=C1)OC)NCC(C2=CC(=C(C=C2)O)NC=O)O
281,Argatroban,CC1CCN(C(C1)C(=O)O)C(=O)C(CCCN=C(N)N)NS(=O)(=O)C2=CC=CC3=C2NCC(C3)C
282,Aripiprazole,C1CC(=O)NC2=C1C=CC(=C2)OCCCCN3CCN(CC3)C4=C(C(=CC=C4)Cl)Cl
283,Aripiprazole lauroxil,CCCCCCCCCCCC(=O)OCN1C(=O)CCC2=C1C=C(C=C2)OCCCCN3CCN(CC3)C4=C(C(=CC=C4)Cl)Cl
284,Arketamine,CNC1(CCCCC1=O)C2=CC=CC=C2Cl
285,Armodafinil,C1=CC=C(C=C1)C(C2=CC=CC=C2)S(=O)CC(=O)N
286,Arotinolol,CC(C)(C)NCC(CSC1=NC(=CS1)C2=CC=C(S2)C(=O)N)O
287,Arsenic trioxide,[O-2].[O-2].[O-2].[As+3].[As+3]
288,Artefenomel,C1CC2(CCC1C3=CC=C(C=C3)OCCN4CCOCC4)OC5(C6CC7CC(C6)CC5C7)OO2
289,Artemether,CC1CCC2C(C(OC3C24C1CCC(O3)(OO4)C)OC)C
290,Artemisinin,CC1CCC2C(C(=O)OC3C24C1CCC(O3)(OO4)C)C
291,Artemotil,CCOC1C(C2CCC(C3C24C(O1)OC(CC3)(OO4)C)C)C
292,Artenimol,CC1CCC2C(C(OC3C24C1CCC(O3)(OO4)C)O)C
293,Artesunate,CC1CCC2C(C(OC3C24C1CCC(O3)(OO4)C)OC(=O)CCC(=O)O)C
294,Articaine,CCCNC(C)C(=O)NC1=C(SC=C1C)C(=O)OC
295,Asciminib,C1CN(CC1O)C2=C(C=C(C=N2)C(=O)NC3=CC=C(C=C3)OC(F)(F)Cl)C4=CC=NN4
296,Ascorbic acid,C(C(C1C(=C(C(=O)O1)O)O)O)O
297,Asenapine,CN1CC2C(C1)C3=C(C=CC(=C3)Cl)OC4=CC=CC=C24
298,Aspartame,COC(=O)C(CC1=CC=CC=C1)NC(=O)C(CC(=O)O)N
299,Aspartic acid,C(C(C(=O)O)N)C(=O)O
300,Aspoxicillin,CC1(C(N2C(S1)C(C2=O)NC(=O)C(C3=CC=C(C=C3)O)NC(=O)C(CC(=O)NC)N)C(=O)O)C
301,Astaxanthin,CC1=C(C(CC(C1=O)O)(C)C)C=CC(=CC=CC(=CC=CC=C(C)C=CC=C(C)C=CC2=C(C(=O)C(CC2(C)C)O)C)C)C
302,Astemizole,COC1=CC=C(C=C1)CCN2CCC(CC2)NC3=NC4=CC=CC=C4N3CC5=CC=C(C=C5)F
303,Asunaprevir,CC(C)(C)C(C(=O)N1CC(CC1C(=O)NC2(CC2C=C)C(=O)NS(=O)(=O)C3CC3)OC4=NC=C(C5=C4C=C(C=C5)Cl)OC)NC(=O)OC(C)(C)C
304,Ataluren,C1=CC=C(C(=C1)C2=NC(=NO2)C3=CC(=CC=C3)C(=O)O)F
305,Atamestane,CC1=CC(=O)C=C2C1(C3CCC4(C(C3CC2)CCC4=O)C)C
306,Atazanavir,CC(C)(C)C(C(=O)NC(CC1=CC=CC=C1)C(CN(CC2=CC=C(C=C2)C3=CC=CC=N3)NC(=O)C(C(C)(C)C)NC(=O)OC)O)NC(=O)OC
307,Aticaprant,CC1=CC(=CC(=C1)C2CCCN2CC3=CC=C(C=C3)OC4=C(C=C(C=C4)C(=O)N)F)C
308,Atipamezole,CCC1(CC2=CC=CC=C2C1)C3=CN=CN3
309,Atogepant,CC1C(CC(C(=O)N1CC(F)(F)F)NC(=O)C2=CC3=C(CC4(C3)C5=C(NC4=O)N=CC=C5)N=C2)C6=C(C=CC(=C6F)F)F
310,Atomoxetine,CC1=CC=CC=C1OC(CCNC)C2=CC=CC=C2
311,Atorvastatin,CC(C)C1=C(C(=C(N1CCC(CC(CC(=O)O)O)O)C2=CC=C(C=C2)F)C3=CC=CC=C3)C(=O)NC4=CC=CC=C4
312,Atosiban,CCC(C)C1C(=O)NC(C(=O)NC(C(=O)NC(CSSCCC(=O)NC(C(=O)N1)CC2=CC=C(C=C2)OCC)C(=O)N3CCCC3C(=O)NC(CCCN)C(=O)NCC(=O)N)CC(=O)N)C(C)O
313,Atovaquone,C1CC(CCC1C2=CC=C(C=C2)Cl)C3=C(C4=CC=CC=C4C(=O)C3=O)O
314,Atracurium besylate,C[N+]1(CCC2=CC(=C(C=C2C1CC3=CC(=C(C=C3)OC)OC)OC)OC)CCC(=O)OCCCCCOC(=O)CC[N+]4(CCC5=CC(=C(C=C5C4CC6=CC(=C(C=C6)OC)OC)OC)OC)C.C1=CC=C(C=C1)S(=O)(=O)[O-].C1=CC=C(C=C1)S(=O)(=O)[O-]
315,Atrasentan,CCCCN(CCCC)C(=O)CN1CC(C(C1C2=CC=C(C=C2)OC)C(=O)O)C3=CC4=C(C=C3)OCO4
316,Atropine,CN1C2CCC1CC(C2)OC(=O)C(CO)C3=CC=CC=C3
317,Auranofin,CCP(CC)CC.CC(=O)OCC1C(C(C(C(O1)[S-])OC(=O)C)OC(=O)C)OC(=O)C.[Au+]
318,Aurodox,CCC(C(=O)NCC=CC=C(C)C(C(C)C1C(C(C(O1)C=CC=CC=C(C)C(=O)C2=C(C=CN(C2=O)C)O)O)O)OC)C3(C(C(C(C(O3)C=CC=CC)(C)C)O)O)O
319,Aurothioglucose,C(C1C(C(C(C(O1)[S-])O)O)O)O.[Au+]
320,Avacopan,CC1=C(C(=CC=C1)F)C(=O)N2CCCC(C2C3=CC=C(C=C3)NC4CCCC4)C(=O)NC5=CC(=C(C=C5)C)C(F)(F)F
321,Avanafil,COC1=C(C=C(C=C1)CNC2=NC(=NC=C2C(=O)NCC3=NC=CC=N3)N4CCCC4CO)Cl
322,Avapritinib,CC(C1=CC=C(C=C1)F)(C2=CN=C(N=C2)N3CCN(CC3)C4=NC=NN5C4=CC(=C5)C6=CN(N=C6)C)N
323,Avasimibe,CC(C)C1=C(C(=CC=C1)C(C)C)OS(=O)(=O)NC(=O)CC2=C(C=C(C=C2C(C)C)C(C)C)C(C)C
324,Avatrombopag,C1CCC(CC1)N2CCN(CC2)C3=C(N=C(S3)NC(=O)C4=CC(=C(N=C4)N5CCC(CC5)C(=O)O)Cl)C6=CC(=CS6)Cl
325,Avibactam,C1CC(N2CC1N(C2=O)OS(=O)(=O)O)C(=O)N
326,Avilamycin,CC1C(C(CC(O1)OC2C(OC3(CC2O)OC4C(OC(CC4(O3)C)OC5C(C(OC(C5OC)C)OC6C(OC(C(C6O)OC)OC7C(C8C(CO7)OC9(O8)C1C(C(C(O9)C)(C(=O)C)O)OCO1)OC(=O)C(C)C)COC)O)C)C)O)OC(=O)C1=C(C(=C(C(=C1OC)Cl)O)Cl)C
327,Axelopran,C1CCC(CC1)CN(CCN2C3CCC2CC(C3)C4=CC(=CC=C4)C(=O)N)C(=O)C(CO)O
328,Axitinib,CNC(=O)C1=CC=CC=C1SC2=CC3=C(C=C2)C(=NN3)C=CC4=CC=CC=N4
329,Azacitidine,C1=NC(=NC(=O)N1C2C(C(C(O2)CO)O)O)N
330,Azaperone,C1CN(CCN1CCCC(=O)C2=CC=C(C=C2)F)C3=CC=CC=N3
331,Azapropazone,CCCC1C(=O)N2C3=C(C=CC(=C3)C)N=C(N2C1=O)N(C)C
332,Azatadine,CN1CCC(=C2C3=CC=CC=C3CCC4=C2N=CC=C4)CC1
333,Azathioprine,CN1C=NC(=C1SC2=NC=NC3=C2NC=N3)[N+](=O)[O-]
334,Azelaic acid,C(CCCC(=O)O)CCCC(=O)O
335,Azelastine,CN1CCCC(CC1)N2C(=O)C3=CC=CC=C3C(=N2)CC4=CC=C(C=C4)Cl
336,Azelnidipine,CC1=C(C(C(=C(N1)N)C(=O)OC2CN(C2)C(C3=CC=CC=C3)C4=CC=CC=C4)C5=CC(=CC=C5)[N+](=O)[O-])C(=O)OC(C)C
337,Azidamfenicol,C1=CC(=CC=C1C(C(CO)NC(=O)CN=[N+]=[N-])O)[N+](=O)[O-]
338,Azidocillin,CC1(C(N2C(S1)C(C2=O)NC(=O)C(C3=CC=CC=C3)N=[N+]=[N-])C(=O)O)C
339,Azilsartan medoxomil,CCOC1=NC2=CC=CC(=C2N1CC3=CC=C(C=C3)C4=CC=CC=C4C5=NOC(=O)N5)C(=O)OCC6=C(OC(=O)O6)C
340,Azimilide,CN1CCN(CC1)CCCCN2C(=O)CN(C2=O)N=CC3=CC=C(O3)C4=CC=C(C=C4)Cl
341,Azithromycin,CCC1C(C(C(N(CC(CC(C(C(C(C(C(=O)O1)C)OC2CC(C(C(O2)C)O)(C)OC)C)OC3C(C(CC(O3)C)N(C)C)O)(C)O)C)C)C)O)(C)O
342,Azlocillin,CC1(C(N2C(S1)C(C2=O)NC(=O)C(C3=CC=CC=C3)NC(=O)N4CCNC4=O)C(=O)O)C
343,Azosemide,C1=CSC(=C1)CNC2=CC(=C(C=C2C3=NNN=N3)S(=O)(=O)N)Cl
344,Aztreonam,CC1C(C(=O)N1S(=O)(=O)O)NC(=O)C(=NOC(C)(C)C(=O)O)C2=CSC(=N2)N
345,BQ-123,CC(C)CC1C(=O)NC(C(=O)NC(C(=O)N2CCCC2C(=O)NC(C(=O)N1)C(C)C)CC(=O)O)CC3=CNC4=CC=CC=C43
346,Bacampicillin,CCOC(=O)OC(C)OC(=O)C1C(SC2N1C(=O)C2NC(=O)C(C3=CC=CC=C3)N)(C)C
347,Bacitracin,CCC(C)C1C(=O)NC(C(=O)NC(C(=O)NC(C(=O)NC(C(=O)NCCCCC(C(=O)NC(C(=O)N1)CCCN)NC(=O)C(C(C)CC)NC(=O)C(CCC(=O)O)NC(=O)C(CC(C)C)NC(=O)C2CSC(=N2)C(C(C)CC)N)CC(=O)N)CC(=O)O)CC3=CN=CN3)CC4=CC=CC=C4
348,Bafilomycin A1,CC1CC(=CC=CC(C(OC(=O)C(=CC(=CC(C1O)C)C)OC)C(C)C(C(C)C2(CC(C(C(O2)C(C)C)C)O)O)O)OC)C
349,Balaglitazone,CN1C(=NC2=CC=CC=C2C1=O)COC3=CC=C(C=C3)CC4C(=O)NC(=O)S4
350,Balsalazide,C1=CC(=CC=C1C(=O)NCCC(=O)O)N=NC2=CC(=C(C=C2)O)C(=O)O
351,Bambermycins,CC1C(C(C(C(O1)OC2C(OC(C(C2O)NC(=O)C)OC3C(C(C(OC3OP(=O)(O)OCC(C(=O)OCCC=C(C)CCC=CC(C)(C)CCC(=C)CC=C(C)CCC=C(C)C)O)C(=O)O)(C)O)OC(=O)N)COC4C(C(C(C(O4)CO)O)O)O)NC(=O)C)O)OC5C(C(C(C(O5)C(=O)NC6=C(CCC6=O)O)O)O)O
352,Bambuterol,CC(C)(C)NCC(C1=CC(=CC(=C1)OC(=O)N(C)C)OC(=O)N(C)C)O
353,Bamifylline,CCN(CCN1C(=NC2=C1C(=O)N(C(=O)N2C)C)CC3=CC=CC=C3)CCO
354,Banoxantrone,C[N+](C)(CCNC1=C2C(=C(C=C1)NCC[N+](C)(C)[O-])C(=O)C3=C(C=CC(=C3C2=O)O)O)[O-]
355,Barbexaclone,CCC1(C(=O)NC(=O)NC1=O)C2=CC=CC=C2.CC(CC1CCCCC1)NC
356,Barbital,CCC1(C(=O)NC(=O)NC1=O)CC
357,Baricitinib,CCS(=O)(=O)N1CC(C1)(CC#N)N2C=C(C=N2)C3=C4C=CNC4=NC=N3
358,Barnidipine,CC1=C(C(C(=C(N1)C)C(=O)OC2CCN(C2)CC3=CC=CC=C3)C4=CC(=CC=C4)[N+](=O)[O-])C(=O)OC
359,Batefenterol,COC1=CC(=C(C=C1CNCC(C2=C3C=CC(=O)NC3=C(C=C2)O)O)Cl)NC(=O)CCN4CCC(CC4)OC(=O)NC5=CC=CC=C5C6=CC=CC=C6
360,Batimastat,CC(C)CC(C(CSC1=CC=CS1)C(=O)NO)C(=O)NC(CC2=CC=CC=C2)C(=O)NC
361,Bazedoxifene,CC1=C(N(C2=C1C=C(C=C2)O)CC3=CC=C(C=C3)OCCN4CCCCCC4)C5=CC=C(C=C5)O
362,Beclamide,C1=CC=C(C=C1)CNC(=O)CCCl
363,Beclomethasone dipropionate,CCC(=O)OCC(=O)C1(C(CC2C1(CC(C3(C2CCC4=CC(=O)C=CC43C)Cl)O)C)C)OC(=O)CC
364,Becocalcidiol,CCC(C)C1CCC2C1(CCCC2=CC=C3CC(C(=C)C(C3)O)O)C
365,Bedaquiline,CN(C)CCC(C1=CC=CC2=CC=CC=C21)(C(C3=CC=CC=C3)C4=C(N=C5C=CC(=CC5=C4)Br)OC)O
366,Befunolol,CC(C)NCC(COC1=CC=CC2=C1OC(=C2)C(=O)C)O
367,Belinostat,C1=CC=C(C=C1)NS(=O)(=O)C2=CC=CC(=C2)C=CC(=O)NO
368,Belotecan,CCC1(C2=C(COC1=O)C(=O)N3CC4=C(C5=CC=CC=C5N=C4C3=C2)CCNC(C)C)O
369,Belumosudil,CC(C)NC(=O)COC1=CC=CC(=C1)C2=NC3=CC=CC=C3C(=N2)NC4=CC5=C(C=C4)NN=C5
370,Belzutifan,CS(=O)(=O)C1=C2C(C(C(C2=C(C=C1)OC3=CC(=CC(=C3)C#N)F)F)F)O
371,Bempedoic acid,CC(C)(CCCCCC(CCCCCC(C)(C)C(=O)O)O)C(=O)O
372,Benactyzine,CCN(CC)CCOC(=O)C(C1=CC=CC=C1)(C2=CC=CC=C2)O
373,Benazepril,CCOC(=O)C(CCC1=CC=CC=C1)NC2CCC3=CC=CC=C3N(C2=O)CC(=O)O
374,Benazeprilat,C1CC2=CC=CC=C2N(C(=O)C1NC(CCC3=CC=CC=C3)C(=O)O)CC(=O)O
375,Bencyclane,CN(C)CCCOC1(CCCCCC1)CC2=CC=CC=C2
376,Bendamustine,CN1C2=C(C=C(C=C2)N(CCCl)CCCl)N=C1CCCC(=O)O
377,Bendazac,C1=CC=C(C=C1)CN2C3=CC=CC=C3C(=N2)OCC(=O)O
378,Bendroflumethiazide,C1=CC=C(C=C1)CC2NC3=C(C=C(C(=C3)C(F)(F)F)S(=O)(=O)N)S(=O)(=O)N2
379,Benfluorex,CC(CC1=CC(=CC=C1)C(F)(F)F)NCCOC(=O)C2=CC=CC=C2
380,Benidipine,CC1=C(C(C(=C(N1)C)C(=O)OC2CCCN(C2)CC3=CC=CC=C3)C4=CC(=CC=C4)[N+](=O)[O-])C(=O)OC
381,Benmoxin,CC(C1=CC=CC=C1)NNC(=O)C2=CC=CC=C2
382,Benorilate,CC(=O)NC1=CC=C(C=C1)OC(=O)C2=CC=CC=C2OC(=O)C
383,Benoxaprofen,CC(C1=CC2=C(C=C1)OC(=N2)C3=CC=C(C=C3)Cl)C(=O)O
384,Benperidol,C1CN(CCC1N2C3=CC=CC=C3NC2=O)CCCC(=O)C4=CC=C(C=C4)F
385,Benserazide,C1=CC(=C(C(=C1CNNC(=O)C(CO)N)O)O)O
386,Bentazepam,C1CCC2=C(C1)C3=C(S2)NC(=O)CN=C3C4=CC=CC=C4
387,Benzatropine,CN1C2CCC1CC(C2)OC(C3=CC=CC=C3)C4=CC=CC=C4
388,Benzbromarone,CCC1=C(C2=CC=CC=C2O1)C(=O)C3=CC(=C(C(=C3)Br)O)Br
389,Benzgalantamine,CN1CCC23C=CC(CC2OC4=C(C=CC(=C34)C1)OC)OC(=O)C5=CC=CC=C5
390,Benzhydrocodone,CN1CCC23C4C1CC5=C2C(=C(C=C5)OC)OC3C(=CC4)OC(=O)C6=CC=CC=C6
391,Benzilone,CC[N+]1(CCC(C1)OC(=O)C(C2=CC=CC=C2)(C3=CC=CC=C3)O)CC
392,Benziodarone,CCC1=C(C2=CC=CC=C2O1)C(=O)C3=CC(=C(C(=C3)I)O)I
393,Benznidazole,C1=CC=C(C=C1)CNC(=O)CN2C=CN=C2[N+](=O)[O-]
394,Benzocaine,CCOC(=O)C1=CC=C(C=C1)N
395,Benzoctamine,CNCC12CCC(C3=CC=CC=C31)C4=CC=CC=C24
396,Benzoic acid,C1=CC=C(C=C1)C(=O)O
397,Benzonatate,CCCCNC1=CC=C(C=C1)C(=O)OCCOCCOCCOCCOCCOCCOCCOCCOCCOC
398,Benzphetamine,CC(CC1=CC=CC=C1)N(C)CC2=CC=CC=C2
399,Benzquinamide,CCN(CC)C(=O)C1CN2CCC3=CC(=C(C=C3C2CC1OC(=O)C)OC)OC
400,Benzthiazide,C1=CC=C(C=C1)CSCC2=NS(=O)(=O)C3=CC(=C(C=C3N2)Cl)S(=O)(=O)N
401,Benzydamine,CN(C)CCCOC1=NN(C2=CC=CC=C21)CC3=CC=CC=C3
402,Benzyl alcohol,C1=CC=C(C=C1)CO
403,Benzylpenicillin,CC1(C(N2C(S1)C(C2=O)NC(=O)CC3=CC=CC=C3)C(=O)O)C
405,Benzylthiouracil,C1=CC=C(C=C1)CC2=CC(=O)NC(=S)N2
406,Bepotastine,C1CN(CCC1OC(C2=CC=C(C=C2)Cl)C3=CC=CC=N3)CCCC(=O)O
407,Bepridil,CC(C)COCC(CN(CC1=CC=CC=C1)C2=CC=CC=C2)N3CCCC3
408,Beraprost,CC#CCC(C)C(C=CC1C(CC2C1C3=CC=CC(=C3O2)CCCC(=O)O)O)O
409,Berberine ursodeoxycholate,CC(CCC(=O)[O-])C1CCC2C1(CCC3C2C(CC4C3(CCC(C4)O)C)O)C.COC1=C(C2=C[N+]3=C(C=C2C=C1)C4=CC5=C(C=C4CC3)OCO5)OC
410,Bergapten,COC1=C2C=CC(=O)OC2=CC3=C1C=CO3
411,Berotralstat,C1CC1CNC(C2=CC(=C(C=C2)F)NC(=O)C3=CC(=NN3C4=CC=CC(=C4)CN)C(F)(F)F)C5=CC=CC(=C5)C#N
412,Besifloxacin,C1CCN(CC(C1)N)C2=C(C=C3C(=C2Cl)N(C=C(C3=O)C(=O)O)C4CC4)F
413,Betahistine,CNCCC1=CC=CC=N1
414,Betaine,C[N+](C)(C)CC(=O)[O-]
415,Betamethasone,CC1CC2C3CCC4=CC(=O)C=CC4(C3(C(CC2(C1(C(=O)CO)O)C)O)F)C
416,Betamethasone phosphate,CC1CC2C3CCC4=CC(=O)C=CC4(C3(C(CC2(C1(C(=O)COP(=O)(O)O)O)C)O)F)C
417,Betaxolol,CC(C)NCC(COC1=CC=C(C=C1)CCOCC2CC2)O
418,Bethanechol,CC(C[N+](C)(C)C)OC(=O)N
419,Bethanidine,CNC(=NC)NCC1=CC=CC=C1
420,Betrixaban,CN(C)C(=N)C1=CC=C(C=C1)C(=O)NC2=C(C=C(C=C2)OC)C(=O)NC3=NC=C(C=C3)Cl
421,Betulinic Acid,CC(=C)C1CCC2(C1C3CCC4C5(CCC(C(C5CCC4(C3(CC2)C)C)(C)C)O)C)C(=O)O
422,Bevantolol,CC1=CC(=CC=C1)OCC(CNCCC2=CC(=C(C=C2)OC)OC)O
423,Bevonium,C[N+]1(CCCCC1COC(=O)C(C2=CC=CC=C2)(C3=CC=CC=C3)O)C
424,Bexagliflozin,C1CC1OCCOC2=CC=C(C=C2)CC3=C(C=CC(=C3)C4C(C(C(C(O4)CO)O)O)O)Cl
425,Bexarotene,CC1=CC2=C(C=C1C(=C)C3=CC=C(C=C3)C(=O)O)C(CCC2(C)C)(C)C
426,Bezafibrate,CC(C)(C(=O)O)OC1=CC=C(C=C1)CCNC(=O)C2=CC=C(C=C2)Cl
427,Bezitramide,CCC(=O)N1C2=CC=CC=C2N(C1=O)C3CCN(CC3)CCC(C#N)(C4=CC=CC=C4)C5=CC=CC=C5
428,Bicifadine,CC1=CC=C(C=C1)C23CC2CNC3
429,Bicisate,CCOC(=O)C(CS)NCCNC(CS)C(=O)OCC
430,Bictegravir,C1CC2CC1N3C(O2)CN4C=C(C(=O)C(=C4C3=O)O)C(=O)NCC5=C(C=C(C=C5F)F)F
431,Bietaserpine,CCN(CC)CCN1C2=C(C=CC(=C2)OC)C3=C1C4CC5C(CC(C(C5C(=O)OC)OC)OC(=O)C6=CC(=C(C(=C6)OC)OC)OC)CN4CC3
432,Bifemelane,CNCCCCOC1=CC=CC=C1CC2=CC=CC=C2
433,Bifeprunox,C1CN(CCN1CC2=CC(=CC=C2)C3=CC=CC=C3)C4=CC=CC5=C4OC(=O)N5
434,Bifonazole,C1=CC=C(C=C1)C2=CC=C(C=C2)C(C3=CC=CC=C3)N4C=CN=C4
435,Bilastine,CCOCCN1C2=CC=CC=C2N=C1C3CCN(CC3)CCC4=CC=C(C=C4)C(C)(C)C(=O)O
436,Bimatoprost,CCNC(=O)CCCC=CCC1C(CC(C1C=CC(CCC2=CC=CC=C2)O)O)O
437,Binimetinib,CN1C=NC2=C1C=C(C(=C2F)NC3=C(C=C(C=C3)Br)F)C(=O)NOCCO
438,Bioallethrin,CC1=C(C(=O)CC1OC(=O)C2C(C2(C)C)C=C(C)C)CC=C
439,Biochanin A,COC1=CC=C(C=C1)C2=COC3=CC(=CC(=C3C2=O)O)O
440,Biperiden,C1CCN(CC1)CCC(C2CC3CC2C=C3)(C4=CC=CC=C4)O
441,Biricodar,COC1=CC(=CC(=C1OC)OC)C(=O)C(=O)N2CCCCC2C(=O)OC(CCCC3=CN=CC=C3)CCCC4=CN=CC=C4
442,Bisacodyl,CC(=O)OC1=CC=C(C=C1)C(C2=CC=C(C=C2)OC(=O)C)C3=CC=CC=N3
443,Bisegliptin,CCOC(=O)C12CCC(CC1)(CC2)NCC(=O)N3CC(CC3C#N)F
444,Bismuth subcitrate potassium,C(C(=O)[O-])C(CC(=O)[O-])(C(=O)[O-])[O-].C(C(=O)[O-])C(CC(=O)[O-])(C(=O)[O-])[O-].[K+].[K+].[K+].[K+].[K+].[Bi+3]
445,Bismuth subgallate,C1=C(C=C(C(=C1O)[O-])[O-])C(=O)O.[OH-].[Bi+3]
446,Bismuth subnitrate,[N+](=O)([O-])[O-].[N+](=O)([O-])[O-].[N+](=O)([O-])[O-].[N+](=O)([O-])[O-].[OH-].[OH-].[OH-].[OH-].[OH-].[OH-].[OH-].[OH-].[OH-].[O-2].[Bi+3].[Bi+3].[Bi+3].[Bi+3].[Bi+3]
447,Bismuth subsalicylate,C1=CC=C(C(=C1)C(=O)[O-])[O-].[OH-].[Bi+3]
448,Bisoprolol,CC(C)NCC(COC1=CC=C(C=C1)COCCOC(C)C)O
449,Bisoxatin,C1=CC=C2C(=C1)NC(=O)C(O2)(C3=CC=C(C=C3)O)C4=CC=C(C=C4)O
450,Bitolterol,CC1=CC=C(C=C1)C(=O)OC2=C(C=C(C=C2)C(CNC(C)(C)C)O)OC(=O)C3=CC=C(C=C3)C
451,Bivalirudin,CCC(C)C(C(=O)N1CCCC1C(=O)NC(CCC(=O)O)C(=O)NC(CCC(=O)O)C(=O)NC(CC2=CC=C(C=C2)O)C(=O)NC(CC(C)C)C(=O)O)NC(=O)C(CCC(=O)O)NC(=O)C(CCC(=O)O)NC(=O)C(CC3=CC=CC=C3)NC(=O)C(CC(=O)O)NC(=O)CNC(=O)C(CC(=O)N)NC(=O)CNC(=O)CNC(=O)CNC(=O)CNC(=O)C4CCCN4C(=O)C(CCCNC(=N)N)NC(=O)C5CCCN5C(=O)C(CC6=CC=CC=C6)N
452,Bleomycin,CC1=C(N=C(N=C1N)C(CC(=O)N)NCC(C(=O)N)N)C(=O)NC(C(C2=CN=CN2)OC3C(C(C(C(O3)CO)O)O)OC4C(C(C(C(O4)CO)O)OC(=O)N)O)C(=O)NC(C)C(C(C)C(=O)NC(C(C)O)C(=O)NCCC5=NC(=CS5)C6=NC(=CS6)C(=O)NCCC[S+](C)C)O
453,Blonanserin,CCN1CCN(CC1)C2=NC3=C(CCCCCC3)C(=C2)C4=CC=C(C=C4)F
454,Boceprevir,CC1(C2C1C(N(C2)C(=O)C(C(C)(C)C)NC(=O)NC(C)(C)C)C(=O)NC(CC3CCC3)C(=O)C(=O)N)C
455,Bolandiol,CC12CCC3C(C1CCC2O)CCC4=CC(CCC34)O
456,Bolasterone,CC1CC2=CC(=O)CCC2(C3C1C4CCC(C4(CC3)C)(C)O)C
457,Boldenone,CC12CCC3C(C1CCC2O)CCC4=CC(=O)C=CC34C
458,Bopindolol,CC1=CC2=C(N1)C=CC=C2OCC(CNC(C)(C)C)OC(=O)C3=CC=CC=C3
459,Bornaprine,CCN(CC)CCCOC(=O)C1(CC2CCC1C2)C3=CC=CC=C3
460,Bortezomib,B(C(CC(C)C)NC(=O)C(CC1=CC=CC=C1)NC(=O)C2=NC=CN=C2)(O)O
461,Bortezomib D-mannitol,B1(OC(C(O1)C(CO)O)C(CO)O)C(CC(C)C)NC(=O)C(CC2=CC=CC=C2)NC(=O)C3=NC=CN=C3
462,Bosentan,CC(C)(C)C1=CC=C(C=C1)S(=O)(=O)NC2=C(C(=NC(=N2)C3=NC=CC=N3)OCCO)OC4=CC=CC=C4OC
463,Bosutinib,CN1CCN(CC1)CCCOC2=C(C=C3C(=C2)N=CC(=C3NC4=CC(=C(C=C4Cl)Cl)OC)C#N)OC
464,Brefeldin A,CC1CCCC=CC2CC(CC2C(C=CC(=O)O1)O)O
465,Brequinar,CC1=C(C2=C(C=CC(=C2)F)N=C1C3=CC=C(C=C3)C4=CC=CC=C4F)C(=O)O
466,Bretylium,CC[N+](C)(C)CC1=CC=CC=C1Br
467,Brexanolone,CC(=O)C1CCC2C1(CCC3C2CCC4C3(CCC(C4)O)C)C
468,Brexpiprazole,C1CN(CCN1CCCCOC2=CC3=C(C=C2)C=CC(=O)N3)C4=C5C=CSC5=CC=C4
469,Brigatinib,CN1CCN(CC1)C2CCN(CC2)C3=CC(=C(C=C3)NC4=NC=C(C(=N4)NC5=CC=CC=C5P(=O)(C)C)Cl)OC
470,Brilaroxazine,C1CN(CCN1CCCCOC2=CC3=C(C=C2)OCC(=O)N3)C4=C(C(=CC=C4)Cl)Cl
471,Brimonidine,C1CN=C(N1)NC2=C(C3=NC=CN=C3C=C2)Br
472,Brincidofovir,CCCCCCCCCCCCCCCCOCCCOP(=O)(COC(CN1C=CC(=NC1=O)N)CO)O
473,Brinzolamide,CCNC1CN(S(=O)(=O)C2=C1C=C(S2)S(=O)(=O)N)CCCOC
474,Brivaracetam,CCCC1CC(=O)N(C1)C(CC)C(=O)N
475,Brofaromine,COC1=CC(=C2C(=C1)C=C(O2)C3CCNCC3)Br
476,Bromazepam,C1C(=O)NC2=C(C=C(C=C2)Br)C(=N1)C3=CC=CC=N3
477,Bromfenac,C1=CC(=C(C(=C1)C(=O)C2=CC=C(C=C2)Br)N)CC(=O)O
478,Bromisoval,CC(C)C(C(=O)NC(=O)N)Br
479,Bromocriptine,CC(C)CC1C(=O)N2CCCC2C3(N1C(=O)C(O3)(C(C)C)NC(=O)C4CN(C5CC6=C(NC7=CC=CC(=C67)C5=C4)Br)C)O
480,Bromodiphenhydramine,CN(C)CCOC(C1=CC=CC=C1)C2=CC=C(C=C2)Br
481,Bromotheophylline,CN1C2=C(C(=O)N(C1=O)C)NC(=N2)Br
482,Bromperidol,C1CN(CCC1(C2=CC=C(C=C2)Br)O)CCCC(=O)C3=CC=C(C=C3)F
483,Brompheniramine,CN(C)CCC(C1=CC=C(C=C1)Br)C2=CC=CC=N2
484,Brotizolam,CC1=NN=C2N1C3=C(C=C(S3)Br)C(=NC2)C4=CC=CC=C4Cl
485,Broxuridine,C1C(C(OC1N2C=C(C(=O)NC2=O)Br)CO)O
486,Bryostatin 1,CCCC=CC=CC(=O)OC1C(=CC(=O)OC)CC2CC(OC(=O)CC(CC3CC(C(C(O3)(CC4CC(=CC(=O)OC)CC(O4)C=CC(C1(O2)O)(C)C)O)(C)C)OC(=O)C)O)C(C)O
487,Bucindolol,CC(C)(CC1=CNC2=CC=CC=C21)NCC(COC3=CC=CC=C3C#N)O
488,Buclizine,CC(C)(C)C1=CC=C(C=C1)CN2CCN(CC2)C(C3=CC=CC=C3)C4=CC=C(C=C4)Cl
489,Budesonide,CCCC1OC2CC3C4CCC5=CC(=O)C=CC5(C4C(CC3(C2(O1)C(=O)CO)C)O)C
490,Budipine,CC(C)(C)N1CCC(CC1)(C2=CC=CC=C2)C3=CC=CC=C3
491,Bufexamac,CCCCOC1=CC=C(C=C1)CC(=O)NO
492,Buflomedil,COC1=CC(=C(C(=C1)OC)C(=O)CCCN2CCCC2)OC
493,Buformin,CCCCN=C(N)N=C(N)N
494,Bufotenine,CN(C)CCC1=CNC2=C1C=C(C=C2)O
495,Bufuralol,CCC1=CC=CC2=C1OC(=C2)C(CNC(C)(C)C)O
496,Bumadizone,CCCCC(C(=O)N(C1=CC=CC=C1)NC2=CC=CC=C2)C(=O)O
497,Bumetanide,CCCCNC1=C(C(=CC(=C1)C(=O)O)S(=O)(=O)N)OC2=CC=CC=C2
498,Bunaftine,CCCCN(CCN(CC)CC)C(=O)C1=CC=CC2=CC=CC=C21
499,Bunazosin,CCCC(=O)N1CCCN(CC1)C2=NC3=CC(=C(C=C3C(=N2)N)OC)OC
500,Bupivacaine,CCCCN1CCCCC1C(=O)NC2=C(C=CC=C2C)C
501,Bupranolol,CC1=CC(=C(C=C1)Cl)OCC(CNC(C)(C)C)O
502,Buprenorphine,CC(C)(C)C(C)(C1CC23CCC1(C4C25CCN(C3CC6=C5C(=C(C=C6)O)O4)CC7CC7)OC)O
503,Bupropion,CC(C(=O)C1=CC(=CC=C1)Cl)NC(C)(C)C
504,Buspirone,C1CCC2(C1)CC(=O)N(C(=O)C2)CCCCN3CCN(CC3)C4=NC=CC=N4
505,Busulfan,CS(=O)(=O)OCCCCOS(=O)(=O)C
506,Butabarbital,CCC(C)C1(C(=O)NC(=O)NC1=O)CC
507,Butacaine,CCCCN(CCCC)CCCOC(=O)C1=CC=C(C=C1)N
508,Butalbital,CC(C)CC1(C(=O)NC(=O)NC1=O)CC=C
509,Butamben,CCCCOC(=O)C1=CC=C(C=C1)N
510,Butanilicaine,CCCCNCC(=O)NC1=C(C=CC=C1Cl)C
511,Butaperazine,CCCC(=O)C1=CC2=C(C=C1)SC3=CC=CC=C3N2CCCN4CCN(CC4)C
512,Buthiazide,CC(C)CC1NC2=CC(=C(C=C2S(=O)(=O)N1)S(=O)(=O)N)Cl
513,Buthionine sulfoximine,CCCCS(=N)(=O)CCC(C(=O)O)N
514,Butobarbital,CCCCC1(C(=O)NC(=O)NC1=O)CC
515,Butorphanol,C1CCC2(C3CC4=C(C2(C1)CCN3CC5CCC5)C=C(C=C4)O)O
516,Butylphthalide,CCCCC1C2=CC=CC=C2C(=O)O1
517,Butylscopolamine,CCCC[N+]1(C2CC(CC1C3C2O3)OC(=O)C(CO)C4=CC=CC=C4)C
518,Butyrfentanyl,CCCC(=O)N(C1CCN(CC1)CCC2=CC=CC=C2)C3=CC=CC=C3
519,Butyrylthiocholine,CCCC(=O)SCC[N+](C)(C)C
520,CA4P,COC1=C(C=C(C=C1)CC(C2=CC(=C(C(=C2)OC)OC)OC)O)O
521,CM-4307,CNC(=O)C1=NC=CC(=C1)OC2=CC=C(C=C2)NC(=O)NC3=CC(=C(C=C3)Cl)C(F)(F)F
522,CUDC-101,COC1=C(C=C2C(=C1)N=CN=C2NC3=CC=CC(=C3)C#C)OCCCCCCC(=O)NO
523,Cabazitaxel,CC1=C2C(C(=O)C3(C(CC4C(C3C(C(C2(C)C)(CC1OC(=O)C(C(C5=CC=CC=C5)NC(=O)OC(C)(C)C)O)O)OC(=O)C6=CC=CC=C6)(CO4)OC(=O)C)OC)C)OC
524,Cabergoline,CCNC(=O)N(CCCN(C)C)C(=O)C1CC2C(CC3=CNC4=CC=CC2=C34)N(C1)CC=C
525,Cabotegravir,CC1COC2N1C(=O)C3=C(C(=O)C(=CN3C2)C(=O)NCC4=C(C=C(C=C4)F)F)O
526,Cabozantinib,COC1=CC2=C(C=CN=C2C=C1OC)OC3=CC=C(C=C3)NC(=O)C4(CC4)C(=O)NC5=CC=C(C=C5)F
527,Cadralazine,CCN(CC(C)O)C1=NN=C(C=C1)NNC(=O)OCC
528,Cafedrine,CC(C(C1=CC=CC=C1)O)NCCN2C=NC3=C2C(=O)N(C(=O)N3C)C
529,Caffeine,CN1C=NC2=C1C(=O)N(C(=O)N2C)C
530,Calcifediol,CC(CCCC(C)(C)O)C1CCC2C1(CCCC2=CC=C3CC(CCC3=C)O)C
531,Calcitriol,CC(CCCC(C)(C)O)C1CCC2C1(CCCC2=CC=C3CC(CC(C3=C)O)O)C
532,Calcium,[Ca]
533,Calcium cation,[Ca+2]
534,Calcium glubionate anhydrous,C(C1C(C(C(C(O1)OC(C(CO)O)C(C(C(=O)[O-])O)O)O)O)O)O.C(C(C(C(C(C(=O)[O-])O)O)O)O)O.[Ca+2]
535,Calcium glucoheptonate,C(C(C(C(C(C(C(=O)[O-])O)O)O)O)O)O.C(C(C(C(C(C(C(=O)[O-])O)O)O)O)O)O.[Ca+2]
536,Calcium gluconate,C(C(C(C(C(C(=O)[O-])O)O)O)O)O.C(C(C(C(C(C(=O)[O-])O)O)O)O)O.[Ca+2]
537,Calcium levulinate,CC(=O)CCC(=O)[O-].CC(=O)CCC(=O)[O-].O.O.[Ca+2]
538,Calcium pangamate,CN(C)CC(=O)OCC(C(C(C(C(=O)[O-])O)O)O)O.CN(C)CC(=O)OCC(C(C(C(C(=O)[O-])O)O)O)O.[Ca+2]
539,Calyculin A,CC1C(CC2(C(C(C(O2)C(CC(C(C)C(C(C)C=C(C)C(=CC=CC(=CC#N)C)C)O)O)OC)OP(=O)(O)O)(C)C)OC1CC=CC3=COC(=N3)C(C)CCNC(=O)C(C(C(COC)N(C)C)O)O)O
540,Camazepam,CN1C2=C(C=C(C=C2)Cl)C(=NC(C1=O)OC(=O)N(C)C)C3=CC=CC=C3
541,Camptothecin,CCC1(C2=C(COC1=O)C(=O)N3CC4=CC5=CC=CC=C5N=C4C3=C2)O
542,Camylofin,CCN(CC)CCNC(C1=CC=CC=C1)C(=O)OCCC(C)C
543,Canagliflozin,CC1=C(C=C(C=C1)C2C(C(C(C(O2)CO)O)O)O)CC3=CC=C(S3)C4=CC=C(C=C4)F
544,Candesartan,CCOC1=NC2=CC=CC(=C2N1CC3=CC=C(C=C3)C4=CC=CC=C4C5=NNN=N5)C(=O)O
545,Candesartan cilexetil,CCOC1=NC2=CC=CC(=C2N1CC3=CC=C(C=C3)C4=CC=CC=C4C5=NNN=N5)C(=O)OC(C)OC(=O)OC6CCCCC6
546,Candicidin,CC1C=CC=CC=CC=CC=CC=CC=CC(CC(C(C(CC(=O)CC(CC(CC(CC(=O)CCCC(=O)CC(=O)OC1C(C)CC(C)C(CC(=O)C2=CC=C(C=C2)N)O)O)O)O)O)C(=O)O)O)OC3C(C(C(C(O3)C)O)N)O
547,Candoxatril,COCCOCC(CC1(CCCC1)C(=O)NC2CCC(CC2)C(=O)O)C(=O)OC3=CC4=C(CCC4)C=C3
548,Canertinib,C=CC(=O)NC1=C(C=C2C(=C1)C(=NC=N2)NC3=CC(=C(C=C3)F)Cl)OCCCN4CCOCC4
549,Cangrelor,CSCCNC1=C2C(=NC(=N1)SCCC(F)(F)F)N(C=N2)C3C(C(C(O3)COP(=O)(O)OP(=O)(C(P(=O)(O)O)(Cl)Cl)O)O)O
550,Cannabidiol,CCCCCC1=CC(=C(C(=C1)O)C2C=C(CCC2C(=C)C)C)O
551,Cannabidivarin,CCCC1=CC(=C(C(=C1)O)C2C=C(CCC2C(=C)C)C)O
552,Cannabinol,CCCCCC1=CC(=C2C(=C1)OC(C3=C2C=C(C=C3)C)(C)C)O
553,Canrenoic acid,CC12CCC(=O)C=C1C=CC3C2CCC4(C3CCC4(CCC(=O)O)O)C
554,Canrenone,CC12CCC(=O)C=C1C=CC3C2CCC4(C3CCC45CCC(=O)O5)C
555,Capecitabine,CCCCCOC(=O)NC1=NC(=O)N(C=C1F)C2C(C(C(O2)C)O)O
556,Capivasertib,C1CN(CCC1(C(=O)NC(CCO)C2=CC=C(C=C2)Cl)N)C3=NC=NC4=C3C=CN4
557,Capmatinib,CNC(=O)C1=C(C=C(C=C1)C2=NN3C(=CN=C3N=C2)CC4=CC5=C(C=C4)N=CC=C5)F
558,Capravirine,CC(C)C1=C(N(C(=N1)COC(=O)N)CC2=CC=NC=C2)SC3=CC(=CC(=C3)Cl)Cl
559,Capreomycin,CC1C(=O)NC(C(=O)NC(=CNC(=O)N)C(=O)NC(C(=O)NCC(C(=O)N1)N)C2CCN=C(N2)N)CNC(=O)CC(CCCN)N.C1CN=C(NC1C2C(=O)NCC(C(=O)NC(C(=O)NC(C(=O)NC(=CNC(=O)N)C(=O)N2)CNC(=O)CC(CCCN)N)CO)N)N
560,Caprylic acid,CCCCCCCC(=O)O
561,Capsaicin,CC(C)C=CCCCCC(=O)NCC1=CC(=C(C=C1)O)OC
562,Captodiame,CCCCSC1=CC=C(C=C1)C(C2=CC=CC=C2)SCCN(C)C
563,Captopril,CC(CS)C(=O)N1CCCC1C(=O)O
564,Carbamazepine,C1=CC=C2C(=C1)C=CC3=CC=CC=C3N2C(=O)N
565,Carbamoylcholine,C[N+](C)(C)CCOC(=O)N
566,Carbenicillin,CC1(C(N2C(S1)C(C2=O)NC(=O)C(C3=CC=CC=C3)C(=O)O)C(=O)O)C
567,Carbetocin,CCC(C)C1C(=O)NC(C(=O)NC(C(=O)NC(CSCCCC(=O)NC(C(=O)N1)CC2=CC=C(C=C2)OC)C(=O)N3CCCC3C(=O)NC(CC(C)C)C(=O)NCC(=O)N)CC(=O)N)CCC(=O)N
568,Carbidopa,CC(CC1=CC(=C(C=C1)O)O)(C(=O)O)NN
569,Carbimazole,CCOC(=O)N1C=CN(C1=S)C
570,Carbinoxamine,CN(C)CCOC(C1=CC=C(C=C1)Cl)C2=CC=CC=N2
571,Carbocisteine,C(C(C(=O)O)N)SCC(=O)O
572,Carbomycin,CC1CC(C(C(C(CC(=O)OC(CC2C(O2)C=CC1=O)C)OC(=O)C)OC)OC3C(C(C(C(O3)C)OC4CC(C(C(O4)C)OC(=O)CC(C)C)(C)O)N(C)C)O)CC=O
573,Carboprost,CCCCCC(C)(C=CC1C(CC(C1CC=CCCCC(=O)O)O)O)O
574,Carboquone,CC1=C(C(=O)C(=C(C1=O)N2CC2)C(COC(=O)N)OC)N3CC3
575,Carboxyamidotriazole,C1=CC(=CC=C1C(=O)C2=C(C=C(C=C2Cl)CN3C(=C(N=N3)C(=O)N)N)Cl)Cl
576,Carbromal,CCC(CC)(C(=O)NC(=O)N)Br
577,Carbutamide,CCCCNC(=O)NS(=O)(=O)C1=CC=C(C=C1)N
578,Carfecillin,CC1(C(N2C(S1)C(C2=O)NC(=O)C(C3=CC=CC=C3)C(=O)OC4=CC=CC=C4)C(=O)O)C
579,Carfentanil,CCC(=O)N(C1=CC=CC=C1)C2(CCN(CC2)CCC3=CC=CC=C3)C(=O)OC
580,Carfilzomib,CC(C)CC(C(=O)C1(CO1)C)NC(=O)C(CC2=CC=CC=C2)NC(=O)C(CC(C)C)NC(=O)C(CCC3=CC=CC=C3)NC(=O)CN4CCOCC4
581,Carindacillin,CC1(C(N2C(S1)C(C2=O)NC(=O)C(C3=CC=CC=C3)C(=O)OC4=CC5=C(CCC5)C=C4)C(=O)O)C
582,Cariporide,CC(C)C1=C(C=C(C=C1)C(=O)N=C(N)N)S(=O)(=O)C
583,Cariprazine,CN(C)C(=O)NC1CCC(CC1)CCN2CCN(CC2)C3=C(C(=CC=C3)Cl)Cl
584,Carisbamate,C1=CC=C(C(=C1)C(COC(=O)N)O)Cl
585,Carisoprodol,CCCC(C)(COC(=O)N)COC(=O)NC(C)C
586,Carmegliptin,COC1=C(C=C2C3CC(C(CN3CCC2=C1)N4CC(CC4=O)CF)N)OC
587,Carmofur,CCCCCCNC(=O)N1C=C(C(=O)NC1=O)F
588,Carmustine,C(CCl)NC(=O)N(CCCl)N=O
589,Caroverine,CCN(CC)CCN1C2=CC=CC=C2N=C(C1=O)CC3=CC=C(C=C3)OC
590,Caroxazone,C1C2=CC=CC=C2OC(=O)N1CC(=O)N
591,Carprofen,CC(C1=CC2=C(C=C1)C3=C(N2)C=CC(=C3)Cl)C(=O)O
592,Carteolol,CC(C)(C)NCC(COC1=CC=CC2=C1CCC(=O)N2)O
593,Carvedilol,COC1=CC=CC=C1OCCNCC(COC2=CC=CC3=C2C4=CC=CC=C4N3)O
594,Caspofungin,CCC(C)CC(C)CCCCCCCCC(=O)NC1CC(C(NC(=O)C2C(CCN2C(=O)C(NC(=O)C(NC(=O)C3CC(CN3C(=O)C(NC1=O)C(C)O)O)C(C(C4=CC=C(C=C4)O)O)O)C(CCN)O)O)NCCN)O
595,Castanospermine,C1CN2CC(C(C(C2C1O)O)O)O
596,Cathine,CC(C(C1=CC=CC=C1)O)N
597,Cathinone,CC(C(=O)C1=CC=CC=C1)N
598,Cediranib,CC1=CC2=C(N1)C=CC(=C2F)OC3=NC=NC4=CC(=C(C=C43)OC)OCCCN5CCCC5
599,Cefacetrile,CC(=O)OCC1=C(N2C(C(C2=O)NC(=O)CC#N)SC1)C(=O)O
600,Cefaclor,C1C(=C(N2C(S1)C(C2=O)NC(=O)C(C3=CC=CC=C3)N)C(=O)O)Cl
601,Cefadroxil,CC1=C(N2C(C(C2=O)NC(=O)C(C3=CC=C(C=C3)O)N)SC1)C(=O)O
602,Cefaloridine,C1C(=C(N2C(S1)C(C2=O)NC(=O)CC3=CC=CS3)C(=O)[O-])C[N+]4=CC=CC=C4
603,Cefalotin,CC(=O)OCC1=C(N2C(C(C2=O)NC(=O)CC3=CC=CS3)SC1)C(=O)O
604,Cefamandole,CN1C(=NN=N1)SCC2=C(N3C(C(C3=O)NC(=O)C(C4=CC=CC=C4)O)SC2)C(=O)O
605,Cefamandole nafate,CN1C(=NN=N1)SCC2=C(N3C(C(C3=O)NC(=O)C(C4=CC=CC=C4)OC=O)SC2)C(=O)[O-].[Na+]
606,Cefapirin,CC(=O)OCC1=C(N2C(C(C2=O)NC(=O)CSC3=CC=NC=C3)SC1)C(=O)O
607,Cefatrizine,C1C(=C(N2C(S1)C(C2=O)NC(=O)C(C3=CC=C(C=C3)O)N)C(=O)O)CSC4=NNN=C4
608,Cefazedone,CC1=NN=C(S1)SCC2=C(N3C(C(C3=O)NC(=O)CN4C=C(C(=O)C(=C4)Cl)Cl)SC2)C(=O)O
609,Cefazolin,CC1=NN=C(S1)SCC2=C(N3C(C(C3=O)NC(=O)CN4C=NN=N4)SC2)C(=O)O
610,Cefbuperazone,CCN1CCN(C(=O)C1=O)C(=O)NC(C(C)O)C(=O)NC2(C3N(C2=O)C(=C(CS3)CSC4=NN=NN4C)C(=O)O)OC
611,Cefcapene,CCC=C(C1=CSC(=N1)N)C(=O)NC2C3N(C2=O)C(=C(CS3)COC(=O)N)C(=O)O
612,Cefdinir,C=CC1=C(N2C(C(C2=O)NC(=O)C(=NO)C3=CSC(=N3)N)SC1)C(=O)O
613,Cefditoren,CC1=C(SC=N1)C=CC2=C(N3C(C(C3=O)NC(=O)C(=NOC)C4=CSC(=N4)N)SC2)C(=O)O
614,Cefepime,C[N+]1(CCCC1)CC2=C(N3C(C(C3=O)NC(=O)C(=NOC)C4=CSC(=N4)N)SC2)C(=O)[O-]
615,Cefetamet,CC1=C(N2C(C(C2=O)NC(=O)C(=NOC)C3=CSC(=N3)N)SC1)C(=O)O
616,Cefixime,C=CC1=C(N2C(C(C2=O)NC(=O)C(=NOCC(=O)O)C3=CSC(=N3)N)SC1)C(=O)O
617,Cefmenoxime,CN1C(=NN=N1)SCC2=C(N3C(C(C3=O)NC(=O)C(=NOC)C4=CSC(=N4)N)SC2)C(=O)O
618,Cefmetazole,CN1C(=NN=N1)SCC2=C(N3C(C(C3=O)(NC(=O)CSCC#N)OC)SC2)C(=O)O
619,Cefminox,CN1C(=NN=N1)SCC2=C(N3C(C(C3=O)(NC(=O)CSCC(C(=O)O)N)OC)SC2)C(=O)O
620,Cefodizime,CC1=C(SC(=N1)SCC2=C(N3C(C(C3=O)NC(=O)C(=NOC)C4=CSC(=N4)N)SC2)C(=O)O)CC(=O)O
621,Cefonicid,C1C(=C(N2C(S1)C(C2=O)NC(=O)C(C3=CC=CC=C3)O)C(=O)O)CSC4=NN=NN4CS(=O)(=O)O
622,Cefoperazone,CCN1CCN(C(=O)C1=O)C(=O)NC(C2=CC=C(C=C2)O)C(=O)NC3C4N(C3=O)C(=C(CS4)CSC5=NN=NN5C)C(=O)O
623,Ceforanide,C1C(=C(N2C(S1)C(C2=O)NC(=O)CC3=CC=CC=C3CN)C(=O)O)CSC4=NN=NN4CC(=O)O
624,Cefotaxime,CC(=O)OCC1=C(N2C(C(C2=O)NC(=O)C(=NOC)C3=CSC(=N3)N)SC1)C(=O)O
625,Cefotetan,CN1C(=NN=N1)SCC2=C(N3C(C(C3=O)(NC(=O)C4SC(=C(C(=O)N)C(=O)O)S4)OC)SC2)C(=O)O
626,Cefotiam,CN(C)CCN1C(=NN=N1)SCC2=C(N3C(C(C3=O)NC(=O)CC4=CSC(=N4)N)SC2)C(=O)O
627,Cefoxitin,COC1(C2N(C1=O)C(=C(CS2)COC(=O)N)C(=O)O)NC(=O)CC3=CC=CS3
628,Cefozopran,CON=C(C1=NSC(=N1)N)C(=O)NC2C3N(C2=O)C(=C(CS3)C[N+]4=C5C=CC=NN5C=C4)C(=O)[O-]
629,Cefpiramide,CC1=CC(=O)C(=CN1)C(=O)NC(C2=CC=C(C=C2)O)C(=O)NC3C4N(C3=O)C(=C(CS4)CSC5=NN=NN5C)C(=O)O
630,Cefpirome,CON=C(C1=CSC(=N1)N)C(=O)NC2C3N(C2=O)C(=C(CS3)C[N+]4=CC=CC5=C4CCC5)C(=O)[O-]
631,Cefpodoxime,COCC1=C(N2C(C(C2=O)NC(=O)C(=NOC)C3=CSC(=N3)N)SC1)C(=O)O
632,Cefprozil,CC=CC1=C(N2C(C(C2=O)NC(=O)C(C3=CC=C(C=C3)O)N)SC1)C(=O)O
633,Cefradine,CC1=C(N2C(C(C2=O)NC(=O)C(C3=CCC=CC3)N)SC1)C(=O)O
634,Cefroxadine,COC1=C(N2C(C(C2=O)NC(=O)C(C3=CCC=CC3)N)SC1)C(=O)O
635,Cefsulodin,C1C(=C(N2C(S1)C(C2=O)NC(=O)C(C3=CC=CC=C3)S(=O)(=O)O)C(=O)[O-])C[N+]4=CC=C(C=C4)C(=O)N
636,Ceftaroline fosamil,CCON=C(C1=NSC(=N1)NP(=O)(O)O)C(=O)NC2C3N(C2=O)C(=C(CS3)SC4=NC(=CS4)C5=CC=[N+](C=C5)C)C(=O)[O-]
637,Ceftazidime,CC(C)(C(=O)O)ON=C(C1=CSC(=N1)N)C(=O)NC2C3N(C2=O)C(=C(CS3)C[N+]4=CC=CC=C4)C(=O)[O-]
638,Ceftezole,C1C(=C(N2C(S1)C(C2=O)NC(=O)CN3C=NN=N3)C(=O)O)CSC4=NN=CS4
639,Ceftibuten,C1C=C(N2C(S1)C(C2=O)NC(=O)C(=CCC(=O)O)C3=CSC(=N3)N)C(=O)O
640,Ceftiofur,CON=C(C1=CSC(=N1)N)C(=O)NC2C3N(C2=O)C(=C(CS3)CSC(=O)C4=CC=CO4)C(=O)O
641,Ceftizoxime,CON=C(C1=CSC(=N1)N)C(=O)NC2C3N(C2=O)C(=CCS3)C(=O)O
642,Ceftobiprole,C1CNCC1N2CCC(=CC3=C(N4C(C(C4=O)NC(=O)C(=NO)C5=NSC(=N5)N)SC3)C(=O)O)C2=O
643,Ceftobiprole medocaril,CC1=C(OC(=O)O1)COC(=O)N2CCC(C2)N3CCC(=CC4=C(N5C(C(C5=O)NC(=O)C(=NO)C6=NSC(=N6)N)SC4)C(=O)O)C3=O
644,Ceftolozane,CC(C)(C(=O)O)ON=C(C1=NSC(=N1)N)C(=O)NC2C3N(C2=O)C(=C(CS3)C[N+]4=CC(=C(N4C)N)NC(=O)NCCN)C(=O)[O-]
645,Ceftriaxone,CN1C(=NC(=O)C(=O)N1)SCC2=C(N3C(C(C3=O)NC(=O)C(=NOC)C4=CSC(=N4)N)SC2)C(=O)O
646,Cefuroxime,CON=C(C1=CC=CO1)C(=O)NC2C3N(C2=O)C(=C(CS3)COC(=O)N)C(=O)O
647,Celecoxib,CC1=CC=C(C=C1)C2=CC(=NN2C3=CC=C(C=C3)S(=O)(=O)N)C(F)(F)F
648,Celiprolol,CCN(CC)C(=O)NC1=CC(=C(C=C1)OCC(CNC(C)(C)C)O)C(=O)C
649,Cenobamate,C1=CC=C(C(=C1)C(CN2N=CN=N2)OC(=O)N)Cl
650,Cephalexin,CC1=C(N2C(C(C2=O)NC(=O)C(C3=CC=CC=C3)N)SC1)C(=O)O
651,Cephaloglycin,CC(=O)OCC1=C(N2C(C(C2=O)NC(=O)C(C3=CC=CC=C3)N)SC1)C(=O)O
652,Cephalosporin C,CC(=O)OCC1=C(N2C(C(C2=O)NC(=O)CCCC(C(=O)O)N)SC1)C(=O)O
654,Cephalothin Group,COC(=O)CC1=C(NC(SC1)C(C=O)NC(=O)CC2=CC=CS2)C(=O)O
655,Ceritinib,CC1=CC(=C(C=C1C2CCNCC2)OC(C)C)NC3=NC=C(C(=N3)NC4=CC=CC=C4S(=O)(=O)C(C)C)Cl
656,Cerium oxalate,C(=O)(C(=O)[O-])[O-].C(=O)(C(=O)[O-])[O-].C(=O)(C(=O)[O-])[O-].[Ce+3].[Ce+3]
657,Cerivastatin,CC(C)C1=C(C(=C(C(=N1)C(C)C)COC)C2=CC=C(C=C2)F)C=CC(CC(CC(=O)O)O)O
658,Cerlapirdine,CN(C)CCCOC1=CC2=C(NN=C2C=C1)S(=O)(=O)C3=CC=CC4=CC=CC=C43
659,Cethromycin,CCC1C2(C(C(C(=O)C(CC(C(C(C(=O)C(C(=O)O1)C)C)OC3C(C(CC(O3)C)N(C)C)O)(C)OCC=CC4=CC5=CC=CC=C5N=C4)C)C)NC(=O)O2)C
660,Cetirizine,C1CN(CCN1CCOCC(=O)O)C(C2=CC=CC=C2)C3=CC=C(C=C3)Cl
661,Cevimeline,CC1OC2(CN3CCC2CC3)CS1
662,Chloral hydrate,C(C(Cl)(Cl)Cl)(O)O
663,Chlorambucil,C1=CC(=CC=C1CCCC(=O)O)N(CCCl)CCCl
664,Chloramphenicol,C1=CC(=CC=C1C(C(CO)NC(=O)C(Cl)Cl)O)[N+](=O)[O-]
665,Chloramphenicol succinate,C1=CC(=CC=C1C(C(COC(=O)CCC(=O)O)NC(=O)C(Cl)Cl)O)[N+](=O)[O-]
666,Chlorcyclizine,CN1CCN(CC1)C(C2=CC=CC=C2)C3=CC=C(C=C3)Cl
667,Chlordiazepoxide,CN=C1CN(C(=C2C=C(C=CC2=N1)Cl)C3=CC=CC=C3)O
668,Chlorhexadol,CC(CC(C)(C)O)OC(C(Cl)(Cl)Cl)O
669,Chloride ion,[Cl-]
670,Chlormadinone,CC(=O)C1(CCC2C1(CCC3C2C=C(C4=CC(=O)CCC34C)Cl)C)O
671,Chlormadinone acetate,CC(=O)C1(CCC2C1(CCC3C2C=C(C4=CC(=O)CCC34C)Cl)C)OC(=O)C
672,Chlormezanone,CN1C(S(=O)(=O)CCC1=O)C2=CC=C(C=C2)Cl
673,Chloroform,C(Cl)(Cl)Cl
674,Chloroprocaine,CCN(CC)CCOC(=O)C1=C(C=C(C=C1)N)Cl
675,Chloropyramine,CN(C)CCN(CC1=CC=C(C=C1)Cl)C2=CC=CC=N2
676,Chloroquine,CCN(CC)CCCC(C)NC1=C2C=CC(=CC2=NC=C1)Cl
677,Chlorothiazide,C1=C2C(=CC(=C1Cl)S(=O)(=O)N)S(=O)(=O)N=CN2
678,Chlorotrianisene,COC1=CC=C(C=C1)C(=C(C2=CC=C(C=C2)OC)Cl)C3=CC=C(C=C3)OC
679,Chlorpheniramine,CN(C)CCC(C1=CC=C(C=C1)Cl)C2=CC=CC=N2
680,Chlorphenoxamine,CC(C1=CC=CC=C1)(C2=CC=C(C=C2)Cl)OCCN(C)C
681,Chlorphentermine,CC(C)(CC1=CC=C(C=C1)Cl)N
682,Chlorproethazine,CCN(CC)CCCN1C2=CC=CC=C2SC3=C1C=C(C=C3)Cl
683,Chlorproguanil,CC(C)N=C(N)N=C(N)NC1=CC(=C(C=C1)Cl)Cl
684,Chlorpromazine,CN(C)CCCN1C2=CC=CC=C2SC3=C1C=C(C=C3)Cl
685,Chlorpropamide,CCCNC(=O)NS(=O)(=O)C1=CC=C(C=C1)Cl
686,Chlorprothixene,CN(C)CCC=C1C2=CC=CC=C2SC3=C1C=C(C=C3)Cl
687,Chlorsulfaquinoxaline,C1=CC2=NC(=CN=C2C(=C1)Cl)NS(=O)(=O)C3=CC=C(C=C3)N
688,Chlortetracycline,CC1(C2CC3C(C(=O)C(=C(C3(C(=O)C2=C(C4=C(C=CC(=C41)Cl)O)O)O)O)C(=O)N)N(C)C)O
689,Chlorzoxazone,C1=CC2=C(C=C1Cl)NC(=O)O2
690,Cholecalciferol,CC(C)CCCC(C)C1CCC2C1(CCCC2=CC=C3CC(CCC3=C)O)C
691,Cholesterol,CC(C)CCCC(C)C1CCC2C1(CCC3C2CC=C4C3(CCC(C4)O)C)C
692,Cholic Acid,CC(CCC(=O)O)C1CCC2C1(C(CC3C2C(CC4C3(CCC(C4)O)C)O)O)C
693,Choline,C[N+](C)(C)CCO
694,Chromic cation,[Cr+3]
695,Chromium,[Cr]
696,Chromium picolinate,C1=CC=NC(=C1)C(=O)[O-].C1=CC=NC(=C1)C(=O)[O-].C1=CC=NC(=C1)C(=O)[O-].[Cr+3]
697,Cibenzoline,C1CN=C(N1)C2CC2(C3=CC=CC=C3)C4=CC=CC=C4
698,Ciclesonide,CC(C)C(=O)OCC(=O)C12C(CC3C1(CC(C4C3CCC5=CC(=O)C=CC45C)O)C)OC(O2)C6CCCCC6
699,Cicletanine,CC1=NC=C2C(OCC2=C1O)C3=CC=C(C=C3)Cl
700,Ciclopirox,CC1=CC(=O)N(C(=C1)C2CCCCC2)O
701,Cidofovir,C1=CN(C(=O)N=C1N)CC(CO)OCP(=O)(O)O
702,Cidoxepin,CN(C)CCC=C1C2=CC=CC=C2COC3=CC=CC=C31
703,Ciglitazone,CC1(CCCCC1)COC2=CC=C(C=C2)CC3C(=O)NC(=O)S3
704,Cilansetron,CC1=NC=CN1CC2CCC3=C(C2=O)C4=CC=CC5=C4N3CCC5
705,Cilastatin,CC1(CC1C(=O)NC(=CCCCCSCC(C(=O)O)N)C(=O)O)C
706,Cilazapril,CCOC(=O)C(CCC1=CC=CC=C1)NC2CCCN3CCCC(N3C2=O)C(=O)O
707,Cilazaprilat,C1CC(C(=O)N2C(CCCN2C1)C(=O)O)NC(CCC3=CC=CC=C3)C(=O)O
708,Cilnidipine,CC1=C(C(C(=C(N1)C)C(=O)OCC=CC2=CC=CC=C2)C3=CC(=CC=C3)[N+](=O)[O-])C(=O)OCCOC
709,Cilostazol,C1CCC(CC1)N2C(=NN=N2)CCCCOC3=CC4=C(C=C3)NC(=O)CC4
710,Cimetidine,CC1=C(N=CN1)CSCCNC(=NC)NC#N
711,Cimetropium,C[N+]1(C2CC(CC1C3C2O3)OC(=O)C(CO)C4=CC=CC=C4)CC5CC5
712,Cimicoxib,COC1=C(C=C(C=C1)C2=C(N=CN2C3=CC=C(C=C3)S(=O)(=O)N)Cl)F
713,Cinacalcet,CC(C1=CC=CC2=CC=CC=C21)NCCCC3=CC(=CC=C3)C(F)(F)F
714,Cinazepam,C1=CC=C(C(=C1)C2=NC(C(=O)NC3=C2C=C(C=C3)Br)OC(=O)CCC(=O)O)Cl
715,Cinchocaine,CCCCOC1=NC2=CC=CC=C2C(=C1)C(=O)NCCN(CC)CC
716,Cinchophen,C1=CC=C(C=C1)C2=NC3=CC=CC=C3C(=C2)C(=O)O
717,Cinitapride,CCOC1=CC(=C(C=C1C(=O)NC2CCN(CC2)CC3CCC=CC3)[N+](=O)[O-])N
718,Cinnamaldehyde,C1=CC=C(C=C1)C=CC=O
719,Cinnarizine,C1CN(CCN1CC=CC2=CC=CC=C2)C(C3=CC=CC=C3)C4=CC=CC=C4
720,Cinolazepam,C1=CC=C(C(=C1)C2=NC(C(=O)N(C3=C2C=C(C=C3)Cl)CCC#N)O)F
721,Cinoxacin,CCN1C2=CC3=C(C=C2C(=O)C(=N1)C(=O)O)OCO3
722,Ciprofibrate,CC(C)(C(=O)O)OC1=CC=C(C=C1)C2CC2(Cl)Cl
723,Ciprofloxacin,C1CC1N2C=C(C(=O)C3=CC(=C(C=C32)N4CCNCC4)F)C(=O)O
724,Cirazoline,C1CC1C2=CC=CC=C2OCC3=NCCN3
725,Cisapride,COC1CN(CCC1NC(=O)C2=CC(=C(C=C2OC)N)Cl)CCCOC3=CC=C(C=C3)F
726,Citalopram,CN(C)CCCC1(C2=C(CO1)C=C(C=C2)C#N)C3=CC=C(C=C3)F
727,Citrulline,C(CC(C(=O)O)N)CNC(=O)N
728,Cladribine,C1C(C(OC1N2C=NC3=C(N=C(N=C32)Cl)N)CO)O
729,Clarithromycin,CCC1C(C(C(C(=O)C(CC(C(C(C(C(C(=O)O1)C)OC2CC(C(C(O2)C)O)(C)OC)C)OC3C(C(CC(O3)C)N(C)C)O)(C)OC)C)C)O)(C)O
730,Clavulanic acid,C1C2N(C1=O)C(C(=CCO)O2)C(=O)O
731,Clemastine,CC(C1=CC=CC=C1)(C2=CC=C(C=C2)Cl)OCCC3CCCN3C
732,Clenbuterol,CC(C)(C)NCC(C1=CC(=C(C(=C1)Cl)N)Cl)O
733,Clevidipine,CCCC(=O)OCOC(=O)C1=C(NC(=C(C1C2=C(C(=CC=C2)Cl)Cl)C(=O)OC)C)C
734,Clidinium,C[N+]12CCC(CC1)C(C2)OC(=O)C(C3=CC=CC=C3)(C4=CC=CC=C4)O
735,Clinafloxacin,C1CC1N2C=C(C(=O)C3=CC(=C(C(=C32)Cl)N4CCC(C4)N)F)C(=O)O
736,Clindamycin,CCCC1CC(N(C1)C)C(=O)NC(C2C(C(C(C(O2)SC)O)O)O)C(C)Cl
737,Clobazam,CN1C(=O)CC(=O)N(C2=C1C=CC(=C2)Cl)C3=CC=CC=C3
738,Clobetasol,CC1CC2C3CCC4=CC(=O)C=CC4(C3(C(CC2(C1(C(=O)CCl)O)C)O)F)C
739,Clobetasol propionate,CCC(=O)OC1(C(CC2C1(CC(C3(C2CCC4=CC(=O)C=CC43C)F)O)C)C)C(=O)CCl
740,Clobetasone,CC1CC2C3CCC4=CC(=O)C=CC4(C3(C(=O)CC2(C1(C(=O)CCl)O)C)F)C
741,Clocortolone,CC1CC2C3CC(C4=CC(=O)C=CC4(C3(C(CC2(C1C(=O)CO)C)O)Cl)C)F
742,Clocortolone acetate,CC1CC2C3CC(C4=CC(=O)C=CC4(C3(C(CC2(C1C(=O)COC(=O)C)C)O)Cl)C)F
743,Clodronic acid,C(P(=O)(O)O)(P(=O)(O)O)(Cl)Cl
744,Clofarabine,C1=NC2=C(N=C(N=C2N1C3C(C(C(O3)CO)O)F)Cl)N
745,Clofazimine,CC(C)N=C1C=C2C(=NC3=CC=CC=C3N2C4=CC=C(C=C4)Cl)C=C1NC5=CC=C(C=C5)Cl
746,Clofedanol,CN(C)CCC(C1=CC=CC=C1)(C2=CC=CC=C2Cl)O
747,Clofenamide,C1=CC(=C(C=C1S(=O)(=O)N)S(=O)(=O)N)Cl
748,Clofibrate,CCOC(=O)C(C)(C)OC1=CC=C(C=C1)Cl
749,Clofibride,CC(C)(C(=O)OCCCC(=O)N(C)C)OC1=CC=C(C=C1)Cl
750,Clomethiazole,CC1=C(SC=N1)CCCl
751,Clometocillin,CC1(C(N2C(S1)C(C2=O)NC(=O)C(C3=CC(=C(C=C3)Cl)Cl)OC)C(=O)O)C
752,Clomifene,CCN(CC)CCOC1=CC=C(C=C1)C(=C(C2=CC=CC=C2)Cl)C3=CC=CC=C3
753,Clomipramine,CN(C)CCCN1C2=CC=CC=C2CCC3=C1C=C(C=C3)Cl
754,Clomocycline,CC1(C2CC3C(C(=O)C(=C(C3(C(=O)C2=C(C4=C(C=CC(=C41)Cl)O)O)O)O)C(=O)NCO)N(C)C)O
755,Clonazepam,C1C(=O)NC2=C(C=C(C=C2)[N+](=O)[O-])C(=N1)C3=CC=CC=C3Cl
756,Clonidine,C1CN=C(N1)NC2=C(C=CC=C2Cl)Cl
757,Clonixin,CC1=C(C=CC=C1Cl)NC2=C(C=CC=N2)C(=O)O
758,Clopamide,CC1CCCC(N1NC(=O)C2=CC(=C(C=C2)Cl)S(=O)(=O)N)C
759,Clopenthixol,C1CN(CCN1CCC=C2C3=CC=CC=C3SC4=C2C=C(C=C4)Cl)CCO
760,Clopidogrel,COC(=O)C(C1=CC=CC=C1Cl)N2CCC3=C(C2)C=CS3
761,Cloprednol,CC12CC(C3C(C1CCC2(C(=O)CO)O)C=C(C4=CC(=O)C=CC34C)Cl)O
762,Cloprostenol,C1C(C(C(C1O)C=CC(COC2=CC(=CC=C2)Cl)O)CC=CCCCC(=O)O)O
763,Cloranolol,CC(C)(C)NCC(COC1=C(C=CC(=C1)Cl)Cl)O
764,Clorazepic acid,C1=CC=C(C=C1)C2=NC(C(=O)NC3=C2C=C(C=C3)Cl)C(=O)O
765,Clorexolone,C1CCC(CC1)N2CC3=CC(=C(C=C3C2=O)S(=O)(=O)N)Cl
766,Clorgiline,CN(CCCOC1=C(C=C(C=C1)Cl)Cl)CC#C
767,Cloricromen,CCN(CC)CCC1=C(C2=C(C(=C(C=C2)OCC(=O)OCC)Cl)OC1=O)C
768,Clorindione,C1=CC=C2C(=C1)C(=O)C(C2=O)C3=CC=C(C=C3)Cl
769,Clorobiocin,CC1=CC=C(N1)C(=O)OC2C(C(OC(C2OC)(C)C)OC3=C(C4=C(C=C3)C(=C(C(=O)O4)NC(=O)C5=CC(=C(C=C5)O)CC=C(C)C)O)Cl)O
770,Clorsulon,C1=C(C(=CC(=C1N)S(=O)(=O)N)S(=O)(=O)N)C(=C(Cl)Cl)Cl
771,Clostebol,CC12CCC3C(C1CCC2O)CCC4=C(C(=O)CCC34C)Cl
772,Clothiapine,CN1CCN(CC1)C2=NC3=CC=CC=C3SC4=C2C=C(C=C4)Cl
773,Clotiazepam,CCC1=CC2=C(S1)N(C(=O)CN=C2C3=CC=CC=C3Cl)C
774,Clotrimazole,C1=CC=C(C=C1)C(C2=CC=CC=C2)(C3=CC=CC=C3Cl)N4C=CN=C4
775,Cloxacillin,CC1=C(C(=NO1)C2=CC=CC=C2Cl)C(=O)NC3C4N(C3=O)C(C(S4)(C)C)C(=O)O
776,Cloxazolam,C1COC2(N1CC(=O)NC3=C2C=C(C=C3)Cl)C4=CC=CC=C4Cl
777,Clozapine,CN1CCN(CC1)C2=NC3=C(C=CC(=C3)Cl)NC4=CC=CC=C42
778,Cobicistat,CC(C)C1=NC(=CS1)CN(C)C(=O)NC(CCN2CCOCC2)C(=O)NC(CCC(CC3=CC=CC=C3)NC(=O)OCC4=CN=CS4)CC5=CC=CC=C5
779,Cobimetinib,C1CCNC(C1)C2(CN(C2)C(=O)C3=C(C(=C(C=C3)F)F)NC4=C(C=C(C=C4)I)F)O
780,Cocaine,CN1C2CCC1C(C(C2)OC(=O)C3=CC=CC=C3)C(=O)OC
781,Codeine,CN1CCC23C4C1CC5=C2C(=C(C=C5)OC)OC3C(C=C4)O
782,Colchicine,CC(=O)NC1CCC2=CC(=C(C(=C2C3=CC=C(C(=O)C=C13)OC)OC)OC)OC
784,Combretastatin A4,COC1=C(C=C(C=C1)C=CC2=CC(=C(C(=C2)OC)OC)OC)O
785,Conivaptan,CC1=NC2=C(N1)CCN(C3=CC=CC=C32)C(=O)C4=CC=C(C=C4)NC(=O)C5=CC=CC=C5C6=CC=CC=C6
786,Copanlisib,COC1=C(C=CC2=C3NCCN3C(=NC(=O)C4=CN=C(N=C4)N)N=C21)OCCCN5CCOCC5
787,Copper,[Cu]
788,Cordycepin,C1C(OC(C1O)N2C=NC3=C(N=CN=C32)N)CO
789,Corticosterone,CC12CCC(=O)C=C1CCC3C2C(CC4(C3CCC4C(=O)CO)C)O
790,Cortisone,CC12CCC(=O)C=C1CCC3C2C(=O)CC4(C3CCC4(C(=O)CO)O)C
791,Cortisone acetate,CC(=O)OCC(=O)C1(CCC2C1(CC(=O)C3C2CCC4=CC(=O)CCC34C)C)O
792,Cortivazol,CC1CC2C3C=C(C4=CC5=C(CC4(C3C(CC2(C1(C(=O)COC(=O)C)O)C)O)C)C=NN5C6=CC=CC=C6)C
793,Coumaphos,CCOP(=S)(OCC)OC1=CC2=C(C=C1)C(=C(C(=O)O2)Cl)C
794,Coumarin,C1=CC=C2C(=C1)C=CC(=O)O2
795,Coumermycin A1,CC1=CC=C(N1)C(=O)OC2C(C(OC(C2OC)(C)C)OC3=C(C4=C(C=C3)C(=C(C(=O)O4)NC(=O)C5=CNC(=C5C)C(=O)NC6=C(C7=C(C(=C(C=C7)OC8C(C(C(C(O8)(C)C)OC)OC(=O)C9=CC=C(N9)C)O)C)OC6=O)O)O)C)O
796,Crenolanib,CC1(COC1)COC2=CC3=C(C=C2)N(C=N3)C4=NC5=C(C=CC=C5N6CCC(CC6)N)C=C4
797,Crizotinib,CC(C1=C(C=CC(=C1Cl)F)Cl)OC2=C(N=CC(=C2)C3=CN(N=C3)C4CCNCC4)N
798,Curcumin,COC1=C(C=CC(=C1)C=CC(=O)CC(=O)C=CC2=CC(=C(C=C2)O)OC)O
799,Curcumin sulfate,COC1=C(C=CC(=C1)C=CC(=O)CC(=O)C=CC2=CC(=C(C=C2)OS(=O)(=O)O)OC)O
800,Cyamemazine,CC(CN1C2=CC=CC=C2SC3=C1C=C(C=C3)C#N)CN(C)C
801,Cyanocobalamin,CC1=CC2=C(C=C1C)[N+](=CN2)C3C(C(C(O3)CO)OP(=O)(O)OC(C)CNC(=O)CCC4(C(C5C6(C(C(C(=N6)C(=C7C(C(C(=CC8=NC(=C(C4=N5)C)C(C8(C)C)CCC(=N)[O-])N7)CCC(=N)[O-])(C)CC(=O)N)C)CCC(=N)[O-])(C)CC(=O)N)C)CC(=O)N)C)O.[C]#N.[Co+2]
802,Cyclacillin,CC1(C(N2C(S1)C(C2=O)NC(=O)C3(CCCCC3)N)C(=O)O)C
803,Cyclandelate,CC1CC(CC(C1)(C)C)OC(=O)C(C2=CC=CC=C2)O
804,Cyclic adenosine monophosphate,C1C2C(C(C(O2)N3C=NC4=C(N=CN=C43)N)O)OP(=O)(O1)O
805,Cyclizine,CN1CCN(CC1)C(C2=CC=CC=C2)C3=CC=CC=C3
806,Cyclobarbital,CCC1(C(=O)NC(=O)NC1=O)C2=CCCCC2
807,Cyclobenzaprine,CN(C)CCC=C1C2=CC=CC=C2C=CC3=CC=CC=C31
808,Cycloguanil,CC1(N=C(N=C(N1C2=CC=C(C=C2)Cl)N)N)C
809,Cyclohexylammonium Ion,C1CCC(CC1)[NH3+]
810,Cyclopentamine,CC(CC1CCCC1)NC
811,Cyclopenthiazide,C1CCC(C1)CC2NC3=CC(=C(C=C3S(=O)(=O)N2)S(=O)(=O)N)Cl
812,Cyclopentolate,CN(C)CCOC(=O)C(C1=CC=CC=C1)C2(CCCC2)O
813,Cyclophosphamide,C1CNP(=O)(OC1)N(CCCl)CCCl
814,Cyclopropane,C1CC1
815,Cycloserine,C1C(C(=O)NO1)N
816,Cyclosporine,CCC1C(=O)N(CC(=O)N(C(C(=O)NC(C(=O)N(C(C(=O)NC(C(=O)NC(C(=O)N(C(C(=O)N(C(C(=O)N(C(C(=O)N(C(C(=O)N1)C(C(C)CC=CC)O)C)C(C)C)C)CC(C)C)C)CC(C)C)C)C)C)CC(C)C)C)C(C)C)CC(C)C)C)C
817,Cyclothiazide,C1C2CC(C1C=C2)C3NC4=CC(=C(C=C4S(=O)(=O)N3)S(=O)(=O)N)Cl
818,Cycrimine,C1CCN(CC1)CCC(C2CCCC2)(C3=CC=CC=C3)O
819,Cymarin,CC1C(C(CC(O1)OC2CCC3(C4CCC5(C(CCC5(C4CCC3(C2)O)O)C6=CC(=O)OC6)C)C=O)OC)O
820,Cyproheptadine,CN1CCC(=C2C3=CC=CC=C3C=CC4=CC=CC=C42)CC1
821,Cyproterone acetate,CC(=O)C1(CCC2C1(CCC3C2C=C(C4=CC(=O)C5CC5C34C)Cl)C)OC(=O)C
822,Cysteamine,C(CS)N
823,Cytarabine,C1=CN(C(=O)N=C1N)C2C(C(C(O2)CO)O)O
824,D-Levofloxacin,CC1COC2=C3N1C=C(C(=O)C3=CC(=C2N4CCN(CC4)C)F)C(=O)O
825,D-Phenylalanine,C1=CC=C(C=C1)CC(C(=O)O)N
826,D-Tryptophan,C1=CC=C2C(=C1)C(=CN2)CC(C(=O)O)N
827,D-chiro-Inositol,C1(C(C(C(C(C1O)O)O)O)O)O
828,DAR-0100A,C1CC2=CC(=C(C=C2C3C1NCC4=CC=CC=C34)O)O
829,DL-Methylephedrine,CC(C(C1=CC=CC=C1)O)N(C)C
830,DL-alpha-Tocopherol,CC1=C(C2=C(CCC(O2)(C)CCCC(C)CCCC(C)CCCC(C)C)C(=C1O)C)C
831,DPDPE,CC1(C(C(=O)NCC(=O)NC(C(=O)NC(C(SS1)(C)C)C(=O)O)CC2=CC=CC=C2)NC(=O)C(CC3=CC=C(C=C3)O)N)C
832,Dabigatran,CN1C2=C(C=C(C=C2)C(=O)N(CCC(=O)O)C3=CC=CC=N3)N=C1CNC4=CC=C(C=C4)C(=N)N
833,Dabigatran etexilate,CCCCCCOC(=O)NC(=N)C1=CC=C(C=C1)NCC2=NC3=C(N2C)C=CC(=C3)C(=O)N(CCC(=O)OCC)C4=CC=CC=N4
834,Dabrafenib,CC(C)(C)C1=NC(=C(S1)C2=NC(=NC=C2)N)C3=C(C(=CC=C3)NS(=O)(=O)C4=C(C=CC=C4F)F)F
835,Dacarbazine,CN(C)N=NC1=C(NC=N1)C(=O)N
836,Daclatasvir,CC(C)C(C(=O)N1CCCC1C2=NC=C(N2)C3=CC=C(C=C3)C4=CC=C(C=C4)C5=CN=C(N5)C6CCCN6C(=O)C(C(C)C)NC(=O)OC)NC(=O)OC
837,Dacomitinib,COC1=C(C=C2C(=C1)N=CN=C2NC3=CC(=C(C=C3)F)Cl)NC(=O)C=CCN4CCCCC4
838,Dactinomycin,CC1C(C(=O)NC(C(=O)N2CCCC2C(=O)N(CC(=O)N(C(C(=O)O1)C(C)C)C)C)C(C)C)NC(=O)C3=C4C(=C(C=C3)C)OC5=C(C(=O)C(=C(C5=N4)C(=O)NC6C(OC(=O)C(N(C(=O)CN(C(=O)C7CCCN7C(=O)C(NC6=O)C(C)C)C)C)C(C)C)C)N)C
839,Dactolisib,CC(C)(C#N)C1=CC=C(C=C1)N2C3=C4C=C(C=CC4=NC=C3N(C2=O)C)C5=CC6=CC=CC=C6N=C5
840,Daidzein,C1=CC(=CC=C1C2=COC3=C(C2=O)C=CC(=C3)O)O
841,Daidzin,C1=CC(=CC=C1C2=COC3=C(C2=O)C=CC(=C3)OC4C(C(C(C(O4)CO)O)O)O)O
842,Dalfampridine,C1=CN=CC=C1N
843,Dalfopristin,CCN(CC)CCS(=O)(=O)C1CCN2C1C(=O)OC(C(C=CC(=O)NCC=CC(=CC(CC(=O)CC3=NC(=CO3)C2=O)O)C)C)C(C)C
844,Danazol,CC12CCC3C(C1CCC2(C#C)O)CCC4=CC5=C(CC34C)C=NO5
845,Danicopan,CC1=NC=C(C=N1)C2=CC3=C(C=C2)N(N=C3C(=O)C)CC(=O)N4CC(CC4C(=O)NC5=NC(=CC=C5)Br)F
846,Danoprevir,CC(C)(C)OC(=O)NC1CCCCCC=CC2CC2(NC(=O)C3CC(CN3C1=O)OC(=O)N4CC5=C(C4)C(=CC=C5)F)C(=O)NS(=O)(=O)C6CC6
847,Dantrolene,C1C(=O)NC(=O)N1N=CC2=CC=C(O2)C3=CC=C(C=C3)[N+](=O)[O-]
848,Dantron,C1=CC2=C(C(=C1)O)C(=O)C3=C(C2=O)C=CC=C3O
849,Dapagliflozin,CCOC1=CC=C(C=C1)CC2=C(C=CC(=C2)C3C(C(C(C(O3)CO)O)O)O)Cl
850,Dapiprazole,CC1=CC=CC=C1N2CCN(CC2)CCC3=NN=C4N3CCCC4
851,Dapoxetine,CN(C)C(CCOC1=CC=CC2=CC=CC=C21)C3=CC=CC=C3
852,Daprodustat,C1CCC(CC1)N2C(=O)C(C(=O)N(C2=O)C3CCCCC3)C(=O)NCC(=O)O
853,Dapsone,C1=CC(=CC=C1N)S(=O)(=O)C2=CC=C(C=C2)N
854,Daptomycin,CCCCCCCCCC(=O)NC(CC1=CNC2=CC=CC=C21)C(=O)NC(CC(=O)N)C(=O)NC(CC(=O)O)C(=O)NC3C(OC(=O)C(NC(=O)C(NC(=O)C(NC(=O)CNC(=O)C(NC(=O)C(NC(=O)C(NC(=O)C(NC(=O)CNC3=O)CCCN)CC(=O)O)C)CC(=O)O)CO)C(C)CC(=O)O)CC(=O)C4=CC=CC=C4N)C
855,Darexaban,CN1CCCN(CC1)C2=CC=C(C=C2)C(=O)NC3=C(C=CC=C3O)NC(=O)C4=CC=C(C=C4)OC
856,Daridorexant,CC1=C(C=CC2=C1N=C(N2)C3(CCCN3C(=O)C4=C(C=CC(=C4)OC)N5N=CC=N5)C)Cl
857,Darifenacin,C1CN(CC1C(C2=CC=CC=C2)(C3=CC=CC=C3)C(=O)N)CCC4=CC5=C(C=C4)OCC5
858,Darodipine,CCOC(=O)C1=C(NC(=C(C1C2=CC=CC3=NON=C32)C(=O)OCC)C)C
859,Darolutamide,CC(CN1C=CC(=N1)C2=CC(=C(C=C2)C#N)Cl)NC(=O)C3=NNC(=C3)C(C)O
860,Darunavir,CC(C)CN(CC(C(CC1=CC=CC=C1)NC(=O)OC2COC3C2CCO3)O)S(=O)(=O)C4=CC=C(C=C4)N
861,Dasabuvir,CC(C)(C)C1=CC(=CC(=C1OC)C2=CC3=C(C=C2)C=C(C=C3)NS(=O)(=O)C)N4C=CC(=O)NC4=O
862,Dasatinib,CC1=C(C(=CC=C1)Cl)NC(=O)C2=CN=C(S2)NC3=CC(=NC(=N3)C)N4CCN(CC4)CCO
863,Dasotraline,C1CC(C2=CC=CC=C2C1C3=CC(=C(C=C3)Cl)Cl)N
864,Daunorubicin,CC1C(C(CC(O1)OC2CC(CC3=C2C(=C4C(=C3O)C(=O)C5=C(C4=O)C(=CC=C5)OC)O)(C(=O)C)O)N)O
865,Deacetoxycephalosporin C,CC1=C(N2C(C(C2=O)NC(=O)CCCC(C(=O)O)N)SC1)C(=O)O
866,Deacetylbisacodyl,C1=CC=NC(=C1)C(C2=CC=C(C=C2)O)C3=CC=C(C=C3)O
867,Deanol,CN(C)CCO
868,Debrisoquine,C1CN(CC2=CC=CC=C21)C(=N)N
869,Decamethonium,C[N+](C)(C)CCCCCCCCCC[N+](C)(C)C
870,Decamethoxine,CC1CCC(C(C1)OC(=O)C[N+](C)(C)CCCCCCCCCC[N+](C)(C)CC(=O)OC2CC(CCC2C(C)C)C)C(C)C.[Cl-].[Cl-]
871,Decitabine,C1C(C(OC1N2C=NC(=NC2=O)N)CO)O
872,Deferasirox,C1=CC=C(C(=C1)C2=NN(C(=N2)C3=CC=CC=C3O)C4=CC=C(C=C4)C(=O)O)O
873,Deferiprone,CC1=C(C(=O)C=CN1C)O
874,Deflazacort,CC1=NC2(C(O1)CC3C2(CC(C4C3CCC5=CC(=O)C=CC45C)O)C)C(=O)COC(=O)C
875,Degarelix,CC(C)CC(C(=O)NC(CCCCNC(C)C)C(=O)N1CCCC1C(=O)NC(C)C(=O)N)NC(=O)C(CC2=CC=C(C=C2)NC(=O)N)NC(=O)C(CC3=CC=C(C=C3)NC(=O)C4CC(=O)NC(=O)N4)NC(=O)C(CO)NC(=O)C(CC5=CN=CC=C5)NC(=O)C(CC6=CC=C(C=C6)Cl)NC(=O)C(CC7=CC8=CC=CC=C8C=C7)NC(=O)C
876,Dehydroascorbic acid,C(C(C1C(=O)C(=O)C(=O)O1)O)O
877,Dehydrocholic acid,CC(CCC(=O)O)C1CCC2C1(C(=O)CC3C2C(=O)CC4C3(CCC(=O)C4)C)C
878,Delafloxacin,C1C(CN1C2=C(C=C3C(=C2Cl)N(C=C(C3=O)C(=O)O)C4=C(C=C(C(=N4)N)F)F)F)O
879,Delamanid,CC1(CN2C=C(N=C2O1)[N+](=O)[O-])COC3=CC=C(C=C3)N4CCC(CC4)OC5=CC=C(C=C5)OC(F)(F)F
880,Delapril,CCOC(=O)C(CCC1=CC=CC=C1)NC(C)C(=O)N(CC(=O)O)C2CC3=CC=CC=C3C2
881,Delavirdine,CC(C)NC1=C(N=CC=C1)N2CCN(CC2)C(=O)C3=CC4=C(N3)C=CC(=C4)NS(=O)(=O)C
882,Delorazepam,C1C(=O)NC2=C(C=C(C=C2)Cl)C(=N1)C3=CC=CC=C3Cl
883,Delpazolid,CN1CCN(C=N1)C2=C(C=C(C=C2)N3CC(OC3=O)CO)F
884,Demecarium,CN(CCCCCCCCCCN(C)C(=O)OC1=CC=CC(=C1)[N+](C)(C)C)C(=O)OC2=CC=CC(=C2)[N+](C)(C)C
885,Demeclocycline,CN(C)C1C2CC3C(C4=C(C=CC(=C4C(=C3C(=O)C2(C(=C(C1=O)C(=O)N)O)O)O)O)Cl)O
886,Demecolcine,CNC1CCC2=CC(=C(C(=C2C3=CC=C(C(=O)C=C13)OC)OC)OC)OC
887,Demegestone,CC(=O)C1(CCC2C1(CCC3=C4CCC(=O)C=C4CCC23)C)C
888,Deoxycholic acid,CC(CCC(=O)O)C1CCC2C1(C(CC3C2CCC4C3(CCC(C4)O)C)O)C
889,Deoxyepinephrine,CNCCC1=CC(=C(C=C1)O)O
890,Deoxyspergualin,C(CCCN=C(N)N)CCC(=O)NC(C(=O)NCCCCNCCCN)O
891,Deptropine,CN1C2CCC1CC(C2)OC3C4=CC=CC=C4CCC5=CC=CC=C35
892,Dequalinium,CC1=[N+](C2=CC=CC=C2C(=C1)N)CCCCCCCCCC[N+]3=C(C=C(C4=CC=CC=C43)N)C
893,Deramciclane,CC1(C2CCC1(C(C2)(C3=CC=CC=C3)OCCN(C)C)C)C
894,Dermatan sulfate,CC(=O)NC1C(C(C(OC1O)CO)OS(=O)(=O)[O-])OC2C(C(C(C(O2)C(=O)[O-])O)O)O
895,Dersalazine,CC1=NC2=C(N1CC3CCN(CC3)C(=O)C=C(C4=CC=CC=C4)C5=CC=C(C=C5)N=NC6=CC(=C(C=C6)O)C(=O)O)C=CN=C2
896,Deserpidine,COC1C(CC2CN3CCC4=C(C3CC2C1C(=O)OC)NC5=CC=CC=C45)OC(=O)C6=CC(=C(C(=C6)OC)OC)OC
897,Desflurane,C(C(F)(F)F)(OC(F)F)F
898,Desipramine,CNCCCN1C2=CC=CC=C2CCC3=CC=CC=C31
899,Deslanoside,CC1C(C(CC(O1)OC2CCC3(C(C2)CCC4C3CC(C5(C4(CCC5C6=CC(=O)OC6)O)C)O)C)O)OC7CC(C(C(O7)C)OC8CC(C(C(O8)C)OC9C(C(C(C(O9)CO)O)O)O)O)O
900,Desloratadine,C1CC2=C(C=CC(=C2)Cl)C(=C3CCNCC3)C4=C1C=CC=N4
901,Desmopressin,C1CC(N(C1)C(=O)C2CSSCCC(=O)NC(C(=O)NC(C(=O)NC(C(=O)NC(C(=O)N2)CC(=O)N)CCC(=O)N)CC3=CC=CC=C3)CC4=CC=C(C=C4)O)C(=O)NC(CCCN=C(N)N)C(=O)NCC(=O)N
902,Desogestrel,CCC12CC(=C)C3C(C1CCC2(C#C)O)CCC4=CCCCC34
903,Desomorphine,CN1CCC23C4C1CC5=C2C(=C(C=C5)O)OC3CCC4
904,Desonide,CC1(OC2CC3C4CCC5=CC(=O)C=CC5(C4C(CC3(C2(O1)C(=O)CO)C)O)C)C
905,Desoximetasone,CC1CC2C3CCC4=CC(=O)C=CC4(C3(C(CC2(C1C(=O)CO)C)O)F)C
906,Desoxycorticosterone acetate,CC(=O)OCC(=O)C1CCC2C1(CCC3C2CCC4=CC(=O)CCC34C)C
907,Desoxycorticosterone pivalate,CC12CCC3C(C1CCC2C(=O)COC(=O)C(C)(C)C)CCC4=CC(=O)CCC34C
908,Desvenlafaxine,CN(C)CC(C1=CC=C(C=C1)O)C2(CCCCC2)O
909,Detomidine,CC1=C(C(=CC=C1)CC2=CN=CN2)C
910,Deucravacitinib,CNC(=O)C1=NN=C(C=C1NC2=CC=CC(=C2OC)C3=NN(C=N3)C)NC(=O)C4CC4
911,Deudextromethorphan,CN1CCC23CCCCC2C1CC4=C3C=C(C=C4)OC
912,Deudomperidone,C1CN(CCC1N2C3=C(C=C(C=C3)Cl)NC2=O)CCCN4C5=CC=CC=C5NC4=O
913,Deupirfenidone,CC1=CN(C(=O)C=C1)C2=CC=CC=C2
914,Deuruxolitinib,C1CCC(C1)C(CC#N)N2C=C(C=N2)C3=C4C=CNC4=NC=N3
915,Deutetrabenazine,CC(C)CC1CN2CCC3=CC(=C(C=C3C2CC1=O)OC)OC
916,Deutivacaftor,CC(C)(C)C1=CC(=C(C=C1NC(=O)C2=CNC3=CC=CC=C3C2=O)O)C(C)(C)C
917,Dexamethasone acetate,CC1CC2C3CCC4=CC(=O)C=CC4(C3(C(CC2(C1(C(=O)COC(=O)C)O)C)O)F)C
918,Dexamethasone isonicotinate,CC1CC2C3CCC4=CC(=O)C=CC4(C3(C(CC2(C1(C(=O)COC(=O)C5=CC=NC=C5)O)C)O)F)C
919,Dexetimide,C1CN(CCC1C2(CCC(=O)NC2=O)C3=CC=CC=C3)CC4=CC=CC=C4
920,Dexfenfluramine,CCNC(C)CC1=CC(=CC=C1)C(F)(F)F
921,Dexibuprofen,CC(C)CC1=CC=C(C=C1)C(C)C(=O)O
922,Dexisometheptene mucate,CC(CCC=C(C)C)NC.CC(CCC=C(C)C)NC.C(C(C(C(=O)O)O)O)(C(C(=O)O)O)O
923,Dexketoprofen,CC(C1=CC(=CC=C1)C(=O)C2=CC=CC=C2)C(=O)O
924,Dexlansoprazole,CC1=C(C=CN=C1CS(=O)C2=NC3=CC=CC=C3N2)OCC(F)(F)F
925,Dexloxiglumide,CCCCCN(CCCOC)C(=O)C(CCC(=O)O)NC(=O)C1=CC(=C(C=C1)Cl)Cl
926,Dexmecamylamine,CC1(C2CCC(C2)C1(C)NC)C
927,Dexmedetomidine,CC1=C(C(=CC=C1)C(C)C2=CN=CN2)C
928,Dexmethylphenidate,COC(=O)C(C1CCCCN1)C2=CC=CC=C2
929,Dexniguldipine,CC1=C(C(C(=C(N1)C)C(=O)OCCCN2CCC(CC2)(C3=CC=CC=C3)C4=CC=CC=C4)C5=CC(=CC=C5)[N+](=O)[O-])C(=O)OC
930,Dexpanthenol,CC(C)(CO)C(C(=O)NCCCO)O
931,Dexpramipexole,CCCNC1CCC2=C(C1)SC(=N2)N
932,Dexpropranolol,CC(C)NCC(COC1=CC=CC2=CC=CC=C21)O
933,Dexrabeprazole,CC1=C(C=CN=C1CS(=O)C2=NC3=CC=CC=C3N2)OCCCOC
934,Dexrazoxane,CC(CN1CC(=O)NC(=O)C1)N2CC(=O)NC(=O)C2
935,Dextilidine,CCOC(=O)C1(CCC=CC1N(C)C)C2=CC=CC=C2
936,Dextofisopam,CCC1C(=NN=C(C2=CC(=C(C=C12)OC)OC)C3=CC(=C(C=C3)OC)OC)C
937,Dextromethadone,CCC(=O)C(CC(C)N(C)C)(C1=CC=CC=C1)C2=CC=CC=C2
938,Dextromoramide,CC(CN1CCOCC1)C(C2=CC=CC=C2)(C3=CC=CC=C3)C(=O)N4CCCC4
939,Dextropropoxyphene,CCC(=O)OC(CC1=CC=CC=C1)(C2=CC=CC=C2)C(C)CN(C)C
940,Dextrorphan,CN1CCC23CCCCC2C1CC4=C3C=C(C=C4)O
941,Dextrothyroxine,C1=C(C=C(C(=C1I)OC2=CC(=C(C(=C2)I)O)I)I)CC(C(=O)O)N
942,Dexverapamil,CC(C)C(CCCN(C)CCC1=CC(=C(C=C1)OC)OC)(C#N)C2=CC(=C(C=C2)OC)OC
943,Dezocine,CC12CCCCCC(C1N)CC3=C2C=C(C=C3)O
944,Diacerein,CC(=O)OC1=CC=CC2=C1C(=O)C3=C(C2=O)C=C(C=C3OC(=O)C)C(=O)O
945,Diamorphine,CC(=O)OC1C=CC2C3CC4=C5C2(C1OC5=C(C=C4)OC(=O)C)CCN3C
946,Dianhydrogalactitol,C1C(O1)C(C(C2CO2)O)O
947,Diatrizoate,CC(=O)NC1=C(C(=C(C(=C1I)C(=O)O)I)NC(=O)C)I
948,Diazepam,CN1C(=O)CN=C(C2=C1C=CC(=C2)Cl)C3=CC=CC=C3
949,Diazoxide,CC1=NS(=O)(=O)C2=C(N1)C=CC(=C2)Cl
950,Dibekacin,C1CC(C(OC1CN)OC2C(CC(C(C2O)OC3C(C(C(C(O3)CO)O)N)O)N)N)N
951,Dibenzepin,CN1C2=CC=CC=C2C(=O)N(C3=CC=CC=C31)CCN(C)C
952,Dibromotyrosine,C1=C(C=C(C(=C1Br)O)Br)CC(C(=O)O)N
953,Dichlorobenzyl alcohol,C1=CC(=C(C=C1Cl)Cl)CO
954,Dichlorvos,COP(=O)(OC)OC=C(Cl)Cl
955,Diclofenac,C1=CC=C(C(=C1)CC(=O)O)NC2=C(C=CC=C2Cl)Cl
956,Diclofenamide,C1=C(C=C(C(=C1S(=O)(=O)N)Cl)Cl)S(=O)(=O)N
957,Dicloxacillin,CC1=C(C(=NO1)C2=C(C=CC=C2Cl)Cl)C(=O)NC3C4N(C3=O)C(C(S4)(C)C)C(=O)O
958,Dicoumarol,C1=CC=C2C(=C1)C(=C(C(=O)O2)CC3=C(C4=CC=CC=C4OC3=O)O)O
959,Dicyclomine,CCN(CC)CCOC(=O)C1(CCCCC1)C2CCCCC2
960,Didanosine,C1CC(OC1CO)N2C=NC3=C2N=CNC3=O
961,Didox,C1=CC(=C(C=C1C(=O)NO)O)O
962,Dienestrol,CC=C(C1=CC=C(C=C1)O)C(=CC)C2=CC=C(C=C2)O
963,Dienogest,CC12CCC3=C4CCC(=O)C=C4CCC3C1CCC2(CC#N)O
964,Diethyl ether,CCOCC
965,Diethylcarbamazine,CCN(CC)C(=O)N1CCN(CC1)C
966,Diethylnorspermine,CCNCCCNCCCNCCCNCC
967,Diethylpropion,CCN(CC)C(C)C(=O)C1=CC=CC=C1
968,Diethylstilbestrol,CCC(=C(CC)C1=CC=C(C=C1)O)C2=CC=C(C=C2)O
969,Difemerine,CC(C)(COC(=O)C(C1=CC=CC=C1)(C2=CC=CC=C2)O)N(C)C
970,Difenoxin,C1CN(CCC1(C2=CC=CC=C2)C(=O)O)CCC(C#N)(C3=CC=CC=C3)C4=CC=CC=C4
971,Difenpiramide,C1=CC=C(C=C1)C2=CC=C(C=C2)CC(=O)NC3=CC=CC=N3
972,Diflorasone,CC1CC2C3CC(C4=CC(=O)C=CC4(C3(C(CC2(C1(C(=O)CO)O)C)O)F)C)F
973,Difloxacin,CN1CCN(CC1)C2=C(C=C3C(=C2)N(C=C(C3=O)C(=O)O)C4=CC=C(C=C4)F)F
974,Diflunisal,C1=CC(=C(C=C1C2=C(C=C(C=C2)F)F)C(=O)O)O
975,Difluocortolone,CC1CC2C3CC(C4=CC(=O)C=CC4(C3(C(CC2(C1C(=O)CO)C)O)F)C)F
976,Difluprednate,CCCC(=O)OC1(CCC2C1(CC(C3(C2CC(C4=CC(=O)C=CC43C)F)F)O)C)C(=O)COC(=O)C
977,Digitoxin,CC1C(C(CC(O1)OC2C(OC(CC2O)OC3C(OC(CC3O)OC4CCC5(C(C4)CCC6C5CCC7(C6(CCC7C8=CC(=O)OC8)O)C)C)C)C)O)O
978,Digoxin,CC1C(C(CC(O1)OC2C(OC(CC2O)OC3C(OC(CC3O)OC4CCC5(C(C4)CCC6C5CC(C7(C6(CCC7C8=CC(=O)OC8)O)C)O)C)C)C)O)O
980,Dihexyverine,C1CCC(CC1)C2(CCCCC2)C(=O)OCCN3CCCCC3
981,Dihydralazine,C1=CC=C2C(=C1)C(=NN=C2NN)NN
982,"Dihydro-2-thioxo-5-((5-(2-(trifluoromethyl)phenyl)-2-furanyl)methyl)-4,6(1H,5H)-pyrimidinedione",C1=CC=C(C(=C1)C2=CC=C(O2)CC3C(=O)NC(=S)NC3=O)C(F)(F)F
983,Dihydro-alpha-ergocryptine,CC(C)CC1C(=O)N2CCCC2C3(N1C(=O)C(O3)(C(C)C)NC(=O)C4CC5C(CC6=CNC7=CC=CC5=C67)N(C4)C)O
984,Dihydrocodeine,CN1CCC23C4C1CC5=C2C(=C(C=C5)OC)OC3C(CC4)O
985,Dihydroergocornine,CC(C)C1C(=O)N2CCCC2C3(N1C(=O)C(O3)(C(C)C)NC(=O)C4CC5C(CC6=CNC7=CC=CC5=C67)N(C4)C)O
986,Dihydroergocristine,CC(C)C1(C(=O)N2C(C(=O)N3CCCC3C2(O1)O)CC4=CC=CC=C4)NC(=O)C5CC6C(CC7=CNC8=CC=CC6=C78)N(C5)C
987,Dihydroergotamine,CC1(C(=O)N2C(C(=O)N3CCCC3C2(O1)O)CC4=CC=CC=C4)NC(=O)C5CC6C(CC7=CNC8=CC=CC6=C78)N(C5)C
988,Dihydroetorphine,CCCC(C)(C1CC23CCC1(C4C25CCN(C3CC6=C5C(=C(C=C6)O)O4)C)OC)O
989,Dihydromorphine,CN1CCC23C4C1CC5=C2C(=C(C=C5)O)OC3C(CC4)O
990,Dihydrostreptomycin,CC1C(C(C(O1)OC2C(C(C(C(C2O)O)N=C(N)N)O)N=C(N)N)OC3C(C(C(C(O3)CO)O)O)NC)(CO)O
991,Dihydrotachysterol,CC1CCC(CC1=CC=C2CCCC3(C2CCC3C(C)C=CC(C)C(C)C)C)O
992,Diltiazem,CC(=O)OC1C(SC2=CC=CC=C2N(C1=O)CCN(C)C)C3=CC=C(C=C3)OC
993,Dimenhydrinate,CN1C2=C(C(=O)N(C1=O)C)NC(=N2)Cl.CN(C)CCOC(C1=CC=CC=C1)C2=CC=CC=C2
994,Dimercaprol,C(C(CS)S)O
995,Dimetacrine,CC1(C2=CC=CC=C2N(C3=CC=CC=C31)CCCN(C)C)C
996,Dimethyl fumarate,COC(=O)C=CC(=O)OC
997,Dimethyl sulfoxide,CS(=O)C
998,Dimethyltryptamine,CN(C)CCC1=CNC2=CC=CC=C21
999,Dimetindene,CC(C1=CC=CC=N1)C2=C(CC3=CC=CC=C32)CCN(C)C
1000,Dimetotiazine,CC(CN1C2=CC=CC=C2SC3=C1C=C(C=C3)S(=O)(=O)N(C)C)N(C)C
1001,Dinoprost,CCCCCC(C=CC1C(CC(C1CC=CCCCC(=O)O)O)O)O
1002,Dinoprostone,CCCCCC(C=CC1C(CC(=O)C1CC=CCCCC(=O)O)O)O
1003,Diosmin,CC1C(C(C(C(O1)OCC2C(C(C(C(O2)OC3=CC(=C4C(=C3)OC(=CC4=O)C5=CC(=C(C=C5)OC)O)O)O)O)O)O)O)O
1004,Diphemanil,C[N+]1(CCC(=C(C2=CC=CC=C2)C3=CC=CC=C3)CC1)C
1005,Diphenadione,C1=CC=C(C=C1)C(C2=CC=CC=C2)C(=O)C3C(=O)C4=CC=CC=C4C3=O
1006,Diphenidol,C1CCN(CC1)CCCC(C2=CC=CC=C2)(C3=CC=CC=C3)O
1007,Diphenoxylate,CCOC(=O)C1(CCN(CC1)CCC(C#N)(C2=CC=CC=C2)C3=CC=CC=C3)C4=CC=CC=C4
1008,Diphenylpyraline,CN1CCC(CC1)OC(C2=CC=CC=C2)C3=CC=CC=C3
1009,Dipivefrin,CC(C)(C)C(=O)OC1=C(C=C(C=C1)C(CNC)O)OC(=O)C(C)(C)C
1010,Diprenorphine,CC(C)(C1CC23CCC1(C4C25CCN(C3CC6=C5C(=C(C=C6)O)O4)CC7CC7)OC)O
1011,Dipyridamole,C1CCN(CC1)C2=NC(=NC3=C2N=C(N=C3N4CCCCC4)N(CCO)CCO)N(CCO)CCO
1012,Dirithromycin,CCC1C(C2C(C(C(CC(C(C(C(C(C(=O)O1)C)OC3CC(C(C(O3)C)O)(C)OC)C)OC4C(C(CC(O4)C)N(C)C)O)(C)O)C)NC(O2)COCCOC)C)(C)O
1013,Diroximel fumarate,COC(=O)C=CC(=O)OCCN1C(=O)CCC1=O
1014,Disopyramide,CC(C)N(CCC(C1=CC=CC=C1)(C2=CC=CC=N2)C(=O)N)C(C)C
1015,Distigmine,C[N+]1=CC=CC(=C1)OC(=O)N(C)CCCCCCN(C)C(=O)OC2=C[N+](=CC=C2)C
1016,Disulfiram,CCN(CC)C(=S)SSC(=S)N(CC)CC
1017,Ditazole,C1=CC=C(C=C1)C2=C(OC(=N2)N(CCO)CCO)C3=CC=CC=C3
1018,Ditiocarb,CCN(CC)C(=S)S
1019,Dixyrazine,CC(CN1CCN(CC1)CCOCCO)CN2C3=CC=CC=C3SC4=CC=CC=C42
1020,Dobutamine,CC(CCC1=CC=C(C=C1)O)NCCC2=CC(=C(C=C2)O)O
1021,Docetaxel,CC1=C2C(C(=O)C3(C(CC4C(C3C(C(C2(C)C)(CC1OC(=O)C(C(C5=CC=CC=C5)NC(=O)OC(C)(C)C)O)O)OC(=O)C6=CC=CC=C6)(CO4)OC(=O)C)O)C)O
1022,Doconexent,CCC=CCC=CCC=CCC=CCC=CCC=CCCC(=O)O
1023,Docusate,CCCCC(CC)COC(=O)CC(C(=O)OCC(CC)CCCC)S(=O)(=O)O
1024,Dofetilide,CN(CCC1=CC=C(C=C1)NS(=O)(=O)C)CCOC2=CC=C(C=C2)NS(=O)(=O)C
1025,Dolasetron,C1C2CC3CC(CC1N3CC2=O)OC(=O)C4=CNC5=CC=CC=C54
1026,Dolastatin 10,CCC(C)C(C(CC(=O)N1CCCC1C(C(C)C(=O)NC(CC2=CC=CC=C2)C3=NC=CS3)OC)OC)N(C)C(=O)C(C(C)C)NC(=O)C(C(C)C)N(C)C
1027,Dolutegravir,CC1CCOC2N1C(=O)C3=C(C(=O)C(=CN3C2)C(=O)NCC4=C(C=C(C=C4)F)F)O
1028,Domoic Acid,CC(C=CC=C(C)C1CNC(C1CC(=O)O)C(=O)O)C(=O)O
1029,Dopamine,C1=CC(=C(C=C1CCN)O)O
1030,Dopexamine,C1=CC=C(C=C1)CCNCCCCCCNCCC2=CC(=C(C=C2)O)O
1031,Doramectin,CC1C=CC=C2COC3C2(C(C=C(C3O)C)C(=O)OC4CC(CC=C(C1OC5CC(C(C(O5)C)OC6CC(C(C(O6)C)O)OC)OC)C)OC7(C4)C=CC(C(O7)C8CCCCC8)C)O
1032,Doravirine,CN1C(=NNC1=O)CN2C=CC(=C(C2=O)OC3=CC(=CC(=C3)C#N)Cl)C(F)(F)F
1033,Dordaviprone,CC1=CC=CC=C1CN2C(=O)C3=C(CCN(C3)CC4=CC=CC=C4)N5C2=NCC5
1034,Doripenem,CC1C2C(C(=O)N2C(=C1SC3CC(NC3)CNS(=O)(=O)N)C(=O)O)C(C)O
1035,Dorzolamide,CCNC1CC(S(=O)(=O)C2=C1C=C(S2)S(=O)(=O)N)C
1036,Dosulepin,CN(C)CCC=C1C2=CC=CC=C2CSC3=CC=CC=C31
1037,Dotarizine,C1CN(CCN1CCCC2(OCCO2)C3=CC=CC=C3)C(C4=CC=CC=C4)C5=CC=CC=C5
1038,Dovitinib,CN1CCN(CC1)C2=CC3=C(C=C2)N=C(N3)C4=C(C5=C(C=CC=C5F)NC4=O)N
1039,Doxacurium,C[N+]1(CCC2=CC(=C(C(=C2C1CC3=CC(=C(C(=C3)OC)OC)OC)OC)OC)OC)CCCOC(=O)CCC(=O)OCCC[N+]4(CCC5=CC(=C(C(=C5C4CC6=CC(=C(C(=C6)OC)OC)OC)OC)OC)OC)C
1040,Doxapram,CCN1CC(C(C1=O)(C2=CC=CC=C2)C3=CC=CC=C3)CCN4CCOCC4
1041,Doxazosin,COC1=C(C=C2C(=C1)C(=NC(=N2)N3CCN(CC3)C(=O)C4COC5=CC=CC=C5O4)N)OC
1042,Doxefazepam,C1=CC=C(C(=C1)C2=NC(C(=O)N(C3=C2C=C(C=C3)Cl)CCO)O)F
1043,Doxercalciferol,CC(C)C(C)C=CC(C)C1CCC2C1(CCCC2=CC=C3CC(CC(C3=C)O)O)C
1044,Doxifluridine,CC1C(C(C(O1)N2C=C(C(=O)NC2=O)F)O)O
1045,Doxofylline,CN1C2=C(C(=O)N(C1=O)C)N(C=N2)CC3OCCO3
1046,Doxorubicin,CC1C(C(CC(O1)OC2CC(CC3=C2C(=C4C(=C3O)C(=O)C5=C(C4=O)C(=CC=C5)OC)O)(C(=O)CO)O)N)O
1047,Doxycycline,CC1C2C(C3C(C(=O)C(=C(C3(C(=O)C2=C(C4=C1C=CC=C4O)O)O)O)C(=O)N)N(C)C)O
1048,Doxylamine,CC(C1=CC=CC=C1)(C2=CC=CC=N2)OCCN(C)C
1049,Droloxifene,CCC(=C(C1=CC=C(C=C1)OCCN(C)C)C2=CC(=CC=C2)O)C3=CC=CC=C3
1050,Dronabinol,CCCCCC1=CC(=C2C3C=C(CCC3C(OC2=C1)(C)C)C)O
1051,Dronedarone,CCCCC1=C(C2=C(O1)C=CC(=C2)NS(=O)(=O)C)C(=O)C3=CC=C(C=C3)OCCCN(CCCC)CCCC
1052,Droperidol,C1CN(CC=C1N2C3=CC=CC=C3NC2=O)CCCC(=O)C4=CC=C(C=C4)F
1053,Drospirenone,CC12CCC(=O)C=C1C3CC3C4C2CCC5(C4C6CC6C57CCC(=O)O7)C
1054,Drostanolone propionate,CCC(=O)OC1CCC2C1(CCC3C2CCC4C3(CC(C(=O)C4)C)C)C
1055,Drotebanol,CN1CCC23CC(CCC2(C1CC4=C3C(=C(C=C4)OC)OC)O)O
1056,Droxicam,CN1C2=C(C3=CC=CC=C3S1(=O)=O)OC(=O)N(C2=O)C4=CC=CC=N4
1057,Droxidopa,C1=CC(=C(C=C1C(C(C(=O)O)N)O)O)O
1058,Duloxetine,CNCCC(C1=CC=CS1)OC2=CC=CC3=CC=CC=C32
1059,Durlobactam,CC1=CC2CN(C1C(=O)N)C(=O)N2OS(=O)(=O)O
1060,Dutasteride,CC12CCC3C(C1CCC2C(=O)NC4=C(C=CC(=C4)C(F)(F)F)C(F)(F)F)CCC5C3(C=CC(=O)N5)C
1061,Dutogliptin,B(C1CCCN1C(=O)CNC2CCNC2)(O)O
1062,Duvelisib,CC(C1=CC2=C(C(=CC=C2)Cl)C(=O)N1C3=CC=CC=C3)NC4=NC=NC5=C4NC=N5
1063,Dyclonine,CCCCOC1=CC=C(C=C1)C(=O)CCN2CCCCC2
1064,Dydrogesterone,CC(=O)C1CCC2C1(CCC3C2C=CC4=CC(=O)CCC34C)C
1065,Dyphylline,CN1C2=C(C(=O)N(C1=O)C)N(C=N2)CC(CO)O
1066,Ebastine,CC(C)(C)C1=CC=C(C=C1)C(=O)CCCN2CCC(CC2)OC(C3=CC=CC=C3)C4=CC=CC=C4
1067,Ebselen,C1=CC=C(C=C1)N2C(=O)C3=CC=CC=C3[Se]2
1068,Ecabet,CC(C)C1=C(C=C2C(=C1)CCC3C2(CCCC3(C)C(=O)O)C)S(=O)(=O)O
1069,Ecgonine,CN1C2CCC1C(C(C2)O)C(=O)O
1070,Echothiophate,CCOP(=O)(OCC)SCC[N+](C)(C)C
1071,Ecopipam,CN1CCC2=CC(=C(C=C2C3C1CCC4=CC=CC=C34)O)Cl
1072,Edetate calcium disodium anhydrous,C(CN(CC(=O)[O-])CC(=O)[O-])N(CC(=O)[O-])CC(=O)[O-].[Na+].[Na+].[Ca+2]
1073,Edivoxetine,COC1=C(C=C(C=C1)F)CC(C2CCOCC2)(C3CNCCO3)O
1074,Edoxaban,CN1CCC2=C(C1)SC(=N2)C(=O)NC3CC(CCC3NC(=O)C(=O)NC4=NC=C(C=C4)Cl)C(=O)N(C)C
1075,Edrophonium,CC[N+](C)(C)C1=CC(=CC=C1)O
1076,Efaproxiral,CC1=CC(=CC(=C1)NC(=O)CC2=CC=C(C=C2)OC(C)(C)C(=O)O)C
1077,Efatutazone,CC1=CC(=CC(=C1N)C)OC2=CC3=C(C=C2)N=C(N3C)COC4=CC=C(C=C4)CC5C(=O)NC(=O)S5
1078,Efavirenz,C1CC1C#CC2(C3=C(C=CC(=C3)Cl)NC(=O)O2)C(F)(F)F
1079,Eflornithine,C(CC(C(F)F)(C(=O)O)N)CN
1080,Efonidipine,CC1=C(C(C(=C(N1)C)P2(=O)OCC(CO2)(C)C)C3=CC(=CC=C3)[N+](=O)[O-])C(=O)OCCN(CC4=CC=CC=C4)C5=CC=CC=C5
1081,Efrotomycin,CCC(C(=O)NCC=CC=C(C)C(C(C)C1C(C(C(O1)C=CC=CC=C(C)C(=O)C2=C(C=CN(C2=O)C)O)O)O)OC)C3(C(C(C(C(O3)C=CC=CC)(C)C)OC4C(C(C(C(O4)C)OC5C(C(C(C(O5)C)OC)O)OC)OC)O)O)O
1082,Elacestrant,CCNCCC1=CC=C(C=C1)CN(CC)C2=C(C=CC(=C2)OC)C3CCC4=C(C3)C=CC(=C4)O
1083,Elacridar,COC1=CC=CC2=C1NC3=C(C2=O)C=CC=C3C(=O)NC4=CC=C(C=C4)CCN5CCC6=CC(=C(C=C6C5)OC)OC
1084,Elafibranor,CC1=CC(=CC(=C1OC(C)(C)C(=O)O)C)C=CC(=O)C2=CC=C(C=C2)SC
1085,Elagolix,CC1=C(C(=O)N(C(=O)N1CC2=C(C=CC=C2F)C(F)(F)F)CC(C3=CC=CC=C3)NCCCC(=O)O)C4=C(C(=CC=C4)OC)F
1086,Elbasvir,CC(C)C(C(=O)N1CCCC1C2=NC=C(N2)C3=CC4=C(C=C3)N5C(OC6=C(C5=C4)C=CC(=C6)C7=CN=C(N7)C8CCCN8C(=O)C(C(C)C)NC(=O)OC)C9=CC=CC=C9)NC(=O)OC
1087,Elcatonin,CC(C)CC1C(=O)NC(C(=O)NC(C(=O)NC(CCCCCC(=O)OCC(C(=O)NC(C(=O)N1)CC(=O)N)N)C(=O)NC(C(C)C)C(=O)NC(CC(C)C)C(=O)NCC(=O)NC(CCCCN)C(=O)NC(CC(C)C)C(=O)NC(CO)C(=O)NC(CCC(=O)N)C(=O)NC(CCC(=O)O)C(=O)NC(CC(C)C)C(=O)NC(CC2=CN=CN2)C(=O)NC(CCCCN)C(=O)NC(CC(C)C)C(=O)NC(CCC(=O)N)C(=O)NC(C(C)O)C(=O)NC(CC3=CC=C(C=C3)O)C(=O)N4CCCC4C(=O)NC(CCCNC(=N)N)C(=O)NC(C(C)O)C(=O)NC(CC(=O)O)C(=O)NC(C(C)C)C(=O)NCC(=O)NC(C)C(=O)NCC(=O)NC(C(C)O)C(=O)N5CCCC5C(=O)N)C(C)O)CO
1088,Eldecalcitol,CC(CCCC(C)(C)O)C1CCC2C1(CCCC2=CC=C3CC(C(C(C3=C)O)OCCCO)O)C
1089,Eletriptan,CN1CCCC1CC2=CNC3=C2C=C(C=C3)CCS(=O)(=O)C4=CC=CC=C4
1090,Elexacaftor,CC1CC(N(C1)C2=C(C=CC(=N2)N3C=CC(=N3)OCC(C)(C)C(F)(F)F)C(=O)NS(=O)(=O)C4=CN(N=C4C)C)(C)C
1091,Eliglustat,CCCCCCCC(=O)NC(CN1CCCC1)C(C2=CC3=C(C=C2)OCCO3)O
1092,Ellagic acid,C1=C2C3=C(C(=C1O)O)OC(=O)C4=CC(=C(C(=C43)OC2=O)O)O
1093,Elocalcitol,CCC(CC)(C=CCC(C)C1=CCC2C1(CCCC2=CC=C3CC(CC(C3=C)F)O)C)O
1094,Elsamitrucin,CC1C(C(C(C(O1)OC2C(OC(C(C2(C)O)O)C)OC3=CC=CC4=C3C5=C6C7=C(C=CC(=C7C(=O)O5)C)OC(=O)C6=C4O)N)OC)O
1095,Eltoprazine,C1CN(CCN1)C2=C3C(=CC=C2)OCCO3
1096,Eltrombopag,CC1=C(C=C(C=C1)N2C(=O)C(=C(N2)C)N=NC3=CC=CC(=C3O)C4=CC(=CC=C4)C(=O)O)C
1097,Eluxadoline,CC1=CC(=CC(=C1CC(C(=O)N(CC2=CC(=C(C=C2)OC)C(=O)O)C(C)C3=NC=C(N3)C4=CC=CC=C4)N)C)C(=O)N
1098,Elvitegravir,CC(C)C(CO)N1C=C(C(=O)C2=C1C=C(C(=C2)CC3=C(C(=CC=C3)Cl)F)OC)C(=O)O
1099,Emedastine,CCOCCN1C2=CC=CC=C2N=C1N3CCCN(CC3)C
1100,Emepronium,CC[N+](C)(C)C(C)CC(C1=CC=CC=C1)C2=CC=CC=C2
1101,Emetine,CCC1CN2CCC3=CC(=C(C=C3C2CC1CC4C5=CC(=C(C=C5CCN4)OC)OC)OC)OC
1102,Emetonium iodide,CC[N+](C)(CC)CCOC(C1=CC=CC=C1)C2=CC=CC=C2.[I-]
1103,Emodin,CC1=CC2=C(C(=C1)O)C(=O)C3=C(C2=O)C=C(C=C3O)O
1104,Emopamil,CC(C)C(CCC[NH+](C)CCC1=CC=CC=C1)(C#N)C2=CC=CC=C2
1105,Empagliflozin,C1COCC1OC2=CC=C(C=C2)CC3=C(C=CC(=C3)C4C(C(C(C(O4)CO)O)O)O)Cl
1106,Emtricitabine,C1C(OC(S1)CO)N2C=C(C(=NC2=O)N)F
1107,Emylcamate,CCC(C)(CC)OC(=O)N
1108,Enalapril,CCOC(=O)C(CCC1=CC=CC=C1)NC(C)C(=O)N2CCCC2C(=O)O
1109,Enalaprilat,CC(C(=O)N1CCCC1C(=O)O)NC(CCC2=CC=CC=C2)C(=O)O
1110,Enasidenib,CC(C)(CNC1=NC(=NC(=N1)C2=NC(=CC=C2)C(F)(F)F)NC3=CC(=NC=C3)C(F)(F)F)O
1111,Encainide,CN1CCCCC1CCC2=CC=CC=C2NC(=O)C3=CC=C(C=C3)OC
1112,Encorafenib,CC(C)N1C=C(C(=N1)C2=C(C(=CC(=C2)Cl)NS(=O)(=O)C)F)C3=NC(=NC=C3)NCC(C)NC(=O)OC
1113,Endralazine,C1CN(CC2=CC(=NN=C21)NN)C(=O)C3=CC=CC=C3
1114,Enflurane,C(C(OC(F)F)(F)F)(F)Cl
1115,Englitazone,C1CC2=C(C=CC(=C2)CC3C(=O)NC(=O)S3)OC1CC4=CC=CC=C4
1116,Enibomal,CC(C)C1(C(=O)NC(=O)N(C1=O)C)CC(=C)Br
1117,Enmetazobactam,CC1(C(N2C(S1(=O)=O)CC2=O)C(=O)[O-])CN3C=C[N+](=N3)C
1118,Enoxacin,CCN1C=C(C(=O)C2=CC(=C(N=C21)N3CCNCC3)F)C(=O)O
1119,Enoximone,CC1=C(NC(=O)N1)C(=O)C2=CC=C(C=C2)SC
1120,Enprostil,COC(=O)CCC=C=CCC1C(C(CC1=O)O)C=CC(COC2=CC=CC=C2)O
1121,Enrofloxacin,CCN1CCN(CC1)C2=C(C=C3C(=C2)N(C=C(C3=O)C(=O)O)C4CC4)F
1122,Ensartinib,CC1CN(CC(N1)C)C(=O)C2=CC=C(C=C2)NC(=O)C3=NN=C(C(=C3)OC(C)C4=C(C=CC(=C4Cl)F)Cl)N
1123,Entacapone,CCN(CC)C(=O)C(=CC1=CC(=C(C(=C1)O)O)[N+](=O)[O-])C#N
1124,Entecavir,C=C1C(CC(C1CO)O)N2C=NC3=C2N=C(NC3=O)N
1125,Entinostat,C1=CC=C(C(=C1)N)NC(=O)C2=CC=C(C=C2)CNC(=O)OCC3=CN=CC=C3
1126,Entrectinib,CN1CCN(CC1)C2=CC(=C(C=C2)C(=O)NC3=NNC4=C3C=C(C=C4)CC5=CC(=CC(=C5)F)F)NC6CCOCC6
1127,Enviomycin,C1CNC(=NC1C2C(=O)NCC(C(=O)NC(C(=O)NC(C(=O)NC(=CNC(=O)N)C(=O)N2)CO)CO)NC(=O)CC(C(CCN)O)N)N
1128,Enzalutamide,CC1(C(=O)N(C(=S)N1C2=CC(=C(C=C2)C(=O)NC)F)C3=CC(=C(C=C3)C#N)C(F)(F)F)C
1129,Epanolol,C1=CC=C(C(=C1)C#N)OCC(CNCCNC(=O)CC2=CC=C(C=C2)O)O
1130,Eperisone,CCC1=CC=C(C=C1)C(=O)C(C)CN2CCCCC2
1131,Ephedrine,CC(C(C1=CC=CC=C1)O)NC
1132,Epibatidine,C1CC2C(CC1N2)C3=CN=C(C=C3)Cl
1133,Epicillin,CC1(C(N2C(S1)C(C2=O)NC(=O)C(C3=CCC=CC3)N)C(=O)O)C
1134,Epicriptine,CCC(C)C1C(=O)N2CCCC2C3(N1C(=O)C(O3)(C(C)C)NC(=O)C4CC5C(CC6=CNC7=CC=CC5=C67)N(C4)C)O
1135,Epimestrol,CC12CCC3C(C1CC(C2O)O)CCC4=C3C=CC(=C4)OC
1136,Epinastine,C1C2C3=CC=CC=C3CC4=CC=CC=C4N2C(=N1)N
1137,Epinephrine,CNCC(C1=CC(=C(C=C1)O)O)O
1138,Epirizole,CC1=CC(=NC(=N1)N2C(=CC(=N2)C)OC)OC
1139,Epitizide,C1=C2C(=CC(=C1Cl)S(=O)(=O)N)S(=O)(=O)NC(N2)CSCC(F)(F)F
1140,Eplerenone,CC12CCC(=O)C=C1CC(C3C24C(O4)CC5(C3CCC56CCC(=O)O6)C)C(=O)OC
1141,Eplivanserin,CN(C)CCON=C(C=CC1=CC=C(C=C1)O)C2=CC=CC=C2F
1142,Epofolate,CC1CCCC2C(N2CCOC(=O)OCCSSCC(C(=O)O)NC(=O)C(CC(=O)O)NC(=O)C(CCCN=C(N)N)NC(=O)C(CC(=O)O)NC(=O)CCC(C(=O)O)NC(=O)C3=CC=C(C=C3)NCC4=CN=C5C(=N4)C(=O)NC(=N5)N)CC(OC(=O)CC(C(C(=O)C(C1O)C)(C)C)O)C(=CC6=CSC(=N6)C)C
1143,Epoprostenol,CCCCCC(C=CC1C(CC2C1CC(=CCCCC(=O)O)O2)O)O
1144,Epothilone D,CC1CCCC(=CCC(OC(=O)CC(C(C(=O)C(C1O)C)(C)C)O)C(=CC2=CSC(=N2)C)C)C
1145,Eprinomectin,CC1C=CC=C2COC3C2(C(C=C(C3O)C)C(=O)OC4CC(CC=C(C1OC5CC(C(C(O5)C)OC6CC(C(C(O6)C)NC(=O)C)OC)OC)C)OC7(C4)C=CC(C(O7)C(C)C)C)O
1146,Eprosartan,CCCCC1=NC=C(N1CC2=CC=C(C=C2)C(=O)O)C=C(CC3=CC=CS3)C(=O)O
1147,Equilenin,CC12CCC3=C(C1CCC2=O)C=CC4=C3C=CC(=C4)O
1148,Equilin,CC12CCC3C(=CCC4=C3C=CC(=C4)O)C1CCC2=O
1149,Equol,C1C(COC2=C1C=CC(=C2)O)C3=CC=C(C=C3)O
1150,Eravacycline,CN(C)C1C2CC3CC4=C(C=C(C(=C4C(=C3C(=O)C2(C(=C(C1=O)C(=O)N)O)O)O)O)NC(=O)CN5CCCC5)F
1151,Erdafitinib,CC(C)NCCN(C1=CC2=NC(=CN=C2C=C1)C3=CN(N=C3)C)C4=CC(=CC(=C4)OC)OC
1152,Ergocalciferol,CC(C)C(C)C=CC(C)C1CCC2C1(CCCC2=CC=C3CC(CCC3=C)O)C
1153,Ergometrine,CC(CO)NC(=O)C1CN(C2CC3=CNC4=CC=CC(=C34)C2=C1)C
1154,Ergotamine,CC1(C(=O)N2C(C(=O)N3CCCC3C2(O1)O)CC4=CC=CC=C4)NC(=O)C5CN(C6CC7=CNC8=CC=CC(=C78)C6=C5)C
1155,Eribulin,CC1CC2CCC3C(=C)CC(O3)CCC45CC6C(O4)C7C(O6)C(O5)C8C(O7)CCC(O8)CC(=O)CC9C(CC(C1=C)O2)OC(C9OC)CC(CN)O
1156,Erlotinib,COCCOC1=C(C=C2C(=C1)C(=NC=N2)NC3=CC=CC(=C3)C#C)OCCOC
1157,Ertapenem,CC1C2C(C(=O)N2C(=C1SC3CC(NC3)C(=O)NC4=CC=CC(=C4)C(=O)O)C(=O)O)C(C)O
1158,Ertugliflozin,CCOC1=CC=C(C=C1)CC2=C(C=CC(=C2)C34C(C(C(C(O3)(CO4)CO)O)O)O)Cl
1159,Erythrityl tetranitrate,C(C(C(CO[N+](=O)[O-])O[N+](=O)[O-])O[N+](=O)[O-])O[N+](=O)[O-]
1160,Erythromycin,CCC1C(C(C(C(=O)C(CC(C(C(C(C(C(=O)O1)C)OC2CC(C(C(O2)C)O)(C)OC)C)OC3C(C(CC(O3)C)N(C)C)O)(C)O)C)C)O)(C)O
1161,Esculin,C1=CC(=O)OC2=CC(=C(C=C21)OC3C(C(C(C(O3)CO)O)O)O)O
1162,Esflurbiprofen,CC(C1=CC(=C(C=C1)C2=CC=CC=C2)F)C(=O)O
1163,Eslicarbazepine,C1C(C2=CC=CC=C2N(C3=CC=CC=C31)C(=O)N)O
1164,Eslicarbazepine acetate,CC(=O)OC1CC2=CC=CC=C2N(C3=CC=CC=C13)C(=O)N
1165,Esmirtazapine,CN1CCN2C(C1)C3=CC=CC=C3CC4=C2N=CC=C4
1166,Esmolol,CC(C)NCC(COC1=CC=C(C=C1)CCC(=O)OC)O
1167,Esomeprazole,CC1=CN=C(C(=C1OC)C)CS(=O)C2=NC3=C(N2)C=C(C=C3)OC
1168,Esreboxetine,CCOC1=CC=CC=C1OC(C2CNCCO2)C3=CC=CC=C3
1169,Estazolam,C1C2=NN=CN2C3=C(C=C(C=C3)Cl)C(=N1)C4=CC=CC=C4
1170,Estetrol,CC12CCC3C(C1C(C(C2O)O)O)CCC4=C3C=CC(=C4)O
1171,Estradiol,CC12CCC3C(C1CCC2O)CCC4=C3C=CC(=C4)O
1172,Estradiol acetate,CC(=O)OC1=CC2=C(C=C1)C3CCC4(C(C3CC2)CCC4O)C
1173,Estradiol benzoate,CC12CCC3C(C1CCC2O)CCC4=C3C=CC(=C4)OC(=O)C5=CC=CC=C5
1174,Estradiol cypionate,CC12CCC3C(C1CCC2OC(=O)CCC4CCCC4)CCC5=C3C=CC(=C5)O
1175,Estradiol dienanthate,CCCCCCC(=O)OC1CCC2C1(CCC3C2CCC4=C3C=CC(=C4)OC(=O)CCCCCC)C
1176,Estradiol valerate,CCCCC(=O)OC1CCC2C1(CCC3C2CCC4=C3C=CC(=C4)O)C
1177,Estramustine,CC12CCC3C(C1CCC2O)CCC4=C3C=CC(=C4)OC(=O)N(CCCl)CCCl
1178,Estramustine phosphate,CC12CCC3C(C1CCC2OP(=O)(O)O)CCC4=C3C=CC(=C4)OC(=O)N(CCCl)CCCl
1179,Estrone,CC12CCC3C(C1CCC2=O)CCC4=C3C=CC(=C4)O
1180,Estrone sulfate,CC12CCC3C(C1CCC2=O)CCC4=C3C=CC(=C4)OS(=O)(=O)O
1181,Eszopiclone,CN1CCN(CC1)C(=O)OC2C3=NC=CN=C3C(=O)N2C4=NC=C(C=C4)Cl
1182,Etacrynic acid,CCC(=C)C(=O)C1=C(C(=C(C=C1)OCC(=O)O)Cl)Cl
1183,Etafedrine,CCN(C)C(C)C(C1=CC=CC=C1)O
1184,Etamiphylline,CCN(CC)CCN1C=NC2=C1C(=O)N(C(=O)N2C)C
1185,Etanidazole,C1=CN(C(=N1)[N+](=O)[O-])CC(=O)NCCO
1186,Ethacizine,CCN(CC)CCC(=O)N1C2=CC=CC=C2SC3=C1C=C(C=C3)NC(=O)OCC
1187,Ethadione,CCN1C(=O)C(OC1=O)(C)C
1188,Ethambutol,CCC(CO)NCCNC(CC)CO
1189,Ethanol,CCO
1190,Ethchlorvynol,CCC(C=CCl)(C#C)O
1191,Ethenzamide,CCOC1=CC=CC=C1C(=O)N
1192,Ethinylestradiol,CC12CCC3C(C1CCC2(C#C)O)CCC4=C3C=CC(=C4)O
1193,Ethionamide,CCC1=NC=CC(=C1)C(=S)N
1194,Ethosuximide,CCC1(CC(=O)NC1=O)C
1195,Ethotoin,CCN1C(=O)C(NC1=O)C2=CC=CC=C2
1196,Ethoxzolamide,CCOC1=CC2=C(C=C1)N=C(S2)S(=O)(=O)N
1197,Ethyl biscoumacetate,CCOC(=O)C(C1=C(C2=CC=CC=C2OC1=O)O)C3=C(C4=CC=CC=C4OC3=O)O
1198,Ethyl chloride,CCCl
1199,Ethyl loflazepate,CCOC(=O)C1C(=O)NC2=C(C=C(C=C2)Cl)C(=N1)C3=CC=CC=C3F
1200,Ethylmorphine,CCOC1=C2C3=C(CC4C5C3(CCN4C)C(O2)C(C=C5)O)C=C1
1201,Ethynodiol diacetate,CC(=O)OC1CCC2C3CCC4(C(C3CCC2=C1)CCC4(C#C)OC(=O)C)C
1202,Eticlopride,CCC1=CC(=C(C(=C1O)C(=O)NCC2CCCN2CC)OC)Cl
1203,Etidocaine,CCCN(CC)C(CC)C(=O)NC1=C(C=CC=C1C)C
1204,Etidronic acid,CC(O)(P(=O)(O)O)P(=O)(O)O
1205,Etifoxine,CCN=C1NC2=C(C=C(C=C2)Cl)C(O1)(C)C3=CC=CC=C3
1206,Etilefrine,CCNCC(C1=CC(=CC=C1)O)O
1207,Etilevodopa,CCOC(=O)C(CC1=CC(=C(C=C1)O)O)N
1208,Etiracetam,CCC(C(=O)N)N1CCCC1=O
1209,Etizolam,CCC1=CC2=C(S1)N3C(=NN=C3CN=C2C4=CC=CC=C4Cl)C
1210,Etofenamate,C1=CC=C(C(=C1)C(=O)OCCOCCO)NC2=CC=CC(=C2)C(F)(F)F
1211,Etofibrate,CC(C)(C(=O)OCCOC(=O)C1=CN=CC=C1)OC2=CC=C(C=C2)Cl
1212,Etoglucid,C1C(O1)COCCOCCOCCOCC2CO2
1213,Etomidate,CCOC(=O)C1=CN=CN1C(C)C2=CC=CC=C2
1214,Etonogestrel,CCC12CC(=C)C3C(C1CCC2(C#C)O)CCC4=CC(=O)CCC34
1215,Etoperidone,CCC1=NN(C(=O)N1CC)CCCN2CCN(CC2)C3=CC(=CC=C3)Cl
1216,Etoposide,CC1OCC2C(O1)C(C(C(O2)OC3C4COC(=O)C4C(C5=CC6=C(C=C35)OCO6)C7=CC(=C(C(=C7)OC)O)OC)O)O
1217,Etoricoxib,CC1=NC=C(C=C1)C2=C(C=C(C=N2)Cl)C3=CC=C(C=C3)S(=O)(=O)C
1218,Etorphine,CCCC(C)(C1CC23C=CC1(C4C25CCN(C3CC6=C5C(=C(C=C6)O)O4)C)OC)O
1219,Etrasimod,C1CCC(C1)C2=C(C=C(C=C2)COC3=CC4=C(C=C3)NC5=C4CCC5CC(=O)O)C(F)(F)F
1220,Etravirine,CC1=CC(=CC(=C1OC2=NC(=NC(=C2Br)N)NC3=CC=C(C=C3)C#N)C)C#N
1221,Etretinate,CCOC(=O)C=C(C)C=CC=C(C)C=CC1=C(C(=C(C=C1C)OC)C)C
1222,Etybenzatropine,CCN1C2CCC1CC(C2)OC(C3=CC=CC=C3)C4=CC=CC=C4
1223,Etynodiol,CC12CCC3C(C1CCC2(C#C)O)CCC4=CC(CCC34)O
1224,Everolimus,CC1CCC2CC(C(=CC=CC=CC(CC(C(=O)C(C(C(=CC(C(=O)CC(OC(=O)C3CCCCN3C(=O)C(=O)C1(O2)O)C(C)CC4CCC(C(C4)OC)OCCO)C)C)O)OC)C)C)C)OC
1225,Evogliptin,CC(C)(C)OCC1C(=O)NCCN1C(=O)CC(CC2=CC(=C(C=C2F)F)F)N
1226,Exatecan,CCC1(C2=C(COC1=O)C(=O)N3CC4=C5C(CCC6=C5C(=CC(=C6C)F)N=C4C3=C2)N)O
1227,Exemestane,CC12CCC3C(C1CCC2=O)CC(=C)C4=CC(=O)C=CC34C
1228,Exisulind,CC1=C(C2=C(C1=CC3=CC=C(C=C3)S(=O)(=O)C)C=CC(=C2)F)CC(=O)O
1229,Ezetimibe,C1=CC(=CC=C1C2C(C(=O)N2C3=CC=C(C=C3)F)CCC(C4=CC=C(C=C4)F)O)O
1230,Ezogabine,CCOC(=O)NC1=C(C=C(C=C1)NCC2=CC=C(C=C2)F)N
1231,Fabomotizole,CCOC1=CC2=C(C=C1)N=C(N2)SCCN3CCOCC3
1232,Fallypride,COC1=CC(=CC(=C1OC)C(=O)NCC2CCCN2CC=C)CCCF
1233,Famotidine,C1=C(N=C(S1)N=C(N)N)CSCCC(=NS(=O)(=O)N)N
1234,Famphur,CN(C)S(=O)(=O)C1=CC=C(C=C1)OP(=S)(OC)OC
1235,Farnesyl diphosphate,CC(=CCCC(=CCCC(=CCOP(=O)(O)OP(=O)(O)O)C)C)C
1236,Farnesyl thiopyrophosphate,CC(=CCCC(=CCCC(=CCSP(=O)(O)OP(=O)(O)O)C)C)C
1237,Fasitibant,CC1=CC(=NC2=C1C=CC=C2OCC3=C(C=CC(=C3Cl)S(=O)(=O)NC4(CCOCC4)C(=O)N5CCN(CC5)C(=O)C(CCC[N+](C)(C)C)N)Cl)C
1238,Fasudil,C1CNCCN(C1)S(=O)(=O)C2=CC=CC3=C2C=CN=C3
1239,Favipiravir,C1=C(N=C(C(=O)N1)C(=O)N)F
1240,Fazadinium bromide,CC1=C(N(C2=CC=CC=[N+]12)N=NN3C4=CC=CC=[N+]4C(=C3C5=CC=CC=C5)C)C6=CC=CC=C6.[Br-].[Br-]
1241,Febarbamate,CCCCOCC(CN1C(=O)C(C(=O)NC1=O)(CC)C2=CC=CC=C2)OC(=O)N
1242,Febuxostat,CC1=C(SC(=N1)C2=CC(=C(C=C2)OCC(C)C)C#N)C(=O)O
1243,Fedratinib,CC1=CN=C(N=C1NC2=CC(=CC=C2)S(=O)(=O)NC(C)(C)C)NC3=CC=C(C=C3)OCCN4CCCC4
1244,Felbamate,C1=CC=C(C=C1)C(COC(=O)N)COC(=O)N
1245,Felbinac,C1=CC=C(C=C1)C2=CC=C(C=C2)CC(=O)O
1246,Felcisetrag,CC(C)C1=NC2=C(C=CC=C2N1)C(=O)NCC3CCN(CC3)CC4CCN(CC4)C(=O)OC
1247,Felodipine,CCOC(=O)C1=C(NC(=C(C1C2=C(C(=CC=C2)Cl)Cl)C(=O)OC)C)C
1248,Fenbufen,C1=CC=C(C=C1)C2=CC=C(C=C2)C(=O)CCC(=O)O
1249,Fencamfamin,CCNC1C2CCC(C2)C1C3=CC=CC=C3
1250,Fendiline,CC(C1=CC=CC=C1)NCCC(C2=CC=CC=C2)C3=CC=CC=C3
1251,Fenethylline,CC(CC1=CC=CC=C1)NCCN2C=NC3=C2C(=O)N(C(=O)N3C)C
1252,Fenofibrate,CC(C)OC(=O)C(C)(C)OC1=CC=C(C=C1)C(=O)C2=CC=C(C=C2)Cl
1253,Fenofibric acid,CC(C)(C(=O)O)OC1=CC=C(C=C1)C(=O)C2=CC=C(C=C2)Cl
1254,Fenoldopam,C1CNCC(C2=CC(=C(C(=C21)Cl)O)O)C3=CC=C(C=C3)O
1255,Fenoprofen,CC(C1=CC(=CC=C1)OC2=CC=CC=C2)C(=O)O
1256,Fenoterol,CC(CC1=CC=C(C=C1)O)NCC(C2=CC(=CC(=C2)O)O)O
1257,Fenozolone,CCN=C1NC(=O)C(O1)C2=CC=CC=C2
1258,Fenpiverinium,C[N+]1(CCCCC1)CCC(C2=CC=CC=C2)(C3=CC=CC=C3)C(=O)N
1259,Fenproporex,CC(CC1=CC=CC=C1)NCCC#N
1260,Fenprostalene,COC(=O)CCC=C=CCC1C(CC(C1C=CC(COC2=CC=CC=C2)O)O)O
1261,Fenquizone,C1=CC=C(C=C1)C2NC3=CC(=C(C=C3C(=O)N2)S(=O)(=O)N)Cl
1262,Fenretinide,CC1=C(C(CCC1)(C)C)C=CC(=CC=CC(=CC(=O)NC2=CC=C(C=C2)O)C)C
1263,Fentanyl,CCC(=O)N(C1CCN(CC1)CCC2=CC=CC=C2)C3=CC=CC=C3
1264,Fenthion,CC1=C(C=CC(=C1)OP(=S)(OC)OC)SC
1265,Fentiazac,C1=CC=C(C=C1)C2=NC(=C(S2)CC(=O)O)C3=CC=C(C=C3)Cl
1266,Fenyramidol,C1=CC=C(C=C1)C(CNC2=CC=CC=N2)O
1267,Feprazone,CC(=CCC1C(=O)N(N(C1=O)C2=CC=CC=C2)C3=CC=CC=C3)C
1268,Ferric cation,[Fe+3]
1269,Ferric maltol,CC1=C(C(=O)C=CO1)[O-].CC1=C(C(=O)C=CO1)[O-].CC1=C(C(=O)C=CO1)[O-].[Fe+3]
1270,Ferric oxide,O=[Fe]O[Fe]=O
1271,Ferric pyrophosphate,[O-]P(=O)([O-])OP(=O)([O-])[O-].[O-]P(=O)([O-])OP(=O)([O-])[O-].[O-]P(=O)([O-])OP(=O)([O-])[O-].[Fe+3].[Fe+3].[Fe+3].[Fe+3]
1272,Ferrous cation,[Fe+2]
1273,Ferrous fumarate,C(=CC(=O)[O-])C(=O)[O-].[Fe+2]
1274,Ferrous succinate,C(CC(=O)[O-])C(=O)[O-].[Fe+2]
1275,Ferulic acid,COC1=C(C=CC(=C1)C=CC(=O)O)O
1276,Fesoterodine,CC(C)C(=O)OC1=C(C=C(C=C1)CO)C(CCN(C(C)C)C(C)C)C2=CC=CC=C2
1277,Fexinidazole,CN1C(=CN=C1COC2=CC=C(C=C2)SC)[N+](=O)[O-]
1278,Fexofenadine,CC(C)(C1=CC=C(C=C1)C(CCCN2CCC(CC2)C(C3=CC=CC=C3)(C4=CC=CC=C4)O)O)C(=O)O
1279,Fezolinetant,CC1C2=NN=C(N2CCN1C(=O)C3=CC=C(C=C3)F)C4=NC(=NS4)C
1280,Fiacitabine,C1=C(C(=NC(=O)N1C2C(C(C(O2)CO)O)F)N)I
1281,Fidaxomicin,CCC1C=C(C(CC=CC=C(C(=O)OC(CC=C(C=C(C1OC2C(C(C(C(O2)(C)C)OC(=O)C(C)C)O)O)C)C)C(C)O)COC3C(C(C(C(O3)C)OC(=O)C4=C(C(=C(C(=C4O)Cl)O)Cl)CC)O)OC)O)C
1282,Filanesib,CN(C(=O)N1C(SC(=N1)C2=C(C=CC(=C2)F)F)(CCCN)C3=CC=CC=C3)OC
1283,Filgotinib,C1CC1C(=O)NC2=NN3C(=N2)C=CC=C3C4=CC=C(C=C4)CN5CCS(=O)(=O)CC5
1284,Fimasartan,CCCCC1=NC(=C(C(=O)N1CC2=CC=C(C=C2)C3=CC=CC=C3C4=NNN=N4)CC(=S)N(C)C)C
1285,Fimepinostat,CN(CC1=CC2=C(S1)C(=NC(=N2)C3=CN=C(C=C3)OC)N4CCOCC4)C5=NC=C(C=N5)C(=O)NO
1286,Finafloxacin,C1CC1N2C=C(C(=O)C3=CC(=C(C(=C32)C#N)N4CC5C(C4)OCCN5)F)C(=O)O
1287,Finasteride,CC12CCC3C(C1CCC2C(=O)NC(C)(C)C)CCC4C3(C=CC(=O)N4)C
1288,Finerenone,CCOC1=NC=C(C2=C1C(C(=C(N2)C)C(=O)N)C3=C(C=C(C=C3)C#N)OC)C
1289,Fingolimod,CCCCCCCCC1=CC=C(C=C1)CCC(CO)(CO)N
1290,Firocoxib,CC1(C(=C(C(=O)O1)OCC2CC2)C3=CC=C(C=C3)S(=O)(=O)C)C
1291,Flavoxate,CC1=C(OC2=C(C1=O)C=CC=C2C(=O)OCCN3CCCCC3)C4=CC=CC=C4
1292,Flecainide,C1CCNC(C1)CNC(=O)C2=C(C=CC(=C2)OCC(F)(F)F)OCC(F)(F)F
1293,Fleroxacin,CN1CCN(CC1)C2=C(C=C3C(=C2F)N(C=C(C3=O)C(=O)O)CCF)F
1294,Flibanserin,C1CN(CCN1CCN2C3=CC=CC=C3NC2=O)C4=CC=CC(=C4)C(F)(F)F
1295,Floctafenine,C1=CC=C(C(=C1)C(=O)OCC(CO)O)NC2=C3C=CC=C(C3=NC=C2)C(F)(F)F
1296,Flomoxef,COC1(C2N(C1=O)C(=C(CO2)CSC3=NN=NN3CCO)C(=O)O)NC(=O)CSC(F)F
1297,Florbetaben F-18,CNC1=CC=C(C=C1)C=CC2=CC=C(C=C2)OCCOCCOCCF
1298,Florbetapir F-18,CNC1=CC=C(C=C1)C=CC2=CN=C(C=C2)OCCOCCOCCF
1299,Florfenicol,CS(=O)(=O)C1=CC=C(C=C1)C(C(CF)NC(=O)C(Cl)Cl)O
1300,Floxuridine,C1C(C(OC1N2C=C(C(=O)NC2=O)F)CO)O
1301,Fluanisone,COC1=CC=CC=C1N2CCN(CC2)CCCC(=O)C3=CC=C(C=C3)F
1302,Fluasterone,CC12CCCCC1=CCC3C2CCC4(C3CC(C4=O)F)C
1303,Fluclorolone,CC12CC(C3(C(C1CC(C2(C(=O)CO)O)O)CC(C4=CC(=O)C=CC43C)F)Cl)Cl
1304,Flucloxacillin,CC1=C(C(=NO1)C2=C(C=CC=C2Cl)F)C(=O)NC3C4N(C3=O)C(C(S4)(C)C)C(=O)O
1305,Fluconazole,C1=CC(=C(C=C1F)F)C(CN2C=NC=N2)(CN3C=NC=N3)O
1306,Flucytosine,C1=NC(=O)NC(=C1F)N
1307,Fludeoxyglucose,C(C(C(C(C(C=O)F)O)O)O)O
1308,Fludiazepam,CN1C(=O)CN=C(C2=C1C=CC(=C2)Cl)C3=CC=CC=C3F
1309,Fludrocortisone,CC12CCC(=O)C=C1CCC3C2(C(CC4(C3CCC4(C(=O)CO)O)C)O)F
1310,Fluindione,C1=CC=C2C(=C1)C(=O)C(C2=O)C3=CC=C(C=C3)F
1311,Flumatinib,CC1=C(C=C(C=N1)NC(=O)C2=CC(=C(C=C2)CN3CCN(CC3)C)C(F)(F)F)NC4=NC=CC(=N4)C5=CN=CC=C5
1312,Flumazenil,CCOC(=O)C1=C2CN(C(=O)C3=C(N2C=N1)C=CC(=C3)F)C
1313,Flumequine,CC1CCC2=C3N1C=C(C(=O)C3=CC(=C2)F)C(=O)O
1314,Flunarizine,C1CN(CCN1CC=CC2=CC=CC=C2)C(C3=CC=C(C=C3)F)C4=CC=C(C=C4)F
1315,Flunisolide,CC1(OC2CC3C4CC(C5=CC(=O)C=CC5(C4C(CC3(C2(O1)C(=O)CO)C)O)C)F)C
1316,Flunitrazepam,CN1C(=O)CN=C(C2=C1C=CC(=C2)[N+](=O)[O-])C3=CC=CC=C3F
1317,Flunixin,CC1=C(C=CC=C1NC2=C(C=CC=N2)C(=O)O)C(F)(F)F
1318,Flunoxaprofen,CC(C1=CC2=C(C=C1)OC(=N2)C3=CC=C(C=C3)F)C(=O)O
1319,Fluocinolone acetonide,CC1(OC2CC3C4CC(C5=CC(=O)C=CC5(C4(C(CC3(C2(O1)C(=O)CO)C)O)F)C)F)C
1320,Fluocinonide,CC(=O)OCC(=O)C12C(CC3C1(CC(C4(C3CC(C5=CC(=O)C=CC54C)F)F)O)C)OC(O2)(C)C
1321,Fluocortin,CC1CC2C3CC(C4=CC(=O)C=CC4(C3C(CC2(C1C(=O)C(=O)O)C)O)C)F
1322,Fluocortolone,CC1CC2C3CC(C4=CC(=O)C=CC4(C3C(CC2(C1C(=O)CO)C)O)C)F
1323,Fluocortolone caproate,CCCCCC(=O)OCC(=O)C1C(CC2C1(CC(C3C2CC(C4=CC(=O)C=CC34C)F)O)C)C
1324,Fluocortolone pivalate,CC1CC2C3CC(C4=CC(=O)C=CC4(C3C(CC2(C1C(=O)COC(=O)C(C)(C)C)C)O)C)F
1325,Fluorescein,C1=CC=C2C(=C1)C(=O)OC23C4=C(C=C(C=C4)O)OC5=C3C=CC(=C5)O
1326,Fluoroestradiol F-18,CC12CCC3C(C1CC(C2O)F)CCC4=C3C=CC(=C4)O
1327,Fluorometholone,CC1CC2C3CCC(C3(CC(C2(C4(C1=CC(=O)C=C4)C)F)O)C)(C(=O)C)O
1328,Fluorouracil,C1=C(C(=O)NC(=O)N1)F
1329,Fluoxymesterone,CC12CCC(=O)C=C1CCC3C2(C(CC4(C3CCC4(C)O)C)O)F
1330,Flupentixol,C1CN(CCN1CCC=C2C3=CC=CC=C3SC4=C2C=C(C=C4)C(F)(F)F)CCO
1331,Fluperolone,CC(C(=O)C1(CCC2C1(CC(C3(C2CCC4=CC(=O)C=CC43C)F)O)C)O)O
1332,Fluphenazine,C1CN(CCN1CCCN2C3=CC=CC=C3SC4=C2C=C(C=C4)C(F)(F)F)CCO
1333,Flupirtine,CCOC(=O)NC1=C(N=C(C=C1)NCC2=CC=C(C=C2)F)N
1334,Fluprednidene,CC12CC(C3(C(C1CC(=C)C2(C(=O)CO)O)CCC4=CC(=O)C=CC43C)F)O
1335,Fluprednidene acetate,CC(=O)OCC(=O)C1(C(=C)CC2C1(CC(C3(C2CCC4=CC(=O)C=CC43C)F)O)C)O
1336,Fluprednisolone,CC12CC(C3C(C1CCC2(C(=O)CO)O)CC(C4=CC(=O)C=CC34C)F)O
1337,Fluprostenol,C1C(C(C(C1O)C=CC(COC2=CC=CC(=C2)C(F)(F)F)O)CC=CCCCC(=O)O)O
1338,Flurandrenolide,CC1(OC2CC3C4CC(C5=CC(=O)CCC5(C4C(CC3(C2(O1)C(=O)CO)C)O)C)F)C
1339,Flurazepam,CCN(CC)CCN1C(=O)CN=C(C2=C1C=CC(=C2)Cl)C3=CC=CC=C3F
1340,Flurbiprofen axetil,CC(C1=CC(=C(C=C1)C2=CC=CC=C2)F)C(=O)OC(C)OC(=O)C
1341,Flurithromycin,CCC1C(C(C(C(=O)C(CC(C(C(C(C(C(=O)O1)C)OC2CC(C(C(O2)C)O)(C)OC)C)OC3C(C(CC(O3)C)N(C)C)O)(C)O)(C)F)C)O)(C)O
1342,Fluspirilene,C1CN(CCC12C(=O)NCN2C3=CC=CC=C3)CCCC(C4=CC=C(C=C4)F)C5=CC=C(C=C5)F
1343,Flutamide,CC(C)C(=O)NC1=CC(=C(C=C1)[N+](=O)[O-])C(F)(F)F
1344,Fluticasone,CC1CC2C3CC(C4=CC(=O)C=CC4(C3(C(CC2(C1(C(=O)SCF)O)C)O)F)C)F
1345,Fluticasone furoate,CC1CC2C3CC(C4=CC(=O)C=CC4(C3(C(CC2(C1(C(=O)SCF)OC(=O)C5=CC=CO5)C)O)F)C)F
1346,Fluticasone propionate,CCC(=O)OC1(C(CC2C1(CC(C3(C2CC(C4=CC(=O)C=CC43C)F)F)O)C)C)C(=O)SCF
1347,Fluvastatin,CC(C)N1C2=CC=CC=C2C(=C1C=CC(CC(CC(=O)O)O)O)C3=CC=C(C=C3)F
1348,Fluvoxamine,COCCCCC(=NOCCN)C1=CC=C(C=C1)C(F)(F)F
1349,Folic acid,C1=CC(=CC=C1C(=O)NC(CCC(=O)O)C(=O)O)NCC2=CN=C3C(=N2)C(=O)NC(=N3)N
1350,Fomepizole,CC1=CNN=C1
1351,Fondaparinux,COC1C(C(C(C(O1)COS(=O)(=O)O)OC2C(C(C(C(O2)C(=O)O)OC3C(C(C(C(O3)COS(=O)(=O)O)OC4C(C(C(C(O4)C(=O)O)OC5C(C(C(C(O5)COS(=O)(=O)O)O)O)NS(=O)(=O)O)O)O)OS(=O)(=O)O)NS(=O)(=O)O)O)OS(=O)(=O)O)O)NS(=O)(=O)O
1352,Forasartan,CCCCC1=NN(C(=N1)CCCC)CC2=CN=C(C=C2)C3=CC=CC=C3C4=NNN=N4
1353,Foretinib,COC1=CC2=C(C=CN=C2C=C1OCCCN3CCOCC3)OC4=C(C=C(C=C4)NC(=O)C5(CC5)C(=O)NC6=CC=C(C=C6)F)F
1354,Formebolone,CC1(CCC2C1(CC(C3C2CCC4=CC(=O)C(=CC34C)C=O)O)C)O
1355,Formestane,CC12CCC(=O)C(=C1CCC3C2CCC4(C3CCC4=O)C)O
1356,Formic acid,C(=O)O
1357,Formocortal,CC(=O)OCC(=O)C12C(CC3C1(CC(C4(C3CC(=C5C4(CCC(=C5)OCCCl)C)C=O)F)O)C)OC(O2)(C)C
1358,Formononetin,COC1=CC=C(C=C1)C2=COC3=C(C2=O)C=CC(=C3)O
1359,Fosamprenavir,CC(C)CN(CC(C(CC1=CC=CC=C1)NC(=O)OC2CCOC2)OP(=O)(O)O)S(=O)(=O)C3=CC=C(C=C3)N
1360,Fosaprepitant,CC(C1=CC(=CC(=C1)C(F)(F)F)C(F)(F)F)OC2C(N(CCO2)CC3=NN(C(=O)N3)P(=O)(O)O)C4=CC=C(C=C4)F
1361,Fosbretabulin,COC1=C(C=C(C=C1)C=CC2=CC(=C(C(=C2)OC)OC)OC)OP(=O)(O)O
1362,Foscarnet,C(=O)(O)P(=O)(O)O
1363,Fosfomycin,CC1C(O1)P(=O)(O)O
1364,Fosgemcitabine palabenamide,CC(C(=O)OCC1=CC=CC=C1)NP(=O)(OCC2C(C(C(O2)N3C=CC(=NC3=O)N)(F)F)O)OC4=CC=CC=C4
1365,Fosinopril,CCC(=O)OC(C(C)C)OP(=O)(CCCCC1=CC=CC=C1)CC(=O)N2CC(CC2C(=O)O)C3CCCCC3
1366,Fosinoprilat,C1CCC(CC1)C2CC(N(C2)C(=O)CP(=O)(CCCCC3=CC=CC=C3)O)C(=O)O
1367,Foslevodopa,C1=CC(=C(C=C1CC(C(=O)O)N)O)OP(=O)(O)O
1368,Fosmidomycin,C(CN(C=O)O)CP(=O)(O)O
1369,Fosnetupitant,CC1=CC=CC=C1C2=CC(=NC=C2N(C)C(=O)C(C)(C)C3=CC(=CC(=C3)C(F)(F)F)C(F)(F)F)N4CC[N+](CC4)(C)COP(=O)(O)[O-]
1370,Fosphenytoin,C1=CC=C(C=C1)C2(C(=O)N(C(=O)N2)COP(=O)(O)O)C3=CC=CC=C3
1371,Fospropofol,CC(C)C1=C(C(=CC=C1)C(C)C)OCOP(=O)(O)O
1372,Fostamatinib,CC1(C(=O)N(C2=C(O1)C=CC(=N2)NC3=NC(=NC=C3F)NC4=CC(=C(C(=C4)OC)OC)OC)COP(=O)(O)O)C
1373,Fostemsavir,CC1=NN(C=N1)C2=NC=C(C3=C2N(C=C3C(=O)C(=O)N4CCN(CC4)C(=O)C5=CC=CC=C5)COP(=O)(O)O)OC
1374,Fotemustine,CCOP(=O)(C(C)NC(=O)N(CCCl)N=O)OCC
1375,Framycetin,C1C(C(C(C(C1N)OC2C(C(C(C(O2)CN)O)O)N)OC3C(C(C(O3)CO)OC4C(C(C(C(O4)CN)O)O)N)O)O)N
1376,Frovatriptan,CNC1CCC2=C(C1)C3=C(N2)C=CC(=C3)C(=O)N
1377,Fruquintinib,CC1=C(C2=C(O1)C=C(C=C2)OC3=NC=NC4=CC(=C(C=C43)OC)OC)C(=O)NC
1378,Fulvestrant,CC12CCC3C(C1CCC2O)C(CC4=C3C=CC(=C4)O)CCCCCCCCCS(=O)CCCC(C(F)(F)F)(F)F
1379,Fumagillin,CC(=CCC1C(O1)(C)C2C(C(CCC23CO3)OC(=O)C=CC=CC=CC=CC(=O)O)OC)C
1380,Furafylline,CC1=NC2=C(N1)C(=O)N(C(=O)N2CC3=CC=CO3)C
1381,Furazolidone,C1COC(=O)N1N=CC2=CC=C(O2)[N+](=O)[O-]
1382,Furosemide,C1=COC(=C1)CNC2=CC(=C(C=C2C(=O)O)S(=O)(=O)N)Cl
1383,Fusafungine,CC(C)C1C(=O)OC(C(=O)N(C(C(=O)OC(C(=O)N(C(C(=O)OC(C(=O)N1C)C(C)C)C(C)C)C)C(C)C)C(C)C)C)C(C)C
1384,Fusidic acid,CC1C2CCC3(C(C2(CCC1O)C)C(CC4C3(CC(C4=C(CCC=C(C)C)C(=O)O)OC(=O)C)C)O)C
1385,Futibatinib,COC1=CC(=CC(=C1)C#CC2=NN(C3=NC=NC(=C23)N)C4CCN(C4)C(=O)C=C)OC
1386,GE-2270A,CC1=C2C(=O)NC(C3=NC(=C(S3)COC)C(=O)NCC(=O)NC(C4=NC(=CS4)C5=NC(=CS5)C6=C(C=CC(=N6)C7=NC(=CS7)C8=NC(CO8)C(=O)N9CCCC9C(=O)N)C3=NC(=CS3)C(=O)NC(C(=N2)S1)CC(=O)NC)C(C1=CC=CC=C1)O)C(C)C
1387,GLPG-0492,CN1C(=O)N(C(=O)C1(CO)C2=CC=CC=C2)C3=CC(=C(C=C3)C#N)C(F)(F)F
1388,GPI-1485,CCC(C)(C)C(=O)C(=O)N1CCCC1C(=O)O
1389,GSK-1004723,C1CCCN(CC1)CCCOC2=CC=C(C=C2)CCCCN3CCCC3CN4C(=O)C5=CC=CC=C5C(=N4)CC6=CC=C(C=C6)Cl
1390,GSK-239512,C1CC(C1)N2CCC3=C(CC2)C=C(C=C3)OC4=NC=C(C=C4)N5CCCC5=O
1391,GSK-256066,CC1=CC(=CC2=C(C(=CN=C12)C(=O)N)NC3=CC(=CC=C3)OC)S(=O)(=O)C4=CC=CC(=C4)C(=O)N(C)C
1392,GSK-2636771,CC1=C(C=CC=C1C(F)(F)F)CN2C(=NC3=C(C=C(C=C32)N4CCOCC4)C(=O)O)C
1393,GTS-21,COC1=CC(=C(C=C1)C=C2CCCN=C2C3=CN=CC=C3)OC
1394,GW842166,C1COCCC1CNC(=O)C2=CN=C(N=C2C(F)(F)F)NC3=C(C=C(C=C3)Cl)Cl
1395,Gabapentin,C1CCC(CC1)(CC(=O)O)CN
1396,Gabapentin enacarbil,CC(C)C(=O)OC(C)OC(=O)NCC1(CCCCC1)CC(=O)O
1397,Gabexate,CCOC(=O)C1=CC=C(C=C1)OC(=O)CCCCCN=C(N)N
1398,Gaboxadol,C1CNCC2=C1C(=O)NO2
1399,Gadobenic acid,[H+].[H+].C1=CC=C(C=C1)COCC(C(=O)[O-])N(CCN(CCN(CC(=O)[O-])CC(=O)[O-])CC(=O)[O-])CC(=O)[O-].[Gd+3]
1400,Gadodiamide,CNC(=O)CN(CCN(CCN(CC(=O)NC)CC(=O)[O-])CC(=O)[O-])CC(=O)[O-].[Gd+3]
1401,Gadofosveset trisodium,C1CC(CCC1OP(=O)([O-])OCC(CN(CCN(CC(=O)[O-])CC(=O)[O-])CC(=O)[O-])N(CC(=O)[O-])CC(=O)[O-])(C2=CC=CC=C2)C3=CC=CC=C3.[Na+].[Na+].[Na+].[Gd+3]
1402,Gadopentetic acid,C(CN(CC(=O)O)CC(=O)[O-])N(CCN(CC(=O)O)CC(=O)[O-])CC(=O)[O-].[Gd+3]
1403,Gadoteric acid,C1CN(CCN(CCN(CCN1CC(=O)O)CC(=O)[O-])CC(=O)[O-])CC(=O)[O-].[Gd+3]
1404,Gadoteridol,CC(CN1CCN(CCN(CCN(CC1)CC(=O)[O-])CC(=O)[O-])CC(=O)[O-])O.[Gd+3]
1405,Gadoxetic acid,[H+].[H+].CCOC1=CC=C(C=C1)CC(CN(CCN(CC(=O)[O-])CC(=O)[O-])CC(=O)[O-])N(CC(=O)[O-])CC(=O)[O-].[Gd+3]
1406,Galantamine,CN1CCC23C=CC(CC2OC4=C(C=CC(=C34)C1)OC)O
1407,Gallamine,CCN(CC)CCOC1=C(C(=CC=C1)OCCN(CC)CC)OCCN(CC)CC
1408,Gallamine triethiodide,CC[N+](CC)(CC)CCOC1=C(C(=CC=C1)OCC[N+](CC)(CC)CC)OCC[N+](CC)(CC)CC.[I-].[I-].[I-]
1409,Gallopamil,CC(C)C(CCCN(C)CCC1=CC(=C(C=C1)OC)OC)(C#N)C2=CC(=C(C(=C2)OC)OC)OC
1410,Gamithromycin,CCCN1CC(C(C(C(OC(=O)C(C(C(C(C(CC1C)(C)O)OC2C(C(CC(O2)C)N(C)C)O)C)OC3CC(C(C(O3)C)O)(C)OC)C)CC)(C)O)O)C
1411,Gamolenic acid,CCCCCC=CCC=CCC=CCCCCC(=O)O
1412,Ganaxolone,CC(=O)C1CCC2C1(CCC3C2CCC4C3(CCC(C4)(C)O)C)C
1413,Ganciclovir,C1=NC2=C(N1COC(CO)CO)N=C(NC2=O)N
1414,Gantacurium,C[N+]1(CCC2=CC(=C(C=C2C1CC3=CC(=C(C(=C3)OC)OC)OC)OC)OC)CCCOC(=O)C(=CC(=O)OCCC[N+]4(CCC5=CC(=C(C=C5C4C6=CC(=C(C(=C6)OC)OC)OC)OC)OC)C)Cl
1415,Garenoxacin,CC1C2=C(CN1)C=C(C=C2)C3=C(C4=C(C=C3)C(=O)C(=CN4C5CC5)C(=O)O)OC(F)F
1416,Gatifloxacin,CC1CN(CCN1)C2=C(C=C3C(=C2OC)N(C=C(C3=O)C(=O)O)C4CC4)F
1417,Gavestinel,C1=CC=C(C=C1)NC(=O)C=CC2=C(NC3=C2C(=CC(=C3)Cl)Cl)C(=O)O
1418,Gedocarnil,CC(C)OC(=O)C1=NC=C2C(=C1COC)C3=C(N2)C=CC=C3OC4=CC=C(C=C4)Cl
1419,Gefapixant,CC(C)C1=CC(=C(C=C1OC2=CN=C(N=C2N)N)S(=O)(=O)N)OC
1420,Gefitinib,COC1=C(C=C2C(=C1)N=CN=C2NC3=CC(=C(C=C3)F)Cl)OCCCN4CCOCC4
1421,Geldanamycin,CC1CC(C(C(C=C(C(C(C=CC=C(C(=O)NC2=CC(=O)C(=C(C1)C2=O)OC)C)OC)OC(=O)N)C)C)O)OC
1422,Gemcitabine,C1=CN(C(=O)N=C1N)C2C(C(C(O2)CO)O)(F)F
1423,Gemfibrozil,CC1=CC(=C(C=C1)C)OCCCC(C)(C)C(=O)O
1424,Gemifloxacin,CON=C1CN(CC1CN)C2=C(C=C3C(=O)C(=CN(C3=N2)C4CC4)C(=O)O)F
1425,Gemigliptin,C1CC(CN(C1=O)CC(CC(=O)N2CCC3=C(C2)N=C(N=C3C(F)(F)F)C(F)(F)F)N)(F)F
1426,Geneticin,CC(C1C(C(C(C(O1)OC2C(CC(C(C2O)OC3C(C(C(CO3)(C)O)NC)O)N)N)N)O)O)O
1427,Genistein,C1=CC(=CC=C1C2=COC3=CC(=CC(=C3C2=O)O)O)O
1428,Gentamicin,CC(C1CCC(C(O1)OC2C(CC(C(C2O)OC3C(C(C(CO3)(C)O)NC)O)N)N)N)NC
1429,Gentamicin C1a,CC1(COC(C(C1NC)O)OC2C(CC(C(C2O)OC3C(CCC(O3)CN)N)N)N)O
1430,Gepefrine,CC(CC1=CC(=CC=C1)O)N
1431,Gepirone,CC1(CC(=O)N(C(=O)C1)CCCCN2CCN(CC2)C3=NC=CC=N3)C
1432,Geranyl Diphosphate,CC(=CCCC(=CCOP(=O)(O)OP(=O)(O)O)C)C
1433,Geranylgeranyl diphosphate,CC(=CCCC(=CCCC(=CCCC(=CCOP(=O)(O)OP(=O)(O)O)C)C)C)C
1434,Gestodene,CCC12CCC3C(C1C=CC2(C#C)O)CCC4=CC(=O)CCC34
1435,Gestonorone,CC(=O)C1(CCC2C1(CCC3C2CCC4=CC(=O)CCC34)C)O
1436,Gestrinone,CCC12C=CC3=C4CCC(=O)C=C4CCC3C1CCC2(C#C)O
1437,Gilteritinib,CCC1=C(N=C(C(=N1)C(=O)N)NC2=CC(=C(C=C2)N3CCC(CC3)N4CCN(CC4)C)OC)NC5CCOCC5
1438,Gimatecan,CCC1(C2=C(COC1=O)C(=O)N3CC4=C(C5=CC=CC=C5N=C4C3=C2)C=NOC(C)(C)C)O
1439,Gimeracil,C1=C(C(=CNC1=O)Cl)O
1440,Ginsenoside Rb1,CC(=CCCC(C)(C1CCC2(C1C(CC3C2(CCC4C3(CCC(C4(C)C)OC5C(C(C(C(O5)CO)O)O)OC6C(C(C(C(O6)CO)O)O)O)C)C)O)C)OC7C(C(C(C(O7)COC8C(C(C(C(O8)CO)O)O)O)O)O)O)C
1441,Gitoformate,CC1C(C(CC(O1)OC2C(OC(CC2OC=O)OC3C(OC(CC3OC=O)OC4CCC5(C(C4)CCC6C5CCC7(C6(CC(C7C8=CC(=O)OC8)OC=O)O)C)C)C)C)OC=O)OC=O
1442,Givinostat,CCN(CC)CC1=CC2=C(C=C1)C=C(C=C2)COC(=O)NC3=CC=C(C=C3)C(=O)NO
1443,Glasdegib,CN1CCC(CC1C2=NC3=CC=CC=C3N2)NC(=O)NC4=CC=C(C=C4)C#N
1444,Glecaprevir,CC1(CC1)S(=O)(=O)NC(=O)C2(CC2C(F)F)NC(=O)C3CC4CN3C(=O)C(NC(=O)OC5CCCC5OCC=CC(C6=NC7=CC=CC=C7N=C6O4)(F)F)C(C)(C)C
1446,Glibornuride,CC1=CC=C(C=C1)S(=O)(=O)NC(=O)NC2C3CCC(C2O)(C3(C)C)C
1447,Gliclazide,CC1=CC=C(C=C1)S(=O)(=O)NC(=O)NN2CC3CCCC3C2
1448,Glimepiride,CCC1=C(CN(C1=O)C(=O)NCCC2=CC=C(C=C2)S(=O)(=O)NC(=O)NC3CCC(CC3)C)C
1449,Glipizide,CC1=CN=C(C=N1)C(=O)NCCC2=CC=C(C=C2)S(=O)(=O)NC(=O)NC3CCCCC3
1450,Gliquidone,CC1(C2=C(C=C(C=C2)OC)C(=O)N(C1=O)CCC3=CC=C(C=C3)S(=O)(=O)NC(=O)NC4CCCCC4)C
1451,Glisoxepide,CC1=CC(=NO1)C(=O)NCCC2=CC=C(C=C2)S(=O)(=O)NC(=O)NN3CCCCCC3
1452,Glutaric Acid,C(CC(=O)O)CC(=O)O
1453,Glutethimide,CCC1(CCC(=O)NC1=O)C2=CC=CC=C2
1454,Glyburide,COC1=C(C=C(C=C1)Cl)C(=O)NCCC2=CC=C(C=C2)S(=O)(=O)NC(=O)NC3CCCCC3
1455,Glycerin,C(C(CO)O)O
1456,Glycerol phenylbutyrate,C1=CC=C(C=C1)CCCC(=O)OCC(COC(=O)CCCC2=CC=CC=C2)OC(=O)CCCC3=CC=CC=C3
1457,Glycochenodeoxycholic Acid,CC(CCC(=O)NCC(=O)O)C1CCC2C1(CCC3C2C(CC4C3(CCC(C4)O)C)O)C
1458,Glycol salicylate,C1=CC=C(C(=C1)C(=O)OCCO)O
1459,Glycopyrronium,C[N+]1(CCC(C1)OC(=O)C(C2CCCC2)(C3=CC=CC=C3)O)C
1460,Glycyrrhizic acid,CC1(C2CCC3(C(C2(CCC1OC4C(C(C(C(O4)C(=O)O)O)O)OC5C(C(C(C(O5)C(=O)O)O)O)O)C)C(=O)C=C6C3(CCC7(C6CC(CC7)(C)C(=O)O)C)C)C)C
1461,Glymidine,COCCOC1=CN=C(N=C1)NS(=O)(=O)C2=CC=CC=C2
1462,Goserelin,CC(C)CC(C(=O)NC(CCCN=C(N)N)C(=O)N1CCCC1C(=O)NNC(=O)N)NC(=O)C(COC(C)(C)C)NC(=O)C(CC2=CC=C(C=C2)O)NC(=O)C(CO)NC(=O)C(CC3=CNC4=CC=CC=C43)NC(=O)C(CC5=CN=CN5)NC(=O)C6CCC(=O)N6
1463,Gosogliptin,C1CN(CC1(F)F)C(=O)C2CC(CN2)N3CCN(CC3)C4=NC=CC=N4
1464,Gramicidin D,CC(C)CC(C(=O)NC(C)C(=O)NC(C(C)C)C(=O)NC(C(C)C)C(=O)NC(C(C)C)C(=O)NC(CC1=CNC2=CC=CC=C21)C(=O)NC(CC(C)C)C(=O)NC(CC3=CNC4=CC=CC=C43)C(=O)NC(CC(C)C)C(=O)NC(CC5=CNC6=CC=CC=C65)C(=O)NC(CC(C)C)C(=O)NC(CC7=CNC8=CC=CC=C87)C(=O)NCCO)NC(=O)CNC(=O)C(C(C)C)NC=O
1465,Granisetron,CN1C2CCCC1CC(C2)NC(=O)C3=NN(C4=CC=CC=C43)C
1466,Grapiprant,CCC1=NC2=C(N1C3=CC=C(C=C3)CCNC(=O)NS(=O)(=O)C4=CC=C(C=C4)C)C=C(N=C2C)C
1467,Grazoprevir,CC(C)(C)C1C(=O)N2CC(CC2C(=O)NC3(CC3C=C)C(=O)NS(=O)(=O)C4CC4)OC5=NC6=C(C=CC(=C6)OC)N=C5CCCCCC7CC7OC(=O)N1
1468,Grepafloxacin,CC1CN(CCN1)C2=C(C(=C3C(=C2)N(C=C(C3=O)C(=O)O)C4CC4)C)F
1469,Griseofulvin,CC1CC(=O)C=C(C12C(=O)C3=C(O2)C(=C(C=C3OC)OC)Cl)OC
1470,Guacetisal,CC(=O)OC1=CC=CC=C1C(=O)OC2=CC=CC=C2OC
1471,Guadecitabine,C1C(C(OC1N2C=NC3=C2N=C(NC3=O)N)COP(=O)(O)OC4CC(OC4CO)N5C=NC(=NC5=O)N)O
1472,Guanabenz,C1=CC(=C(C(=C1)Cl)C=NN=C(N)N)Cl
1473,Guanadrel,C1CCC2(CC1)OCC(O2)CN=C(N)N
1474,Guanazodine,C1CCCNC(CC1)CN=C(N)N
1475,Guanethidine,C1CCCN(CCC1)CCN=C(N)N
1476,Guanfacine,C1=CC(=C(C(=C1)Cl)CC(=O)N=C(N)N)Cl
1477,Guanidine,C(=N)(N)N
1478,Guanine,C1=NC2=C(N1)C(=O)NC(=N2)N
1479,Guanoclor,C1=CC(=C(C(=C1)Cl)OCCNN=C(N)N)Cl
1480,Guanoxabenz,C1=CC(=C(C(=C1)Cl)C=NN=C(N)NO)Cl
1481,Guanoxan,C1C(OC2=CC=CC=C2O1)CN=C(N)N
1482,HE3286,CC12CCC(CC1=CC(C3C2CCC4(C3CCC4(C#C)O)C)O)O
1483,Hadacidin,C(C(=O)O)N(C=O)O
1484,Halazepam,C1C(=O)N(C2=C(C=C(C=C2)Cl)C(=N1)C3=CC=CC=C3)CC(F)(F)F
1485,Halcinonide,CC1(OC2CC3C4CCC5=CC(=O)CCC5(C4(C(CC3(C2(O1)C(=O)CCl)C)O)F)C)C
1486,Halofantrine,CCCCN(CCCC)CCC(C1=C2C=CC(=CC2=C3C=C(C=C(C3=C1)Cl)Cl)C(F)(F)F)O
1487,Halofuginone,C1CC(C(NC1)CC(=O)CN2C=NC3=CC(=C(C=C3C2=O)Cl)Br)O
1488,Halometasone,CC1CC2C3CC(C4=CC(=O)C(=CC4(C3(C(CC2(C1(C(=O)CO)O)C)O)F)C)Cl)F
1489,Haloperidol,C1CN(CCC1(C2=CC=C(C=C2)Cl)O)CCCC(=O)C3=CC=C(C=C3)F
1490,Halothane,C(C(F)(F)F)(Cl)Br
1491,Haloxon,CC1=C(C(=O)OC2=C1C=CC(=C2)OP(=O)(OCCCl)OCCCl)Cl
1492,Harmaline,CC1=NCCC2=C1NC3=C2C=CC(=C3)OC
1493,Heptabarbital,CCC1(C(=O)NC(=O)NC1=O)C2=CCCCCC2
1494,Hesperetin,COC1=C(C=C(C=C1)C2CC(=O)C3=C(C=C(C=C3O2)O)O)O
1495,Hetacillin,CC1(C(N2C(S1)C(C2=O)N3C(=O)C(NC3(C)C)C4=CC=CC=C4)C(=O)O)C
1496,Hexafluronium,C[N+](C)(CCCCCC[N+](C)(C)C1C2=CC=CC=C2C3=CC=CC=C13)C4C5=CC=CC=C5C6=CC=CC=C46
1497,Hexamethonium,C[N+](C)(C)CCCCCC[N+](C)(C)C
1498,Hexaminolevulinate,CCCCCCOC(=O)CCC(=O)CN
1499,Hexapropymate,C#CCC1(CCCCC1)OC(=O)N
1500,Hexestrol,CCC(C1=CC=C(C=C1)O)C(CC)C2=CC=C(C=C2)O
1501,Hexobarbital,CC1(C(=O)NC(=O)N(C1=O)C)C2=CCCCC2
1502,Hexocyclium,C[N+]1(CCN(CC1)CC(C2CCCCC2)(C3=CC=CC=C3)O)C
1503,Hexoprenaline,C1=CC(=C(C=C1C(CNCCCCCCNCC(C2=CC(=C(C=C2)O)O)O)O)O)O
1504,Higenamine,C1CNC(C2=CC(=C(C=C21)O)O)CC3=CC=C(C=C3)O
1505,Histamine,C1=C(NC=N1)CCN
1506,Histapyrrodine,C1CCN(C1)CCN(CC2=CC=CC=C2)C3=CC=CC=C3
1507,Histrelin,CCNC(=O)C1CCCN1C(=O)C(CCCN=C(N)N)NC(=O)C(CC(C)C)NC(=O)C(CC2=CN(C=N2)CC3=CC=CC=C3)NC(=O)C(CC4=CC=C(C=C4)O)NC(=O)C(CO)NC(=O)C(CC5=CNC6=CC=CC=C65)NC(=O)C(CC7=CN=CN7)NC(=O)C8CCC(=O)N8
1508,Homatropine,CN1C2CCC1CC(C2)OC(=O)C(C3=CC=CC=C3)O
1509,Homatropine methylbromide,C[N+]1(C2CCC1CC(C2)OC(=O)C(C3=CC=CC=C3)O)C.[Br-]
1510,Huperzine A,CC=C1C2CC3=C(C1(CC(=C2)C)N)C=CC(=O)N3
1511,Hydracarbazine,C1=CC(=NN=C1C(=O)N)NN
1512,Hydralazine,C1=CC=C2C(=C1)C=NN=C2NN
1513,Hydrochlorothiazide,C1NC2=CC(=C(C=C2S(=O)(=O)N1)S(=O)(=O)N)Cl
1514,Hydrocodone,CN1CCC23C4C1CC5=C2C(=C(C=C5)OC)OC3C(=O)CC4
1515,Hydrocortamate,CCN(CC)CC(=O)OCC(=O)C1(CCC2C1(CC(C3C2CCC4=CC(=O)CCC34C)O)C)O
1516,Hydrocortisone,CC12CCC(=O)C=C1CCC3C2C(CC4(C3CCC4(C(=O)CO)O)C)O
1517,Hydrocortisone aceponate,CCC(=O)OC1(CCC2C1(CC(C3C2CCC4=CC(=O)CCC34C)O)C)C(=O)COC(=O)C
1518,Hydrocortisone acetate,CC(=O)OCC(=O)C1(CCC2C1(CC(C3C2CCC4=CC(=O)CCC34C)O)C)O
1519,Hydrocortisone butyrate,CCCC(=O)OC1(CCC2C1(CC(C3C2CCC4=CC(=O)CCC34C)O)C)C(=O)CO
1520,Hydrocortisone cypionate,CC12CCC(=O)C=C1CCC3C2C(CC4(C3CCC4(C(=O)COC(=O)CCC5CCCC5)O)C)O
1521,Hydrocortisone phosphate,CC12CCC(=O)C=C1CCC3C2C(CC4(C3CCC4(C(=O)COP(=O)(O)O)O)C)O
1522,Hydrocortisone probutate,CCCC(=O)OC1(CCC2C1(CC(C3C2CCC4=CC(=O)CCC34C)O)C)C(=O)COC(=O)CC
1523,Hydrocortisone succinate,CC12CCC(=O)C=C1CCC3C2C(CC4(C3CCC4(C(=O)COC(=O)CCC(=O)O)O)C)O
1524,Hydrocortisone valerate,CCCCC(=O)OC1(CCC2C1(CC(C3C2CCC4=CC(=O)CCC34C)O)C)C(=O)CO
1525,Hydroflumethiazide,C1NC2=C(C=C(C(=C2)C(F)(F)F)S(=O)(=O)N)S(=O)(=O)N1
1526,Hydrogen iodide,I
1527,Hydrogen peroxide,OO
1529,Hydromorphone,CN1CCC23C4C1CC5=C2C(=C(C=C5)O)OC3C(=O)CC4
1530,Hydroquinidine,CCC1CN2CCC1CC2C(C3=C4C=C(C=CC4=NC=C3)OC)O
1531,Hydroxocobalamin,CC1=CC2=C(C=C1C)N(C=N2)C3C(C(C(O3)CO)OP(=O)([O-])OC(C)CNC(=O)CCC4(C(C5C6(C(C(C(=N6)C(=C7C(C(C(=N7)C=C8C(C(C(=N8)C(=C4[N-]5)C)CCC(=O)N)(C)C)CCC(=O)N)(C)CC(=O)N)C)CCC(=O)N)(C)CC(=O)N)C)CC(=O)N)C)O.[OH-].[Co+3]
1532,Hydroxyamphetamine,CC(CC1=CC=C(C=C1)O)N
1533,Hydroxychloroquine,CCN(CCCC(C)NC1=C2C=CC(=CC2=NC=C1)Cl)CCO
1534,Hydroxyfasudil,C1CNCCN(C1)S(=O)(=O)C2=CC=CC3=C2C=CNC3=O
1535,Hydroxyprogesterone,CC(=O)C1(CCC2C1(CCC3C2CCC4=CC(=O)CCC34C)C)O
1536,Hydroxyprogesterone caproate,CCCCCC(=O)OC1(CCC2C1(CCC3C2CCC4=CC(=O)CCC34C)C)C(=O)C
1537,Hydroxytyrosol,C1=CC(=C(C=C1CCO)O)O
1538,Hydroxyurea,C(=O)(N)NO
1539,Hydroxyzine,C1CN(CCN1CCOCCO)C(C2=CC=CC=C2)C3=CC=C(C=C3)Cl
1540,Hygromycin B,CNC1CC(C(C(C1O)OC2C3C(C(C(O2)CO)O)OC4(O3)C(C(C(C(O4)C(CO)N)O)O)O)O)N
1541,Hymecromone,CC1=CC(=O)OC2=C1C=CC(=C2)O
1542,Hyodeoxycholic Acid,CC(CCC(=O)O)C1CCC2C1(CCC3C2CC(C4C3(CCC(C4)O)C)O)C
1543,Hyperforin,CC(C)C(=O)C12C(=O)C(=C(C(C1=O)(CC(C2(C)CCC=C(C)C)CC=C(C)C)CC=C(C)C)O)CC=C(C)C
1544,Hypericin,CC1=CC(=O)C2=C(C3=C(C=C(C4=C3C5=C2C1=C6C(=CC(=O)C7=C(C8=C(C=C(C4=C8C5=C67)O)O)O)C)O)O)O
1545,Hypoxanthine,C1=NC2=C(N1)C(=O)NC=N2
1546,Ibandronate,CCCCCN(C)CCC(O)(P(=O)(O)O)P(=O)(O)O
1547,Ibipinabant,CN=C(NS(=O)(=O)C1=CC=C(C=C1)Cl)N2CC(C(=N2)C3=CC=C(C=C3)Cl)C4=CC=CC=C4
1548,Ibopamine,CC(C)C(=O)OC1=C(C=C(C=C1)CCNC)OC(=O)C(C)C
1549,Ibrexafungerp,CC(C)C(C)C1(CCC2(C3CCC4C5(COCC4(C3=CCC2(C1C(=O)O)C)CC(C5OCC(C)(C(C)(C)C)N)N6C(=NC=N6)C7=CC=NC=C7)C)C)C
1550,Ibrutinib,C=CC(=O)N1CCCC(C1)N2C3=NC=NC(=C3C(=N2)C4=CC=C(C=C4)OC5=CC=CC=C5)N
1551,Ibudilast,CC(C)C1=NN2C=CC=CC2=C1C(=O)C(C)C
1552,Ibuproxam,CC(C)CC1=CC=C(C=C1)C(C)C(=O)NO
1553,Ibutilide,CCCCCCCN(CC)CCCC(C1=CC=C(C=C1)NS(=O)(=O)C)O
1554,Icosapent,CCC=CCC=CCC=CCC=CCC=CCCCC(=O)O
1555,Icosapent ethyl,CCC=CCC=CCC=CCC=CCC=CCCCC(=O)OCC
1556,Icotinib,C#CC1=CC(=CC=C1)NC2=NC=NC3=CC4=C(C=C32)OCCOCCOCCO4
1557,Idalopirdine,C1=CC(=CC(=C1)OCC(C(F)F)(F)F)CNCCC2=CNC3=C2C=CC(=C3)F
1558,Idarubicin,CC1C(C(CC(O1)OC2CC(CC3=C2C(=C4C(=C3O)C(=O)C5=CC=CC=C5C4=O)O)(C(=O)C)O)N)O
1559,Idazoxan,C1CN=C(N1)C2COC3=CC=CC=C3O2
1560,Idebenone,CC1=C(C(=O)C(=C(C1=O)OC)OC)CCCCCCCCCCO
1561,Idelalisib,CCC(C1=NC2=C(C(=CC=C2)F)C(=O)N1C3=CC=CC=C3)NC4=NC=NC5=C4NC=N5
1562,Idraparinux,COC1C(OC(C(C1OC)OC)OC2C(C(C(OC2C(=O)O)OC3C(OC(C(C3OS(=O)(=O)O)OS(=O)(=O)O)OC4C(C(C(OC4C(=O)O)OC5C(OC(C(C5OS(=O)(=O)O)OS(=O)(=O)O)OC)COS(=O)(=O)O)OC)OC)COS(=O)(=O)O)OC)OC)COS(=O)(=O)O
1563,Ifenprodil,CC(C(C1=CC=C(C=C1)O)O)N2CCC(CC2)CC3=CC=CC=C3
1564,Iferanserin,CN1CCCCC1CCC2=CC=CC=C2NC(=O)C=CC3=CC=CC=C3
1565,Ifetroban,CCCCCNC(=O)C1=COC(=N1)C2C3CCC(C2CC4=CC=CC=C4CCC(=O)O)O3
1566,Ifosfamide,C1CN(P(=O)(OC1)NCCCl)CCCl
1567,Ilaprazole,CC1=C(C=CN=C1CS(=O)C2=NC3=C(N2)C=C(C=C3)N4C=CC=C4)OC
1568,Iloperidone,CC(=O)C1=CC(=C(C=C1)OCCCN2CCC(CC2)C3=NOC4=C3C=CC(=C4)F)OC
1569,Iloprost,CC#CCC(C)C(C=CC1C(CC2C1CC(=CCCCC(=O)O)C2)O)O
1570,Ilorasertib,C1=CC(=CC(=C1)F)NC(=O)NC2=CC=C(C=C2)C3=CSC4=C3C(=NC=C4C5=CN(N=C5)CCO)N
1571,Imagabalin,CCCC(C)CC(CC(=O)O)N
1572,Imatinib,CC1=C(C=C(C=C1)NC(=O)C2=CC=C(C=C2)CN3CCN(CC3)C)NC4=NC=CC(=N4)C5=CN=CC=C5
1573,Imetelstat,CCCCCCCCCCCCCCCC(=O)NCC(COP(=S)(O)OCC1C(CC(O1)N2C=C(C(=O)NC2=O)C)NP(=S)(O)OCC3C(CC(O3)N4C=NC5=C(N=CN=C54)N)NP(=S)(O)OCC6C(CC(O6)N7C=NC8=C7N=C(NC8=O)N)NP(=S)(O)OCC9C(CC(O9)N1C=NC2=C1N=C(NC2=O)N)NP(=S)(O)OCC1C(CC(O1)N1C=NC2=C1N=C(NC2=O)N)NP(=S)(O)OCC1C(CC(O1)N1C=C(C(=O)NC1=O)C)NP(=S)(O)OCC1C(CC(O1)N1C=C(C(=O)NC1=O)C)NP(=S)(O)OCC1C(CC(O1)N1C=NC2=C(N=CN=C21)N)NP(=S)(O)OCC1C(CC(O1)N1C=NC2=C1N=C(NC2=O)N)NP(=S)(O)OCC1C(CC(O1)N1C=NC2=C(N=CN=C21)N)NP(=S)(O)OCC1C(CC(O1)N1C=CC(=NC1=O)N)NP(=S)(O)OCC1C(CC(O1)N1C=NC2=C(N=CN=C21)N)NP(=S)(O)OCC1C(CC(O1)N1C=NC2=C(N=CN=C21)N)N)O
1574,Imidafenacin,CC1=NC=CN1CCC(C2=CC=CC=C2)(C3=CC=CC=C3)C(=O)N
1575,Imidapril,CCOC(=O)C(CCC1=CC=CC=C1)NC(C)C(=O)N2C(CN(C2=O)C)C(=O)O
1576,Imidazole salicylate,C1=CC=C(C(=C1)C(=O)O)O.C1=CN=CN1
1577,Imipenem,CC(C1C2CC(=C(N2C1=O)C(=O)O)SCCN=CN)O
1578,Imipramine,CN(C)CCCN1C2=CC=CC=C2CCC3=CC=CC=C31
1579,Imipramine oxide,C[N+](C)(CCCN1C2=CC=CC=C2CCC3=CC=CC=C31)[O-]
1580,Imiquimod,CC(C)CN1C=NC2=C1C3=CC=CC=C3N=C2N
1581,Incadronic acid,C1CCCC(CC1)NC(P(=O)(O)O)P(=O)(O)O
1582,Indacaterol,CCC1=C(C=C2CC(CC2=C1)NCC(C3=C4C=CC(=O)NC4=C(C=C3)O)O)CC
1583,Indalpine,C1CNCCC1CCC2=CNC3=CC=CC=C32
1584,Indenolol,CC(C)NCC(COC1=CC=CC2=C1C=CC2)O
1585,Indigotindisulfonic acid,C1=CC2=C(C=C1S(=O)(=O)O)C(=C(N2)C3=NC4=C(C3=O)C=C(C=C4)S(=O)(=O)O)O
1586,Indinavir,CC(C)(C)NC(=O)C1CN(CCN1CC(CC(CC2=CC=CC=C2)C(=O)NC3C(CC4=CC=CC=C34)O)O)CC5=CN=CC=C5
1587,Indiplon,CC(=O)N(C)C1=CC=CC(=C1)C2=CC=NC3=C(C=NN23)C(=O)C4=CC=CS4
1588,Indirubin,C1=CC=C2C(=C1)C(=C(N2)O)C3=NC4=CC=CC=C4C3=O
1589,Indisulam,C1=CC2=C(C(=C1)NS(=O)(=O)C3=CC=C(C=C3)S(=O)(=O)N)NC=C2Cl
1590,Indium In-111 oxyquinoline,C1=CC2=C(C(=C1)[O-])N=CC=C2.C1=CC2=C(C(=C1)[O-])N=CC=C2.C1=CC2=C(C(=C1)[O-])N=CC=C2.[In+3]
1591,Indobufen,CCC(C1=CC=C(C=C1)N2CC3=CC=CC=C3C2=O)C(=O)O
1592,Indocyanine green,CC1(C(=[N+](C2=C1C3=CC=CC=C3C=C2)CCCCS(=O)(=O)[O-])C=CC=CC=CC=C4C(C5=C(N4CCCCS(=O)(=O)[O-])C=CC6=CC=CC=C65)(C)C)C.[Na+]
1593,Indole-3-carbinol,C1=CC=C2C(=C1)C(=CN2)CO
1594,Indomethacin,CC1=C(C2=C(N1C(=O)C3=CC=C(C=C3)Cl)C=CC(=C2)OC)CC(=O)O
1595,Indoprofen,CC(C1=CC=C(C=C1)N2CC3=CC=CC=C3C2=O)C(=O)O
1596,Indoramin,C1CN(CCC1NC(=O)C2=CC=CC=C2)CCC3=CNC4=CC=CC=C43
1597,Inecalcitol,CC(CC#CC(C)(C)O)C1CCC2C1(CCCC2=CC=C3CC(CC(C3)O)O)C
1598,Infigratinib,CCN1CCN(CC1)C2=CC=C(C=C2)NC3=CC(=NC=N3)N(C)C(=O)NC4=C(C(=CC(=C4Cl)OC)OC)Cl
1599,Inosine,C1=NC2=C(C(=O)N1)N=CN2C3C(C(C(O3)CO)O)O
1600,Iobenguane,C1=CC(=CC(=C1)I)CN=C(N)N
1601,Iodixanol,CC(=O)N(CC(CN(C1=C(C(=C(C(=C1I)C(=O)NCC(CO)O)I)C(=O)NCC(CO)O)I)C(=O)C)O)C2=C(C(=C(C(=C2I)C(=O)NCC(CO)O)I)C(=O)NCC(CO)O)I
1602,Iofetamine I-123,CC(C)NC(C)CC1=CC=C(C=C1)I
1603,Ioflupane F-18,COC(=O)C1C2CCC(N2CCCF)CC1C3=CC=C(C=C3)I
1604,Iohexol,CC(=O)N(CC(CO)O)C1=C(C(=C(C(=C1I)C(=O)NCC(CO)O)I)C(=O)NCC(CO)O)I
1605,Iopromide,CN(CC(CO)O)C(=O)C1=C(C(=C(C(=C1I)C(=O)NCC(CO)O)I)NC(=O)COC)I
1606,Iothalamic acid,CC(=O)NC1=C(C(=C(C(=C1I)C(=O)O)I)C(=O)NC)I
1607,Ioversol,C(CO)N(C1=C(C(=C(C(=C1I)C(=O)NCC(CO)O)I)C(=O)NCC(CO)O)I)C(=O)CO
1608,Ioxilan,CC(=O)N(CC(CO)O)C1=C(C(=C(C(=C1I)C(=O)NCC(CO)O)I)C(=O)NCCO)I
1609,Ipidacrine,C1CCC2=C(C1)C(=C3CCCC3=N2)N
1610,Ipragliflozin,C1=CC=C2C(=C1)C=C(S2)CC3=C(C=CC(=C3)C4C(C(C(C(O4)CO)O)O)O)F
1611,Ipratropium,CC(C)[N+]1(C2CCC1CC(C2)OC(=O)C(CO)C3=CC=CC=C3)C
1612,Iprazochrome,CC(C)N1CC(C2=CC(=C(C=C21)O)N=NC(=O)N)O
1613,Iprindole,CN(C)CCCN1C2=C(CCCCCC2)C3=CC=CC=C31
1614,Iproclozide,CC(C)NNC(=O)COC1=CC=C(C=C1)Cl
1615,Iproniazid,CC(C)NNC(=O)C1=CC=NC=C1
1616,Iptacopan,CCOC1CCN(C(C1)C2=CC=C(C=C2)C(=O)O)CC3=C(C=C(C4=C3C=CN4)C)OC
1617,Irbesartan,CCCCC1=NC2(CCCC2)C(=O)N1CC3=CC=C(C=C3)C4=CC=CC=C4C5=NNN=N5
1618,Irinotecan,CCC1=C2CN3C(=CC4=C(C3=O)COC(=O)C4(CC)O)C2=NC5=C1C=C(C=C5)OC(=O)N6CCC(CC6)N7CCCCC7
1619,Irofulven,CC1=C(C2=C(C3(CC3)C(C(=O)C2=C1)(C)O)C)CO
1620,Iron,[Fe]
1623,Isavuconazole,CC(C1=NC(=CS1)C2=CC=C(C=C2)C#N)C(CN3C=NC=N3)(C4=C(C=CC(=C4)F)F)O
1624,Isavuconazonium,CC(C1=NC(=CS1)C2=CC=C(C=C2)C#N)C(CN3C=[N+](C=N3)C(C)OC(=O)N(C)C4=C(C=CC=N4)COC(=O)CNC)(C5=C(C=CC(=C5)F)F)O
1625,Isepamicin,CC1(COC(C(C1NC)O)OC2C(CC(C(C2O)OC3C(C(C(C(O3)CN)O)O)O)N)NC(=O)C(CN)O)O
1626,Isobromindione,C1=CC=C(C=C1)C2C(=O)C3=C(C2=O)C=C(C=C3)Br
1627,Isocarboxazid,CC1=CC(=NO1)C(=O)NNCC2=CC=CC=C2
1628,Isoetharine,CCC(C(C1=CC(=C(C=C1)O)O)O)NC(C)C
1629,Isoflavone,C1=CC=C(C=C1)C2=COC3=CC=CC=C3C2=O
1630,Isoflurane,C(C(F)(F)F)(OC(F)F)Cl
1631,Isoflurophate,CC(C)OP(=O)(OC(C)C)F
1632,Isoniazid,C1=CN=CC=C1C(=O)NN
1633,Isoprenaline,CC(C)NCC(C1=CC(=C(C=C1)O)O)O
1634,Isopropamide,CC(C)[N+](C)(CCC(C1=CC=CC=C1)(C2=CC=CC=C2)C(=O)N)C(C)C
1635,Isosorbide,C1C(C2C(O1)C(CO2)O)O
1636,Isosorbide dinitrate,C1C(C2C(O1)C(CO2)O[N+](=O)[O-])O[N+](=O)[O-]
1637,Isosorbide mononitrate,C1C(C2C(O1)C(CO2)O[N+](=O)[O-])O
1638,Isosulfan blue,CCN(CC)C1=CC=C(C=C1)C(=C2C=CC(=[N+](CC)CC)C=C2)C3=C(C=CC(=C3)S(=O)(=O)[O-])S(=O)(=O)[O-].[Na+]
1639,Isothipendyl,CC(CN1C2=CC=CC=C2SC3=C1N=CC=C3)N(C)C
1640,Isoxicam,CC1=CC(=NO1)NC(=O)C2=C(C3=CC=CC=C3S(=O)(=O)N2C)O
1641,Isoxsuprine,CC(COC1=CC=CC=C1)NC(C)C(C2=CC=C(C=C2)O)O
1642,Isradipine,CC1=C(C(C(=C(N1)C)C(=O)OC(C)C)C2=CC=CC3=NON=C32)C(=O)OC
1643,Istradefylline,CCN1C2=C(C(=O)N(C1=O)CC)N(C(=N2)C=CC3=CC(=C(C=C3)OC)OC)C
1644,Itraconazole,CCC(C)N1C(=O)N(C=N1)C2=CC=C(C=C2)N3CCN(CC3)C4=CC=C(C=C4)OCC5COC(O5)(CN6C=NC=N6)C7=C(C=C(C=C7)Cl)Cl
1645,Ivabradine,CN(CCCN1CCC2=CC(=C(C=C2CC1=O)OC)OC)CC3CC4=CC(=C(C=C34)OC)OC
1647,Ivosidenib,C1CC(=O)N(C1C(=O)N(C2=CC(=CN=C2)F)C(C3=CC=CC=C3Cl)C(=O)NC4CC(C4)(F)F)C5=NC=CC(=C5)C#N
1648,Ixabepilone,CC1CCCC2(C(O2)CC(NC(=O)CC(C(C(=O)C(C1O)C)(C)C)O)C(=CC3=CSC(=N3)C)C)C
1649,Ixazomib,B(C(CC(C)C)NC(=O)CNC(=O)C1=C(C=CC(=C1)Cl)Cl)(O)O
1650,JNJ-26489112,C1C(OC2=C(O1)C=C(C=C2)Cl)CNS(=O)(=O)N
1651,Josamycin,CC1CC=CC=CC(C(CC(C(C(C(CC(=O)O1)OC(=O)C)OC)OC2C(C(C(C(O2)C)OC3CC(C(C(O3)C)OC(=O)CC(C)C)(C)O)N(C)C)O)CC=O)C)O
1652,KOS-1584,CC1C=CCC(=CCC(OC(=O)CC(C(C(=O)C(C1O)C)(C)C)O)C(=CC2=CSC(=N2)C)C)C
1653,KRN-5500,CCCCCCCCCC=CC=CC(=O)NCC(=O)NC1C(C(C(OC1C(CO)O)NC2=NC=NC3=C2NC=N3)O)O
1654,KRN-7000,CCCCCCCCCCCCCCCCCCCCCCCCCC(=O)NC(COC1C(C(C(C(O1)CO)O)O)O)C(C(CCCCCCCCCCCCCC)O)O
1655,Kanamycin,C1C(C(C(C(C1N)OC2C(C(C(C(O2)CN)O)O)O)O)OC3C(C(C(C(O3)CO)O)N)O)N
1657,Kebuzone,CC(=O)CCC1C(=O)N(N(C1=O)C2=CC=CC=C2)C3=CC=CC=C3
1658,Ketanserin,C1CN(CCC1C(=O)C2=CC=C(C=C2)F)CCN3C(=O)C4=CC=CC=C4NC3=O
1659,Ketazolam,CC1=CC(=O)N2CC(=O)N(C3=C(C2(O1)C4=CC=CC=C4)C=C(C=C3)Cl)C
1660,Ketobemidone,CCC(=O)C1(CCN(CC1)C)C2=CC(=CC=C2)O
1661,Ketoconazole,CC(=O)N1CCN(CC1)C2=CC=C(C=C2)OCC3COC(O3)(CN4C=CN=C4)C5=C(C=C(C=C5)Cl)Cl
1662,Ketorolac,C1CN2C(=CC=C2C(=O)C3=CC=CC=C3)C1C(=O)O
1663,Ketotifen,CN1CCC(=C2C3=C(C(=O)CC4=CC=CC=C42)SC=C3)CC1
1665,L-deprenyl-D2 C-11,CC(CC1=CC=CC=C1)N(C)CC#C
1666,LCL-161,CC(C(=O)NC(C1CCCCC1)C(=O)N2CCCC2C3=NC(=CS3)C(=O)C4=CC=C(C=C4)F)NC
1667,Labetalol,CC(CCC1=CC=CC=C1)NCC(C2=CC(=C(C=C2)O)C(=O)N)O
1668,Lacidipine,CCOC(=O)C1=C(NC(=C(C1C2=CC=CC=C2C=CC(=O)OC(C)(C)C)C(=O)OCC)C)C
1669,Lacosamide,CC(=O)NC(COC)C(=O)NCC1=CC=CC=C1
1670,Lactitol,C(C1C(C(C(C(O1)OC(C(CO)O)C(C(CO)O)O)O)O)O)O
1671,Lactulose,C(C1C(C(C(C(O1)OC2C(OC(C2O)(CO)O)CO)O)O)O)O
1672,Lafutidine,C1CCN(CC1)CC2=CC(=NC=C2)OCC=CCNC(=O)CS(=O)CC3=CC=CO3
1673,Lamivudine,C1C(OC(S1)CO)N2C=CC(=NC2=O)N
1674,Lamotrigine,C1=CC(=C(C(=C1)Cl)Cl)C2=C(N=C(N=N2)N)N
1675,Lanatoside C,CC1C(C(CC(O1)OC2CCC3(C(C2)CCC4C3CC(C5(C4(CCC5C6=CC(=O)OC6)O)C)O)C)O)OC7CC(C(C(O7)C)OC8CC(C(C(O8)C)OC9C(C(C(C(O9)CO)O)O)O)OC(=O)C)O
1676,Landiolol,CC1(OCC(O1)COC(=O)CCC2=CC=C(C=C2)OCC(CNCCNC(=O)N3CCOCC3)O)C
1677,Lanicemine,C1=CC=C(C=C1)C(CC2=CC=CC=N2)N
1678,Laniquidar,COC(=O)C1=CN=C2N1CCC3=CC=CC=C3C2=C4CCN(CC4)CCC5=CC=C(C=C5)OCC6=NC7=CC=CC=C7C=C6
1679,Lanopepden,CC1=NC(=C(C(=N1)N2CCN3CCOCC3C2)F)NNC(=O)C(CC4CCCC4)CN(C=O)O
1680,Lanreotide,CC(C)C1C(=O)NC(CSSCC(C(=O)NC(C(=O)NC(C(=O)NC(C(=O)N1)CCCCN)CC2=CNC3=CC=CC=C32)CC4=CC=C(C=C4)O)NC(=O)C(CC5=CC6=CC=CC=C6C=C5)N)C(=O)NC(C(C)O)C(=O)N
1681,Lanthanum III cation,[La+3]
1682,Lapatinib,CS(=O)(=O)CCNCC1=CC=C(O1)C2=CC3=C(C=C2)N=CN=C3NC4=CC(=C(C=C4)OCC5=CC(=CC=C5)F)Cl
1683,Laquinimod,CCN(C1=CC=CC=C1)C(=O)C2=C(C3=C(C=CC=C3Cl)N(C2=O)C)O
1684,Larotrectinib,C1CC(N(C1)C2=NC3=C(C=NN3C=C2)NC(=O)N4CCC(C4)O)C5=C(C=CC(=C5)F)F
1685,Lasmiditan,CN1CCC(CC1)C(=O)C2=NC(=CC=C2)NC(=O)C3=C(C=C(C=C3F)F)F
1686,Latanoprost,CC(C)OC(=O)CCCC=CCC1C(CC(C1CCC(CCC2=CC=CC=C2)O)O)O
1687,Latanoprostene bunod,C1C(C(C(C1O)CC=CCCCC(=O)OCCCCO[N+](=O)[O-])CCC(CCC2=CC=CC=C2)O)O
1688,Lavoltidine,CN1C(=NC(=N1)CO)NCCCOC2=CC=CC(=C2)CN3CCCCC3
1689,Lazertinib,CN(C)CC1=CN(N=C1C2=CC=CC=C2)C3=NC(=NC=C3)NC4=C(C=C(C(=C4)NC(=O)C=C)N5CCOCC5)OC
1690,Ledipasvir,CC(C)C(C(=O)N1CC2(CC2)CC1C3=NC=C(N3)C4=CC5=C(C=C4)C6=C(C5(F)F)C=C(C=C6)C7=CC8=C(C=C7)N=C(N8)C9C1CCC(C1)N9C(=O)C(C(C)C)NC(=O)OC)NC(=O)OC
1691,Lefamulin,CC1CCC23CCC(=O)C2C1(C(CC(C(C3C)O)(C)C=C)OC(=O)CSC4CCC(CC4O)N)C
1692,Leflunomide,CC1=C(C=NO1)C(=O)NC2=CC=C(C=C2)C(F)(F)F
1693,Lemborexant,CC1=NC(=NC=C1OCC2(CC2C(=O)NC3=NC=C(C=C3)F)C4=CC(=CC=C4)F)C
1694,Lenabasum,CCCCCCC(C)(C)C1=CC(=C2C3CC(=CCC3C(OC2=C1)(C)C)C(=O)O)O
1695,Lenacapavir,CC(C)(C#CC1=NC(=C(C=C1)C2=C3C(=C(C=C2)Cl)C(=NN3CC(F)(F)F)NS(=O)(=O)C)C(CC4=CC(=CC(=C4)F)F)NC(=O)CN5C6=C(C7CC7C6(F)F)C(=N5)C(F)(F)F)S(=O)(=O)C
1696,Lenalidomide,C1CC(=O)NC(=O)C1N2CC3=C(C2=O)C=CC=C3N
1697,Leniolisib,CCC(=O)N1CCC(C1)NC2=NC=NC3=C2CN(CC3)C4=CC(=C(N=C4)OC)C(F)(F)F
1698,Lenvatinib,COC1=CC2=NC=CC(=C2C=C1C(=O)N)OC3=CC(=C(C=C3)NC(=O)NC4CC4)Cl
1699,Lercanidipine,CC1=C(C(C(=C(N1)C)C(=O)OC(C)(C)CN(C)CCC(C2=CC=CC=C2)C3=CC=CC=C3)C4=CC(=CC=C4)[N+](=O)[O-])C(=O)OC
1700,Lesinurad,C1CC1C2=CC=C(C3=CC=CC=C23)N4C(=NN=C4Br)SCC(=O)O
1701,Lestaurtinib,CC12C(CC(O1)N3C4=CC=CC=C4C5=C6C(=C7C8=CC=CC=C8N2C7=C53)CNC6=O)(CO)O
1702,Letaxaban,C1CNC(=O)N(C1)C2CCN(CC2)C(=O)C(CS(=O)(=O)C3=CC4=C(C=C3)C=C(C=C4)Cl)O
1703,Letermovir,COC1=C(C=C(C=C1)C(F)(F)F)N2C(C3=C(C(=CC=C3)F)N=C2N4CCN(CC4)C5=CC(=CC=C5)OC)CC(=O)O
1704,Letrozole,C1=CC(=CC=C1C#N)C(C2=CC=C(C=C2)C#N)N3C=NC=N3
1705,Levallorphan,C=CCN1CCC23CCCCC2C1CC4=C3C=C(C=C4)O
1706,Levmetamfetamine,CC(CC1=CC=CC=C1)NC
1707,Levobunolol,CC(C)(C)NCC(COC1=CC=CC2=C1CCCC2=O)O
1708,Levocabastine,CC1CN(CCC1(C2=CC=CC=C2)C(=O)O)C3CCC(CC3)(C#N)C4=CC=C(C=C4)F
1709,Levodopa,C1=CC(=C(C=C1CC(C(=O)O)N)O)O
1710,Levomenol,CC1=CCC(CC1)C(C)(CCC=C(C)C)O
1711,Levomilnacipran,CCN(CC)C(=O)C1(CC1CN)C2=CC=CC=C2
1712,Levonordefrin,CC(C(C1=CC(=C(C=C1)O)O)O)N
1713,Levonorgestrel,CCC12CCC3C(C1CCC2(C#C)O)CCC4=CC(=O)CCC34
1714,Levosimendan,CC1CC(=O)NN=C1C2=CC=C(C=C2)NN=C(C#N)C#N
1715,Levosulpiride,CCN1CCCC1CNC(=O)C2=C(C=CC(=C2)S(=O)(=O)N)OC
1716,Levovirin,C1=NC(=NN1C2C(C(C(O2)CO)O)O)C(=O)N
1717,Lexacalcitol,CCC(CC)(CCCOC(C)C1CCC2C1(CCCC2=CC=C3CC(CC(C3=C)O)O)C)O
1718,Liarozole,C1=CC(=CC(=C1)Cl)C(C2=CC3=C(C=C2)N=CN3)N4C=CN=C4
1719,Licofelone,CC1(CC2=C(C(=C(N2C1)CC(=O)O)C3=CC=C(C=C3)Cl)C4=CC=CC=C4)C
1720,Lidocaine,CCN(CC)CC(=O)NC1=C(C=CC=C1C)C
1721,Lidoflazine,CC1=C(C(=CC=C1)C)NC(=O)CN2CCN(CC2)CCCC(C3=CC=C(C=C3)F)C4=CC=C(C=C4)F
1722,Limaprost,CCCCC(C)CC(C=CC1C(CC(=O)C1CCCCC=CC(=O)O)O)O
1723,Linaclotide,CC1C(=O)NC2CSSCC3C(=O)NC(C(=O)NC(C(=O)NC(CSSCC(NC(=O)CNC(=O)C(NC2=O)C(C)O)C(=O)NC(CC4=CC=C(C=C4)O)C(=O)O)C(=O)NC(CSSCC(C(=O)N3)N)C(=O)NC(C(=O)N5CCCC5C(=O)N1)CC(=O)N)CC6=CC=C(C=C6)O)CCC(=O)O
1724,Linagliptin,CC#CCN1C2=C(N=C1N3CCCC(C3)N)N(C(=O)N(C2=O)CC4=NC5=CC=CC=C5C(=N4)C)C
1725,Lincomycin,CCCC1CC(N(C1)C)C(=O)NC(C2C(C(C(C(O2)SC)O)O)O)C(C)O
1726,Linezolid,CC(=O)NCC1CN(C(=O)O1)C2=CC(=C(C=C2)N3CCOCC3)F
1727,Linsidomine,C1COCCN1[N+]2=CC(=N)O[N-]2
1728,Linzagolix,COC1=C(C(=C(C=C1)F)F)COC2=C(C=C(C(=C2)N3C(=O)C4=C(SC=C4NC3=O)C(=O)O)F)OC
1729,Liothyronine,C1=CC(=C(C=C1OC2=C(C=C(C=C2I)CC(C(=O)O)N)I)I)O
1730,Lipoic acid,C1CSSC1CCCCC(=O)O
1731,Lisdexamfetamine,CC(CC1=CC=CC=C1)NC(=O)C(CCCCN)N
1732,Lisinopril,C1CC(N(C1)C(=O)C(CCCCN)NC(CCC2=CC=CC=C2)C(=O)O)C(=O)O
1733,Lisofylline,CC(CCCCN1C(=O)C2=C(N=CN2C)N(C1=O)C)O
1734,Lisuride,CCN(CC)C(=O)NC1CN(C2CC3=CNC4=CC=CC(=C34)C2=C1)C
1735,Lithium cation,[Li+]
1736,Lobeglitazone,CN(CCOC1=CC=C(C=C1)CC2C(=O)NC(=O)S2)C3=CC(=NC=N3)OC4=CC=C(C=C4)OC
1737,Lobeline,CN1C(CCCC1CC(=O)C2=CC=CC=C2)CC(C3=CC=CC=C3)O
1738,Lobucavir,C1C(C(C1N2C=NC3=C2N=C(NC3=O)N)CO)CO
1739,Lofentanil,CCC(=O)N(C1=CC=CC=C1)C2(CCN(CC2C)CCC3=CC=CC=C3)C(=O)OC
1740,Lofepramine,CN(CCCN1C2=CC=CC=C2CCC3=CC=CC=C31)CC(=O)C4=CC=C(C=C4)Cl
1741,Lofexidine,CC(C1=NCCN1)OC2=C(C=CC=C2Cl)Cl
1742,Lomefloxacin,CCN1C=C(C(=O)C2=CC(=C(C(=C21)F)N3CCNC(C3)C)F)C(=O)O
1743,Lomerizine,COC1=C(C(=C(C=C1)CN2CCN(CC2)C(C3=CC=C(C=C3)F)C4=CC=C(C=C4)F)OC)OC
1744,Lometrexol,C1C(CNC2=C1C(=O)NC(=N2)N)CCC3=CC=C(C=C3)C(=O)NC(CCC(=O)O)C(=O)O
1745,Lomifylline,CC(=O)CCCCN1C=NC2=C1C(=O)N(C(=O)N2C)C
1746,Lomitapide,C1CN(CCC1NC(=O)C2=CC=CC=C2C3=CC=C(C=C3)C(F)(F)F)CCCCC4(C5=CC=CC=C5C6=CC=CC=C64)C(=O)NCC(F)(F)F
1747,Lomustine,C1CCC(CC1)NC(=O)N(CCCl)N=O
1748,Lonafarnib,C1CN(CCC1CC(=O)N2CCC(CC2)C3C4=C(CCC5=C3N=CC(=C5)Br)C=C(C=C4Br)Cl)C(=O)N
1749,Lonazolac,C1=CC=C(C=C1)N2C=C(C(=N2)C3=CC=C(C=C3)Cl)CC(=O)O
1750,Lonidamine,C1=CC=C2C(=C1)C(=NN2CC3=C(C=C(C=C3)Cl)Cl)C(=O)O
1751,Loperamide,CN(C)C(=O)C(CCN1CCC(CC1)(C2=CC=C(C=C2)Cl)O)(C3=CC=CC=C3)C4=CC=CC=C4
1752,Lopinavir,CC1=C(C(=CC=C1)C)OCC(=O)NC(CC2=CC=CC=C2)C(CC(CC3=CC=CC=C3)NC(=O)C(C(C)C)N4CCCNC4=O)O
1753,Loprazolam,CN1CCN(CC1)C=C2C(=O)N3C(=N2)CN=C(C4=C3C=CC(=C4)[N+](=O)[O-])C5=CC=CC=C5Cl
1754,Lorajmine,CCC1C2CC3C4C5(CC(C2C5OC(=O)CCl)N3C1O)C6=CC=CC=C6N4C
1755,Loratadine,CCOC(=O)N1CCC(=C2C3=C(CCC4=C2N=CC=C4)C=C(C=C3)Cl)CC1
1756,Lorazepam,C1=CC=C(C(=C1)C2=NC(C(=O)NC3=C2C=C(C=C3)Cl)O)Cl
1757,Lorcainide,CC(C)N1CCC(CC1)N(C2=CC=C(C=C2)Cl)C(=O)CC3=CC=CC=C3
1758,Lorcaserin,CC1CNCCC2=C1C=C(C=C2)Cl
1759,Lorlatinib,CC1C2=C(C=CC(=C2)F)C(=O)N(CC3=NN(C(=C3C4=CC(=C(N=C4)N)O1)C#N)C)C
1760,Lormetazepam,CN1C2=C(C=C(C=C2)Cl)C(=NC(C1=O)O)C3=CC=CC=C3Cl
1761,Lornoxicam,CN1C(=C(C2=C(S1(=O)=O)C=C(S2)Cl)O)C(=O)NC3=CC=CC=N3
1762,Lorpiprazole,C1CC2CN3C(=NN=C3C2C1)CCN4CCN(CC4)C5=CC=CC(=C5)C(F)(F)F
1763,Lortalamine,CN1CCC23C(C1)C(CC(=O)N2)C4=C(O3)C=CC(=C4)Cl
1764,Losartan,CCCCC1=NC(=C(N1CC2=CC=C(C=C2)C3=CC=CC=C3C4=NNN=N4)CO)Cl
1765,Loteprednol,CC12CC(C3C(C1CCC2(C(=O)OCCl)O)CCC4=CC(=O)C=CC34C)O
1766,Lovastatin,CCC(C)C(=O)OC1CC(C=C2C1C(C(C=C2)C)CCC3CC(CC(=O)O3)O)C
1767,Loxapine,CN1CCN(CC1)C2=NC3=CC=CC=C3OC4=C2C=C(C=C4)Cl
1768,Loxoprofen,CC(C1=CC=C(C=C1)CC2CCCC2=O)C(=O)O
1769,Lubiprostone,CCCCC(C1(CCC2C(O1)CC(=O)C2CCCCCCC(=O)O)O)(F)F
1770,Luliconazole,C1C(SC(=C(C#N)N2C=CN=C2)S1)C3=C(C=C(C=C3)Cl)Cl
1771,Lumacaftor,CC1=C(N=C(C=C1)NC(=O)C2(CC2)C3=CC4=C(C=C3)OC(O4)(F)F)C5=CC(=CC=C5)C(=O)O
1772,Lumateperone,CN1CCN2C3CCN(CC3C4=C2C1=CC=C4)CCCC(=O)C5=CC=C(C=C5)F
1773,Lumefantrine,CCCCN(CCCC)CC(C1=CC(=CC2=C1C3=C(C2=CC4=CC=C(C=C4)Cl)C=C(C=C3)Cl)Cl)O
1774,Lumiracoxib,CC1=CC(=C(C=C1)NC2=C(C=CC=C2Cl)F)CC(=O)O
1775,Luprostiol,C1C(C(C(C1O)SCC(COC2=CC(=CC=C2)Cl)O)CC=CCCCC(=O)O)O
1776,Lurasidone,C1CCC(C(C1)CN2CCN(CC2)C3=NSC4=CC=CC=C43)CN5C(=O)C6C7CCC(C7)C6C5=O
1777,Lurbinectedin,CC1=CC2=C(C3C4C5C6=C(C(=C7C(=C6C(N4C(C(C2)N3C)O)COC(=O)C8(CS5)C9=C(CCN8)C2=C(N9)C=CC(=C2)OC)OCO7)C)OC(=O)C)C(=C1OC)O
1778,Lurtotecan,CCC1(C2=C(COC1=O)C(=O)N3CC4=C(C5=CC6=C(C=C5N=C4C3=C2)OCCO6)CN7CCN(CC7)C)O
1779,Luseogliflozin,CCOC1=CC=C(C=C1)CC2=CC(=C(C=C2C)OC)C3C(C(C(C(S3)CO)O)O)O
1780,Lusutrombopag,CCCCCCOC(C)C1=CC=CC(=C1OC)C2=CSC(=N2)NC(=O)C3=CC(=C(C(=C3)Cl)C=C(C)C(=O)O)Cl
1781,Lymecycline,CC1(C2CC3C(C(=O)C(=C(C3(C(=O)C2=C(C4=C1C=CC=C4O)O)O)O)C(=O)NCNCCCCC(C(=O)O)N)N(C)C)O
1782,Lynestrenol,CC12CCC3C(C1CCC2(C#C)O)CCC4=CCCCC34
1783,Lypressin,C1CC(N(C1)C(=O)C2CSSCC(C(=O)NC(C(=O)NC(C(=O)NC(C(=O)NC(C(=O)N2)CC(=O)N)CCC(=O)N)CC3=CC=CC=C3)CC4=CC=C(C=C4)O)N)C(=O)NC(CCCCN)C(=O)NCC(=O)N
1784,Lysergic acid diethylamide,CCN(CC)C(=O)C1CN(C2CC3=CNC4=CC=CC(=C34)C2=C1)C
1785,MK-212,C1CN(CCN1)C2=CN=CC(=N2)Cl
1786,MLN576,CC(CN(C)C)NC(=O)C1=C2C(=CC=C1)N=C3C=CC4=C(C3=N2)C=CC=C4OC
1787,MMDA,CC(CC1=CC2=C(C(=C1)OC)OCO2)N
1788,MRK-409,CN1C(=NC=N1)COC2=NN3C(=NN=C3C4=C(C=CC=C4F)F)C=C2C5CCC5
1789,Macimorelin,CC(C)(C(=O)NC(CC1=CNC2=CC=CC=C21)C(=O)NC(CC3=CNC4=CC=CC=C43)NC=O)N
1790,Macitentan,CCCNS(=O)(=O)NC1=C(C(=NC=N1)OCCOC2=NC=C(C=N2)Br)C3=CC=C(C=C3)Br
1791,Maduramicin,CC1CC(C(OC1C2CC(C(O2)C3(CCC(O3)C4(CCC5(O4)CC(C(C(O5)C(C)C6C(C(C(C(O6)(CC(=O)O)O)C)OC)OC)C)O)C)C)OC7CC(C(C(O7)C)OC)OC)(C)O)C.N
1792,Mafosfamide,C1COP(=O)(NC1SCCS(=O)(=O)O)N(CCCl)CCCl
1793,Magnesium,[Mg]
1794,Magnesium cation,[Mg+2]
1795,Magnesium orotate,C1=C(NC(=O)NC1=O)C(=O)[O-].C1=C(NC(=O)NC1=O)C(=O)[O-].[Mg+2]
1796,Magnesium silicate,[O-2].[O-2].[O-2].[Mg+2].[Si+4]
1797,Magnesium trisilicate,[O-][Si](=O)O[Si]([O-])([O-])O[Si](=O)[O-].[Mg+2].[Mg+2]
1798,Malacidin B,CCC(C)CCC=CC=CC(=O)NC(C(C)C(=O)O)C(=O)NC1C(NC(=O)C2CC(CN2C(=O)C(NC(=O)C(NC(=O)CNC(=O)C(NC(=O)C(NC(=O)C(NC(=O)C(NC1=O)C(C)C)CCCCN)C(C(=O)O)O)CC(=O)O)C(C)C(=O)O)C(C)C)C)C
1799,Malathion,CCOC(=O)CC(C(=O)OCC)SP(=S)(OC)OC
1800,Maltotetraose,C(C1C(C(C(C(O1)OC2C(OC(C(C2O)O)OC3C(OC(C(C3O)O)OC(C(CO)O)C(C(C=O)O)O)CO)CO)O)O)O)O
1801,Mangafodipir,CC1=C(C(=CC(=N1)COP(=O)(O)[O-])CN(CCN(CC2=CC(=NC(=C2O)C)COP(=O)(O)[O-])CC(=O)O)CC(=O)O)O.[Mn+2]
1802,Manidipine,CC1=C(C(C(=C(N1)C)C(=O)OCCN2CCN(CC2)C(C3=CC=CC=C3)C4=CC=CC=C4)C5=CC(=CC=C5)[N+](=O)[O-])C(=O)OC
1803,Mannitol busulfan,CS(=O)(=O)OCC(C(C(C(COS(=O)(=O)C)O)O)O)O
1804,Mannosulfan,CS(=O)(=O)OCC(C(C(C(COS(=O)(=O)C)OS(=O)(=O)C)O)O)OS(=O)(=O)C
1805,Maprotiline,CNCCCC12CCC(C3=CC=CC=C31)C4=CC=CC=C24
1806,Maraviroc,CC1=NN=C(N1C2CC3CCC(C2)N3CCC(C4=CC=CC=C4)NC(=O)C5CCC(CC5)(F)F)C(C)C
1807,Marbofloxacin,CN1CCN(CC1)C2=C(C=C3C4=C2OCN(N4C=C(C3=O)C(=O)O)C)F
1808,Maribavir,CC(C)NC1=NC2=CC(=C(C=C2N1C3C(C(C(O3)CO)O)O)Cl)Cl
1809,Masoprocol,CC(CC1=CC(=C(C=C1)O)O)C(C)CC2=CC(=C(C=C2)O)O
1810,Mavacamten,CC(C)N1C(=O)C=C(NC1=O)NC(C)C2=CC=CC=C2
1811,Mavorixafor,C1CC(C2=C(C1)C=CC=N2)N(CCCCN)CC3=NC4=CC=CC=C4N3
1812,Maxacalcitol,CC(C1CCC2C1(CCCC2=CC=C3CC(CC(C3=C)O)O)C)OCCC(C)(C)O
1813,Mazaticol,CC1(CCC2CC(CC1N2C)OC(=O)C(C3=CC=CS3)(C4=CC=CS4)O)C
1814,Mazindol,C1CN2C(=N1)C3=CC=CC=C3C2(C4=CC=C(C=C4)Cl)O
1815,Mebanazine,CC(C1=CC=CC=C1)NN
1816,Mebeverine,CCN(CCCCOC(=O)C1=CC(=C(C=C1)OC)OC)C(C)CC2=CC=C(C=C2)OC
1817,Mebhydrolin,CN1CCC2=C(C1)C3=CC=CC=C3N2CC4=CC=CC=C4
1818,Mebicar,CN1C2C(N(C1=O)C)N(C(=O)N2C)C
1819,Mebrofenin,CC1=CC(=C(C(=C1NC(=O)CN(CC(=O)O)CC(=O)O)C)Br)C
1820,Mebutamate,CCC(C)C(C)(COC(=O)N)COC(=O)N
1821,Mebutizide,CCC(C)C(C)C1NC2=CC(=C(C=C2S(=O)(=O)N1)S(=O)(=O)N)Cl
1822,Mechlorethamine,CN(CCCl)CCCl
1823,Meclizine,CC1=CC(=CC=C1)CN2CCN(CC2)C(C3=CC=CC=C3)C4=CC=C(C=C4)Cl
1824,Meclocycline,CN(C)C1C2C(C3C(=C)C4=C(C=CC(=C4C(=C3C(=O)C2(C(=C(C1=O)C(=O)N)O)O)O)O)Cl)O
1825,Meclofenamic acid,CC1=C(C(=C(C=C1)Cl)NC2=CC=CC=C2C(=O)O)Cl
1826,Medazepam,CN1CCN=C(C2=C1C=CC(=C2)Cl)C3=CC=CC=C3
1827,Medifoxamine,CN(C)CC(OC1=CC=CC=C1)OC2=CC=CC=C2
1828,Medrogestone,CC1=CC2C(CCC3(C2CCC3(C)C(=O)C)C)C4(C1=CC(=O)CC4)C
1829,Medroxyprogesterone acetate,CC1CC2C(CCC3(C2CCC3(C(=O)C)OC(=O)C)C)C4(C1=CC(=O)CC4)C
1830,Medrysone,CC1CC2C3CCC(C3(CC(C2C4(C1=CC(=O)CC4)C)O)C)C(=O)C
1831,Mefenamic acid,CC1=C(C(=CC=C1)NC2=CC=CC=C2C(=O)O)C
1832,Mefenorex,CC(CC1=CC=CC=C1)NCCCCl
1833,Mefruside,CC1(CCCO1)CN(C)S(=O)(=O)C2=CC(=C(C=C2)Cl)S(=O)(=O)N
1834,Megestrol acetate,CC1=CC2C(CCC3(C2CCC3(C(=O)C)OC(=O)C)C)C4(C1=CC(=O)CC4)C
1835,Melagatran,C1CCC(CC1)C(C(=O)N2CCC2C(=O)NCC3=CC=C(C=C3)C(=N)N)NCC(=O)O
1836,Melatonin,CC(=O)NCCC1=CNC2=C1C=C(C=C2)OC
1837,Melengestrol,CC1=CC2C(CCC3(C2CC(=C)C3(C(=O)C)O)C)C4(C1=CC(=O)CC4)C
1838,Melengestrol acetate,CC1=CC2C(CCC3(C2CC(=C)C3(C(=O)C)OC(=O)C)C)C4(C1=CC(=O)CC4)C
1839,Melevodopa,COC(=O)C(CC1=CC(=C(C=C1)O)O)N
1840,Melitracen,CC1(C2=CC=CC=C2C(=CCCN(C)C)C3=CC=CC=C31)C
1841,Meloxicam,CC1=CN=C(S1)NC(=O)C2=C(C3=CC=CC=C3S(=O)(=O)N2C)O
1842,Melperone,CC1CCN(CC1)CCCC(=O)C2=CC=C(C=C2)F
1843,Melphalan,C1=CC(=CC=C1CC(C(=O)O)N)N(CCCl)CCCl
1844,Memantine,CC12CC3CC(C1)(CC(C3)(C2)N)C
1845,Menadione,CC1=CC(=O)C2=CC=CC=C2C1=O
1846,Menthyl salicylate,CC1CCC(C(C1)OC(=O)C2=CC=CC=C2O)C(C)C
1847,Mepenzolate,C[N+]1(CCCC(C1)OC(=O)C(C2=CC=CC=C2)(C3=CC=CC=C3)O)C
1848,Meperidine,CCOC(=O)C1(CCN(CC1)C)C2=CC=CC=C2
1849,Mephedrone,CC1=CC=C(C=C1)C(=O)C(C)NC
1850,Mephenesin,CC1=CC=CC=C1OCC(CO)O
1851,Mephenoxalone,COC1=CC=CC=C1OCC2CNC(=O)O2
1852,Mephentermine,CC(C)(CC1=CC=CC=C1)NC
1853,Mephenytoin,CCC1(C(=O)N(C(=O)N1)C)C2=CC=CC=C2
1854,Mepindolol,CC1=CC2=C(N1)C=CC=C2OCC(CNC(C)C)O
1855,Mepivacaine,CC1=C(C(=CC=C1)C)NC(=O)C2CCCCN2C
1856,Meprednisone,CC1CC2C3CCC4=CC(=O)C=CC4(C3C(=O)CC2(C1(C(=O)CO)O)C)C
1857,Meprobamate,CCCC(C)(COC(=O)N)COC(=O)N
1858,Meptazinol,CCC1(CCCCN(C1)C)C2=CC(=CC=C2)O
1859,Mepyramine,CN(C)CCN(CC1=CC=C(C=C1)OC)C2=CC=CC=N2
1860,Mequitazine,C1CN2CCC1C(C2)CN3C4=CC=CC=C4SC5=CC=CC=C53
1861,Mercaptopurine,C1=NC2=C(N1)C(=S)N=CN2
1862,Merestinib,CC1=CC=C(C(=O)N1C2=CC=C(C=C2)F)C(=O)NC3=CC(=C(C=C3)OC4=C(C=C5C(=C4)C=NN5C)C6=CNN=C6)F
1863,Meropenem,CC1C2C(C(=O)N2C(=C1SC3CC(NC3)C(=O)N(C)C)C(=O)O)C(C)O
1864,Mersalyl,COC(CNC(=O)C1=CC=CC=C1OCC(=O)[O-])C[Hg+].[OH-].[Na+]
1865,Mesalazine,C1=CC(=C(C=C1N)C(=O)O)O
1866,Mesoridazine,CN1CCCCC1CCN2C3=CC=CC=C3SC4=C2C=C(C=C4)S(=O)C
1867,Mesterolone,CC1CC(=O)CC2C1(C3CCC4(C(C3CC2)CCC4O)C)C
1868,Mestranol,CC12CCC3C(C1CCC2(C#C)O)CCC4=C3C=CC(=C4)OC
1869,Metabutethamine,CC(C)CNCCOC(=O)C1=CC(=CC=C1)N
1870,Metacycline,CN(C)C1C2C(C3C(=C)C4=C(C(=CC=C4)O)C(=C3C(=O)C2(C(=C(C1=O)C(=O)N)O)O)O)O
1871,Metadoxine,CC1=NC=C(C(=C1O)CO)CO.C1CC(=O)NC1C(=O)O
1872,Metahexamide,CC1=C(C=C(C=C1)S(=O)(=O)NC(=O)NC2CCCCC2)N
1873,Metamizole,CC1=C(C(=O)N(N1C)C2=CC=CC=C2)N(C)CS(=O)(=O)O
1874,Metampicillin,CC1(C(N2C(S1)C(C2=O)NC(=O)C(C3=CC=CC=C3)N=C)C(=O)O)C
1875,Metaraminol,CC(C(C1=CC(=CC=C1)O)O)N
1876,Metaxalone,CC1=CC(=CC(=C1)OCC2CNC(=O)O2)C
1877,Metenolone,CC1=CC(=O)CC2C1(C3CCC4(C(C3CC2)CCC4O)C)C
1878,Metergoline,CN1CC(CC2C1CC3=CN(C4=CC=CC2=C34)C)CNC(=O)OCC5=CC=CC=C5
1879,Metformin,CN(C)C(=N)N=C(N)N
1880,Methacholine,CC(C[N+](C)(C)C)OC(=O)C
1881,Methallenestril,CCC(C1=CC2=C(C=C1)C=C(C=C2)OC)C(C)(C)C(=O)O
1882,Methanesulfonyl Fluoride,CS(=O)(=O)F
1883,Methantheline,CC[N+](C)(CC)CCOC(=O)C1C2=CC=CC=C2OC3=CC=CC=C13
1884,Methapyrilene,CN(C)CCN(CC1=CC=CS1)C2=CC=CC=N2
1885,Methaqualone,CC1=CC=CC=C1N2C(=NC3=CC=CC=C3C2=O)C
1886,Metharbital,CCC1(C(=O)NC(=O)N(C1=O)C)CC
1887,Methazolamide,CC(=O)N=C1N(N=C(S1)S(=O)(=O)N)C
1888,Methdilazine,CN1CCC(C1)CN2C3=CC=CC=C3SC4=CC=CC=C42
1889,Methenamine,C1N2CN3CN1CN(C2)C3
1890,Methimazole,CN1C=CNC1=S
1891,Methocarbamol,COC1=CC=CC=C1OCC(COC(=O)N)O
1892,Methohexital,CCC#CC(C)C1(C(=O)NC(=O)N(C1=O)C)CC=C
1893,Methoserpidine,COC1C(CC2CN3CCC4=C(C3CC2C1C(=O)OC)NC5=C4C=C(C=C5)OC)OC(=O)C6=CC(=C(C(=C6)OC)OC)OC
1894,Methotrexate,CN(CC1=CN=C2C(=N1)C(=NC(=N2)N)N)C3=CC=C(C=C3)C(=O)NC(CCC(=O)O)C(=O)O
1895,Methotrimeprazine,CC(CN1C2=CC=CC=C2SC3=C1C=C(C=C3)OC)CN(C)C
1896,Methoxamine,CC(C(C1=C(C=CC(=C1)OC)OC)O)N
1897,Methoxsalen,COC1=C2C(=CC3=C1OC=C3)C=CC(=O)O2
1898,Methoxyflurane,COC(C(Cl)Cl)(F)F
1899,Methoxyphenamine,CC(CC1=CC=CC=C1OC)NC
1900,Methscopolamine,C[N+]1(C2CC(CC1C3C2O3)OC(=O)C(CO)C4=CC=CC=C4)C
1901,Methsuximide,CC1(CC(=O)N(C1=O)C)C2=CC=CC=C2
1902,Methyclothiazide,CN1C(NC2=CC(=C(C=C2S1(=O)=O)S(=O)(=O)N)Cl)CCl
1903,Methyl salicylate,COC(=O)C1=CC=CC=C1O
1904,Methyl-1-testosterone,CC12CCC3C(C1CCC2(C)O)CCC4C3(C=CC(=O)C4)C
1905,Methyldopa,CC(CC1=CC(=C(C=C1)O)O)(C(=O)O)N
1906,Methylecgonine,CN1C2CCC1C(C(C2)O)C(=O)OC
1907,Methylene blue,CN(C)C1=CC2=C(C=C1)N=C3C=CC(=[N+](C)C)C=C3S2.[Cl-]
1908,Methylenedioxyethamphetamine,CCNC(C)CC1=CC2=C(C=C1)OCO2
1909,Methylergometrine,CCC(CO)NC(=O)C1CN(C2CC3=CNC4=CC=CC(=C34)C2=C1)C
1910,Methylestrenolone,CC12CCC3C(C1CCC2(C)O)CCC4=CC(=O)CCC34
1911,Methylnaltrexone,C[N+]1(CCC23C4C(=O)CCC2(C1CC5=C3C(=C(C=C5)O)O4)O)CC6CC6
1912,Methylpentynol,CCC(C)(C#C)O
1913,Methylphenobarbital,CCC1(C(=O)NC(=O)N(C1=O)C)C2=CC=CC=C2
1914,Methylphosphinate,CP(=O)=O
1915,Methylprednisolone,CC1CC2C3CCC(C3(CC(C2C4(C1=CC(=O)C=C4)C)O)C)(C(=O)CO)O
1916,Methylprednisolone aceponate,CCC(=O)OC1(CCC2C1(CC(C3C2CC(C4=CC(=O)C=CC34C)C)O)C)C(=O)COC(=O)C
1917,Methylprednisolone hemisuccinate,CC1CC2C3CCC(C3(CC(C2C4(C1=CC(=O)C=C4)C)O)C)(C(=O)COC(=O)CCC(=O)O)O
1918,Methylprednisone,CC1CC2C3CCC(C3(CC(=O)C2C4(C1=CC(=O)C=C4)C)C)(C(=O)CO)O
1919,Methylpropylpropanediol dinitrate,CCCC(C)(CO[N+](=O)[O-])CO[N+](=O)[O-]
1920,Methylselenocysteine,C[Se]CC(C(=O)O)N
1921,Methyltestosterone,CC12CCC(=O)C=C1CCC3C2CCC4(C3CCC4(C)O)C
1922,Methylthiouracil,CC1=CC(=O)NC(=S)N1
1923,Methyprylon,CCC1(C(=O)C(CNC1=O)C)CC
1924,Methysergide,CCC(CO)NC(=O)C1CN(C2CC3=CN(C4=CC=CC(=C34)C2=C1)C)C
1925,Metiamide,CC1=C(N=CN1)CSCCNC(=S)NC
1926,Meticillin,CC1(C(N2C(S1)C(C2=O)NC(=O)C3=C(C=CC=C3OC)OC)C(=O)O)C
1927,Meticrane,CC1=CC2=C(C=C1S(=O)(=O)N)S(=O)(=O)CCC2
1928,Metildigoxin,CC1C(C(CC(O1)OC2C(OC(CC2O)OC3C(OC(CC3O)OC4CCC5(C(C4)CCC6C5CC(C7(C6(CCC7C8=CC(=O)OC8)O)C)O)C)C)C)O)OC
1929,Metipranolol,CC1=CC(=C(C(=C1OC(=O)C)C)C)OCC(CNC(C)C)O
1930,Metixene,CN1CCCC(C1)CC2C3=CC=CC=C3SC4=CC=CC=C24
1931,Metoclopramide,CCN(CC)CCNC(=O)C1=CC(=C(C=C1OC)N)Cl
1932,Metocurine,C[N+]1(CCC2=CC(=C3C=C2C1CC4=CC=C(C=C4)OC5=C6C(CC7=CC(=C(C=C7)OC)O3)[N+](CCC6=CC(=C5OC)OC)(C)C)OC)C
1933,Metolazone,CC1NC2=CC(=C(C=C2C(=O)N1C3=CC=CC=C3C)S(=O)(=O)N)Cl
1934,Metoprine,CC1=C(C(=NC(=N1)N)N)C2=CC(=C(C=C2)Cl)Cl
1935,Metoprolol,CC(C)NCC(COC1=CC=C(C=C1)CCOC)O
1936,Metrifonate,COP(=O)(C(C(Cl)(Cl)Cl)O)OC
1937,Metronidazole,CC1=NC=C(N1CCO)[N+](=O)[O-]
1938,Metyrapone,CC(C)(C1=CN=CC=C1)C(=O)C2=CN=CC=C2
1939,Metyrosine,CC(CC1=CC=C(C=C1)O)(C(=O)O)N
1940,Mevastatin,CCC(C)C(=O)OC1CCC=C2C1C(C(C=C2)C)CCC3CC(CC(=O)O3)O
1941,Mezlocillin,CC1(C(N2C(S1)C(C2=O)NC(=O)C(C3=CC=CC=C3)NC(=O)N4CCN(C4=O)S(=O)(=O)C)C(=O)O)C
1942,Mianserin,CN1CCN2C(C1)C3=CC=CC=C3CC4=CC=CC=C42
1943,Mibefradil,CC(C)C1C2=C(CCC1(CCN(C)CCCC3=NC4=CC=CC=C4N3)OC(=O)COC)C=C(C=C2)F
1944,Mibolerone,CC1CC2=CC(=O)CCC2C3C1C4CCC(C4(CC3)C)(C)O
1945,Micafungin,CCCCCOC1=CC=C(C=C1)C2=CC(=NO2)C3=CC=C(C=C3)C(=O)NC4CC(C(NC(=O)C5C(C(CN5C(=O)C(NC(=O)C(NC(=O)C6CC(CN6C(=O)C(NC4=O)C(C)O)O)C(C(C7=CC(=C(C=C7)O)OS(=O)(=O)O)O)O)C(CC(=O)N)O)C)O)O)O
1946,Miconazole,C1=CC(=C(C=C1Cl)Cl)COC(CN2C=CN=C2)C3=C(C=C(C=C3)Cl)Cl
1947,Micronomicin,CC1(COC(C(C1NC)O)OC2C(CC(C(C2O)OC3C(CCC(O3)CNC)N)N)N)O
1948,Midazolam,CC1=NC=C2N1C3=C(C=C(C=C3)Cl)C(=NC2)C4=CC=CC=C4F
1949,Midecamycin,CCC(=O)OC1CC(=O)OC(CC=CC=CC(C(CC(C(C1OC)OC2C(C(C(C(O2)C)OC3CC(C(C(O3)C)OC(=O)CC)(C)O)N(C)C)O)CC=O)C)O)C
1950,Midodrine,COC1=CC(=C(C=C1)OC)C(CNC(=O)CN)O
1951,Midomafetamine,CC(CC1=CC2=C(C=C1)OCO2)NC
1952,Midostaurin,CC12C(C(CC(O1)N3C4=CC=CC=C4C5=C6C(=C7C8=CC=CC=C8N2C7=C53)CNC6=O)N(C)C(=O)C9=CC=CC=C9)OC
1953,Mifamurtide,CCCCCCCCCCCCCCCC(=O)OCC(COP(=O)([O-])OCCNC(=O)C(C)NC(=O)CCC(C(=O)N)NC(=O)C(C)NC(=O)C(C)OC(C(C=O)NC(=O)C)C(C(CO)O)O)OC(=O)CCCCCCCCCCCCCCC.O.[Na+]
1954,Mifepristone,CC#CC1(CCC2C1(CC(C3=C4CCC(=O)C=C4CCC23)C5=CC=C(C=C5)N(C)C)C)O
1955,Miglitol,C1C(C(C(C(N1CCO)CO)O)O)O
1956,Milrinone,CC1=C(C=C(C(=O)N1)C#N)C2=CC=NC=C2
1957,Miltefosine,CCCCCCCCCCCCCCCCOP(=O)([O-])OCC[N+](C)(C)C
1958,Minaprine,CC1=CC(=NN=C1NCCN2CCOCC2)C3=CC=CC=C3
1959,Minocycline,CN(C)C1C2CC3CC4=C(C=CC(=C4C(=C3C(=O)C2(C(=C(C1=O)C(=O)N)O)O)O)O)N(C)C
1960,Minoxidil,C1CCN(CC1)C2=NC(=N)N(C(=C2)N)O
1961,Mirabegron,C1=CC=C(C=C1)C(CNCCC2=CC=C(C=C2)NC(=O)CC3=CSC(=N3)N)O
1962,Mirodenafil,CCCC1=CN(C2=C1N=C(NC2=O)C3=C(C=CC(=C3)S(=O)(=O)N4CCN(CC4)CCO)OCCC)CC
1963,Misoprostol,CCCCC(C)(CC=CC1C(CC(=O)C1CCCCCCC(=O)OC)O)O
1964,Mitapivat,C1CC1CN2CCN(CC2)C(=O)C3=CC=C(C=C3)NS(=O)(=O)C4=CC=CC5=C4N=CC=C5
1965,Mitemcinal,CCC1C(C(=O)C(C2=C(CC(O2)(C(C(C(C(C(=O)O1)C)OC3CC(C(C(O3)C)O)(C)OC)C)OC4C(C(CC(O4)C)N(C)C(C)C)O)C)C)C)(C)OC
1966,Mitiglinide,C1CCC2CN(CC2C1)C(=O)CC(CC3=CC=CC=C3)C(=O)O
1967,Mitobronitol,C(C(C(C(C(CBr)O)O)O)O)Br
1968,Mitoguazone,CC(=NN=C(N)N)C=NN=C(N)N
1969,Mitomycin,CC1=C(C(=O)C2=C(C1=O)N3CC4C(C3(C2COC(=O)N)OC)N4)N
1970,Mitotane,C1=CC=C(C(=C1)C(C2=CC=C(C=C2)Cl)C(Cl)Cl)Cl
1971,Mitoxantrone,C1=CC(=C2C(=C1NCCNCCO)C(=O)C3=C(C=CC(=C3C2=O)O)O)NCCNCCO
1972,Mivacurium,C[N+]1(CCC2=CC(=C(C=C2C1CC3=CC(=C(C(=C3)OC)OC)OC)OC)OC)CCCOC(=O)CCC=CCCC(=O)OCCC[N+]4(CCC5=CC(=C(C=C5C4CC6=CC(=C(C(=C6)OC)OC)OC)OC)OC)C
1973,Mizolastine,CN(C1CCN(CC1)C2=NC3=CC=CC=C3N2CC4=CC=C(C=C4)F)C5=NC=CC(=O)N5
1974,Mizoribine,C1=NC(=C(N1C2C(C(C(O2)CO)O)O)O)C(=O)N
1975,Mobocertinib,CC(C)OC(=O)C1=CN=C(N=C1C2=CN(C3=CC=CC=C32)C)NC4=C(C=C(C(=C4)NC(=O)C=C)N(C)CCN(C)C)OC
1976,Mocetinostat,C1=CC=C(C(=C1)N)NC(=O)C2=CC=C(C=C2)CNC3=NC=CC(=N3)C4=CN=CC=C4
1977,Moclobemide,C1COCCN1CCNC(=O)C2=CC=C(C=C2)Cl
1978,Moexipril,CCOC(=O)C(CCC1=CC=CC=C1)NC(C)C(=O)N2CC3=CC(=C(C=C3CC2C(=O)O)OC)OC
1979,Moexiprilat,CC(C(=O)N1CC2=CC(=C(C=C2CC1C(=O)O)OC)OC)NC(CCC3=CC=CC=C3)C(=O)O
1980,Mofebutazone,CCCCC1C(=O)NN(C1=O)C2=CC=CC=C2
1981,Molindone,CCC1=C(NC2=C1C(=O)C(CC2)CN3CCOCC3)C
1982,Molsidomine,CCOC(=NC1=C[N+](=NO1)N2CCOCC2)[O-]
1983,Momelotinib,C1COCCN1C2=CC=C(C=C2)NC3=NC=CC(=N3)C4=CC=C(C=C4)C(=O)NCC#N
1984,Mometasone,CC1CC2C3CCC4=CC(=O)C=CC4(C3(C(CC2(C1(C(=O)CCl)O)C)O)Cl)C
1985,Mometasone furoate,CC1CC2C3CCC4=CC(=O)C=CC4(C3(C(CC2(C1(C(=O)CCl)OC(=O)C5=CC=CO5)C)O)Cl)C
1986,Monastrol,CCOC(=O)C1=C(NC(=S)NC1C2=CC(=CC=C2)O)C
1987,Monofluorophosphate ion,[O-]P(=O)([O-])F
1988,Monomethyl fumarate,COC(=O)C=CC(=O)O
1989,Montelukast,CC(C)(C1=CC=CC=C1CCC(C2=CC=CC(=C2)C=CC3=NC4=C(C=CC(=C4)Cl)C=C3)SCC5(CC5)CC(=O)O)O
1990,Montmorillonite,O.[O-2].[O-2].[O-2].O=[Si]=O.O=[Si]=O.O=[Si]=O.O=[Si]=O.[Al+3].[Al+3]
1991,Moperone,CC1=CC=C(C=C1)C2(CCN(CC2)CCCC(=O)C3=CC=C(C=C3)F)O
1992,Moricizine,CCOC(=O)NC1=CC2=C(C=C1)SC3=CC=CC=C3N2C(=O)CCN4CCOCC4
1993,Morniflumate,C1COCCN1CCOC(=O)C2=C(N=CC=C2)NC3=CC=CC(=C3)C(F)(F)F
1994,Morphine,CN1CCC23C4C1CC5=C2C(=C(C=C5)O)OC3C(C=C4)O
1995,Mosapramine,C1CCN2C(C1)NC(=O)C23CCN(CC3)CCCN4C5=CC=CC=C5CCC6=C4C=C(C=C6)Cl
1996,Mosapride,CCOC1=CC(=C(C=C1C(=O)NCC2CN(CCO2)CC3=CC=C(C=C3)F)Cl)N
1997,Motesanib,CC1(CNC2=C1C=CC(=C2)NC(=O)C3=C(N=CC=C3)NCC4=CC=NC=C4)C
1998,Motexafin gadolinium,CCC1=C(C2=CC3=NC(=CN=C4C=C(C(=CC4=NC=C5C(=C(C(=N5)C=C1[N-]2)CCCO)C)OCCOCCOCCOC)OCCOCCOCCOC)C(=C3CCCO)C)CC.CC(=O)[O-].CC(=O)[O-].[Gd+3]
1999,Motretinide,CCNC(=O)C=C(C)C=CC=C(C)C=CC1=C(C(=C(C=C1C)OC)C)C
2000,Moxestrol,CC12CC(C3C(C1CCC2(C#C)O)CCC4=C3C=CC(=C4)O)OC
2001,Moxifloxacin,COC1=C2C(=CC(=C1N3CC4CCCNC4C3)F)C(=O)C(=CN2C5CC5)C(=O)O
2002,Moxisylyte,CC1=CC(=C(C=C1OC(=O)C)C(C)C)OCCN(C)C
2003,Moxonidine,CC1=NC(=C(C(=N1)Cl)NC2=NCCN2)OC
2004,Mupirocin,CC(C1C(O1)CC2COC(C(C2O)O)CC(=CC(=O)OCCCCCCCCC(=O)O)C)C(C)O
2005,Muraglitazar,CC1=C(N=C(O1)C2=CC=CC=C2)CCOC3=CC=C(C=C3)CN(CC(=O)O)C(=O)OC4=CC=C(C=C4)OC
2006,Murepavadin,CCC(C)C1C(=O)NC(C(=O)NC(C(=O)NC(C(=O)NC(C(=O)NC(C(=O)NC(C(=O)NC(C(=O)NC(C(=O)NC(C(=O)N2CCCC2C(=O)N3CCCC3C(=O)NC(C(=O)NC(C(=O)N1)CC4=CNC5=CC=CC=C54)C(C)O)CO)C)CCN)CCN)CC6=CNC7=CC=CC=C76)CCN)CCN)CCCN)CCN
2007,Muzolimine,CC(C1=CC(=C(C=C1)Cl)Cl)N2C(=O)CC(=N2)N
2008,Mycophenolate mofetil,CC1=C2COC(=O)C2=C(C(=C1OC)CC=C(C)CCC(=O)OCCN3CCOCC3)O
2009,Mycophenolic acid,CC1=C2COC(=O)C2=C(C(=C1OC)CC=C(C)CCC(=O)O)O
2010,Myxothiazol,CC(C)C=CC=CC(C)C1=NC(=CS1)C2=NC(=CS2)C=CC(C(C)C(=CC(=O)N)OC)OC
2011,"N-(2-hydroxybenzyl)-2,5-dimethoxy-4-cyanophenylethylamine",COC1=CC(=C(C=C1CCNCC2=CC=CC=C2O)OC)C#N
2012,N-Propargyl-1(S)-Aminoindan,C#CCNC1CCC2=CC=CC=C12
2013,N-acetyltyrosine,CC(=O)NC(CC1=CC=C(C=C1)O)C(=O)O
2014,N-methylnicotinamide,CNC(=O)C1=CN=CC=C1
2015,NGX267,CCC1C(=O)NC2(S1)CCN(CC2)C
2016,NS-398,CS(=O)(=O)NC1=C(C=C(C=C1)[N+](=O)[O-])OC2CCCCC2
2017,Nabilone,CCCCCCC(C)(C)C1=CC(=C2C3CC(=O)CCC3C(OC2=C1)(C)C)O
2018,Nabumetone,CC(=O)CCC1=CC2=C(C=C1)C=C(C=C2)OC
2019,Nadolol,CC(C)(C)NCC(COC1=CC=CC2=C1CC(C(C2)O)O)O
2020,Nafamostat,C1=CC(=CC=C1C(=O)OC2=CC3=C(C=C2)C=C(C=C3)C(=N)N)N=C(N)N
2021,Nafarelin,CC(C)CC(C(=O)NC(CCCN=C(N)N)C(=O)N1CCCC1C(=O)NCC(=O)N)NC(=O)C(CC2=CC3=CC=CC=C3C=C2)NC(=O)C(CC4=CC=C(C=C4)O)NC(=O)C(CO)NC(=O)C(CC5=CNC6=CC=CC=C65)NC(=O)C(CC7=CN=CN7)NC(=O)C8CCC(=O)N8
2022,Nafcillin,CCOC1=C(C2=CC=CC=C2C=C1)C(=O)NC3C4N(C3=O)C(C(S4)(C)C)C(=O)O
2023,Naftidrofuryl,CCN(CC)CCOC(=O)C(CC1CCCO1)CC2=CC=CC3=CC=CC=C32
2024,Naftopidil,COC1=CC=CC=C1N2CCN(CC2)CC(COC3=CC=CC4=CC=CC=C43)O
2025,Nalbuphine,C1CC(C1)CN2CCC34C5C(CCC3(C2CC6=C4C(=C(C=C6)O)O5)O)O
2026,Naldemedine,CC(C)(C1=NC(=NO1)C2=CC=CC=C2)NC(=O)C3=C(C4C56CCN(C(C5(C3)O)CC7=C6C(=C(C=C7)O)O4)CC8CC8)O
2027,Nalidixic acid,CCN1C=C(C(=O)C2=C1N=C(C=C2)C)C(=O)O
2028,Nalmefene,C=C1CCC2(C3CC4=C5C2(C1OC5=C(C=C4)O)CCN3CC6CC6)O
2029,Nalorphine,C=CCN1CCC23C4C1CC5=C2C(=C(C=C5)O)OC3C(C=C4)O
2030,Naloxegol,COCCOCCOCCOCCOCCOCCOCCOC1CCC2(C3CC4=C5C2(C1OC5=C(C=C4)O)CCN3CC=C)O
2031,Naloxone,C=CCN1CCC23C4C(=O)CCC2(C1CC5=C3C(=C(C=C5)O)O4)O
2032,Naltrexone,C1CC1CN2CCC34C5C(=O)CCC3(C2CC6=C4C(=C(C=C6)O)O5)O
2033,Naluzotan,CC(=O)NC1=CC(=CC=C1)N2CCN(CC2)CCCCNS(=O)(=O)CC3CCCCC3
2034,Namitecan,CCC1(C2=C(COC1=O)C(=O)N3CC4=C(C5=CC=CC=C5N=C4C3=C2)C=NOCCN)O
2035,Nanatinostat,C1C2C(C2NCC3=NC4=C(C=C3)C=C(C=C4)F)CN1C5=NC=C(C=N5)C(=O)NO
2036,Nandrolone,CC12CCC3C(C1CCC2O)CCC4=CC(=O)CCC34
2037,Nandrolone decanoate,CCCCCCCCCC(=O)OC1CCC2C1(CCC3C2CCC4=CC(=O)CCC34)C
2038,Nandrolone phenpropionate,CC12CCC3C(C1CCC2OC(=O)CCC4=CC=CC=C4)CCC5=CC(=O)CCC35
2039,Naphazoline,C1CN=C(N1)CC2=CC=CC3=CC=CC=C32
2040,Naproxen,CC(C1=CC2=C(C=C1)C=C(C=C2)OC)C(=O)O
2041,Naquotinib,CCC1=C(N=C(C(=N1)C(=O)N)NC2=CC=C(C=C2)N3CCC(CC3)N4CCN(CC4)C)OC5CCN(C5)C(=O)C=C
2042,Naratriptan,CNS(=O)(=O)CCC1=CC2=C(C=C1)NC=C2C3CCN(CC3)C
2043,Naringenin,C1C(OC2=CC(=CC(=C2C1=O)O)O)C3=CC=C(C=C3)O
2044,Naronapride,COC1CN(CCC1NC(=O)C2=CC(=C(C=C2OC)N)Cl)CCCCCC(=O)OC3CN4CCC3CC4
2045,Natamycin,CC1CC=CC=CC=CC=CC(CC2C(C(CC(O2)(CC(CC3C(O3)C=CC(=O)O1)O)O)O)C(=O)O)OC4C(C(C(C(O4)C)O)N)O
2046,Nateglinide,CC(C)C1CCC(CC1)C(=O)NC(CC2=CC=CC=C2)C(=O)O
2047,Navitoclax,CC1(CCC(=C(C1)CN2CCN(CC2)C3=CC=C(C=C3)C(=O)NS(=O)(=O)C4=CC(=C(C=C4)NC(CCN5CCOCC5)CSC6=CC=CC=C6)S(=O)(=O)C(F)(F)F)C7=CC=C(C=C7)Cl)C
2048,Neamine,C1C(C(C(C(C1N)OC2C(C(C(C(O2)CN)O)O)N)O)O)N
2049,Nebivolol,C1CC2=C(C=CC(=C2)F)OC1C(CNCC(C3CCC4=C(O3)C=CC(=C4)F)O)O
2050,Nebularine,C1=C2C(=NC=N1)N(C=N2)C3C(C(C(O3)CO)O)O
2051,Nedocromil,CCCC1=C2C(=CC3=C1OC(=CC3=O)C(=O)O)C(=O)C=C(N2CC)C(=O)O
2052,Nefazodone,CCC1=NN(C(=O)N1CCOC2=CC=CC=C2)CCCN3CCN(CC3)C4=CC(=CC=C4)Cl
2053,Nefiracetam,CC1=C(C(=CC=C1)C)NC(=O)CN2CCCC2=O
2054,Nelarabine,COC1=NC(=NC2=C1N=CN2C3C(C(C(O3)CO)O)O)N
2055,Nelfinavir,CC1=C(C=CC=C1O)C(=O)NC(CSC2=CC=CC=C2)C(CN3CC4CCCCC4CC3C(=O)NC(C)(C)C)O
2056,Nemonoxacin,CC1CC(CN(C1)C2=C(C3=C(C=C2)C(=O)C(=CN3C4CC4)C(=O)O)OC)N
2057,Neocitrullamon,C1=CC=C(C=C1)C2(C(=O)N(C(=O)N2)CCCC(C(=O)O)N)C3=CC=CC=C3
2058,Neosaxitoxin,C1CN2C(=N)N(C(C3C2(C1(O)O)NC(=N3)N)COC(=O)N)O
2059,Neostigmine,CN(C)C(=O)OC1=CC=CC(=C1)[N+](C)(C)C
2060,Nepafenac,C1=CC=C(C=C1)C(=O)C2=CC=CC(=C2N)CC(=O)N
2061,Neratinib,CCOC1=C(C=C2C(=C1)N=CC(=C2NC3=CC(=C(C=C3)OCC4=CC=CC=N4)Cl)C#N)NC(=O)C=CCN(C)C
2062,Netilmicin,CCNC1CC(C(C(C1OC2C(C(C(CO2)(C)O)NC)O)O)OC3C(CC=C(O3)CN)N)N
2063,Netoglitazone,C1=CC=C(C(=C1)COC2=CC3=C(C=C2)C=C(C=C3)CC4C(=O)NC(=O)S4)F
2064,Netupitant,CC1=CC=CC=C1C2=CC(=NC=C2N(C)C(=O)C(C)(C)C3=CC(=CC(=C3)C(F)(F)F)C(F)(F)F)N4CCN(CC4)C
2065,Nevirapine,CC1=C2C(=NC=C1)N(C3=C(C=CC=N3)C(=O)N2)C4CC4
2066,Nialamide,C1=CC=C(C=C1)CNC(=O)CCNNC(=O)C2=CC=NC=C2
2067,Niaprazine,CC(CCN1CCN(CC1)C2=CC=C(C=C2)F)NC(=O)C3=CN=CC=C3
2068,Nicardipine,CC1=C(C(C(=C(N1)C)C(=O)OCCN(C)CC2=CC=CC=C2)C3=CC(=CC=C3)[N+](=O)[O-])C(=O)OC
2069,Nicergoline,CN1CC(CC2(C1CC3=CN(C4=CC=CC2=C34)C)OC)COC(=O)C5=CC(=CN=C5)Br
2070,Niclosamide,C1=CC(=C(C=C1[N+](=O)[O-])Cl)NC(=O)C2=C(C=CC(=C2)Cl)O
2071,Nicomorphine,CN1CCC23C4C1CC5=C2C(=C(C=C5)OC(=O)C6=CN=CC=C6)OC3C(C=C4)OC(=O)C7=CN=CC=C7
2072,Nicorandil,C1=CC(=CN=C1)C(=O)NCCO[N+](=O)[O-]
2073,Nicotine,CN1CCCC1C2=CN=CC=C2
2074,Nicotinyl alcohol,C1=CC(=CN=C1)CO
2075,Nifedipine,CC1=C(C(C(=C(N1)C)C(=O)OC)C2=CC=CC=C2[N+](=O)[O-])C(=O)OC
2076,Nifenazone,CC1=C(C(=O)N(N1C)C2=CC=CC=C2)NC(=O)C3=CN=CC=C3
2077,Niflumic acid,C1=CC(=CC(=C1)NC2=C(C=CC=N2)C(=O)O)C(F)(F)F
2078,Nifuratel,CSCC1CN(C(=O)O1)N=CC2=CC=C(O2)[N+](=O)[O-]
2079,Nigericin,CC1CCC(OC1C(C)C(=O)O)CC2CC(C(C3(O2)C(CC(O3)(C)C4CCC(O4)(C)C5C(CC(O5)C6C(CC(C(O6)(CO)O)C)C)C)C)C)OC
2080,Nilotinib,CC1=C(C=C(C=C1)C(=O)NC2=CC(=CC(=C2)C(F)(F)F)N3C=C(N=C3)C)NC4=NC=CC(=N4)C5=CN=CC=C5
2081,Niludipine,CCCOCCOC(=O)C1=C(NC(=C(C1C2=CC(=CC=C2)[N+](=O)[O-])C(=O)OCCOCCC)C)C
2082,Nilutamide,CC1(C(=O)N(C(=O)N1)C2=CC(=C(C=C2)[N+](=O)[O-])C(F)(F)F)C
2083,Nilvadipine,CC1=C(C(C(=C(N1)C#N)C(=O)OC)C2=CC(=CC=C2)[N+](=O)[O-])C(=O)OC(C)C
2084,Nimesulide,CS(=O)(=O)NC1=C(C=C(C=C1)[N+](=O)[O-])OC2=CC=CC=C2
2085,Nimodipine,CC1=C(C(C(=C(N1)C)C(=O)OC(C)C)C2=CC(=CC=C2)[N+](=O)[O-])C(=O)OCCOC
2086,Nimustine,CC1=NC=C(C(=N1)N)CNC(=O)N(CCCl)N=O
2087,Nintedanib,CN1CCN(CC1)CC(=O)N(C)C2=CC=C(C=C2)N=C(C3=CC=CC=C3)C4=C(NC5=C4C=CC(=C5)C(=O)OC)O
2088,Niperotidine,CN(C)CC1=CC=C(O1)CSCCNC(=C[N+](=O)[O-])NCC2=CC3=C(C=C2)OCO3
2089,Niraparib,C1CC(CNC1)C2=CC=C(C=C2)N3C=C4C=CC=C(C4=N3)C(=O)N
2090,Nirmatrelvir,CC1(C2C1C(N(C2)C(=O)C(C(C)(C)C)NC(=O)C(F)(F)F)C(=O)NC(CC3CCNC3=O)C#N)C
2091,Nirogacestat,CCCC(C(=O)NC1=CN(C=N1)C(C)(C)CNCC(C)(C)C)NC2CCC3=C(C2)C(=CC(=C3)F)F
2092,Nisoldipine,CC1=C(C(C(=C(N1)C)C(=O)OCC(C)C)C2=CC=CC=C2[N+](=O)[O-])C(=O)OC
2093,Nisoxetine,CNCCC(C1=CC=CC=C1)OC2=CC=CC=C2OC
2094,Nitrazepam,C1C(=O)NC2=C(C=C(C=C2)[N+](=O)[O-])C(=N1)C3=CC=CC=C3
2095,Nitrendipine,CCOC(=O)C1=C(NC(=C(C1C2=CC(=CC=C2)[N+](=O)[O-])C(=O)OC)C)C
2096,Nitric Oxide,[N]=O
2097,Nitrite,N(=O)[O-]
2098,Nitroaspirin,CC(=O)OC1=CC=CC=C1C(=O)OC2=CC=CC(=C2)CO[N+](=O)[O-]
2099,Nitrofurantoin,C1C(=O)NC(=O)N1N=CC2=CC=C(O2)[N+](=O)[O-]
2100,Nitroglycerin,C(C(CO[N+](=O)[O-])O[N+](=O)[O-])O[N+](=O)[O-]
2102,Nitrous oxide,[N-]=[N+]=O
2103,Nizatidine,CNC(=C[N+](=O)[O-])NCCSCC1=CSC(=N1)CN(C)C
2104,Nizofenone,CCN(CC)CC1=NC=CN1C2=C(C=C(C=C2)[N+](=O)[O-])C(=O)C3=CC=CC=C3Cl
2105,Nocodazole,COC(=O)NC1=NC2=C(N1)C=C(C=C2)C(=O)C3=CC=CS3
2106,Nolatrexed,CC1=C(C2=C(C=C1)N=C(NC2=O)N)SC3=CC=NC=C3
2107,Nomegestrol,CC1=CC2C(CCC3(C2CCC3(C(=O)C)O)C)C4C1=CC(=O)CC4
2108,Nomegestrol acetate,CC1=CC2C(CCC3(C2CCC3(C(=O)C)OC(=O)C)C)C4C1=CC(=O)CC4
2109,Nomifensine,CN1CC(C2=C(C1)C(=CC=C2)N)C3=CC=CC=C3
2110,Nonoxynol-9,CCCCCCCCCC1=CC=C(C=C1)OCCOCCOCCOCCOCCOCCOCCOCCOCCO
2111,Nordazepam,C1C(=O)NC2=C(C=C(C=C2)Cl)C(=N1)C3=CC=CC=C3
2112,Norelgestromin,CCC12CCC3C(C1CCC2(C#C)O)CCC4=CC(=NO)CCC34
2113,Norepinephrine,C1=CC(=C(C=C1C(CN)O)O)O
2114,Norethindrone enanthate,CCCCCCC(=O)OC1(CCC2C1(CCC3C2CCC4=CC(=O)CCC34)C)C#C
2115,Norethisterone,CC12CCC3C(C1CCC2(C#C)O)CCC4=CC(=O)CCC34
2116,Norethynodrel,CC12CCC3C(C1CCC2(C#C)O)CCC4=C3CCC(=O)C4
2117,Norfenefrine,C1=CC(=CC(=C1)O)C(CN)O
2118,Norfloxacin,CCN1C=C(C(=O)C2=CC(=C(C=C21)N3CCNCC3)F)C(=O)O
2119,Norgestimate,CCC12CCC3C(C1CCC2(C#C)OC(=O)C)CCC4=CC(=NO)CCC34
2120,Norgestrienone,CC12C=CC3=C4CCC(=O)C=C4CCC3C1CCC2(C#C)O
2121,Normethadone,CCC(=O)C(CCN(C)C)(C1=CC=CC=C1)C2=CC=CC=C2
2122,Nortriptyline,CNCCC=C1C2=CC=CC=C2CCC3=CC=CC=C31
2123,Noscapine,CN1CCC2=CC3=C(C(=C2C1C4C5=C(C(=C(C=C5)OC)OC)C(=O)O4)OC)OCO3
2124,Novobiocin,CC1=C(C=CC2=C1OC(=O)C(=C2O)NC(=O)C3=CC(=C(C=C3)O)CC=C(C)C)OC4C(C(C(C(O4)(C)C)OC)OC(=O)N)O
2125,Nylidrin,CC(CCC1=CC=CC=C1)NC(C)C(C2=CC=C(C=C2)O)O
2126,Nystatin,CC1C=CC=CCCC=CC=CC=CC=CC(CC2C(C(CC(O2)(CC(C(CCC(CC(CC(CC(=O)OC(C(C1O)C)C)O)O)O)O)O)O)O)C(=O)O)OC3C(C(C(C(O3)C)O)N)O
2127,OBP-801,CC1C(=O)NC2CSSCCC=CC(CC(=O)N1)OC(=O)CC(C(NC2=O)C(C)C)O
2128,ONT-093,CCOCC=CC1=CC=C(C=C1)C2=NC(=C(N2)C3=CC=C(C=C3)NC(C)C)C4=CC=C(C=C4)NC(C)C
2129,ORM-12741,CC1(CCCN2C1C3=C(CC2)C4=CC=CC=C4O3)COC
2130,OXI-4503,COC1=C(C(=C(C=C1)C=CC2=CC(=C(C(=C2)OC)OC)OC)OP(=O)(O)O)OP(=O)(O)O
2131,Obeticholic acid,CCC1C2CC(CCC2(C3CCC4(C(C3C1O)CCC4C(C)CCC(=O)O)C)C)O
2132,Ocinaplon,C1=CC=NC(=C1)C(=O)C2=C3N=CC=C(N3N=C2)C4=CC=NC=C4
2133,Octamoxin,CCCCCCC(C)NN
2134,Octinoxate,CCCCC(CC)COC(=O)C=CC1=CC=C(C=C1)OC
2135,Octopamine,C1=CC(=CC=C1C(CN)O)O
2137,Odanacatib,CC(C)(CC(C(=O)NC1(CC1)C#N)NC(C2=CC=C(C=C2)C3=CC=C(C=C3)S(=O)(=O)C)C(F)(F)F)F
2138,Olanzapine,CC1=CC2=C(S1)NC3=CC=CC=C3N=C2N4CCN(CC4)C
2139,Olaparib,C1CC1C(=O)N2CCN(CC2)C(=O)C3=C(C=CC(=C3)CC4=NNC(=O)C5=CC=CC=C54)F
2140,Oleandomycin,CC1CC(C(C(O1)OC2C(CC3(CO3)C(=O)C(C(C(C(OC(=O)C(C(C2C)OC4CC(C(C(O4)C)O)OC)C)C)C)O)C)C)O)N(C)C
2141,Oleandrin,CC1C(C(CC(O1)OC2CCC3(C(C2)CCC4C3CCC5(C4(CC(C5C6=CC(=O)OC6)OC(=O)C)O)C)C)OC)O
2142,Oliceridine,COC1=C(SC=C1)CNCCC2(CCOC3(C2)CCCC3)C4=CC=CC=N4
2143,Olmesartan,CCCC1=NC(=C(N1CC2=CC=C(C=C2)C3=CC=CC=C3C4=NNN=N4)C(=O)O)C(C)(C)O
2144,Olmutinib,CN1CCN(CC1)C2=CC=C(C=C2)NC3=NC4=C(C(=N3)OC5=CC=CC(=C5)NC(=O)C=C)SC=C4
2145,Olodaterol,CC(C)(CC1=CC=C(C=C1)OC)NCC(C2=C3C(=CC(=C2)O)NC(=O)CO3)O
2146,Olorofim,CC1=CC(=C(N1C)C(=O)C(=O)NC2=CC=C(C=C2)N3CCN(CC3)C4=NC=C(C=N4)F)C5=CC=CC=C5
2147,Olsalazine,C1=CC(=C(C=C1N=NC2=CC(=C(C=C2)O)C(=O)O)C(=O)O)O
2148,Oltipraz,CC1=C(SSC1=S)C2=NC=CN=C2
2149,Olutasidenib,CC(C1=CC2=C(C=CC(=C2)Cl)NC1=O)NC3=CC=C(N(C3=O)C)C#N
2150,Omacetaxine mepesuccinate,CC(C)(CCCC(CC(=O)OC)(C(=O)OC1C2C3=CC4=C(C=C3CCN5C2(CCC5)C=C1OC)OCO4)O)O
2151,Omadacycline,CC(C)(C)CNCC1=CC(=C2CC3CC4C(C(=O)C(=C(C4(C(=O)C3=C(C2=C1O)O)O)O)C(=O)N)N(C)C)N(C)C
2152,Omapatrilat,C1CC(N2C(C1)SCCC(C2=O)NC(=O)C(CC3=CC=CC=C3)S)C(=O)O
2153,Omarigliptin,CS(=O)(=O)N1C=C2CN(CC2=N1)C3CC(C(OC3)C4=C(C=CC(=C4)F)F)N
2154,Omaveloxolone,CC1(CCC2(CCC3(C(C2C1)C(=O)C=C4C3(CCC5C4(C=C(C(=O)C5(C)C)C#N)C)C)C)NC(=O)C(C)(F)F)C
2155,Ombitasvir,CC(C)C(C(=O)N1CCCC1C(=O)NC2=CC=C(C=C2)C3CCC(N3C4=CC=C(C=C4)C(C)(C)C)C5=CC=C(C=C5)NC(=O)C6CCCN6C(=O)C(C(C)C)NC(=O)OC)NC(=O)OC
2156,Onapristone,CC12CC(C3=C4CCC(=O)C=C4CCC3C1CCC2(CCCO)O)C5=CC=C(C=C5)N(C)C
2157,Ondansetron,CC1=NC=CN1CC2CCC3=C(C2=O)C4=CC=CC=C4N3C
2158,Ondelopran,C1COCCC1CCNCC2=CC(=C(C=C2)OC3=NC=C(C=C3)C(=O)N)F
2159,Opicapone,CC1=C(C(=[N+](C(=C1Cl)C)[O-])Cl)C2=NOC(=N2)C3=CC(=C(C(=C3)O)O)[N+](=O)[O-]
2160,Opipramol,C1CN(CCN1CCCN2C3=CC=CC=C3C=CC4=CC=CC=C42)CCO
2161,Orbifloxacin,CC1CN(CC(N1)C)C2=C(C3=C(C(=C2F)F)C(=O)C(=CN3C4CC4)C(=O)O)F
2162,Orciprenaline,CC(C)NCC(C1=CC(=CC(=C1)O)O)O
2163,Oritavancin,CC1C(C(CC(O1)OC2C3C(=O)NC(C4=C(C(=CC(=C4)O)O)C5=C(C=CC(=C5)C(C(=O)N3)NC(=O)C6C7=CC(=C(C(=C7)OC8=C(C=C2C=C8)Cl)OC9C(C(C(C(O9)CO)O)O)OC1CC(C(C(O1)C)O)(C)NCC1=CC=C(C=C1)C1=CC=C(C=C1)Cl)OC1=C(C=C(C=C1)C(C(C(=O)NC(C(=O)N6)CC(=O)N)NC(=O)C(CC(C)C)NC)O)Cl)O)C(=O)O)(C)N)O
2164,Orlistat,CCCCCCCCCCCC(CC1C(C(=O)O1)CCCCCC)OC(=O)C(CC(C)C)NC=O
2165,Ormeloxifene,CC1(C(C(C2=C(O1)C=C(C=C2)OC)C3=CC=C(C=C3)OCCN4CCCC4)C5=CC=CC=C5)C
2166,Ornidazole,CC1=NC=C(N1CC(CCl)O)[N+](=O)[O-]
2167,Orphenadrine,CC1=CC=CC=C1C(C2=CC=CC=C2)OCCN(C)C
2168,Orvepitant,CC1=C(C=CC(=C1)F)C2CC(CCN2C(=O)N(C)C(C)C3=CC(=CC(=C3)C(F)(F)F)C(F)(F)F)N4CCN5C(C4)CCC5=O
2169,Osanetant,CC(=O)N(C)C1(CCN(CC1)CCCC2(CCCN(C2)C(=O)C3=CC=CC=C3)C4=CC(=C(C=C4)Cl)Cl)C5=CC=CC=C5
2170,Oseltamivir,CCC(CC)OC1C=C(CC(C1NC(=O)C)N)C(=O)OCC
2171,Osilodrostat,C1CC2=CN=CN2C1C3=C(C=C(C=C3)C#N)F
2172,Osimertinib,CN1C=C(C2=CC=CC=C21)C3=NC(=NC=C3)NC4=C(C=C(C(=C4)NC(=O)C=C)N(C)CCN(C)C)OC
2173,Ospemifene,C1=CC=C(C=C1)C(=C(C2=CC=CC=C2)C3=CC=C(C=C3)OCCO)CCCl
2174,Otamixaban,CC(C(CC1=CC(=CC=C1)C(=N)N)C(=O)OC)NC(=O)C2=CC=C(C=C2)C3=CC=[N+](C=C3)[O-]
2175,Oteseconazole,C1=CC(=CC=C1C2=CN=C(C=C2)C(C(CN3C=NN=N3)(C4=C(C=C(C=C4)F)F)O)(F)F)OCC(F)(F)F
2176,Otilonium,CCCCCCCCOC1=CC=CC=C1C(=O)NC2=CC=C(C=C2)C(=O)OCC[N+](C)(CC)CC
2177,Ouabain,CC1C(C(C(C(O1)OC2CC(C3(C4C(CCC3(C2)O)C5(CCC(C5(CC4O)C)C6=CC(=O)OC6)O)CO)O)O)O)O
2178,Oxabolone cipionate,CC12CCC3C(C1CCC2OC(=O)CCC4CCCC4)CCC5=C(C(=O)CCC35)O
2179,Oxacillin,CC1=C(C(=NO1)C2=CC=CC=C2)C(=O)NC3C4N(C3=O)C(C(S4)(C)C)C(=O)O
2180,Oxaflozane,CC(C)N1CCOC(C1)C2=CC(=CC=C2)C(F)(F)F
2181,Oxamniquine,CC(C)NCC1CCC2=CC(=C(C=C2N1)[N+](=O)[O-])CO
2182,Oxandrolone,CC12CCC3C(C1CCC2(C)O)CCC4C3(COC(=O)C4)C
2183,Oxaprotiline,CNCC(CC12CCC(C3=CC=CC=C31)C4=CC=CC=C24)O
2184,Oxaprozin,C1=CC=C(C=C1)C2=C(OC(=N2)CCC(=O)O)C3=CC=CC=C3
2185,Oxatomide,C1CN(CCN1CCCN2C3=CC=CC=C3NC2=O)C(C4=CC=CC=C4)C5=CC=CC=C5
2186,Oxazepam,C1=CC=C(C=C1)C2=NC(C(=O)NC3=C2C=C(C=C3)Cl)O
2187,Oxazepam acetate,CC(=O)OC1C(=O)NC2=C(C=C(C=C2)Cl)C(=N1)C3=CC=CC=C3
2188,Oxcarbazepine,C1C2=CC=CC=C2N(C3=CC=CC=C3C1=O)C(=O)N
2189,Oxetacaine,CC(C)(CC1=CC=CC=C1)N(C)C(=O)CN(CCO)CC(=O)N(C)C(C)(C)CC2=CC=CC=C2
2190,Oxidronic acid,C(O)(P(=O)(O)O)P(=O)(O)O
2191,Oxiracetam,C1C(CN(C1=O)CC(=O)N)O
2192,Oxitriptan,C1=CC2=C(C=C1O)C(=CN2)CC(C(=O)O)N
2193,Oxitropium,CC[N+]1(C2CC(CC1C3C2O3)OC(=O)C(CO)C4=CC=CC=C4)C
2194,Oxolinic acid,CCN1C=C(C(=O)C2=CC3=C(C=C21)OCO3)C(=O)O
2195,Oxprenolol,CC(C)NCC(COC1=CC=CC=C1OCC=C)O
2196,Oxybenzone,COC1=CC(=C(C=C1)C(=O)C2=CC=CC=C2)O
2197,Oxybuprocaine,CCCCOC1=C(C=CC(=C1)C(=O)OCCN(CC)CC)N
2198,Oxybutynin,CCN(CC)CC#CCOC(=O)C(C1CCCCC1)(C2=CC=CC=C2)O
2199,Oxycodone,CN1CCC23C4C(=O)CCC2(C1CC5=C3C(=C(C=C5)OC)O4)O
2200,Oxyfedrine,CC(C(C1=CC=CC=C1)O)NCCC(=O)C2=CC(=CC=C2)OC
2201,Oxymetazoline,CC1=CC(=C(C(=C1CC2=NCCN2)C)O)C(C)(C)C
2202,Oxymetholone,CC12CCC3C(C1CCC2(C)O)CCC4C3(CC(=CO)C(=O)C4)C
2203,Oxymorphone,CN1CCC23C4C(=O)CCC2(C1CC5=C3C(=C(C=C5)O)O4)O
2204,Oxypertine,CC1=C(C2=CC(=C(C=C2N1)OC)OC)CCN3CCN(CC3)C4=CC=CC=C4
2205,Oxyphenbutazone,CCCCC1C(=O)N(N(C1=O)C2=CC=C(C=C2)O)C3=CC=CC=C3
2206,Oxyphencyclimine,CN1CCCN=C1COC(=O)C(C2CCCCC2)(C3=CC=CC=C3)O
2207,Oxyphenisatin,C1=CC=C2C(=C1)C(C(=O)N2)(C3=CC=C(C=C3)O)C4=CC=C(C=C4)O
2208,Oxyphenisatin acetate,CC(=O)OC1=CC=C(C=C1)C2(C3=CC=CC=C3NC2=O)C4=CC=C(C=C4)OC(=O)C
2209,Oxyphenonium,CC[N+](C)(CC)CCOC(=O)C(C1CCCCC1)(C2=CC=CC=C2)O
2210,Oxytetracycline,CC1(C2C(C3C(C(=O)C(=C(C3(C(=O)C2=C(C4=C1C=CC=C4O)O)O)O)C(=O)N)N(C)C)O)O
2211,Ozanimod,CC(C)OC1=C(C=C(C=C1)C2=NC(=NO2)C3=C4CCC(C4=CC=C3)NCCO)C#N
2212,PD173955,CN1C2=NC(=NC=C2C=C(C1=O)C3=C(C=CC=C3Cl)Cl)NC4=CC(=CC=C4)SC
2213,PF-00610355,CC(C)(CC1=CC=CC(=C1)CC(=O)NCC2=CC(=CC=C2)C3=CC=C(C=C3)O)NCC(C4=CC(=C(C=C4)O)NS(=O)(=O)C)O
2214,PRX-08066,C1CN(CCC1NC2=C3C=C(SC3=NC=N2)Cl)CC4=CC(=C(C=C4)F)C#N.C(=CC(=O)O)C(=O)O
2215,Paclitaxel,CC1=C2C(C(=O)C3(C(CC4C(C3C(C(C2(C)C)(CC1OC(=O)C(C(C5=CC=CC=C5)NC(=O)C6=CC=CC=C6)O)O)OC(=O)C7=CC=CC=C7)(CO4)OC(=O)C)O)C)OC(=O)C
2216,Pacritinib,C1CCN(C1)CCOC2=C3COCC=CCOCC4=CC(=CC=C4)C5=NC(=NC=C5)NC(=C3)C=C2
2217,Padeliporfin,[H+].[H+].CCC1C(C2=NC1=CC3=C(C(=C([N-]3)C(=C4C(C(C(=N4)C=C5C(=C(C(=C2)[N-]5)C(=O)C)C)C)CCC(=O)[O-])CC(=O)OC)C(=O)NCCS(=O)(=O)[O-])C)C.[Pd+2]
2218,Pagoclone,CC(C)CCC(=O)CC1C2=CC=CC=C2C(=O)N1C3=NC4=C(C=C3)C=CC(=N4)Cl
2219,Palbociclib,CC1=C(C(=O)N(C2=NC(=NC=C12)NC3=NC=C(C=C3)N4CCNCC4)C5CCCC5)C(=O)C
2220,Palifosfamide,C(CCl)NP(=O)(NCCCl)O
2221,Paliperidone,CC1=C(C(=O)N2CCCC(C2=N1)O)CCN3CCC(CC3)C4=NOC5=C4C=CC(=C5)F
2222,Palmidrol,CCCCCCCCCCCCCCCC(=O)NCCO
2223,Palonosetron,C1CC2CN(C(=O)C3=CC=CC(=C23)C1)C4CN5CCC4CC5
2224,Palovarotene,CC1(CCC(C2=C1C=C(C(=C2)C=CC3=CC=C(C=C3)C(=O)O)CN4C=CC=N4)(C)C)C
2225,Pamidronic acid,C(CN)C(O)(P(=O)(O)O)P(=O)(O)O
2226,Pancuronium,CC(=O)OC1CC2CCC3C(C2(CC1[N+]4(CCCCC4)C)C)CCC5(C3CC(C5OC(=O)C)[N+]6(CCCCC6)C)C
2227,Panobinostat,CC1=C(C2=CC=CC=C2N1)CCNCC3=CC=C(C=C3)C=CC(=O)NO
2228,Pantoprazole,COC1=C(C(=NC=C1)CS(=O)C2=NC3=C(N2)C=C(C=C3)OC(F)F)OC
2229,Pantothenic acid,CC(C)(CO)C(C(=O)NCCC(=O)O)O
2230,Papaverine,COC1=C(C=C(C=C1)CC2=NC=CC3=CC(=C(C=C32)OC)OC)OC
2231,Paraldehyde,CC1OC(OC(O1)C)C
2232,Paramethadione,CCC1(C(=O)N(C(=O)O1)C)C
2233,Paramethasone,CC1CC2C3CC(C4=CC(=O)C=CC4(C3C(CC2(C1(C(=O)CO)O)C)O)C)F
2234,Paraoxon,CCOP(=O)(OCC)OC1=CC=C(C=C1)[N+](=O)[O-]
2235,Parecoxib,CCC(=O)NS(=O)(=O)C1=CC=C(C=C1)C2=C(ON=C2C3=CC=CC=C3)C
2236,Pargyline,CN(CC#C)CC1=CC=CC=C1
2237,Paricalcitol,CC(C=CC(C)C(C)(C)O)C1CCC2C1(CCCC2=CC=C3CC(CC(C3)O)O)C
2238,Paritaprevir,CC1=CN=C(C=N1)C(=O)NC2CCCCCC=CC3CC3(NC(=O)C4CC(CN4C2=O)OC5=NC6=CC=CC=C6C7=CC=CC=C75)C(=O)NS(=O)(=O)C8CC8
2239,Paromomycin,C1C(C(C(C(C1N)OC2C(C(C(C(O2)CO)O)O)N)OC3C(C(C(O3)CO)OC4C(C(C(C(O4)CN)O)O)N)O)O)N
2240,Paroxetine,C1CNCC(C1C2=CC=C(C=C2)F)COC3=CC4=C(C=C3)OCO4
2241,Pasireotide,C1C(CN2C1C(=O)NC(C(=O)NC(C(=O)NC(C(=O)NC(C(=O)NC(C2=O)CC3=CC=CC=C3)CC4=CC=C(C=C4)OCC5=CC=CC=C5)CCCCN)CC6=CNC7=CC=CC=C76)C8=CC=CC=C8)OC(=O)NCCN
2242,Patent Blue,CCN(CC)C1=CC=C(C=C1)C(=C2C=CC(=[N+](CC)CC)C=C2)C3=CC(=C(C=C3S(=O)(=O)O)S(=O)(=O)O)O
2243,Patupilone,CC1CCCC2(C(O2)CC(OC(=O)CC(C(C(=O)C(C1O)C)(C)C)O)C(=CC3=CSC(=N3)C)C)C
2244,Pazopanib,CC1=C(C=C(C=C1)NC2=NC=CC(=N2)N(C)C3=CC4=NN(C(=C4C=C3)C)C)S(=O)(=O)N
2245,Pazufloxacin,CC1COC2=C3N1C=C(C(=O)C3=CC(=C2C4(CC4)N)F)C(=O)O
2246,Peficitinib,C1C2CC3CC(C2)(CC1C3NC4=C5C=CNC5=NC=C4C(=O)N)O
2247,Pefloxacin,CCN1C=C(C(=O)C2=CC(=C(C=C21)N3CCN(CC3)C)F)C(=O)O
2248,Peldesine,C1=CC(=CN=C1)CC2=CNC3=C2N=C(NC3=O)N
2249,Pelitinib,CCOC1=C(C=C2C(=C1)N=CC(=C2NC3=CC(=C(C=C3)F)Cl)C#N)NC(=O)C=CCN(C)C
2250,Pemafibrate,CCC(C(=O)O)OC1=CC=CC(=C1)CN(CCCOC2=CC=C(C=C2)OC)C3=NC4=CC=CC=C4O3
2251,Pemetrexed,C1=CC(=CC=C1CCC2=CNC3=C2C(=O)NC(=N3)N)C(=O)NC(CCC(=O)O)C(=O)O
2252,Pemigatinib,CCN1C2=C3C=C(NC3=NC=C2CN(C1=O)C4=C(C(=CC(=C4F)OC)OC)F)CN5CCOCC5
2253,Penamecillin,CC(=O)OCOC(=O)C1C(SC2N1C(=O)C2NC(=O)CC3=CC=CC=C3)(C)C
2254,Penbutolol,CC(C)(C)NCC(COC1=CC=CC=C1C2CCCC2)O
2255,Penciclovir,C1=NC2=C(N1CCC(CO)CO)N=C(NC2=O)N
2256,Penclomedine,COC1=C(C(=NC(=C1Cl)OC)C(Cl)(Cl)Cl)Cl
2257,Penfluridol,C1CN(CCC1(C2=CC(=C(C=C2)Cl)C(F)(F)F)O)CCCC(C3=CC=C(C=C3)F)C4=CC=C(C=C4)F
2258,Penicillamine,CC(C)(C(C(=O)O)N)S
2259,Penicillin G Acyl-Serine,CC1(C(NC(S1)C(C(=O)OCC(C(=O)[O-])N)N=C(CC2=CC=CC=C2)[O-])C(=O)O)C
2260,Penimepicycline,CC1(C(N2C(S1)C(C2=O)NC(=O)COC3=CC=CC=C3)C(=O)O)C.CC1(C2CC3C(C(=O)C(=C(C3(C(=O)C2=C(C4=C1C=CC=C4O)O)O)O)C(=O)NCN5CCN(CC5)CCO)N(C)C)O
2261,Pentaerithrityl,C(C(CO)(CO)CO)O
2262,Pentaerythritol tetranitrate,C(C(CO[N+](=O)[O-])(CO[N+](=O)[O-])CO[N+](=O)[O-])O[N+](=O)[O-]
2263,Pentamidine,C1=CC(=CC=C1C(=N)N)OCCCCCOC2=CC=C(C=C2)C(=N)N
2264,Pentazocine,CC1C2CC3=C(C1(CCN2CC=C(C)C)C)C=C(C=C3)O
2265,Penthienate,CC[N+](C)(CC)CCOC(=O)C(C1CCCC1)(C2=CC=CS2)O
2266,Pentifylline,CCCCCCN1C(=O)C2=C(N=CN2C)N(C1=O)C
2267,Pentobarbital,CCCC(C)C1(C(=O)NC(=O)NC1=O)CC
2268,Pentolinium,C[N+]1(CCCC1)CCCCC[N+]2(CCCC2)C
2270,Pentostatin,C1C(C(OC1N2C=NC3=C2NC=NCC3O)CO)O
2271,Pentoxifylline,CC(=O)CCCCN1C(=O)C2=C(N=CN2C)N(C1=O)C
2272,Perampanel,C1=CC=C(C=C1)N2C=C(C=C(C2=O)C3=CC=CC=C3C#N)C4=CC=CC=N4
2273,Perazine,CN1CCN(CC1)CCCN2C3=CC=CC=C3SC4=CC=CC=C42
2274,Perchlorate,[O-]Cl(=O)(=O)=O
2275,Perflubutane,C(C(C(F)(F)F)(F)F)(C(F)(F)F)(F)F
2276,Perflutren,C(C(F)(F)F)(C(F)(F)F)(F)F
2277,Pergolide,CCCN1CC(CC2C1CC3=CNC4=CC=CC2=C34)CSC
2278,Perhexiline,C1CCC(CC1)C(CC2CCCCN2)C3CCCCC3
2279,Periciazine,C1CN(CCC1O)CCCN2C3=CC=CC=C3SC4=C2C=C(C=C4)C#N
2280,Perillyl alcohol,CC(=C)C1CCC(=CC1)CO
2281,Perindopril,CCCC(C(=O)OCC)NC(C)C(=O)N1C2CCCCC2CC1C(=O)O
2282,Perindoprilat,CCCC(C(=O)O)NC(C)C(=O)N1C2CCCCC2CC1C(=O)O
2283,Permethrin,CC1(C(C1C(=O)OCC2=CC(=CC=C2)OC3=CC=CC=C3)C=C(Cl)Cl)C
2284,Perospirone,C1CCC2C(C1)C(=O)N(C2=O)CCCCN3CCN(CC3)C4=NSC5=CC=CC=C54
2285,Perphenazine,C1CN(CCN1CCCN2C3=CC=CC=C3SC4=C2C=C(C=C4)Cl)CCO
2286,Perphenazine enanthate,CCCCCCC(=O)OCCN1CCN(CC1)CCCN2C3=CC=CC=C3SC4=C2C=C(C=C4)Cl
2287,Peruvoside,CC1C(C(C(C(O1)OC2CCC3(C(C2)CCC4C3CCC5(C4(CCC5C6=CC(=O)OC6)O)C)C=O)O)OC)O
2288,Pexidartinib,C1=CC(=NC=C1CC2=CNC3=C2C=C(C=N3)Cl)NCC4=CN=C(C=C4)C(F)(F)F
2289,Phenacemide,C1=CC=C(C=C1)CC(=O)NC(=O)N
2290,Phenacetin,CCOC1=CC=C(C=C1)NC(=O)C
2291,Phenazocine,CC1C2CC3=C(C1(CCN2CCC4=CC=CC=C4)C)C=C(C=C3)O
2292,Phenazopyridine,C1=CC=C(C=C1)N=NC2=C(N=C(C=C2)N)N
2293,Phencyclidine,C1CCC(CC1)(C2=CC=CC=C2)N3CCCCC3
2294,Phendimetrazine,CC1C(OCCN1C)C2=CC=CC=C2
2295,Phenelzine,C1=CC=C(C=C1)CCNN
2296,Phenethyl Isothiocyanate,C1=CC=C(C=C1)CCN=C=S
2297,Phenethylamine,C1=CC=C(C=C1)CCN
2298,Pheneticillin,CC(C(=O)NC1C2N(C1=O)C(C(S2)(C)C)C(=O)O)OC3=CC=CC=C3
2299,Pheneturide,CCC(C1=CC=CC=C1)C(=O)NC(=O)N
2300,Phenformin,C1=CC=C(C=C1)CCN=C(N)N=C(N)N
2301,Phenglutarimide,CCN(CC)CCC1(CCC(=O)NC1=O)C2=CC=CC=C2
2302,Phenibut,C1=CC=C(C=C1)C(CC(=O)O)CN
2303,Phenindamine,CN1CCC2=C(C1)C(C3=CC=CC=C23)C4=CC=CC=C4
2304,Phenindione,C1=CC=C(C=C1)C2C(=O)C3=CC=CC=C3C2=O
2305,Pheniprazine,CC(CC1=CC=CC=C1)NN
2306,Pheniramine,CN(C)CCC(C1=CC=CC=C1)C2=CC=CC=N2
2307,Phenmetrazine,CC1C(OCCN1)C2=CC=CC=C2
2308,Phenobarbital,CCC1(C(=O)NC(=O)NC1=O)C2=CC=CC=C2
2309,Phenol,C1=CC=C(C=C1)O
2310,Phenolphthalein,C1=CC=C2C(=C1)C(=O)OC2(C3=CC=C(C=C3)O)C4=CC=C(C=C4)O
2311,Phenoperidine,CCOC(=O)C1(CCN(CC1)CCC(C2=CC=CC=C2)O)C3=CC=CC=C3
2312,Phenothiazine,C1=CC=C2C(=C1)NC3=CC=CC=C3S2
2313,Phenoxybenzamine,CC(COC1=CC=CC=C1)N(CCCl)CC2=CC=CC=C2
2314,Phenoxymethylpenicillin,CC1(C(N2C(S1)C(C2=O)NC(=O)COC3=CC=CC=C3)C(=O)O)C
2315,Phenoxypropazine,CC(COC1=CC=CC=C1)NN
2316,Phenprobamate,C1=CC=C(C=C1)CCCOC(=O)N
2317,Phenprocoumon,CCC(C1=CC=CC=C1)C2=C(C3=CC=CC=C3OC2=O)O
2318,Phenserine,CC12CCN(C1N(C3=C2C=C(C=C3)OC(=O)NC4=CC=CC=C4)C)C
2319,Phensuximide,CN1C(=O)CC(C1=O)C2=CC=CC=C2
2320,Phentermine,CC(C)(CC1=CC=CC=C1)N
2321,Phentolamine,CC1=CC=C(C=C1)N(CC2=NCCN2)C3=CC(=CC=C3)O
2322,Phenyl aminosalicylate,C1=CC=C(C=C1)OC(=O)C2=C(C=C(C=C2)N)O
2323,Phenylacetic acid,C1=CC=C(C=C1)CC(=O)O
2324,Phenylbutazone,CCCCC1C(=O)N(N(C1=O)C2=CC=CC=C2)C3=CC=CC=C3
2325,Phenylbutyric acid,C1=CC=C(C=C1)CCCC(=O)O
2326,Phenylephrine,CNCC(C1=CC(=CC=C1)O)O
2327,Phenytoin,C1=CC=C(C=C1)C2(C(=O)NC(=O)N2)C3=CC=CC=C3
2328,Pholcodine,CN1CCC23C4C1CC5=C2C(=C(C=C5)OCCN6CCOCC6)OC3C(C=C4)O
2329,Phosmet,COP(=S)(OC)SCN1C(=O)C2=CC=CC=C2C1=O
2330,Phosphocreatine,CN(CC(=O)O)C(=NP(=O)(O)O)N
2331,Phthalylsulfathiazole,C1=CC=C(C(=C1)C(=O)NC2=CC=C(C=C2)S(=O)(=O)NC3=NC=CS3)C(=O)O
2332,Phylloquinone,CC1=C(C(=O)C2=CC=CC=C2C1=O)CC=C(C)CCCC(C)CCCC(C)CCCC(C)C
2333,Physostigmine,CC12CCN(C1N(C3=C2C=C(C=C3)OC(=O)NC)C)C
2334,Pibrentasvir,CC(C(C(=O)N1CCCC1C2=NC3=C(N2)C=C(C(=C3)F)C4CCC(N4C5=CC(=C(C(=C5)F)N6CCC(CC6)C7=CC=C(C=C7)F)F)C8=CC9=C(C=C8F)N=C(N9)C1CCCN1C(=O)C(C(C)OC)NC(=O)OC)NC(=O)OC)OC
2335,Piceatannol,C1=CC(=C(C=C1C=CC2=CC(=CC(=C2)O)O)O)O
2336,Piclamilast,COC1=C(C=C(C=C1)C(=O)NC2=C(C=NC=C2Cl)Cl)OC3CCCC3
2337,Piclozotan,C1CN(CC=C1C2=CC=CC=N2)CCCCN3C(=COC4=CC=CC=C4C3=O)Cl
2338,Picosulfuric acid,C1=CC=NC(=C1)C(C2=CC=C(C=C2)OS(=O)(=O)O)C3=CC=C(C=C3)OS(=O)(=O)O
2339,Picotamide,COC1=C(C=C(C=C1)C(=O)NCC2=CN=CC=C2)C(=O)NCC3=CN=CC=C3
2340,Pidotimod,C1CC(=O)NC1C(=O)N2CSCC2C(=O)O
2341,Pilocarpine,CCC1C(COC1=O)CC2=CN=CN2C
2342,Pilsicainide,CC1=C(C(=CC=C1)C)NC(=O)CC23CCCN2CCC3
2343,Pimavanserin,CC(C)COC1=CC=C(C=C1)CNC(=O)N(CC2=CC=C(C=C2)F)C3CCN(CC3)C
2344,Pimecrolimus,CCC1C=C(CC(CC(C2C(CC(C(O2)(C(=O)C(=O)N3CCCCC3C(=O)OC(C(C(CC1=O)O)C)C(=CC4CCC(C(C4)OC)Cl)C)O)C)OC)OC)C)C
2345,Pimozide,C1CN(CCC1N2C3=CC=CC=C3NC2=O)CCCC(C4=CC=C(C=C4)F)C5=CC=C(C=C5)F
2346,Pinacidil,CC(C(C)(C)C)N=C(NC#N)NC1=CC=NC=C1.O
2347,Pinaverium,CC1(C2CCC(C1C2)CCOCC[N+]3(CCOCC3)CC4=CC(=C(C=C4Br)OC)OC)C
2348,Pinazepam,C#CCN1C(=O)CN=C(C2=C1C=CC(=C2)Cl)C3=CC=CC=C3
2349,Pindolol,CC(C)NCC(COC1=CC=CC2=C1C=CN2)O
2350,Pinometostat,CC(C)N(CC1C(C(C(O1)N2C=NC3=C(N=CN=C32)N)O)O)C4CC(C4)CCC5=NC6=C(N5)C=C(C=C6)C(C)(C)C
2351,Pioglitazone,CCC1=CN=C(C=C1)CCOC2=CC=C(C=C2)CC3C(=O)NC(=O)S3
2352,Pipamperone,C1CCN(CC1)C2(CCN(CC2)CCCC(=O)C3=CC=C(C=C3)F)C(=O)N
2353,Pipecuronium,CC(=O)OC1CC2CCC3C(C2(CC1N4CC[N+](CC4)(C)C)C)CCC5(C3CC(C5OC(=O)C)N6CC[N+](CC6)(C)C)C
2354,Pipemidic acid,CCN1C=C(C(=O)C2=CN=C(N=C21)N3CCNCC3)C(=O)O
2355,Pipenzolate,CC[N+]1(CCCC(C1)OC(=O)C(C2=CC=CC=C2)(C3=CC=CC=C3)O)C
2356,Piperacillin,CCN1CCN(C(=O)C1=O)C(=O)NC(C2=CC=CC=C2)C(=O)NC3C4N(C3=O)C(C(S4)(C)C)C(=O)O
2357,Piperaquine,C1CN(CCN1CCCN2CCN(CC2)C3=C4C=CC(=CC4=NC=C3)Cl)C5=C6C=CC(=CC6=NC=C5)Cl
2358,Piperazine,C1CNCCN1
2359,Piperidolate,CCN1CCCC(C1)OC(=O)C(C2=CC=CC=C2)C3=CC=CC=C3
2360,Piperine,C1CCN(CC1)C(=O)C=CC=CC2=CC3=C(C=C2)OCO3
2361,Pipobroman,C1CN(CCN1C(=O)CCBr)C(=O)CCBr
2362,Pipotiazine,CN(C)S(=O)(=O)C1=CC2=C(C=C1)SC3=CC=CC=C3N2CCCN4CCC(CC4)CCO
2363,Piracetam,C1CC(=O)N(C1)CC(=O)N
2364,Pirarubicin,CC1C(C(CC(O1)OC2CC(CC3=C2C(=C4C(=C3O)C(=O)C5=C(C4=O)C(=CC=C5)OC)O)(C(=O)CO)O)N)OC6CCCCO6
2365,Pirbuterol,CC(C)(C)NCC(C1=NC(=C(C=C1)O)CO)O
2366,Pirenzepine,CN1CCN(CC1)CC(=O)N2C3=CC=CC=C3C(=O)NC4=C2N=CC=C4
2367,Piretanide,C1CCN(C1)C2=C(C(=CC(=C2)C(=O)O)S(=O)(=O)N)OC3=CC=CC=C3
2368,Piribedil,C1CN(CCN1CC2=CC3=C(C=C2)OCO3)C4=NC=CC=N4
2369,Piritramide,C1CCN(CC1)C2(CCN(CC2)CCC(C#N)(C3=CC=CC=C3)C4=CC=CC=C4)C(=O)N
2370,Piritrexim,CC1=C2C(=NC(=NC2=NC=C1CC3=C(C=CC(=C3)OC)OC)N)N
2371,Pirlimycin,CCC1CCNC(C1)C(=O)NC(C2C(C(C(C(O2)SC)O)O)O)C(C)Cl
2372,Pirlindole,CC1=CC2=C(C=C1)N3CCNC4C3=C2CCC4
2373,Piromidic acid,CCN1C=C(C(=O)C2=CN=C(N=C21)N3CCCC3)C(=O)O
2374,Piroxicam,CN1C(=C(C2=CC=CC=C2S1(=O)=O)O)C(=O)NC3=CC=CC=N3
2375,Pirprofen,CC(C1=CC(=C(C=C1)N2CC=CC2)Cl)C(=O)O
2376,Pirtobrutinib,CC(C(F)(F)F)N1C(=C(C(=N1)C2=CC=C(C=C2)CNC(=O)C3=C(C=CC(=C3)F)OC)C(=O)N)N
2377,Pitavastatin,C1CC1C2=NC3=CC=CC=C3C(=C2C=CC(CC(CC(=O)O)O)O)C4=CC=C(C=C4)F
2378,Pitolisant,C1CCN(CC1)CCCOCCCC2=CC=C(C=C2)Cl
2379,Pivagabine,CC(C)(C)C(=O)NCCCC(=O)O
2380,Pivampicillin,CC1(C(N2C(S1)C(C2=O)NC(=O)C(C3=CC=CC=C3)N)C(=O)OCOC(=O)C(C)(C)C)C
2381,Pivhydrazine,CC(C)(C)C(=O)NNCC1=CC=CC=C1
2382,Pivmecillinam,CC1(C(N2C(S1)C(C2=O)N=CN3CCCCCC3)C(=O)OCOC(=O)C(C)(C)C)C
2383,Pixantrone,C1=CC(=C2C(=C1NCCN)C(=O)C3=C(C2=O)C=NC=C3)NCCN
2384,Pizotifen,CN1CCC(=C2C3=C(CCC4=CC=CC=C42)SC=C3)CC1
2385,Platelet Activating Factor,CCCCCCCCCCCCCCCCOCC(COP(=O)([O-])OCC[N+](C)(C)C)OC(=O)C
2386,Platinum,[Pt]
2387,Plazomicin,CC1(COC(C(C1NC)O)OC2C(CC(C(C2O)OC3C(CC=C(O3)CNCCO)N)N)NC(=O)C(CCN)O)O
2388,Plecanatide,CC1C(=O)NC2CSSCC(C(=O)NC(C(=O)NC(C(=O)NC(CSSCC(NC(=O)CNC(=O)C(NC2=O)C(C)O)C(=O)NC(CC(C)C)C(=O)O)C(=O)NC(C(=O)NC(C(=O)NC(C(=O)N1)C(C)C)CC(=O)N)C(C)C)CC(C)C)CCC(=O)O)NC(=O)C(CCC(=O)O)NC(=O)C(CC(=O)O)NC(=O)C(CC(=O)N)N
2389,Plerixafor,C1CNCCNCCCN(CCNC1)CC2=CC=C(C=C2)CN3CCCNCCNCCCNCC3
2390,Plevitrexed,CC1=CC2=C(C=C1CN(CC#C)C3=CC(=C(C=C3)C(=O)NC(CCC4=NNN=N4)C(=O)O)F)C(=O)NC(=N2)C
2391,Plicamycin,CC1C(C(CC(O1)OC2CC(OC(C2O)C)OC3=CC4=CC5=C(C(=O)C(C(C5)C(C(=O)C(C(C)O)O)OC)OC6CC(C(C(O6)C)O)OC7CC(C(C(O7)C)O)OC8CC(C(C(O8)C)O)(C)O)C(=C4C(=C3C)O)O)O)O
2392,Plitidepsin,CCC(C)C1C(CC(=O)OC(C(=O)C(C(=O)NC(C(=O)N2CCCC2C(=O)N(C(C(=O)OC(C(C(=O)N1)NC(=O)C(CC(C)C)N(C)C(=O)C3CCCN3C(=O)C(=O)C)C)CC4=CC=C(C=C4)OC)C)CC(C)C)C)C(C)C)O
2393,Plumbagin,CC1=CC(=O)C2=C(C1=O)C=CC=C2O
2394,Polaprezinc,C1=C(N=C[N-]1)CC(C(=O)[O-])NC(=O)CCN.[Zn+2]
2395,Poldine,C[N+]1(CCCC1COC(=O)C(C2=CC=CC=C2)(C3=CC=CC=C3)O)C
2396,Polmacoxib,CC1(C(=O)C(=C(O1)C2=CC=C(C=C2)S(=O)(=O)N)C3=CC(=CC=C3)F)C
2398,Pomalidomide,C1CC(=O)NC(=O)C1N2C(=O)C3=C(C2=O)C(=CC=C3)N
2399,Ponatinib,CC1=C(C=C(C=C1)C(=O)NC2=CC(=C(C=C2)CN3CCN(CC3)C)C(F)(F)F)C#CC4=CN=C5N4N=CC=C5
2400,Ponesimod,CCCN=C1N(C(=O)C(=CC2=CC(=C(C=C2)OCC(CO)O)Cl)S1)C3=CC=CC=C3C
2401,Porfiromycin,CC1=C(C(=O)C2=C(C1=O)N3CC4C(C3(C2COC(=O)N)OC)N4C)N
2402,Posaconazole,CCC(C(C)O)N1C(=O)N(C=N1)C2=CC=C(C=C2)N3CCN(CC3)C4=CC=C(C=C4)OCC5CC(OC5)(CN6C=NC=N6)C7=C(C=C(C=C7)F)F
2403,Posizolid,C1CN(CC=C1C2=C(C=C(C=C2F)N3CC(OC3=O)COC4=NOC=C4)F)C(=O)C(CO)O
2404,Potassium,[K]
2405,Potassium cation,[K+]
2406,Potassium triiodide,[K+].I[I-]I
2407,Pracinostat,CCCCC1=NC2=C(N1CCN(CC)CC)C=CC(=C2)C=CC(=O)NO
2408,Practolol,CC(C)NCC(COC1=CC=C(C=C1)NC(=O)C)O
2409,Pradigastat,C1CC(CCC1CC(=O)O)C2=CC=C(C=C2)C3=NC=C(C=C3)NC4=CN=C(C=C4)C(F)(F)F
2410,Prajmaline,CCC[N+]12C3CC(C(C1O)CC)C4C2CC5(C3N(C6=CC=CC=C65)C)C4O
2411,Pralatrexate,C#CCC(CC1=CN=C2C(=N1)C(=NC(=N2)N)N)C3=CC=C(C=C3)C(=O)NC(CCC(=O)O)C(=O)O
2412,Pralidoxime,C[N+]1=CC=CC=C1C=NO
2413,Pralsetinib,CC1=CC(=NN1)NC2=NC(=NC(=C2)C)C3CCC(CC3)(C(=O)NC(C)C4=CN=C(C=C4)N5C=C(C=N5)F)OC
2414,Pramlintide,CCC(C)C(C(=O)NC(CC(C)C)C(=O)N1CCCC1C(=O)N2CCCC2C(=O)NC(C(C)O)C(=O)NC(CC(=O)N)C(=O)NC(C(C)C)C(=O)NCC(=O)NC(CO)C(=O)NC(CC(=O)N)C(=O)NC(C(C)O)C(=O)NC(CC3=CC=C(C=C3)O)C(=O)N)NC(=O)C4CCCN4C(=O)CNC(=O)C(CC5=CC=CC=C5)NC(=O)C(CC(=O)N)NC(=O)C(CC(=O)N)NC(=O)C(CO)NC(=O)C(CO)NC(=O)C(CC6=CNC=N6)NC(=O)C(C(C)C)NC(=O)C(CC(C)C)NC(=O)C(CC7=CC=CC=C7)NC(=O)C(CC(=O)N)NC(=O)C(C)NC(=O)C(CC(C)C)NC(=O)C(CCCNC(=N)N)NC(=O)C(CCC(=O)N)NC(=O)C(C(C)O)NC(=O)C(C)NC(=O)C8CSSCC(C(=O)NC(C(=O)NC(C(=O)NC(C(=O)NC(C(=O)N8)C(C)O)C)C(C)O)CC(=O)N)NC(=O)C(CCCCN)N
2415,Pramocaine,CCCCOC1=CC=C(C=C1)OCCCN2CCOCC2
2416,Pranlukast,C1=CC=C(C=C1)CCCCOC2=CC=C(C=C2)C(=O)NC3=CC=CC4=C3OC(=CC4=O)C5=NNN=N5
2417,Pranoprofen,CC(C1=CC2=C(C=C1)OC3=C(C2)C=CC=N3)C(=O)O
2418,Prasterone,CC12CCC3C(C1CCC2=O)CC=C4C3(CCC(C4)O)C
2419,Prasterone enantate,CCCCCCC(=O)OC1CCC2(C3CCC4(C(C3CC=C2C1)CCC4=O)C)C
2420,Prasterone sulfate,CC12CCC3C(C1CCC2=O)CC=C4C3(CCC(C4)OS(=O)(=O)O)C
2421,Prasugrel,CC(=O)OC1=CC2=C(S1)CCN(C2)C(C3=CC=CC=C3F)C(=O)C4CC4
2422,Pravastatin,CCC(C)C(=O)OC1CC(C=C2C1C(C(C=C2)C)CCC(CC(CC(=O)O)O)O)O
2423,Prazepam,C1CC1CN2C(=O)CN=C(C3=C2C=CC(=C3)Cl)C4=CC=CC=C4
2424,Prazosin,COC1=C(C=C2C(=C1)C(=NC(=N2)N3CCN(CC3)C(=O)C4=CC=CO4)N)OC
2425,Prednicarbate,CCC(=O)OCC(=O)C1(CCC2C1(CC(C3C2CCC4=CC(=O)C=CC34C)O)C)OC(=O)OCC
2426,Prednimustine,CC12CC(C3C(C1CCC2(C(=O)COC(=O)CCCC4=CC=C(C=C4)N(CCCl)CCCl)O)CCC5=CC(=O)C=CC35C)O
2427,Prednisolone,CC12CC(C3C(C1CCC2(C(=O)CO)O)CCC4=CC(=O)C=CC34C)O
2428,Prednisolone acetate,CC(=O)OCC(=O)C1(CCC2C1(CC(C3C2CCC4=CC(=O)C=CC34C)O)C)O
2429,Prednisolone hemisuccinate,CC12CC(C3C(C1CCC2(C(=O)COC(=O)CCC(=O)O)O)CCC4=CC(=O)C=CC34C)O
2430,Prednisolone phosphate,CC12CC(C3C(C1CCC2(C(=O)COP(=O)(O)O)O)CCC4=CC(=O)C=CC34C)O
2431,Prednisone,CC12CC(=O)C3C(C1CCC2(C(=O)CO)O)CCC4=CC(=O)C=CC34C
2432,Prednisone acetate,CC(=O)OCC(=O)C1(CCC2C1(CC(=O)C3C2CCC4=CC(=O)C=CC34C)C)O
2433,Prednylidene,CC12CC(C3C(C1CC(=C)C2(C(=O)CO)O)CCC4=CC(=O)C=CC34C)O
2434,Pregabalin,CC(C)CC(CC(=O)O)CN
2435,Pregnenolone,CC(=O)C1CCC2C1(CCC3C2CC=C4C3(CCC(C4)O)C)C
2436,Prenalterol,CC(C)NCC(COC1=CC=C(C=C1)O)O
2437,Prenylamine,CC(CC1=CC=CC=C1)NCCC(C2=CC=CC=C2)C3=CC=CC=C3
2438,Pretomanid,C1C(COC2=NC(=CN21)[N+](=O)[O-])OCC3=CC=C(C=C3)OC(F)(F)F
2439,Previtamin D(3),CC1=C(CC(CC1)O)C=CC2=CCCC3(C2CCC3C(C)CCCC(C)C)C
2440,Pridinol,C1CCN(CC1)CCC(C2=CC=CC=C2)(C3=CC=CC=C3)O
2441,Prifinium,CC[N+]1(CCC(=C(C2=CC=CC=C2)C3=CC=CC=C3)C1C)CC
2442,Prilocaine,CCCNC(C)C(=O)NC1=CC=CC=C1C
2443,Primaquine,CC(CCCN)NC1=C2C(=CC(=C1)OC)C=CC=N2
2444,Primidone,CCC1(C(=O)NCNC1=O)C2=CC=CC=C2
2445,Probenecid,CCCN(CCC)S(=O)(=O)C1=CC=C(C=C1)C(=O)O
2446,Probucol,CC(C)(C)C1=CC(=CC(=C1O)C(C)(C)C)SC(C)(C)SC2=CC(=C(C(=C2)C(C)(C)C)O)C(C)(C)C
2447,Procainamide,CCN(CC)CCNC(=O)C1=CC=C(C=C1)N
2448,Procaine,CCN(CC)CCOC(=O)C1=CC=C(C=C1)N
2449,Procarbazine,CC(C)NC(=O)C1=CC=C(C=C1)CNNC
2450,Procaterol,CCC(C(C1=C2C=CC(=O)NC2=C(C=C1)O)O)NC(C)C
2451,Prochlorperazine,CN1CCN(CC1)CCCN2C3=CC=CC=C3SC4=C2C=C(C=C4)Cl
2452,Procyclidine,C1CCC(CC1)C(CCN2CCCC2)(C3=CC=CC=C3)O
2453,Profenamine,CCN(CC)C(C)CN1C2=CC=CC=C2SC3=CC=CC=C31
2454,Progabide,C1=CC(=CC=C1C(=NCCCC(=O)N)C2=C(C=CC(=C2)F)O)Cl
2455,Progesterone,CC(=O)C1CCC2C1(CCC3C2CCC4=CC(=O)CCC34C)C
2456,Proglumetacin,CCCN(CCC)C(=O)C(CCC(=O)OCCCN1CCN(CC1)CCOC(=O)CC2=C(N(C3=C2C=C(C=C3)OC)C(=O)C4=CC=C(C=C4)Cl)C)NC(=O)C5=CC=CC=C5
2457,Proguanil,CC(C)N=C(N)N=C(N)NC1=CC=C(C=C1)Cl
2458,Promazine,CN(C)CCCN1C2=CC=CC=C2SC3=CC=CC=C31
2459,Promegestone,CCC(=O)C1(CCC2C1(CCC3=C4CCC(=O)C=C4CCC23)C)C
2460,Promethazine,CC(CN1C2=CC=CC=C2SC3=CC=CC=C31)N(C)C
2461,Propacetamol,CCN(CC)CC(=O)OC1=CC=C(C=C1)NC(=O)C
2462,Propanidid,CCCOC(=O)CC1=CC(=C(C=C1)OCC(=O)N(CC)CC)OC
2463,Propantheline,CC(C)[N+](C)(CCOC(=O)C1C2=CC=CC=C2OC3=CC=CC=C13)C(C)C
2464,Proparacaine,CCCOC1=C(C=C(C=C1)C(=O)OCCN(CC)CC)N
2465,Propatyl nitrate,CCC(CO[N+](=O)[O-])(CO[N+](=O)[O-])CO[N+](=O)[O-]
2466,Propenidazole,CCOC(=O)C(=CC1=NC=C(N1C)[N+](=O)[O-])C(=O)C
2467,Propentofylline,CCCN1C=NC2=C1C(=O)N(C(=O)N2C)CCCCC(=O)C
2468,Propicillin,CCC(C(=O)NC1C2N(C1=O)C(C(S2)(C)C)C(=O)O)OC3=CC=CC=C3
2469,Propiomazine,CCC(=O)C1=CC2=C(C=C1)SC3=CC=CC=C3N2CC(C)N(C)C
2470,Propiopromazine,CCC(=O)C1=CC2=C(C=C1)SC3=CC=CC=C3N2CCCN(C)C
2471,Propiverine,CCCOC(C1=CC=CC=C1)(C2=CC=CC=C2)C(=O)OC3CCN(CC3)C
2472,Propofol,CC(C)C1=C(C(=CC=C1)C(C)C)O
2473,Propoxycaine,CCCOC1=C(C=CC(=C1)N)C(=O)OCCN(CC)CC
2474,Propylthiouracil,CCCC1=CC(=O)NC(=S)N1
2475,Propyphenazone,CC1=C(C(=O)N(N1C)C2=CC=CC=C2)C(C)C
2476,Proquazone,CC1=CC2=C(C=C1)C(=NC(=O)N2C(C)C)C3=CC=CC=C3
2477,Proscillaridin,CC1C(C(C(C(O1)OC2CCC3(C4CCC5(C(CCC5(C4CCC3=C2)O)C6=COC(=O)C=C6)C)C)O)O)O
2478,Prostaglandin B2,CCCCCC(C=CC1=C(C(=O)CC1)CC=CCCCC(=O)O)O
2479,Prostaglandin D2,CCCCCC(C=CC1C(C(CC1=O)O)CC=CCCCC(=O)O)O
2480,Prostaglandin G2,CCCCCC(C=CC1C2CC(C1CC=CCCCC(=O)O)OO2)OO
2481,Prostalene,CCCCCC(C)(C=CC1C(CC(C1CC=C=CCCC(=O)OC)O)O)O
2482,Prothipendyl,CN(C)CCCN1C2=CC=CC=C2SC3=C1N=CC=C3
2483,Protionamide,CCCC1=NC=CC(=C1)C(=S)N
2484,Protirelin,C1CC(N(C1)C(=O)C(CC2=CN=CN2)NC(=O)C3CCC(=O)N3)C(=O)N
2485,Protocatechualdehyde,C1=CC(=C(C=C1C=O)O)O
2486,Protokylol,CC(CC1=CC2=C(C=C1)OCO2)NCC(C3=CC(=C(C=C3)O)O)O
2487,Protriptyline,CNCCCC1C2=CC=CC=C2C=CC3=CC=CC=C13
2488,Proxibarbal,CC(CC1(C(=O)NC(=O)NC1=O)CC=C)O
2489,Proxyphylline,CC(CN1C=NC2=C1C(=O)N(C(=O)N2C)C)O
2490,Prucalopride,COCCCN1CCC(CC1)NC(=O)C2=CC(=C(C3=C2OCC3)N)Cl
2491,Prulifloxacin,CC1N2C3=CC(=C(C=C3C(=O)C(=C2S1)C(=O)O)F)N4CCN(CC4)CC5=C(OC(=O)O5)C
2492,Prussian blue,[C-]#N.[C-]#N.[C-]#N.[C-]#N.[C-]#N.[C-]#N.[C-]#N.[C-]#N.[C-]#N.[C-]#N.[C-]#N.[C-]#N.[C-]#N.[C-]#N.[C-]#N.[C-]#N.[C-]#N.[C-]#N.[Fe+2].[Fe+2].[Fe+2].[Fe+3].[Fe+3].[Fe+3].[Fe+3]
2493,Psilocybin,CN(C)CCC1=CNC2=C1C(=CC=C2)OP(=O)(O)O
2494,Puromycin,CN(C)C1=NC=NC2=C1N=CN2C3C(C(C(O3)CO)NC(=O)C(CC4=CC=C(C=C4)OC)N)O
2495,Pyrantel,CN1CCCN=C1C=CC2=CC=CS2
2496,Pyrazinamide,C1=CN=C(C=N1)C(=O)N
2497,Pyrazolam,CC1=NN=C2N1C3=C(C=C(C=C3)Br)C(=NC2)C4=CC=CC=N4
2498,Pyridostigmine,C[N+]1=CC=CC(=C1)OC(=O)N(C)C
2499,Pyrimethamine,CCC1=C(C(=NC(=N1)N)N)C2=CC=C(C=C2)Cl
2500,Pyrithyldione,CCC1(C(=O)C=CNC1=O)CC
2501,Pyronaridine,COC1=NC2=C(C3=C(C=C(C=C3)Cl)N=C2C=C1)NC4=CC(=C(C(=C4)CN5CCCC5)O)CN6CCCC6
2502,Quazepam,C1C(=S)N(C2=C(C=C(C=C2)Cl)C(=N1)C3=CC=CC=C3F)CC(F)(F)F
2503,Quercetin,C1=CC(=C(C=C1C2=C(C(=O)C3=C(C=C(C=C3O2)O)O)O)O)O
2504,Quetiapine,C1CN(CCN1CCOCCO)C2=NC3=CC=CC=C3SC4=CC=CC=C42
2505,Quifenadine,C1CN2CCC1C(C2)C(C3=CC=CC=C3)(C4=CC=CC=C4)O
2506,Quinacrine,CCN(CC)CCCC(C)NC1=C2C=C(C=CC2=NC3=C1C=CC(=C3)Cl)OC
2507,Quinagolide,CCCN1CC(CC2C1CC3=C(C2)C(=CC=C3)O)NS(=O)(=O)N(CC)CC
2508,Quinapril,CCOC(=O)C(CCC1=CC=CC=C1)NC(C)C(=O)N2CC3=CC=CC=C3CC2C(=O)O
2509,Quinaprilat,CC(C(=O)N1CC2=CC=CC=C2CC1C(=O)O)NC(CCC3=CC=CC=C3)C(=O)O
2510,Quinestrol,CC12CCC3C(C1CCC2(C#C)O)CCC4=C3C=CC(=C4)OC5CCCC5
2511,Quinethazone,CCC1NC2=CC(=C(C=C2C(=O)N1)S(=O)(=O)N)Cl
2512,Quingestanol,CC12CCC3C4CCC(=CC4=CCC3C1CCC2(C#C)O)OC5CCCC5
2513,Quingestanol acetate,CC(=O)OC1(CCC2C1(CCC3C2CC=C4C3CCC(=C4)OC5CCCC5)C)C#C
2514,Quinidine,COC1=CC2=C(C=CN=C2C=C1)C(C3CC4CCN3CC4C=C)O
2515,Quinisocaine,CCCCC1=CC2=CC=CC=C2C(=N1)OCCN(C)C
2516,Quinupramine,C1CN2CCC1C(C2)N3C4=CC=CC=C4CCC5=CC=CC=C53
2517,Quinupristin,CCC1C(=O)N2CCCC2C(=O)N(C(C(=O)N3CC(C(=O)CC3C(=O)NC(C(=O)OC(C(C(=O)N1)NC(=O)C4=C(C=CC=N4)O)C)C5=CC=CC=C5)CSC6CN7CCC6CC7)CC8=CC=C(C=C8)N(C)C)C
2518,Quizartinib,CC(C)(C)C1=CC(=NO1)NC(=O)NC2=CC=C(C=C2)C3=CN4C5=C(C=C(C=C5)OCCN6CCOCC6)SC4=N3
2519,"R,S-Warfarin alcohol",CC(CC(C1=CC=CC=C1)C2=C(C3=CC=CC=C3OC2=O)O)O
2520,R-306465,C1CN(CCN1C2=NC=C(C=N2)C(=O)NO)S(=O)(=O)C3=CC4=CC=CC=C4C=C3
2521,Raclopride,CCN1CCCC1CNC(=O)C2=C(C(=CC(=C2OC)Cl)Cl)O
2522,Ractopamine,CC(CCC1=CC=C(C=C1)O)NCC(C2=CC=C(C=C2)O)O
2523,Radezolid,CC(=O)NCC1CN(C(=O)O1)C2=CC(=C(C=C2)C3=CC=C(C=C3)CNCC4=NNN=C4)F
2525,Raloxifene,C1CCN(CC1)CCOC2=CC=C(C=C2)C(=O)C3=C(SC4=C3C=CC(=C4)O)C5=CC=C(C=C5)O
2526,Raltegravir,CC1=NN=C(O1)C(=O)NC(C)(C)C2=NC(=C(C(=O)N2C)O)C(=O)NCC3=CC=C(C=C3)F
2527,Raltitrexed,CC1=NC2=C(C=C(C=C2)CN(C)C3=CC=C(S3)C(=O)NC(CCC(=O)O)C(=O)O)C(=O)N1
2528,Ramatroban,C1CC2=C(CC1NS(=O)(=O)C3=CC=C(C=C3)F)C4=CC=CC=C4N2CCC(=O)O
2529,Ramelteon,CCC(=O)NCCC1CCC2=C1C3=C(C=C2)OCC3
2530,Ramipril,CCOC(=O)C(CCC1=CC=CC=C1)NC(C)C(=O)N2C3CCCC3CC2C(=O)O
2531,Ramiprilat,CC(C(=O)N1C2CCCC2CC1C(=O)O)NC(CCC3=CC=CC=C3)C(=O)O
2532,Ramosetron,CN1C=C(C2=CC=CC=C21)C(=O)C3CCC4=C(C3)NC=N4
2533,Ranitidine,CNC(=C[N+](=O)[O-])NCCSCC1=CC=C(O1)CN(C)C
2534,Ranolazine,CC1=C(C(=CC=C1)C)NC(=O)CN2CCN(CC2)CC(COC3=CC=CC=C3OC)O
2535,Rapacuronium,CCC(=O)OC1C(CC2C1(CCC3C2CCC4C3(CC(C(C4)OC(=O)C)N5CCCCC5)C)C)[N+]6(CCCCC6)CC=C
2536,Ravuconazole,CC(C1=NC(=CS1)C2=CC=C(C=C2)C#N)C(CN3C=NC=N3)(C4=C(C=C(C=C4)F)F)O
2537,Rebastinib,CC(C)(C)C1=NN(C(=C1)NC(=O)NC2=C(C=C(C=C2)OC3=CC(=NC=C3)C(=O)NC)F)C4=CC5=C(C=C4)N=CC=C5
2538,Regadenoson,CNC(=O)C1=CN(N=C1)C2=NC(=C3C(=N2)N(C=N3)C4C(C(C(O4)CO)O)O)N
2539,Regorafenib,CNC(=O)C1=NC=CC(=C1)OC2=CC(=C(C=C2)NC(=O)NC3=CC(=C(C=C3)Cl)C(F)(F)F)F
2540,Relcovaptan,COC1=C(C=C(C=C1)S(=O)(=O)N2C(C(C3=C2C=CC(=C3)Cl)(C4=CC=CC=C4Cl)O)C(=O)N5CCCC5C(=O)N)OC
2541,Relebactam,C1CC(N2CC1N(C2=O)OS(=O)(=O)O)C(=O)NC3CCNCC3
2542,Relugolix,CN(C)CC1=C(SC2=C1C(=O)N(C(=O)N2CC3=C(C=CC=C3F)F)C4=NN=C(C=C4)OC)C5=CC=C(C=C5)NC(=O)NOC
2543,Remacemide,CC(CC1=CC=CC=C1)(C2=CC=CC=C2)NC(=O)CN
2544,Remdesivir,CCC(CC)COC(=O)C(C)NP(=O)(OCC1C(C(C(O1)(C#N)C2=CC=C3N2N=CN=C3N)O)O)OC4=CC=CC=C4
2545,Remifentanil,CCC(=O)N(C1=CC=CC=C1)C2(CCN(CC2)CCC(=O)OC)C(=O)OC
2546,Remikiren,CC(C)(C)S(=O)(=O)CC(CC1=CC=CC=C1)C(=O)NC(CC2=CN=CN2)C(=O)NC(CC3CCCCC3)C(C(C4CC4)O)O
2547,Remimazolam,CC1=CN=C2N1C3=C(C=C(C=C3)Br)C(=NC2CCC(=O)OC)C4=CC=CC=N4
2548,Remogliflozin etabonate,CCOC(=O)OCC1C(C(C(C(O1)OC2=NN(C(=C2CC3=CC=C(C=C3)OC(C)C)C)C(C)C)O)O)O
2549,Remoxipride,CCN1CCCC1CNC(=O)C2=C(C=CC(=C2OC)Br)OC
2550,Renzapride,COC1=CC(=C(C=C1C(=O)NC2CCN3CCCC2C3)Cl)N
2551,Repaglinide,CCOC1=C(C=CC(=C1)CC(=O)NC(CC(C)C)C2=CC=CC=C2N3CCCCC3)C(=O)O
2552,Repinotan,C1CC2=CC=CC=C2OC1CNCCCCN3C(=O)C4=CC=CC=C4S3(=O)=O
2553,Reposal,CCC1(C(=O)NC(=O)NC1=O)C2=CC3CCC(C3)C2
2554,Repotrectinib,CC1CNC(=O)C2=C3N=C(C=CN3N=C2)NC(C4=C(O1)C=CC(=C4)F)C
2555,Reproterol,CN1C2=C(C(=O)N(C1=O)C)N(C=N2)CCCNCC(C3=CC(=CC(=C3)O)O)O
2556,Rescinnamine,COC1C(CC2CN3CCC4=C(C3CC2C1C(=O)OC)NC5=C4C=CC(=C5)OC)OC(=O)C=CC6=CC(=C(C(=C6)OC)OC)OC
2557,Reserpine,COC1C(CC2CN3CCC4=C(C3CC2C1C(=O)OC)NC5=C4C=CC(=C5)OC)OC(=O)C6=CC(=C(C(=C6)OC)OC)OC
2558,Resmetirom,CC(C)C1=CC(=NNC1=O)OC2=C(C=C(C=C2Cl)N3C(=O)NC(=O)C(=N3)C#N)Cl
2559,Resorcinol,C1=CC(=CC(=C1)O)O
2560,Resveratrol,C1=CC(=CC=C1C=CC2=CC(=CC(=C2)O)O)O
2561,Retapamulin,CC1CCC23CCC(=O)C2C1(C(CC(C(C3C)O)(C)C=C)OC(=O)CSC4CC5CCC(C4)N5C)C
2562,Revefenacin,CN(CCN1CCC(CC1)OC(=O)NC2=CC=CC=C2C3=CC=CC=C3)C(=O)C4=CC=C(C=C4)CN5CCC(CC5)C(=O)N
2563,Revumenib,CCN(C(C)C)C(=O)C1=C(C=CC(=C1)F)OC2=CN=CN=C2N3CC4(C3)CCN(CC4)CC5CCC(CC5)NS(=O)(=O)CC
2564,Rhein,C1=CC2=C(C(=C1)O)C(=O)C3=C(C2=O)C=C(C=C3O)C(=O)O
2565,Ribociclib,CN(C)C(=O)C1=CC2=CN=C(N=C2N1C3CCCC3)NC4=NC=C(C=C4)N5CCNCC5
2566,Ribostamycin,C1C(C(C(C(C1N)OC2C(C(C(C(O2)CN)O)O)N)OC3C(C(C(O3)CO)O)O)O)N
2567,Ricolinostat,C1=CC=C(C=C1)N(C2=CC=CC=C2)C3=NC=C(C=N3)C(=O)NCCCCCCC(=O)NO
2568,Ridaforolimus,CC1CCC2CC(C(=CC=CC=CC(CC(C(=O)C(C(C(=CC(C(=O)CC(OC(=O)C3CCCCN3C(=O)C(=O)C1(O2)O)C(C)CC4CCC(C(C4)OC)OP(=O)(C)C)C)C)O)OC)C)C)C)OC
2569,Ridogrel,C1=CC(=CC(=C1)C(F)(F)F)C(=NOCCCCC(=O)O)C2=CN=CC=C2
2570,Rifabutin,CC1C=CC=C(C(=O)NC2=C(C3=C(C4=C(C(=C3O)C)OC(C4=O)(OC=CC(C(C(C(C(C(C1O)C)O)C)OC(=O)C)C)OC)C)C5=NC6(CCN(CC6)CC(C)C)N=C25)O)C
2571,Rifalazil,CC1C=CC=C(C(=O)NC2=C3C(=C4C(=C(C(=C5C4=C(C(O5)(OC=CC(C(C(C(C(C(C1O)C)O)C)OC(=O)C)C)OC)C)O)C)O)C2=O)N=C6C(=CC(=CC6=O)N7CCN(CC7)CC(C)C)O3)C
2572,Rifampin,CC1C=CC=C(C(=O)NC2=C(C(=C3C(=C2O)C(=C(C4=C3C(=O)C(O4)(OC=CC(C(C(C(C(C(C1O)C)O)C)OC(=O)C)C)OC)C)C)O)O)C=NN5CCN(CC5)C)C
2573,Rifamycin,CC1C=CC=C(C(=O)NC2=CC(=C3C(=C2O)C(=C(C4=C3C(=O)C(O4)(OC=CC(C(C(C(C(C(C1O)C)O)C)OC(=O)C)C)OC)C)C)O)O)C
2574,Rifapentine,CC1C=CC=C(C(=O)NC2=C(C(=C3C(=C2O)C(=C(C4=C3C(=O)C(O4)(OC=CC(C(C(C(C(C(C1O)C)O)C)OC(=O)C)C)OC)C)C)O)O)C=NN5CCN(CC5)C6CCCC6)C
2575,Rifaximin,CC1C=CC=C(C(=O)NC2=C(C3=C(C4=C(C(=C3O)C)OC(C4=O)(OC=CC(C(C(C(C(C(C1O)C)O)C)OC(=O)C)C)OC)C)C5=C2N6C=CC(=CC6=N5)C)O)C
2576,Rigosertib,COC1=C(C=C(C=C1)CS(=O)(=O)C=CC2=C(C=C(C=C2OC)OC)OC)NCC(=O)O
2577,Rilmenidine,C1CC1C(C2CC2)NC3=NCCO3
2578,Rilpivirine,CC1=CC(=CC(=C1NC2=NC(=NC=C2)NC3=CC=C(C=C3)C#N)C)C=CC#N
2579,Riluzole,C1=CC2=C(C=C1OC(F)(F)F)SC(=N2)N
2580,Rimegepant,C1CC(C2=C(C=CC=N2)C(C1C3=C(C(=CC=C3)F)F)N)OC(=O)N4CCC(CC4)N5C6=C(NC5=O)N=CC=C6
2581,Rimexolone,CCC(=O)C1(C(CC2C1(CC(C3C2CCC4=CC(=O)C=CC34C)O)C)C)C
2582,Rimiterol,C1CCNC(C1)C(C2=CC(=C(C=C2)O)O)O
2583,Rimonabant,CC1=C(N(N=C1C(=O)NN2CCCCC2)C3=C(C=C(C=C3)Cl)Cl)C4=CC=C(C=C4)Cl
2584,Riociguat,CN(C1=C(N=C(N=C1N)C2=NN(C3=C2C=CC=N3)CC4=CC=CC=C4F)N)C(=O)OC
2585,Ripretinib,CCN1C2=CC(=NC=C2C=C(C1=O)C3=CC(=C(C=C3Br)F)NC(=O)NC4=CC=CC=C4)NC
2586,Risdiplam,CC1=CC(=NN2C1=NC(=C2)C)C3=CC(=O)N4C=C(C=CC4=N3)N5CCNC6(C5)CC6
2587,Risedronic acid,C1=CC(=CN=C1)CC(O)(P(=O)(O)O)P(=O)(O)O
2588,Risperidone,CC1=C(C(=O)N2CCCCC2=N1)CCN3CCC(CC3)C4=NOC5=C4C=CC(=C5)F
2589,Ritanserin,CC1=C(C(=O)N2C=CSC2=N1)CCN3CCC(=C(C4=CC=C(C=C4)F)C5=CC=C(C=C5)F)CC3
2590,Ritlecitinib,CC1CCC(CN1C(=O)C=C)NC2=NC=NC3=C2C=CN3
2591,Ritobegron,CC1=CC(=C(C=C1OCC(=O)O)C)CCNC(C)C(C2=CC=C(C=C2)O)O
2592,Ritodrine,CC(C(C1=CC=C(C=C1)O)O)NCCC2=CC=C(C=C2)O
2593,Ritonavir,CC(C)C1=NC(=CS1)CN(C)C(=O)NC(C(C)C)C(=O)NC(CC2=CC=CC=C2)CC(C(CC3=CC=CC=C3)NC(=O)OCC4=CN=CS4)O
2594,Rivaroxaban,C1COCC(=O)N1C2=CC=C(C=C2)N3CC(OC3=O)CNC(=O)C4=CC=C(S4)Cl
2595,Rivastigmine,CCN(C)C(=O)OC1=CC=CC(=C1)C(C)N(C)C
2596,Rivoceranib,C1CCC(C1)(C#N)C2=CC=C(C=C2)NC(=O)C3=C(N=CC=C3)NCC4=CC=NC=C4
2597,Rivoglitazone,CN1C2=C(C=CC(=C2)OC)N=C1COC3=CC=C(C=C3)CC4C(=O)NC(=O)S4
2598,Rizatriptan,CN(C)CCC1=CNC2=C1C=C(C=C2)CN3C=NC=N3
2599,Ro 12-7310,CC1=CC(=C(C(=C1C=CC(=CC=CC(=CC(=O)O)C)C)C)C)O
2600,Robenacoxib,CCC1=CC(=C(C=C1)NC2=C(C(=CC(=C2F)F)F)F)CC(=O)O
2601,Rociletinib,CC(=O)N1CCN(CC1)C2=CC(=C(C=C2)NC3=NC=C(C(=N3)NC4=CC(=CC=C4)NC(=O)C=C)C(F)(F)F)OC
2602,Rociverine,CCN(CC)CC(C)OC(=O)C1CCCCC1(C2CCCCC2)O
2603,Rocuronium,CC(=O)OC1C(CC2C1(CCC3C2CCC4C3(CC(C(C4)O)N5CCOCC5)C)C)[N+]6(CCCC6)CC=C
2604,Rofecoxib,CS(=O)(=O)C1=CC=C(C=C1)C2=C(C(=O)OC2)C3=CC=CC=C3
2605,Roflumilast,C1CC1COC2=C(C=CC(=C2)C(=O)NC3=C(C=NC=C3Cl)Cl)OC(F)F
2606,Rokitamycin,CCCC(=O)OC1C(OC(CC1(C)OC(=O)CC)OC2C(OC(C(C2N(C)C)O)OC3C(CC(C(C=CC=CCC(OC(=O)CC(C3OC)O)C)O)C)CC=O)C)C
2607,Rolapitant,CC(C1=CC(=CC(=C1)C(F)(F)F)C(F)(F)F)OCC2(CCC3(CCC(=O)N3)CN2)C4=CC=CC=C4
2608,Rolitetracycline,CC1(C2CC3C(C(=O)C(=C(C3(C(=O)C2=C(C4=C1C=CC=C4O)O)O)O)C(=O)NCN5CCCC5)N(C)C)O
2609,Rolofylline,CCCN1C2=C(C(=O)N(C1=O)CCC)NC(=N2)C34CC5CC(C3)CC4C5
2610,Romidepsin,CC=C1C(=O)NC(C(=O)OC2CC(=O)NC(C(=O)NC(CSSCCC=C2)C(=O)N1)C(C)C)C(C)C
2611,Romifidine,C1CN=C(N1)NC2=C(C=CC=C2Br)F
2612,Ronifibrate,CC(C)(C(=O)OCCCOC(=O)C1=CN=CC=C1)OC2=CC=C(C=C2)Cl
2613,Ropinirole,CCCN(CCC)CCC1=C2CC(=O)NC2=CC=C1
2614,Ropivacaine,CCCN1CCCCC1C(=O)NC2=C(C=CC=C2C)C
2615,Roquinimex,CN1C2=CC=CC=C2C(=C(C1=O)C(=O)N(C)C3=CC=CC=C3)O
2616,Rosiglitazone,CN(CCOC1=CC=C(C=C1)CC2C(=O)NC(=O)S2)C3=CC=CC=N3
2617,Rosoxacin,CCN1C=C(C(=O)C2=C1C=C(C=C2)C3=CC=NC=C3)C(=O)O
2618,Rosuvastatin,CC(C)C1=NC(=NC(=C1C=CC(CC(CC(=O)O)O)O)C2=CC=C(C=C2)F)N(C)S(=O)(=O)C
2619,Rotigotine,CCCN(CCC1=CC=CS1)C2CCC3=C(C2)C=CC=C3O
2620,Roxadustat,CC1=C2C=C(C=CC2=C(C(=N1)C(=O)NCC(=O)O)O)OC3=CC=CC=C3
2621,Roxarsone,C1=CC(=C(C=C1[As](=O)(O)O)[N+](=O)[O-])O
2622,Roxatidine acetate,CC(=O)OCC(=O)NCCCOC1=CC=CC(=C1)CN2CCCCC2
2623,Roxithromycin,CCC1C(C(C(C(=NOCOCCOC)C(CC(C(C(C(C(C(=O)O1)C)OC2CC(C(C(O2)C)O)(C)OC)C)OC3C(C(CC(O3)C)N(C)C)O)(C)O)C)C)O)(C)O
2624,Rucaparib,CNCC1=CC=C(C=C1)C2=C3CCNC(=O)C4=C3C(=CC(=C4)F)N2
2625,Rufinamide,C1=CC(=C(C(=C1)F)CN2C=C(N=N2)C(=O)N)F
2626,Rufloxacin,CN1CCN(CC1)C2=C(C=C3C4=C2SCCN4C=C(C3=O)C(=O)O)F
2627,Rupatadine,CC1=CC(=CN=C1)CN2CCC(=C3C4=C(CCC5=C3N=CC=C5)C=C(C=C4)Cl)CC2
2628,S-Ethylisothiourea,CCSC(=N)N
2629,SC-236,C1=CC(=CC=C1C2=CC(=NN2C3=CC=C(C=C3)S(=O)(=O)N)C(F)(F)F)Cl
2630,SN-38,CCC1=C2CN3C(=CC4=C(C3=O)COC(=O)C4(CC)O)C2=NC5=C1C=C(C=C5)O
2631,Sacubitril,CCOC(=O)C(C)CC(CC1=CC=C(C=C1)C2=CC=CC=C2)NC(=O)CCC(=O)O
2632,Safinamide,CC(C(=O)N)NCC1=CC=C(C=C1)OCC2=CC(=CC=C2)F
2633,Safrazine,CC(CCC1=CC2=C(C=C1)OCO2)NN
2634,Sagopilone,CC1CCCC2(C(O2)CC(OC(=O)CC(C(C(=O)C(C1O)CC=C)(C)C)O)C3=CC4=C(C=C3)SC(=N4)C)C
2635,Salicylamide,C1=CC=C(C(=C1)C(=O)N)O
2636,Salinomycin,CCC(C1CCC(C(O1)C(C)C(C(C)C(=O)C(CC)C2C(CC(C3(O2)C=CC(C4(O3)CCC(O4)(C)C5CCC(C(O5)C)(CC)O)O)C)C)O)C)C(=O)O
2637,Salirasib,CC(=CCCC(=CCCC(=CCSC1=CC=CC=C1C(=O)O)C)C)C
2638,Salmeterol,C1=CC=C(C=C1)CCCCOCCCCCCNCC(C2=CC(=C(C=C2)O)CO)O
2639,Salsalate,C1=CC=C(C(=C1)C(=O)OC2=CC=CC=C2C(=O)O)O
2640,Salvinorin A,CC(=O)OC1CC(C2(CCC3C(=O)OC(CC3(C2C1=O)C)C4=COC=C4)C)C(=O)OC
2641,Samidorphan,C1CC1CN2CCC34CC(=O)CCC3(C2CC5=C4C(=C(C=C5)C(=O)N)O)O
2642,Sapacitabine,CCCCCCCCCCCCCCCC(=O)NC1=NC(=O)N(C=C1)C2C(C(C(O2)CO)O)C#N
2643,Saprisartan,CCC1=NC(=C(N1CC2=CC3=C(C=C2)OC(=C3Br)C4=CC=CC=C4NS(=O)(=O)C(F)(F)F)C(=O)N)C5CC5
2644,Saquinavir,CC(C)(C)NC(=O)C1CC2CCCCC2CN1CC(C(CC3=CC=CC=C3)NC(=O)C(CC(=O)N)NC(=O)C4=NC5=CC=CC=C5C=C4)O
2645,"Sar9, Met (O2)11-Substance P",CC(C)CC(C(=O)NC(CCS(=O)(=O)C)C(=O)N)NC(=O)CN(C)C(=O)C(CC1=CC=CC=C1)NC(=O)C(CC2=CC=CC=C2)NC(=O)C(CCC(=O)N)NC(=O)C(CCC(=O)N)NC(=O)C3CCCN3C(=O)C(CCCCN)NC(=O)C4CCCN4C(=O)C(CCCN=C(N)N)N
2646,Saracatinib,CN1CCN(CC1)CCOC2=CC3=C(C(=C2)OC4CCOCC4)C(=NC=N3)NC5=C(C=CC6=C5OCO6)Cl
2647,Sarafloxacin,C1CN(CCN1)C2=C(C=C3C(=C2)N(C=C(C3=O)C(=O)O)C4=CC=C(C=C4)F)F
2648,Saralasin,CC(C)C(C(=O)NC(CC1=CC=C(C=C1)O)C(=O)NC(C(C)C)C(=O)NC(CC2=CN=CN2)C(=O)N3CCCC3C(=O)NC(C)C(=O)O)NC(=O)C(CCCN=C(N)N)NC(=O)CNC
2649,Sarecycline,CN(C)C1C2CC3CC4=C(C=CC(=C4C(=C3C(=O)C2(C(=C(C1=O)C(=O)N)O)O)O)O)CN(C)OC
2650,Saredutant,CC(=O)NC1(CCN(CC1)CCC(CN(C)C(=O)C2=CC=CC=C2)C3=CC(=C(C=C3)Cl)Cl)C4=CC=CC=C4
2651,Sarpogrelate,CN(C)CC(COC1=CC=CC=C1CCC2=CC(=CC=C2)OC)OC(=O)CCC(=O)O
2652,Scopolamine,CN1C2CC(CC1C3C2O3)OC(=O)C(CO)C4=CC=CC=C4
2653,Secobarbital,CCCC(C)C1(C(=O)NC(=O)NC1=O)CC=C
2654,Segesterone acetate,CC(=O)C1(C(=C)CC2C1(CCC3C2CCC4=CC(=O)CCC34)C)OC(=O)C
2655,Seladelpar,CCOC(COC1=CC=C(C=C1)C(F)(F)F)CSC2=CC(=C(C=C2)OCC(=O)O)C
2656,Selamectin,CC1CCC2(CC3CC(O2)CC=C(C(C(C=CC=C4COC5C4(C(C=C(C5=NO)C)C(=O)O3)O)C)OC6CC(C(C(O6)C)O)OC)C)OC1C7CCCCC7
2657,Selenious acid,O[Se](=O)O
2658,Selenium,[Se]
2659,Seletracetam,CCC(C(=O)N)N1CC(CC1=O)C=C(F)F
2660,Selexipag,CC(C)N(CCCCOCC(=O)NS(=O)(=O)C)C1=CN=C(C(=N1)C2=CC=CC=C2)C3=CC=CC=C3
2661,Seliciclib,CCC(CO)NC1=NC(=C2C(=N1)N(C=N2)C(C)C)NCC3=CC=CC=C3
2662,Selinexor,C1=CN=C(C=N1)NNC(=O)C=CN2C=NC(=N2)C3=CC(=CC(=C3)C(F)(F)F)C(F)(F)F
2663,Selpercatinib,CC(C)(COC1=CN2C(=C(C=N2)C#N)C(=C1)C3=CN=C(C=C3)N4CC5CC(C4)N5CC6=CN=C(C=C6)OC)O
2664,Selumetinib,CN1C=NC2=C1C=C(C(=C2F)NC3=C(C=C(C=C3)Br)Cl)C(=O)NOCCO
2665,Semaglutide,CCC(C)C(C(=O)NC(C)C(=O)NC(CC1=CNC2=CC=CC=C21)C(=O)NC(CC(C)C)C(=O)NC(C(C)C)C(=O)NC(CCCNC(=N)N)C(=O)NCC(=O)NC(CCCNC(=N)N)C(=O)NCC(=O)O)NC(=O)C(CC3=CC=CC=C3)NC(=O)C(CCC(=O)O)NC(=O)C(CCCCNC(=O)COCCOCCNC(=O)COCCOCCNC(=O)CCC(C(=O)O)NC(=O)CCCCCCCCCCCCCCCCC(=O)O)NC(=O)C(C)NC(=O)C(C)NC(=O)C(CCC(=O)N)NC(=O)CNC(=O)C(CCC(=O)O)NC(=O)C(CC(C)C)NC(=O)C(CC4=CC=C(C=C4)O)NC(=O)C(CO)NC(=O)C(CO)NC(=O)C(C(C)C)NC(=O)C(CC(=O)O)NC(=O)C(CO)NC(=O)C(C(C)O)NC(=O)C(CC5=CC=CC=C5)NC(=O)C(C(C)O)NC(=O)CNC(=O)C(CCC(=O)O)NC(=O)C(C)(C)NC(=O)C(CC6=CN=CN6)N
2666,Semaxanib,CC1=CC(=C(N1)C=C2C3=CC=CC=C3NC2=O)C
2667,Sennosides,C1=CC2=C(C(=C1)OC3C(C(C(C(O3)CO)O)O)O)C(=O)C4=C(C2C5C6=C(C(=CC=C6)OC7C(C(C(C(O7)CO)O)O)O)C(=O)C8=C5C=C(C=C8O)C(=O)O)C=C(C=C4O)C(=O)O
2668,Seocalcitol,CCC(CC)(C=CC=CC(C)C1CCC2C1(CCCC2=CC=C3CC(CC(C3=C)O)O)C)O
2669,Seproxetine,C1=CC=C(C=C1)C(CCN)OC2=CC=C(C=C2)C(F)(F)F
2670,Seratrodast,CC1=C(C(=O)C(=C(C1=O)C)C(CCCCCC(=O)O)C2=CC=CC=C2)C
2671,Serdexmethylphenidate,COC(=O)C(C1CCCCN1C(=O)OC[N+]2=CC=CC(=C2)C(=O)NC(CO)C(=O)[O-])C3=CC=CC=C3
2672,Serotonin,C1=CC2=C(C=C1O)C(=CN2)CCN
2673,Sertindole,C1CN(CCC1C2=CN(C3=C2C=C(C=C3)Cl)C4=CC=C(C=C4)F)CCN5CCNC5=O
2674,Sertraline,CNC1CCC(C2=CC=CC=C12)C3=CC(=C(C=C3)Cl)Cl
2675,Setiptiline,CN1CCC2=C(C1)C3=CC=CC=C3CC4=CC=CC=C24
2676,Setrobuvir,CS(=O)(=O)NC1=CC2=C(C=C1)NC(=NS2(=O)=O)C3=C(C4C5CCC(C5)C4N(C3=O)CC6=CC=C(C=C6)F)O
2678,Sevoflurane,C(OC(C(F)(F)F)C(F)(F)F)F
2679,Sibutramine,CC(C)CC(C1(CCC1)C2=CC=C(C=C2)Cl)N(C)C
2680,Sildenafil,CCCC1=NN(C2=C1N=C(NC2=O)C3=C(C=CC(=C3)S(=O)(=O)N4CCN(CC4)C)OCC)C
2681,Silibinin,COC1=C(C=CC(=C1)C2C(OC3=C(O2)C=C(C=C3)C4C(C(=O)C5=C(C=C(C=C5O4)O)O)O)CO)O
2682,Silodosin,CC(CC1=CC2=C(C(=C1)C(=O)N)N(CC2)CCCO)NCCOC3=CC=CC=C3OCC(F)(F)F
2683,Silver sulfadiazine,C1=CN=C(N=C1)[N-]S(=O)(=O)C2=CC=C(C=C2)N.[Ag+]
2684,Simeprevir,CC1=C(C=CC2=C1N=C(C=C2OC3CC4C(C3)C(=O)N(CCCCC=CC5CC5(NC4=O)C(=O)NS(=O)(=O)C6CC6)C)C7=NC(=CS7)C(C)C)OC
2685,Simfibrate,CC(C)(C(=O)OCCCOC(=O)C(C)(C)OC1=CC=C(C=C1)Cl)OC2=CC=C(C=C2)Cl
2686,Simvastatin,CCC(C)(C)C(=O)OC1CC(C=C2C1C(C(C=C2)C)CCC3CC(CC(=O)O3)O)C
2687,Sinefungin,C1=NC(=C2C(=N1)N(C=N2)C3C(C(C(O3)CC(CCC(C(=O)O)N)N)O)O)N
2688,Siponimod,CCC1=C(C=CC(=C1)C(=NOCC2=CC(=C(C=C2)C3CCCCC3)C(F)(F)F)C)CN4CC(C4)C(=O)O
2689,Sirolimus,CC1CCC2CC(C(=CC=CC=CC(CC(C(=O)C(C(C(=CC(C(=O)CC(OC(=O)C3CCCCN3C(=O)C(=O)C1(O2)O)C(C)CC4CCC(C(C4)OC)O)C)C)O)OC)C)C)C)OC
2690,Sisomicin,CC1(COC(C(C1NC)O)OC2C(CC(C(C2O)OC3C(CC=C(O3)CN)N)N)N)O
2691,Sitafloxacin,C1CC12CN(CC2N)C3=C(C=C4C(=C3Cl)N(C=C(C4=O)C(=O)O)C5CC5F)F
2692,Sitagliptin,C1CN2C(=NN=C2C(F)(F)F)CN1C(=O)CC(CC3=CC(=C(C=C3F)F)F)N
2693,Sitaxentan,CC1=CC2=C(C=C1CC(=O)C3=C(C=CS3)S(=O)(=O)NC4=C(C(=NO4)C)Cl)OCO2
2694,Soblidotin,CCC(C)C(C(CC(=O)N1CCCC1C(C(C)C(=O)NCCC2=CC=CC=C2)OC)OC)N(C)C(=O)C(C(C)C)NC(=O)C(C(C)C)N(C)C
2695,Sodium aurothiomalate,C(C(C(=O)[O-])[S-])C(=O)[O-].[Na+].[Na+].[Au+]
2696,Sodium aurotiosulfate,O.O.[O-]S(=O)(=S)[O-].[O-]S(=O)(=S)[O-].[Na+].[Na+].[Na+].[Au+]
2697,Sodium cation,[Na+]
2698,Sodium feredetate,C(CN(CC(=O)[O-])CC(=O)[O-])N(CC(=O)[O-])CC(=O)[O-].[Na+].[Fe+3]
2699,Sodium tetradecyl sulfate,CCCCC(CC)CCC(CC(C)C)OS(=O)(=O)[O-].[Na+]
2700,Sodium zirconium cyclosilicate,[O-][Si]1(O[Si](O[Si](O1)([O-])[O-])([O-])[O-])[O-].[Na+].[Na+].[Zr+4]
2701,Sofosbuvir,CC(C)OC(=O)C(C)NP(=O)(OCC1C(C(C(O1)N2C=CC(=O)NC2=O)(C)F)O)OC3=CC=CC=C3
2702,Sofpironium,CCOC(=O)C[N+]1(CCC(C1)OC(=O)C(C2CCCC2)(C3=CC=CC=C3)O)C
2703,Solabegron,C1=CC(=CC(=C1)C(=O)O)C2=CC(=CC=C2)NCCNCC(C3=CC(=CC=C3)Cl)O
2704,Solifenacin,C1CN2CCC1C(C2)OC(=O)N3CCC4=CC=CC=C4C3C5=CC=CC=C5
2705,Solithromycin,CCC1C2(C(C(C(=O)C(CC(C(C(C(=O)C(C(=O)O1)(C)F)C)OC3C(C(CC(O3)C)N(C)C)O)(C)OC)C)C)N(C(=O)O2)CCCCN4C=C(N=N4)C5=CC(=CC=C5)N)C
2706,Solriamfetol,C1=CC=C(C=C1)CC(COC(=O)N)N
2707,Somatostatin,CC(C1C(=O)NC(C(=O)NC(C(=O)NC(C(=O)NC(CSSCC(C(=O)NC(C(=O)NC(C(=O)NC(C(=O)NC(C(=O)NC(C(=O)NC(C(=O)N1)CCCCN)CC2=CNC3=CC=CC=C32)CC4=CC=CC=C4)CC5=CC=CC=C5)CC(=O)N)CCCCN)NC(=O)CNC(=O)C(C)N)C(=O)O)CO)C(C)O)CC6=CC=CC=C6)O
2708,Sonidegib,CC1CN(CC(O1)C)C2=NC=C(C=C2)NC(=O)C3=CC=CC(=C3C)C4=CC=C(C=C4)OC(F)(F)F
2709,Sotagliflozin,CCOC1=CC=C(C=C1)CC2=C(C=CC(=C2)C3C(C(C(C(O3)SC)O)O)O)Cl
2710,Sotalol,CC(C)NCC(C1=CC=C(C=C1)NS(=O)(=O)C)O
2711,Sotorasib,CC1CN(CCN1C2=NC(=O)N(C3=NC(=C(C=C32)F)C4=C(C=CC=C4F)O)C5=C(C=CN=C5C(C)C)C)C(=O)C=C
2712,Sparfloxacin,CC1CN(CC(N1)C)C2=C(C(=C3C(=C2F)N(C=C(C3=O)C(=O)O)C4CC4)N)F
2713,Sparfosic acid,C(C(C(=O)O)NC(=O)CP(=O)(O)O)C(=O)O
2714,Sparsentan,CCCCC1=NC2(CCCC2)C(=O)N1CC3=CC(=C(C=C3)C4=CC=CC=C4S(=O)(=O)NC5=NOC(=C5C)C)COCC
2715,Sparsomycin,CC1=C(C(=O)NC(=O)N1)C=CC(=O)NC(CO)CS(=O)CSC
2716,Spectinomycin,CC1CC(=O)C2(C(O1)OC3C(C(C(C(C3O2)NC)O)NC)O)O
2717,Spermidine,C(CCNCCCN)CN
2718,Spermine,C(CCNCCCN)CNCCCN
2719,Spiradoline,CN(C1CCC2(CCCO2)CC1N3CCCC3)C(=O)CC4=CC(=C(C=C4)Cl)Cl
2720,Spiramycin,CC1CC=CC=CC(C(CC(C(C(C(CC(=O)O1)O)OC)OC2C(C(C(C(O2)C)OC3CC(C(C(O3)C)O)(C)O)N(C)C)O)CC=O)C)OC4CCC(C(O4)C)N(C)C
2721,Spirapril,CCOC(=O)C(CCC1=CC=CC=C1)NC(C)C(=O)N2CC3(CC2C(=O)O)SCCS3
2722,Spironolactone,CC(=O)SC1CC2=CC(=O)CCC2(C3C1C4CCC5(C4(CC3)C)CCC(=O)O5)C
2723,Squalamine,CC(C)C(CCC(C)C1CCC2C1(CCC3C2C(CC4C3(CCC(C4)NCCCNCCCCN)C)O)C)OS(=O)(=O)O
2724,Stanolone acetate,CC(=O)OC1CCC2C1(CCC3C2CCC4C3(CCC(=O)C4)C)C
2725,Stanozolol,CC12CCC3C(C1CCC2(C)O)CCC4C3(CC5=C(C4)NN=C5)C
2726,Stavudine,CC1=CN(C(=O)NC1=O)C2C=CC(O2)CO
2727,Stepronin,CC(C(=O)NCC(=O)O)SC(=O)C1=CC=CS1
2728,Stiripentol,CC(C)(C)C(C=CC1=CC2=C(C=C1)OCO2)O
2729,Streptolydigin,CC1C2C=CC3(CO3)C(O2)(OC1C(C)C=C(C)C=CC(=C4C(=O)C(N(C4=O)C5CCC(C(O5)C)O)C(C)C(=O)NC)O)C
2730,Streptomycin,CC1C(C(C(O1)OC2C(C(C(C(C2O)O)N=C(N)N)O)N=C(N)N)OC3C(C(C(C(O3)CO)O)O)NC)(C=O)O
2731,Streptozocin,CN(C(=O)NC1C(C(C(OC1O)CO)O)O)N=O
2732,Strontium cation Sr-89,[Sr+2]
2733,Strontium ranelate,C(C1=C(SC(=C1C#N)N(CC(=O)[O-])CC(=O)[O-])C(=O)[O-])C(=O)[O-].[Sr+2].[Sr+2]
2734,Styramate,C1=CC=C(C=C1)C(COC(=O)N)O
2735,Succinylcholine,C[N+](C)(C)CCOC(=O)CCC(=O)OCC[N+](C)(C)C
2736,Succinylsulfathiazole,C1=CC(=CC=C1NC(=O)CCC(=O)O)S(=O)(=O)NC2=NC=CS2
2738,Sufentanil,CCC(=O)N(C1=CC=CC=C1)C2(CCN(CC2)CCC3=CC=CS3)COC
2739,Sugammadex,C(CSCC1C2C(C(C(O1)OC3C(OC(C(C3O)O)OC4C(OC(C(C4O)O)OC5C(OC(C(C5O)O)OC6C(OC(C(C6O)O)OC7C(OC(C(C7O)O)OC8C(OC(C(C8O)O)OC9C(OC(O2)C(C9O)O)CSCCC(=O)O)CSCCC(=O)O)CSCCC(=O)O)CSCCC(=O)O)CSCCC(=O)O)CSCCC(=O)O)CSCCC(=O)O)O)O)C(=O)O
2740,Sulbactam,CC1(C(N2C(S1(=O)=O)CC2=O)C(=O)O)C
2741,Sulbenicillin,CC1(C(N2C(S1)C(C2=O)NC(=O)C(C3=CC=CC=C3)S(=O)(=O)O)C(=O)O)C
2742,Sulconazole,C1=CC(=CC=C1CSC(CN2C=CN=C2)C3=C(C=C(C=C3)Cl)Cl)Cl
2743,Sulfacetamide,CC(=O)NS(=O)(=O)C1=CC=C(C=C1)N
2744,Sulfadicramide,CC(=CC(=O)NS(=O)(=O)C1=CC=C(C=C1)N)C
2745,Sulfadimethoxine,COC1=NC(=NC(=C1)NS(=O)(=O)C2=CC=C(C=C2)N)OC
2746,Sulfadoxine,COC1=C(N=CN=C1OC)NS(=O)(=O)C2=CC=C(C=C2)N
2747,Sulfaethoxypyridazine,CCOC1=NN=C(C=C1)NS(=O)(=O)C2=CC=C(C=C2)N
2748,Sulfaguanidine,C1=CC(=CC=C1N)S(=O)(=O)N=C(N)N
2749,Sulfaisodimidine,CC1=CC(=NC(=N1)C)NS(=O)(=O)C2=CC=C(C=C2)N
2750,Sulfamazone,CC1=C(C(=O)N(N1C)C2=CC=CC=C2)C(NC3=CC=C(C=C3)S(=O)(=O)NC4=NN=C(C=C4)OC)S(=O)(=O)O
2751,Sulfamerazine,CC1=NC(=NC=C1)NS(=O)(=O)C2=CC=C(C=C2)N
2752,Sulfameter,COC1=CN=C(N=C1)NS(=O)(=O)C2=CC=C(C=C2)N
2753,Sulfamethazine,CC1=CC(=NC(=N1)NS(=O)(=O)C2=CC=C(C=C2)N)C
2754,Sulfamethizole,CC1=NN=C(S1)NS(=O)(=O)C2=CC=C(C=C2)N
2755,Sulfamethoxazole,CC1=CC(=NO1)NS(=O)(=O)C2=CC=C(C=C2)N
2756,Sulfamethoxypyridazine,COC1=NN=C(C=C1)NS(=O)(=O)C2=CC=C(C=C2)N
2757,Sulfametomidine,CC1=NC(=CC(=N1)OC)NS(=O)(=O)C2=CC=C(C=C2)N
2758,Sulfametopyrazine,COC1=NC=CN=C1NS(=O)(=O)C2=CC=C(C=C2)N
2759,Sulfametrole,COC1=NSN=C1NS(=O)(=O)C2=CC=C(C=C2)N
2760,Sulfamoxole,CC1=C(OC(=N1)NS(=O)(=O)C2=CC=C(C=C2)N)C
2761,Sulfanilamide,C1=CC(=CC=C1N)S(=O)(=O)N
2762,Sulfanitran,CC(=O)NC1=CC=C(C=C1)S(=O)(=O)NC2=CC=C(C=C2)[N+](=O)[O-]
2763,Sulfaperin,CC1=CN=C(N=C1)NS(=O)(=O)C2=CC=C(C=C2)N
2764,Sulfaphenazole,C1=CC=C(C=C1)N2C(=CC=N2)NS(=O)(=O)C3=CC=C(C=C3)N
2765,Sulfapyridine,C1=CC=NC(=C1)NS(=O)(=O)C2=CC=C(C=C2)N
2766,Sulfaquinoxaline,C1=CC=C2C(=C1)N=CC(=N2)NS(=O)(=O)C3=CC=C(C=C3)N
2767,Sulfasalazine,C1=CC=NC(=C1)NS(=O)(=O)C2=CC=C(C=C2)N=NC3=CC(=C(C=C3)O)C(=O)O
2768,Sulfathiourea,C1=CC(=CC=C1N)S(=O)(=O)NC(=S)N
2769,Sulfinpyrazone,C1=CC=C(C=C1)N2C(=O)C(C(=O)N2C3=CC=CC=C3)CCS(=O)C4=CC=CC=C4
2770,Sulfisoxazole,CC1=C(ON=C1C)NS(=O)(=O)C2=CC=C(C=C2)N
2771,Sulforaphane,CS(=O)CCCCN=C=S
2772,Sulindac,CC1=C(C2=C(C1=CC3=CC=C(C=C3)S(=O)C)C=CC(=C2)F)CC(=O)O
2773,Sulopenem etzadroxil,CCC(CC)C(=O)OCOC(=O)C1=C(SC2N1C(=O)C2C(C)O)SC3CCS(=O)C3
2774,Sulprostone,CS(=O)(=O)NC(=O)CCCC=CCC1C(C(CC1=O)O)C=CC(COC2=CC=CC=C2)O
2775,Sultamicillin,CC1(C(N2C(S1)C(C2=O)NC(=O)C(C3=CC=CC=C3)N)C(=O)OCOC(=O)C4C(S(=O)(=O)C5N4C(=O)C5)(C)C)C
2776,Sulthiame,C1CCS(=O)(=O)N(C1)C2=CC=C(C=C2)S(=O)(=O)N
2777,Sultopride,CCN1CCCC1CNC(=O)C2=C(C=CC(=C2)S(=O)(=O)CC)OC
2778,Sumatriptan,CNS(=O)(=O)CC1=CC2=C(C=C1)NC=C2CCN(C)C
2779,Sunitinib,CCN(CC)CCNC(=O)C1=C(NC(=C1C)C=C2C3=C(C=CC(=C3)F)NC2=O)C
2780,Suprofen,CC(C1=CC=C(C=C1)C(=O)C2=CC=CS2)C(=O)O
2781,Surinabant,CCC1=C(N(N=C1C(=O)NN2CCCCC2)C3=C(C=C(C=C3)Cl)Cl)C4=CC=C(C=C4)Br
2782,Suvorexant,CC1CCN(CCN1C(=O)C2=C(C=CC(=C2)C)N3N=CC=N3)C4=NC5=C(O4)C=CC(=C5)Cl
2783,Suxibuzone,CCCCC1(C(=O)N(N(C1=O)C2=CC=CC=C2)C3=CC=CC=C3)COC(=O)CCC(=O)O
2784,Synephrine,CNCC(C1=CC=C(C=C1)O)O
2785,TNP-470,CC(=CCC1C(O1)(C)C2C(C(CCC23CO3)OC(=O)NC(=O)CCl)OC)C
2786,Tacrine,C1CCC2=NC3=CC=CC=C3C(=C2C1)N
2787,Tacrolimus,CC1CC(C2C(CC(C(O2)(C(=O)C(=O)N3CCCCC3C(=O)OC(C(C(CC(=O)C(C=C(C1)C)CC=C)O)C)C(=CC4CCC(C(C4)OC)O)C)O)C)OC)OC
2788,Tadalafil,CN1CC(=O)N2C(C1=O)CC3=C(C2C4=CC5=C(C=C4)OCO5)NC6=CC=CC=C36
2789,Tafamidis,C1=CC2=C(C=C1C(=O)O)OC(=N2)C3=CC(=CC(=C3)Cl)Cl
2790,Tafenoquine,CC1=CC(=NC2=C1C(=C(C=C2NC(C)CCCN)OC)OC3=CC=CC(=C3)C(F)(F)F)OC
2791,Tafluprost,CC(C)OC(=O)CCCC=CCC1C(CC(C1C=CC(COC2=CC=CC=C2)(F)F)O)O
2792,Talampicillin,CC1(C(N2C(S1)C(C2=O)NC(=O)C(C3=CC=CC=C3)N)C(=O)OC4C5=CC=CC=C5C(=O)O4)C
2793,Talastine,CN(C)CCN1C(=O)C2=CC=CC=C2C(=N1)CC3=CC=CC=C3
2794,Talazoparib,CN1C(=NC=N1)C2C(NC3=CC(=CC4=C3C2=NNC4=O)F)C5=CC=C(C=C5)F
2795,Talbutal,CCC(C)C1(C(=O)NC(=O)NC1=O)CC=C
2796,Talinolol,CC(C)(C)NCC(COC1=CC=C(C=C1)NC(=O)NC2CCCCC2)O
2797,Tallimustine,CN1C=C(C=C1C(=O)NC2=CN(C(=C2)C(=O)NC3=CN(C(=C3)C(=O)NCCC(=N)N)C)C)NC(=O)C4=CC=C(C=C4)N(CCCl)CCCl
2798,Talniflumate,C1=CC=C2C(=C1)C(OC2=O)OC(=O)C3=C(N=CC=C3)NC4=CC=CC(=C4)C(F)(F)F
2799,Talopram,CC1(C2=CC=CC=C2C(O1)(CCCNC)C3=CC=CC=C3)C
2800,Tamoxifen,CCC(=C(C1=CC=CC=C1)C2=CC=C(C=C2)OCCN(C)C)C3=CC=CC=C3
2801,Tamsulosin,CCOC1=CC=CC=C1OCCNC(C)CC2=CC(=C(C=C2)OC)S(=O)(=O)N
2802,Tandospirone,C1CC2CC1C3C2C(=O)N(C3=O)CCCCN4CCN(CC4)C5=NC=CC=N5
2803,Tandutinib,CC(C)OC1=CC=C(C=C1)NC(=O)N2CCN(CC2)C3=NC=NC4=CC(=C(C=C43)OC)OCCCN5CCCCC5
2804,Tapentadol,CCC(C1=CC(=CC=C1)O)C(C)CN(C)C
2805,Taranabant,CC(C(CC1=CC=C(C=C1)Cl)C2=CC=CC(=C2)C#N)NC(=O)C(C)(C)OC3=NC=C(C=C3)C(F)(F)F
2806,Tariquidar,COC1=C(C=C2CN(CCC2=C1)CCC3=CC=C(C=C3)NC(=O)C4=CC(=C(C=C4NC(=O)C5=CC6=CC=CC=C6N=C5)OC)OC)OC
2807,Tasimelteon,CCC(=O)NCC1CC1C2=C3CCOC3=CC=C2
2808,Tasosartan,CC1=C2CCC(=O)N(C2=NC(=N1)C)CC3=CC=C(C=C3)C4=CC=CC=C4C5=NNN=N5
2809,Taspoglutide,CCC(C)C(C(=O)NC(C)C(=O)NC(CC1=CNC2=CC=CC=C21)C(=O)NC(CC(C)C)C(=O)NC(C(C)C)C(=O)NC(CCCCN)C(=O)NC(C)(C)C(=O)NC(CCCNC(=N)N)C(=O)N)NC(=O)C(CC3=CC=CC=C3)NC(=O)C(CCC(=O)O)NC(=O)C(CCCCN)NC(=O)C(C)NC(=O)C(C)NC(=O)C(CCC(=O)N)NC(=O)CNC(=O)C(CCC(=O)O)NC(=O)C(CC(C)C)NC(=O)C(CC4=CC=C(C=C4)O)NC(=O)C(CO)NC(=O)C(CO)NC(=O)C(C(C)C)NC(=O)C(CC(=O)O)NC(=O)C(CO)NC(=O)C(C(C)O)NC(=O)C(CC5=CC=CC=C5)NC(=O)C(C(C)O)NC(=O)CNC(=O)C(CCC(=O)O)NC(=O)C(C)(C)NC(=O)C(CC6=CN=CN6)N
2810,Taurochenodeoxycholic acid,CC(CCC(=O)NCCS(=O)(=O)O)C1CCC2C1(CCC3C2C(CC4C3(CCC(C4)O)C)O)C
2811,Taurocholic acid,CC(CCC(=O)NCCS(=O)(=O)O)C1CCC2C1(C(CC3C2C(CC4C3(CCC(C4)O)C)O)O)C
2812,Taurolidine,C1CS(=O)(=O)NCN1CN2CCS(=O)(=O)NC2
2813,Taxifolin,C1=CC(=C(C=C1C2C(C(=O)C3=C(C=C(C=C3O2)O)O)O)O)O
2814,Tazarotene,CCOC(=O)C1=CN=C(C=C1)C#CC2=CC3=C(C=C2)SCCC3(C)C
2815,Tazemetostat,CCN(C1CCOCC1)C2=CC(=CC(=C2C)C(=O)NCC3=C(C=C(NC3=O)C)C)C4=CC=C(C=C4)CN5CCOCC5
2816,Tazobactam,CC1(C(N2C(S1(=O)=O)CC2=O)C(=O)O)CN3C=CN=N3
2817,Tecarfarin,CC(C(F)(F)F)(C(F)(F)F)OC(=O)C1=CC=C(C=C1)CC2=C(C3=CC=CC=C3OC2=O)O
2818,Technetium Tc-99m sestamibi,CC(C)(C[N+]#[C-])OC.CC(C)(C[N+]#[C-])OC.CC(C)(C[N+]#[C-])OC.CC(C)(C[N+]#[C-])OC.CC(C)(C[N+]#[C-])OC.CC(C)(C[N+]#[C-])OC.[Tc]
2819,Tecovirimat,C1C2C1C3C=CC2C4C3C(=O)N(C4=O)NC(=O)C5=CC=C(C=C5)C(F)(F)F
2820,Tedisamil,C1CCC2(C1)C3CN(CC2CN(C3)CC4CC4)CC5CC5
2821,Tedizolid,CN1N=C(N=N1)C2=NC=C(C=C2)C3=C(C=C(C=C3)N4CC(OC4=O)CO)F
2822,Tedizolid phosphate,CN1N=C(N=N1)C2=NC=C(C=C2)C3=C(C=C(C=C3)N4CC(OC4=O)COP(=O)(O)O)F
2823,Tefinostat,C1CCC(C1)OC(=O)C(C2=CC=CC=C2)NCC3=CC=C(C=C3)NC(=O)CCCCCCC(=O)NO
2824,Tegafur,C1CC(OC1)N2C=C(C(=O)NC2=O)F
2825,Tegaserod,CCCCCN=C(N)NN=CC1=CNC2=C1C=C(C=C2)OC
2826,Tegoprazan,CC1=NC2=C(N1)C=C(C=C2OC3CCOC4=C3C(=CC(=C4)F)F)C(=O)N(C)C
2827,Teicoplanin,CCCCCCCCCC(=O)NC1C(C(C(OC1OC2=C3C=C4C=C2OC5=C(C=C(C=C5)C(C6C(=O)NC(C7=C(C(=CC(=C7)O)OC8C(C(C(C(O8)CO)O)O)O)C9=C(C=CC(=C9)C(C(=O)N6)NC(=O)C4NC(=O)C1C2=CC(=CC(=C2)OC2=C(C=CC(=C2)C(C(=O)NC(CC2=CC(=C(O3)C=C2)Cl)C(=O)N1)N)O)O)O)C(=O)O)OC1C(C(C(C(O1)CO)O)O)NC(=O)C)Cl)CO)O)O
2828,Telaprevir,CCCC(C(=O)C(=O)NC1CC1)NC(=O)C2C3CCCC3CN2C(=O)C(C(C)(C)C)NC(=O)C(C4CCCCC4)NC(=O)C5=NC=CN=C5
2829,Telavancin,CCCCCCCCCCNCCNC1(CC(OC(C1O)C)OC2C(C(C(OC2OC3=C4C=C5C=C3OC6=C(C=C(C=C6)C(C(C(=O)NC(C(=O)NC5C(=O)NC7C8=CC(=C(C=C8)O)C9=C(C(=C(C=C9C(NC(=O)C(C(C1=CC(=C(O4)C=C1)Cl)O)NC7=O)C(=O)O)O)CNCP(=O)(O)O)O)CC(=O)N)NC(=O)C(CC(C)C)NC)O)Cl)CO)O)O)C
2830,Telithromycin,CCC1C2(C(C(C(=O)C(CC(C(C(C(=O)C(C(=O)O1)C)C)OC3C(C(CC(O3)C)N(C)C)O)(C)OC)C)C)N(C(=O)O2)CCCCN4C=C(N=C4)C5=CN=CC=C5)C
2831,Telmisartan,CCCC1=NC2=C(N1CC3=CC=C(C=C3)C4=CC=CC=C4C(=O)O)C=C(C=C2C)C5=NC6=CC=CC=C6N5C
2832,Telotristat ethyl,CCOC(=O)C(CC1=CC=C(C=C1)C2=CC(=NC(=N2)N)OC(C3=C(C=C(C=C3)Cl)N4C=CC(=N4)C)C(F)(F)F)N
2833,Temafloxacin,CC1CN(CCN1)C2=C(C=C3C(=C2)N(C=C(C3=O)C(=O)O)C4=C(C=C(C=C4)F)F)F
2834,Temazepam,CN1C2=C(C=C(C=C2)Cl)C(=NC(C1=O)O)C3=CC=CC=C3
2835,Temefos,COP(=S)(OC)OC1=CC=C(C=C1)SC2=CC=C(C=C2)OP(=S)(OC)OC
2836,Temocapril,CCOC(=O)C(CCC1=CC=CC=C1)NC2CSC(CN(C2=O)CC(=O)O)C3=CC=CS3
2837,Temocillin,CC1(C(N2C(S1)C(C2=O)(NC(=O)C(C3=CSC=C3)C(=O)O)OC)C(=O)O)C
2838,Temozolomide,CN1C(=O)N2C=NC(=C2N=N1)C(=O)N
2839,Temsirolimus,CC1CCC2CC(C(=CC=CC=CC(CC(C(=O)C(C(C(=CC(C(=O)CC(OC(=O)C3CCCCN3C(=O)C(=O)C1(O2)O)C(C)CC4CCC(C(C4)OC)OC(=O)C(C)(CO)CO)C)C)O)OC)C)C)C)OC
2840,Tenamfetamine,CC(CC1=CC2=C(C=C1)OCO2)N
2841,Tenapanor,CN1CC(C2=C(C1)C(=CC(=C2)Cl)Cl)C3=CC(=CC=C3)S(=O)(=O)NCCOCCOCCNC(=O)NCCCCNC(=O)NCCOCCOCCNS(=O)(=O)C4=CC=CC(=C4)C5CN(CC6=C5C=C(C=C6Cl)Cl)C
2842,Teneligliptin,CC1=NN(C(=C1)N2CCN(CC2)C3CC(NC3)C(=O)N4CCSC4)C5=CC=CC=C5
2843,Tenidap,C1=CSC(=C1)C(=O)C2=C(N(C3=C2C=C(C=C3)Cl)C(=O)N)O
2844,Teniposide,COC1=CC(=CC(=C1O)OC)C2C3C(COC3=O)C(C4=CC5=C(C=C24)OCO5)OC6C(C(C7C(O6)COC(O7)C8=CC=CS8)O)O
2845,Tenofovir,CC(CN1C=NC2=C(N=CN=C21)N)OCP(=O)(O)O
2846,Tenofovir alafenamide,CC(C)OC(=O)C(C)NP(=O)(COC(C)CN1C=NC2=C(N=CN=C21)N)OC3=CC=CC=C3
2847,Tenofovir disoproxil,CC(C)OC(=O)OCOP(=O)(COC(C)CN1C=NC2=C(N=CN=C21)N)OCOC(=O)OC(C)C
2848,Tenoxicam,CN1C(=C(C2=C(S1(=O)=O)C=CS2)O)C(=O)NC3=CC=CC=N3
2849,Tepotinib,CN1CCC(CC1)COC2=CN=C(N=C2)C3=CC=CC(=C3)CN4C(=O)C=CC(=N4)C5=CC=CC(=C5)C#N
2850,Tepoxalin,CN(C(=O)CCC1=NN(C(=C1)C2=CC=C(C=C2)Cl)C3=CC=C(C=C3)OC)O
2851,Terazosin,COC1=C(C=C2C(=C1)C(=NC(=N2)N3CCN(CC3)C(=O)C4CCCO4)N)OC
2852,Terbinafine,CC(C)(C)C#CC=CCN(C)CC1=CC=CC2=CC=CC=C21
2853,Terbutaline,CC(C)(C)NCC(C1=CC(=CC(=C1)O)O)O
2854,Terfenadine,CC(C)(C)C1=CC=C(C=C1)C(CCCN2CCC(CC2)C(C3=CC=CC=C3)(C4=CC=CC=C4)O)O
2855,Terguride,CCN(CC)C(=O)NC1CC2C(CC3=CNC4=CC=CC2=C34)N(C1)C
2856,Teriflunomide,CC(=C(C#N)C(=O)NC1=CC=C(C=C1)C(F)(F)F)O
2857,Terodiline,CC(CC(C1=CC=CC=C1)C2=CC=CC=C2)NC(C)(C)C
2858,Tertatolol,CC(C)(C)NCC(COC1=CC=CC2=C1SCCC2)O
2859,Tesevatinib,CN1CC2CC(CC2C1)COC3=C(C=C4C(=C3)N=CN=C4NC5=C(C(=C(C=C5)Cl)Cl)F)OC
2860,Tesmilifene,CCN(CC)CCOC1=CC=C(C=C1)CC2=CC=CC=C2
2861,Testolactone,CC12CCC3C(C1CCC(=O)O2)CCC4=CC(=O)C=CC34C
2862,Testosterone cypionate,CC12CCC3C(C1CCC2OC(=O)CCC4CCCC4)CCC5=CC(=O)CCC35C
2863,Testosterone decanoate,CCCCCCCCCC(=O)OC1CCC2C1(CCC3C2CCC4=CC(=O)CCC34C)C
2864,Testosterone enantate benzilic acid hydrazone,CCCCCCC(=O)OC1CCC2C1(CCC3C2CCC4=CC(=NNC(=O)C(C5=CC=CC=C5)(C6=CC=CC=C6)O)CCC34C)C
2865,Testosterone enanthate,CCCCCCC(=O)OC1CCC2C1(CCC3C2CCC4=CC(=O)CCC34C)C
2866,Testosterone isocaproate,CC(C)CCC(=O)OC1CCC2C1(CCC3C2CCC4=CC(=O)CCC34C)C
2867,Testosterone phenylpropionate,CC12CCC3C(C1CCC2OC(=O)CCC4=CC=CC=C4)CCC5=CC(=O)CCC35C
2868,Testosterone propionate,CCC(=O)OC1CCC2C1(CCC3C2CCC4=CC(=O)CCC34C)C
2869,Testosterone succinate,CC12CCC3C(C1CCC2OC(=O)CCC(=O)O)CCC4=CC(=O)CCC34C
2870,Testosterone undecanoate,CCCCCCCCCCC(=O)OC1CCC2C1(CCC3C2CCC4=CC(=O)CCC34C)C
2871,Tetracaine,CCCCNC1=CC=C(C=C1)C(=O)OCCN(C)C
2872,Tetracosactide,CC(C)C(C(=O)NCC(=O)NC(CCCCN)C(=O)NC(CCCCN)C(=O)NC(CCCNC(=N)N)C(=O)NC(CCCNC(=N)N)C(=O)N1CCCC1C(=O)NC(C(C)C)C(=O)NC(CCCCN)C(=O)NC(C(C)C)C(=O)NC(CC2=CC=C(C=C2)O)C(=O)N3CCCC3C(=O)O)NC(=O)C4CCCN4C(=O)C(CCCCN)NC(=O)CNC(=O)C(CC5=CNC6=CC=CC=C65)NC(=O)C(CCCNC(=N)N)NC(=O)C(CC7=CC=CC=C7)NC(=O)C(CC8=CNC=N8)NC(=O)C(CCC(=O)O)NC(=O)C(CCSC)NC(=O)C(CO)NC(=O)C(CC9=CC=C(C=C9)O)NC(=O)C(CO)N
2873,Tetracycline,CC1(C2CC3C(C(=O)C(=C(C3(C(=O)C2=C(C4=C1C=CC=C4O)O)O)O)C(=O)N)N(C)C)O
2874,Tetrahydrocannabivarin,CCCC1=CC(=C2C3C=C(CCC3C(OC2=C1)(C)C)C)O
2875,Tetrahydropalmatine,COC1=C(C2=C(CC3C4=CC(=C(C=C4CCN3C2)OC)OC)C=C1)OC
2876,Tetrandrine,CN1CCC2=CC(=C3C=C2C1CC4=CC=C(C=C4)OC5=C(C=CC(=C5)CC6C7=C(O3)C(=C(C=C7CCN6C)OC)OC)OC)OC
2877,Tetrazepam,CN1C(=O)CN=C(C2=C1C=CC(=C2)Cl)C3=CCCCC3
2878,Tetrodotoxin,C(C1(C2C3C(N=C(NC34C(C1OC(C4O)(O2)O)O)N)O)O)O
2879,Tetryzoline,C1CC(C2=CC=CC=C2C1)C3=NCCN3
2880,Tezacaftor,CC(C)(CO)C1=CC2=CC(=C(C=C2N1CC(CO)O)F)NC(=O)C3(CC3)C4=CC5=C(C=C4)OC(O5)(F)F
2881,Tezacitabine,C1=CN(C(=O)N=C1N)C2C(=CF)C(C(O2)CO)O
2882,Tezosentan,CC(C)C1=CN=C(C=C1)S(=O)(=O)NC2=C(C(=NC(=N2)C3=CC(=NC=C3)C4=NNN=N4)OCCO)OC5=CC=CC=C5OC
2883,Thalidomide,C1CC(=O)NC(=O)C1N2C(=O)C3=CC=CC=C3C2=O
2884,Theobromine,CN1C=NC2=C1C(=O)NC(=O)N2C
2885,Theodrenaline,CN1C2=C(C(=O)N(C1=O)C)N(C=N2)CCNCC(C3=CC(=C(C=C3)O)O)O
2886,Thiabendazole,C1=CC=C2C(=C1)NC(=N2)C3=CSC=N3
2887,Thiamine,CC1=C(SC=[N+]1CC2=CN=C(N=C2N)C)CCO
2888,Thiamphenicol,CS(=O)(=O)C1=CC=C(C=C1)C(C(CO)NC(=O)C(Cl)Cl)O
2889,Thiamylal,CCCC(C)C1(C(=O)NC(=S)NC1=O)CC=C
2890,Thiazinam,CC(CN1C2=CC=CC=C2SC3=CC=CC=C31)[N+](C)(C)C
2891,Thiethylperazine,CCSC1=CC2=C(C=C1)SC3=CC=CC=C3N2CCCN4CCN(CC4)C
2892,Thiocolchicoside,CC(=O)NC1CCC2=CC(=C(C(=C2C3=CC=C(C(=O)C=C13)SC)OC)OC)OC4C(C(C(C(O4)CO)O)O)O
2893,Thiopental,CCCC(C)C1(C(=O)NC(=S)NC1=O)CC
2894,Thiopropazate,CC(=O)OCCN1CCN(CC1)CCCN2C3=CC=CC=C3SC4=C2C=C(C=C4)Cl
2895,Thioproperazine,CN1CCN(CC1)CCCN2C3=CC=CC=C3SC4=C2C=C(C=C4)S(=O)(=O)N(C)C
2896,Thiopyrophosphate,OP(=O)(O)OP(=S)(O)[O-]
2897,Thioridazine,CN1CCCCC1CCN2C3=CC=CC=C3SC4=C2C=C(C=C4)SC
2898,Thiosalicylic acid,C1=CC=C(C(=C1)C(=O)O)S
2899,Thiostrepton,CCC(C)C1C(=O)NC(C(=O)NC(=C)C(=O)NC(C(=O)NC23CCC(=NC2C4=CSC(=N4)C(C(OC(=O)C5=NC6=C(C=CC(C6O)N1)C(=C5)C(C)O)C)NC(=O)C7=CSC(=N7)C(NC(=O)C8CSC(=N8)C(=CC)NC(=O)C(NC(=O)C9=CSC3=N9)C(C)O)C(C)(C(C)O)O)C1=NC(=CS1)C(=O)NC(=C)C(=O)NC(=C)C(=O)N)C)C
2900,Thiotepa,C1CN1P(=S)(N2CC2)N3CC3
2901,Thiothixene,CN1CCN(CC1)CCC=C2C3=CC=CC=C3SC4=C2C=C(C=C4)S(=O)(=O)N(C)C
2902,Thonzylamine,CN(C)CCN(CC1=CC=C(C=C1)OC)C2=NC=CC=N2
2903,Thymol,CC1=CC(=C(C=C1)C(C)C)O
2904,Tiagabine,CC1=C(SC=C1)C(=CCCN2CCCC(C2)C(=O)O)C3=C(C=CS3)C
2905,Tiamulin,CCN(CC)CCSCC(=O)OC1CC(C(C(C23CCC(C1(C2C(=O)CC3)C)C)C)O)(C)C=C
2906,Tianeptine,CN1C2=CC=CC=C2C(C3=C(S1(=O)=O)C=C(C=C3)Cl)NCCCCCCC(=O)O
2907,Tiapride,CCN(CC)CCNC(=O)C1=C(C=CC(=C1)S(=O)(=O)C)OC
2908,Tiaprofenic acid,CC(C1=CC=C(S1)C(=O)C2=CC=CC=C2)C(=O)O
2909,Tibolone,CC1CC2=C(CCC(=O)C2)C3C1C4CCC(C4(CC3)C)(C#C)O
2910,Ticagrelor,CCCSC1=NC(=C2C(=N1)N(N=N2)C3CC(C(C3O)O)OCCO)NC4CC4C5=CC(=C(C=C5)F)F
2911,Ticarcillin,CC1(C(N2C(S1)C(C2=O)NC(=O)C(C3=CSC=C3)C(=O)O)C(=O)O)C
2912,Ticlopidine,C1CN(CC2=C1SC=C2)CC3=CC=CC=C3Cl
2913,Tiemonium iodide,C[N+]1(CCOCC1)CCC(C2=CC=CC=C2)(C3=CC=CS3)O.[I-]
2914,Tienilic acid,C1=CSC(=C1)C(=O)C2=C(C(=C(C=C2)OCC(=O)O)Cl)Cl
2915,Tigecycline,CC(C)(C)NCC(=O)NC1=CC(=C2CC3CC4C(C(=O)C(=C(C4(C(=O)C3=C(C2=C1O)O)O)O)C(=O)N)N(C)C)N(C)C
2916,Tildipirosin,CCC1C(C=C(C=CC(=O)C(CC(C(C(C(CC(=O)O1)O)C)OC2C(C(C(C(O2)C)O)N(C)C)O)CCN3CCCCC3)C)C)CN4CCCCC4
2917,Tiletamine,CCNC1(CCCCC1=O)C2=CC=CS2
2918,Tilmicosin,CCC1C(C=C(C=CC(=O)C(CC(C(C(C(CC(=O)O1)O)C)OC2C(C(C(C(O2)C)O)N(C)C)O)CCN3CC(CC(C3)C)C)C)C)COC4C(C(C(C(O4)C)O)OC)OC
2919,Tiludronic acid,C1=CC(=CC=C1SC(P(=O)(O)O)P(=O)(O)O)Cl
2920,Timepidium,C[N+]1(CC(CC(=C(C2=CC=CS2)C3=CC=CS3)C1)OC)C
2921,Timolol,CC(C)(C)NCC(COC1=NSN=C1N2CCOCC2)O
2922,Tinidazole,CCS(=O)(=O)CCN1C(=NC=C1[N+](=O)[O-])C
2923,Tinoridine,CCOC(=O)C1=C(SC2=C1CCN(C2)CC3=CC=CC=C3)N
2924,Tioclomarol,C1=CC=C2C(=C1)C(=C(C(=O)O2)C(CC(C3=CC=C(C=C3)Cl)O)C4=CC=C(S4)Cl)O
2925,Tioconazole,C1=CC(=C(C=C1Cl)Cl)C(CN2C=CN=C2)OCC3=C(SC=C3)Cl
2926,Tioguanine,C1=NC2=C(N1)C(=S)N=C(N2)N
2927,Tiopronin,CC(C(=O)NCC(=O)O)S
2928,Tiotropium,C[N+]1(C2CC(CC1C3C2O3)OC(=O)C(C4=CC=CS4)(C5=CC=CS5)O)C
2929,Tipifarnib,CN1C=NC=C1C(C2=CC=C(C=C2)Cl)(C3=CC4=C(C=C3)N(C(=O)C=C4C5=CC(=CC=C5)Cl)C)N
2930,Tipiracil,C1CC(=N)N(C1)CC2=C(C(=O)NC(=O)N2)Cl
2931,Tipranavir,CCCC1(CC(=C(C(=O)O1)C(CC)C2=CC(=CC=C2)NS(=O)(=O)C3=NC=C(C=C3)C(F)(F)F)O)CCC4=CC=CC=C4
2932,Tiracizine,CCOC(=O)NC1=CC2=C(CCC3=CC=CC=C3N2C(=O)CN(C)C)C=C1
2933,Tirapazamine,C1=CC=C2C(=C1)[N+](=C(N=[N+]2[O-])N)[O-]
2934,Tiratricol,C1=CC(=C(C=C1OC2=C(C=C(C=C2I)CC(=O)O)I)I)O
2935,Tirofiban,CCCCS(=O)(=O)NC(CC1=CC=C(C=C1)OCCCCC2CCNCC2)C(=O)O
2936,Tisopurine,C1=NNC2=C1C(=S)N=CN2
2937,Tivozanib,CC1=CC(=NO1)NC(=O)NC2=C(C=C(C=C2)OC3=C4C=C(C(=CC4=NC=C3)OC)OC)Cl
2938,Tixocortol,CC12CCC(=O)C=C1CCC3C2C(CC4(C3CCC4(C(=O)CS)O)C)O
2939,Tizanidine,C1CN=C(N1)NC2=C(C=CC3=NSN=C32)Cl
2940,Tobramycin,C1C(C(C(C(C1N)OC2C(C(C(C(O2)CO)O)N)O)O)OC3C(CC(C(O3)CN)O)N)N
2941,Tocainide,CC1=C(C(=CC=C1)C)NC(=O)C(C)N
2942,Tocladesine,C1C2C(C(C(O2)N3C4=NC=NC(=C4N=C3Cl)N)O)OP(=O)(O1)O
2943,Tocopherylquinone,CC1=C(C(=O)C(=C(C1=O)C)CCC(C)(CCCC(C)CCCC(C)CCCC(C)C)O)C
2944,Tocotrienol,CC(=CCCC(=CCCC(=CCCC1(CCC2=C(O1)C=CC(=C2)O)C)C)C)C
2945,Tofacitinib,CC1CCN(CC1N(C)C2=NC=NC3=C2C=CN3)C(=O)CC#N
2946,Tofogliflozin,CCC1=CC=C(C=C1)CC2=CC3=C(COC34C(C(C(C(O4)CO)O)O)O)C=C2
2947,Tolazamide,CC1=CC=C(C=C1)S(=O)(=O)NC(=O)NN2CCCCCC2
2948,Tolazoline,C1CN=C(N1)CC2=CC=CC=C2
2949,Tolbutamide,CCCCNC(=O)NS(=O)(=O)C1=CC=C(C=C1)C
2950,Tolcapone,CC1=CC=C(C=C1)C(=O)C2=CC(=C(C(=C2)O)O)[N+](=O)[O-]
2951,Tolfenamic acid,CC1=C(C=CC=C1Cl)NC2=CC=CC=C2C(=O)O
2952,Tolmetin,CC1=CC=C(C=C1)C(=O)C2=CC=C(N2C)CC(=O)O
2953,Tolonidine,CC1=CC(=C(C=C1)NC2=NCCN2)Cl
2954,Toloxatone,CC1=CC(=CC=C1)N2CC(OC2=O)CO
2955,Tolperisone,CC1=CC=C(C=C1)C(=O)C(C)CN2CCCCC2
2956,Tolterodine,CC1=CC(=C(C=C1)O)C(CCN(C(C)C)C(C)C)C2=CC=CC=C2
2957,Tolvaptan,CC1=CC=CC=C1C(=O)NC2=CC(=C(C=C2)C(=O)N3CCCC(C4=C3C=CC(=C4)Cl)O)C
2958,Topiramate,CC1(OC2COC3(C(C2O1)OC(O3)(C)C)COS(=O)(=O)N)C
2959,Topiroxostat,C1=CN=CC=C1C2=NC(=NN2)C3=CC(=NC=C3)C#N
2960,Topotecan,CCC1(C2=C(COC1=O)C(=O)N3CC4=CC5=C(C=CC(=C5CN(C)C)O)N=C4C3=C2)O
2961,Torasemide,CC1=CC(=CC=C1)NC2=C(C=NC=C2)S(=O)(=O)NC(=O)NC(C)C
2962,Toremifene,CN(C)CCOC1=CC=C(C=C1)C(=C(CCCl)C2=CC=CC=C2)C3=CC=CC=C3
2963,Tovorafenib,CC(C1=NC=C(S1)C(=O)NC2=NC=C(C(=C2)C(F)(F)F)Cl)NC(=O)C3=C(C(=NC=N3)N)Cl
2964,Toyocamycin,C1=C(C2=C(N=CN=C2N1C3C(C(C(O3)CO)O)O)N)C#N
2965,Trabectedin,CC1=CC2=C(C3C4C5C6=C(C(=C7C(=C6C(N4C(C(C2)N3C)O)COC(=O)C8(CS5)C9=CC(=C(C=C9CCN8)O)OC)OCO7)C)OC(=O)C)C(=C1OC)O
2966,Tramadol,CN(C)CC1CCCCC1(C2=CC(=CC=C2)OC)O
2967,Tramazoline,C1CCC2=C(C1)C=CC=C2NC3=NCCN3
2968,Trametinib,CC1=C2C(=C(N(C1=O)C)NC3=C(C=C(C=C3)I)F)C(=O)N(C(=O)N2C4=CC=CC(=C4)NC(=O)C)C5CC5
2969,Tramiprosate,C(CN)CS(=O)(=O)O
2970,Trandolapril,CCOC(=O)C(CCC1=CC=CC=C1)NC(C)C(=O)N2C3CCCCC3CC2C(=O)O
2971,Trandolaprilat,CC(C(=O)N1C2CCCCC2CC1C(=O)O)NC(CCC3=CC=CC=C3)C(=O)O
2972,Tranexamic acid,C1CC(CCC1CN)C(=O)O
2973,Tranilast,COC1=C(C=C(C=C1)C=CC(=O)NC2=CC=CC=C2C(=O)O)OC
2974,Transcrocetinate,CC(=CC=CC=C(C)C=CC=C(C)C(=O)O)C=CC=C(C)C(=O)O
2975,Trapidil,CCN(CC)C1=CC(=NC2=NC=NN12)C
2976,Travoprost,CC(C)OC(=O)CCCC=CCC1C(CC(C1C=CC(COC2=CC=CC(=C2)C(F)(F)F)O)O)O
2977,Trazodone,C1CN(CCN1CCCN2C(=O)N3C=CC=CC3=N2)C4=CC(=CC=C4)Cl
2978,Treosulfan,CS(=O)(=O)OCC(C(COS(=O)(=O)C)O)O
2979,Treprostinil,CCCCCC(CCC1C(CC2C1CC3=C(C2)C(=CC=C3)OCC(=O)O)O)O
2980,Trestolone,CC1CC2=CC(=O)CCC2C3C1C4CCC(C4(CC3)C)O
2981,Trestolone acetate,CC1CC2=CC(=O)CCC2C3C1C4CCC(C4(CC3)C)OC(=O)C
2982,Tretamine,C1CN1C2=NC(=NC(=N2)N3CC3)N4CC4
2983,Tretazicar,C1CN1C2=C(C=C(C(=C2)C(=O)N)[N+](=O)[O-])[N+](=O)[O-]
2984,Tretoquinol,COC1=CC(=CC(=C1OC)OC)CC2C3=CC(=C(C=C3CCN2)O)O
2985,Triamcinolone,CC12CC(C3(C(C1CC(C2(C(=O)CO)O)O)CCC4=CC(=O)C=CC43C)F)O
2986,Triamterene,C1=CC=C(C=C1)C2=NC3=C(N=C(N=C3N=C2N)N)N
2987,Triaziquone,C1CN1C2=CC(=O)C(=C(C2=O)N3CC3)N4CC4
2988,Triazolam,CC1=NN=C2N1C3=C(C=C(C=C3)Cl)C(=NC2)C4=CC=CC=C4Cl
2989,Tricaine,CCOC(=O)C1=CC(=CC=C1)N
2990,Trichloroethylene,C(=C(Cl)Cl)Cl
2991,Trichostatin A,CC(C=C(C)C=CC(=O)NO)C(=O)C1=CC=C(C=C1)N(C)C
2992,Triclabendazole,CSC1=NC2=CC(=C(C=C2N1)Cl)OC3=C(C(=CC=C3)Cl)Cl
2993,Triclofos,C(C(Cl)(Cl)Cl)OP(=O)(O)O
2994,Tridihexethyl,CC[N+](CC)(CC)CCC(C1CCCCC1)(C2=CC=CC=C2)O
2995,Triethylenetetramine,C(CNCCNCCN)N
2996,Trifluoperazine,CN1CCN(CC1)CCCN2C3=CC=CC=C3SC4=C2C=C(C=C4)C(F)(F)F
2997,Trifluperidol,C1CN(CCC1(C2=CC(=CC=C2)C(F)(F)F)O)CCCC(=O)C3=CC=C(C=C3)F
2998,Triflupromazine,CN(C)CCCN1C2=CC=CC=C2SC3=C1C=C(C=C3)C(F)(F)F
2999,Trifluridine,C1C(C(OC1N2C=C(C(=O)NC2=O)C(F)(F)F)CO)O
3000,Triflusal,CC(=O)OC1=C(C=CC(=C1)C(F)(F)F)C(=O)O
3001,Triglu-5-formyl-tetrahydrofolate,C1C(N(C2=C(N1)N=C(NC2=O)N)C=O)CNC3=CC=C(C=C3)C(=O)NC(CCC(=O)NC(CCC(=O)NC(CCC(=O)O)C(=O)O)C(=O)O)C(=O)O
3002,Trihexyphenidyl,C1CCC(CC1)C(CCN2CCCCC2)(C3=CC=CC=C3)O
3003,Trilaciclib,CN1CCN(CC1)C2=CN=C(C=C2)NC3=NC=C4C=C5C(=O)NCC6(N5C4=N3)CCCCC6
3004,Trilostane,CC12CCC3C(C1CCC2O)CCC45C3(CC(=C(C4O5)O)C#N)C
3005,Trimazosin,CC(C)(COC(=O)N1CCN(CC1)C2=NC3=C(C(=C(C=C3C(=N2)N)OC)OC)OC)O
3006,Trimebutine,CCC(COC(=O)C1=CC(=C(C(=C1)OC)OC)OC)(C2=CC=CC=C2)N(C)C
3007,Trimethadione,CC1(C(=O)N(C(=O)O1)C)C
3008,Trimethaphan,C1CC2C3C(C[S+]2C1)N(C(=O)N3CC4=CC=CC=C4)CC5=CC=CC=C5
3009,Trimethobenzamide,CN(C)CCOC1=CC=C(C=C1)CNC(=O)C2=CC(=C(C(=C2)OC)OC)OC
3010,Trimetrexate,CC1=C(C=CC2=C1C(=NC(=N2)N)N)CNC3=CC(=C(C(=C3)OC)OC)OC
3011,Trimipramine,CC(CN1C2=CC=CC=C2CCC3=CC=CC=C31)CN(C)C
3012,Trioxsalen,CC1=CC(=O)OC2=C1C=C3C=C(OC3=C2C)C
3013,Tripamide,C1CC2CC1C3C2CN(C3)NC(=O)C4=CC(=C(C=C4)Cl)S(=O)(=O)N
3014,Tripelennamine,CN(C)CCN(CC1=CC=CC=C1)C2=CC=CC=N2
3015,Triprolidine,CC1=CC=C(C=C1)C(=CCN2CCCC2)C3=CC=CC=N3
3016,Triptolide,CC(C)C12C(O1)C3C4(O3)C5(CCC6=C(C5CC7C4(C2O)O7)COC6=O)C
3017,Triptorelin,CC(C)CC(C(=O)NC(CCCN=C(N)N)C(=O)N1CCCC1C(=O)NCC(=O)N)NC(=O)C(CC2=CNC3=CC=CC=C32)NC(=O)C(CC4=CC=C(C=C4)O)NC(=O)C(CO)NC(=O)C(CC5=CNC6=CC=CC=C65)NC(=O)C(CC7=CN=CN7)NC(=O)C8CCC(=O)N8
3018,Trofinetide,CC1(CCCN1C(=O)CN)C(=O)NC(CCC(=O)O)C(=O)O
3019,Trofosfamide,C1CN(P(=O)(OC1)N(CCCl)CCCl)CCCl
3020,Trolamine,C(CO)N(CCO)CCO
3021,Troleandomycin,CC1CC(C(C(O1)OC2C(CC3(CO3)C(=O)C(C(C(C(OC(=O)C(C(C2C)OC4CC(C(C(O4)C)OC(=O)C)OC)C)C)C)OC(=O)C)C)C)OC(=O)C)N(C)C
3022,Trolnitrate,C(CO[N+](=O)[O-])N(CCO[N+](=O)[O-])CCO[N+](=O)[O-]
3023,Tropatepine,CN1C2CCC1CC(=C3C4=CC=CC=C4CSC5=CC=CC=C53)C2
3024,Tropicamide,CCN(CC1=CC=NC=C1)C(=O)C(CO)C2=CC=CC=C2
3025,Tropisetron,CN1C2CCC1CC(C2)OC(=O)C3=CNC4=CC=CC=C43
3026,Trospium,C1CC[N+]2(C1)C3CCC2CC(C3)OC(=O)C(C4=CC=CC=C4)(C5=CC=CC=C5)O
3027,Trovafloxacin,C1C2C(C2N)CN1C3=C(C=C4C(=O)C(=CN(C4=N3)C5=C(C=C(C=C5)F)F)C(=O)O)F
3028,Troxacitabine,C1C(OC(O1)CO)N2C=CC(=NC2=O)N
3029,Troxerutin,CC1C(C(C(C(O1)OCC2C(C(C(C(O2)OC3=C(OC4=CC(=CC(=C4C3=O)O)OCCO)C5=CC(=C(C=C5)OCCO)OCCO)O)O)O)O)O)O
3030,Tubercidin,C1=CN(C2=NC=NC(=C21)N)C3C(C(C(O3)CO)O)O
3031,Tubocurarine,CN1CCC2=CC(=C3C=C2C1CC4=CC=C(C=C4)OC5=C6C(CC7=CC(=C(C=C7)O)O3)[N+](CCC6=CC(=C5O)OC)(C)C)OC
3032,Tucaresol,C1=CC(=C(C(=C1)OCC2=CC=C(C=C2)C(=O)O)C=O)O
3033,Tucatinib,CC1=C(C=CC(=C1)NC2=NC=NC3=C2C=C(C=C3)NC4=NC(CO4)(C)C)OC5=CC6=NC=NN6C=C5
3034,Tucidinostat,C1=CC(=CN=C1)C=CC(=O)NCC2=CC=C(C=C2)C(=O)NC3=C(C=C(C=C3)F)N
3035,Tulathromycin A,CCCNCC1(C(OC(CC1(C)OC)OC2C(C(C(CC(CNC(C(C(C(OC(=O)C2C)CC)(C)O)O)C)C)(C)O)OC3C(C(CC(O3)C)N(C)C)O)C)C)O
3036,Tulobuterol,CC(C)(C)NCC(C1=CC=CC=C1Cl)O
3037,Tylosin,CCC1C(C=C(C=CC(=O)C(CC(C(C(C(CC(=O)O1)O)C)OC2C(C(C(C(O2)C)OC3CC(C(C(O3)C)O)(C)O)N(C)C)O)CC=O)C)C)COC4C(C(C(C(O4)C)O)OC)OC
3038,Tylvalosin,CCC1C(C=C(C=CC(=O)C(CC(C(C(C(CC(=O)O1)OC(=O)C)C)OC2C(C(C(C(O2)C)OC3CC(C(C(O3)C)OC(=O)CC(C)C)(C)O)N(C)C)O)CC=O)C)C)COC4C(C(C(C(O4)C)O)OC)OC
3039,Tyramine,C1=CC(=CC=C1CCN)O
3040,Ubenimex,CC(C)CC(C(=O)O)NC(=O)C(C(CC1=CC=CC=C1)N)O
3041,Ubidecarenone,CC1=C(C(=O)C(=C(C1=O)OC)OC)CC=C(C)CCC=C(C)CCC=C(C)CCC=C(C)CCC=C(C)CCC=C(C)CCC=C(C)CCC=C(C)CCC=C(C)CCC=C(C)C
3042,Ubrogepant,CC1C(CC(C(=O)N1CC(F)(F)F)NC(=O)C2=CC3=C(CC4(C3)C5=C(NC4=O)N=CC=C5)N=C2)C6=CC=CC=C6
3043,Udenafil,CCCC1=NN(C2=C1N=C(NC2=O)C3=C(C=CC(=C3)S(=O)(=O)NCCC4CCCN4C)OCCC)C
3044,Ularitide,CCC(C)C1C(=O)NCC(=O)NC(C(=O)NC(C(=O)NC(C(=O)NCC(=O)NC(C(=O)NCC(=O)NC(CSSCC(C(=O)NC(C(=O)NCC(=O)NCC(=O)NC(C(=O)NC(C(=O)NC(C(=O)NC(C(=O)N1)CCCNC(=N)N)CC(=O)O)CCSC)CCCNC(=N)N)CC2=CC=CC=C2)NC(=O)C(CO)NC(=O)C(CO)NC(=O)C(CCCNC(=N)N)NC(=O)C(CCCNC(=N)N)NC(=O)C(CC(C)C)NC(=O)C(CO)NC(=O)C(CCCNC(=N)N)NC(=O)C3CCCN3C(=O)C(C)NC(=O)C(C(C)O)N)C(=O)NC(CC(=O)N)C(=O)NC(CO)C(=O)NC(CC4=CC=CC=C4)C(=O)NC(CCCNC(=N)N)C(=O)NC(CC5=CC=C(C=C5)O)C(=O)O)CC(C)C)CO)CCC(=O)N)C
3045,Ulipristal,CC(=O)C1(CCC2C1(CC(C3=C4CCC(=O)C=C4CCC23)C5=CC=C(C=C5)N(C)C)C)O
3046,Ulobetasol,CC1CC2C3CC(C4=CC(=O)C=CC4(C3(C(CC2(C1(C(=O)CCl)O)C)O)F)C)F
3047,Umbralisib,CC(C)OC1=C(C=C(C=C1)C2=NN(C3=NC=NC(=C23)N)C(C)C4=C(C(=O)C5=C(O4)C=CC(=C5)F)C6=CC(=CC=C6)F)F
3048,Umeclidinium,C1C[N+]2(CCC1(CC2)C(C3=CC=CC=C3)(C4=CC=CC=C4)O)CCOCC5=CC=CC=C5
3049,Umifenovir,CCOC(=O)C1=C(N(C2=CC(=C(C(=C21)CN(C)C)O)Br)C)CSC3=CC=CC=C3
3050,Unoprostone,CCCCCCCC(=O)CCC1C(CC(C1CC=CCCCC(=O)O)O)O
3051,Upadacitinib,CCC1CN(CC1C2=CN=C3N2C4=C(NC=C4)N=C3)C(=O)NCC(F)(F)F
3052,Uracil,C1=CNC(=O)NC1=O
3053,Uracil mustard,C1=C(C(=O)NC(=O)N1)N(CCCl)CCCl
3054,Urapidil,CN1C(=CC(=O)N(C1=O)C)NCCCN2CCN(CC2)C3=CC=CC=C3OC
3055,Urethane,CCOC(=O)N
3056,Uric acid,C12=C(NC(=O)N1)NC(=O)NC2=O
3057,Vabicaserin,C1CC2CN3CCNCC4=C3C(=CC=C4)C2C1
3058,Vaborbactam,B1(C(CCC(O1)CC(=O)O)NC(=O)CC2=CC=CS2)O
3059,Vadadustat,C1=CC(=CC(=C1)Cl)C2=CC(=C(N=C2)C(=O)NCC(=O)O)O
3060,Vadimezan,CC1=C(C2=C(C=C1)C(=O)C3=CC=CC(=C3O2)CC(=O)O)C
3061,Valaciclovir,CC(C)C(C(=O)OCCOCN1C=NC2=C1N=C(NC2=O)N)N
3062,Valbenazine,CC(C)CC1CN2CCC3=CC(=C(C=C3C2CC1OC(=O)C(C(C)C)N)OC)OC
3063,Valdecoxib,CC1=C(C(=NO1)C2=CC=CC=C2)C3=CC=C(C=C3)S(=O)(=O)N
3064,Valganciclovir,CC(C)C(C(=O)OCC(CO)OCN1C=NC2=C1N=C(NC2=O)N)N
3065,Valinomycin,CC1C(=O)NC(C(=O)OC(C(=O)NC(C(=O)OC(C(=O)NC(C(=O)OC(C(=O)NC(C(=O)OC(C(=O)NC(C(=O)OC(C(=O)NC(C(=O)O1)C(C)C)C(C)C)C(C)C)C)C(C)C)C(C)C)C(C)C)C)C(C)C)C(C)C)C(C)C
3066,Valnoctamide,CCC(C)C(CC)C(=O)N
3067,Valomaciclovir,CC(C)C(C(=O)OCCC(CN1C=NC2=C1N=C(NC2=O)N)CO)N
3068,Valproate bismuth,CCCC(CCC)C(=O)[O-].CCCC(CCC)C(=O)[O-].CCCC(CCC)C(=O)[O-].[Bi+3]
3069,Valpromide,CCCC(CCC)C(=O)N
3070,Valrubicin,CCCCC(=O)OCC(=O)C1(CC(C2=C(C1)C(=C3C(=C2O)C(=O)C4=C(C3=O)C=CC=C4OC)O)OC5CC(C(C(O5)C)O)NC(=O)C(F)(F)F)O
3071,Valsartan,CCCCC(=O)N(CC1=CC=C(C=C1)C2=CC=CC=C2C3=NNN=N3)C(C(C)C)C(=O)O
3072,Valspodar,CC=CCC(C)C(=O)C1C(=O)NC(C(=O)N(CC(=O)N(C(C(=O)NC(C(=O)N(C(C(=O)NC(C(=O)NC(C(=O)N(C(C(=O)N(C(C(=O)N(C(C(=O)N1C)C(C)C)C)CC(C)C)C)CC(C)C)C)C)C)CC(C)C)C)C(C)C)CC(C)C)C)C)C(C)C
3073,Vamorolone,CC1CC2C3CCC4=CC(=O)C=CC4(C3=CCC2(C1(C(=O)CO)O)C)C
3074,Vancomycin,CC1C(C(CC(O1)OC2C(C(C(OC2OC3=C4C=C5C=C3OC6=C(C=C(C=C6)C(C(C(=O)NC(C(=O)NC5C(=O)NC7C8=CC(=C(C=C8)O)C9=C(C=C(C=C9O)O)C(NC(=O)C(C(C1=CC(=C(O4)C=C1)Cl)O)NC7=O)C(=O)O)CC(=O)N)NC(=O)C(CC(C)C)NC)O)Cl)CO)O)O)(C)N)O
3075,Vandetanib,CN1CCC(CC1)COC2=C(C=C3C(=C2)N=CN=C3NC4=C(C=C(C=C4)Br)F)OC
3076,Vanoxerine,C1CN(CCN1CCCC2=CC=CC=C2)CCOC(C3=CC=C(C=C3)F)C4=CC=C(C=C4)F
3077,Vardenafil,CCCC1=NC(=C2N1N=C(NC2=O)C3=C(C=CC(=C3)S(=O)(=O)N4CCN(CC4)CC)OCC)C
3078,Varenicline,C1C2CNCC1C3=CC4=NC=CN=C4C=C23
3079,Vatalanib,C1=CC=C2C(=C1)C(=NN=C2NC3=CC=C(C=C3)Cl)CC4=CC=NC=C4
3080,Vecuronium,CC(=O)OC1CC2CCC3C(C2(CC1N4CCCCC4)C)CCC5(C3CC(C5OC(=O)C)[N+]6(CCCCC6)C)C
3081,Velpatasvir,CC1CCC(N1C(=O)C(C(C)C)NC(=O)OC)C2=NC3=C(N2)C=CC4=CC5=C(C=C43)OCC6=C5C=CC(=C6)C7=CN=C(N7)C8CC(CN8C(=O)C(C9=CC=CC=C9)NC(=O)OC)COC
3082,Vemurafenib,CCCS(=O)(=O)NC1=C(C(=C(C=C1)F)C(=O)C2=CNC3=C2C=C(C=N3)C4=CC=C(C=C4)Cl)F
3083,Venetoclax,CC1(CCC(=C(C1)C2=CC=C(C=C2)Cl)CN3CCN(CC3)C4=CC(=C(C=C4)C(=O)NS(=O)(=O)C5=CC(=C(C=C5)NCC6CCOCC6)[N+](=O)[O-])OC7=CN=C8C(=C7)C=CN8)C
3084,Venlafaxine,CN(C)CC(C1=CC=C(C=C1)OC)C2(CCCCC2)O
3085,Veralipride,COC1=CC(=CC(=C1OC)C(=O)NCC2CCCN2CC=C)S(=O)(=O)N
3086,Vericiguat,COC(=O)NC1=C(N=C(N=C1N)C2=NN(C3=C2C=C(C=N3)F)CC4=CC=CC=C4F)N
3087,Verinurad,CC(C)(C(=O)O)SC1=C(C=NC=C1)C2=CC=C(C3=CC=CC=C32)C#N
3088,Vernakalant,COC1=C(C=C(C=C1)CCOC2CCCCC2N3CCC(C3)O)OC
3089,Vesnarinone,COC1=C(C=C(C=C1)C(=O)N2CCN(CC2)C3=CC4=C(C=C3)NC(=O)CC4)OC
3090,Vibegron,C1CC(NC1CC2=CC=C(C=C2)NC(=O)C3CCC4=NC=CC(=O)N34)C(C5=CC=CC=C5)O
3091,Vicriviroc,CC1CN(CCN1C(COC)C2=CC=C(C=C2)C(F)(F)F)C3(CCN(CC3)C(=O)C4=C(N=CN=C4C)C)C
3092,Vigabatrin,C=CC(CCC(=O)O)N
3093,Vilanterol,C1=CC(=C(C(=C1)Cl)COCCOCCCCCCNCC(C2=CC(=C(C=C2)O)CO)O)Cl
3094,Vilazodone,C1CN(CCN1CCCCC2=CNC3=C2C=C(C=C3)C#N)C4=CC5=C(C=C4)OC(=C5)C(=O)N
3095,Vildagliptin,C1CC(N(C1)C(=O)CNC23CC4CC(C2)CC(C4)(C3)O)C#N
3096,Viloxazine,CCOC1=CC=CC=C1OCC2CNCCO2
3097,Vinbarbital,CCC=C(C)C1(C(=O)NC(=O)NC1=O)CC
3098,Vinblastine,CCC1(CC2CC(C3=C(CCN(C2)C1)C4=CC=CC=C4N3)(C5=C(C=C6C(=C5)C78CCN9C7C(C=CC9)(C(C(C8N6C)(C(=O)OC)O)OC(=O)C)CC)OC)C(=O)OC)O
3099,Vincamine,CCC12CCCN3C1C4=C(CC3)C5=CC=CC=C5N4C(C2)(C(=O)OC)O
3100,Vincristine,CCC1(CC2CC(C3=C(CCN(C2)C1)C4=CC=CC=C4N3)(C5=C(C=C6C(=C5)C78CCN9C7C(C=CC9)(C(C(C8N6C=O)(C(=O)OC)O)OC(=O)C)CC)OC)C(=O)OC)O
3101,Vindesine,CCC1(CC2CC(C3=C(CCN(C2)C1)C4=CC=CC=C4N3)(C5=C(C=C6C(=C5)C78CCN9C7C(C=CC9)(C(C(C8N6C)(C(=O)N)O)O)CC)OC)C(=O)OC)O
3102,Vinflunine,CCC12C=CCN3C1C4(CC3)C(C(C2OC(=O)C)(C(=O)OC)O)N(C5=CC(=C(C=C45)C6(CC7CC(CN(C7)CC8=C6NC9=CC=CC=C89)C(C)(F)F)C(=O)OC)OC)C
3103,Vinorelbine,CCC1=CC2CC(C3=C(CN(C2)C1)C4=CC=CC=C4N3)(C5=C(C=C6C(=C5)C78CCN9C7C(C=CC9)(C(C(C8N6C)(C(=O)OC)O)OC(=O)C)CC)OC)C(=O)OC
3104,Vinpocetine,CCC12CCCN3C1C4=C(CC3)C5=CC=CC=C5N4C(=C2)C(=O)OCC
3105,Vintafolide,CCC1(CC2CC(C3=C(CCN(C2)C1)C4=CC=CC=C4N3)(C5=C(C=C6C(=C5)C78CCN9C7C(C=CC9)(C(C(C8N6C)(C(=O)NNC(=O)OCCSSCC(C(=O)O)NC(=O)C(CC(=O)O)NC(=O)C(CC(=O)O)NC(=O)C(CCCNC(=N)N)NC(=O)C(CC(=O)O)NC(=O)CCC(C(=O)O)NC(=O)C1=CC=C(C=C1)NCC1=CN=C2C(=N1)C(=O)NC(=N2)N)O)O)CC)OC)C(=O)OC)O
3106,Vinyl ether,C=COC=C
3107,Vinylbital,CCCC(C)C1(C(=O)NC(=O)NC1=O)C=C
3108,Viomycin,C1C(N=C(NC1O)N)C2C(=O)NCC(C(=O)NC(C(=O)NC(C(=O)NC(=CNC(=O)N)C(=O)N2)CO)CO)NC(=O)CC(CCCN)N
3109,Vismodegib,CS(=O)(=O)C1=CC(=C(C=C1)C(=O)NC2=CC(=C(C=C2)Cl)C3=CC=CC=N3)Cl
3110,Vitamin A,CC1=C(C(CCC1)(C)C)C=CC(=CC=CC(=CCO)C)C
3111,Voclosporin,CCC1C(=O)N(CC(=O)N(C(C(=O)NC(C(=O)N(C(C(=O)NC(C(=O)NC(C(=O)N(C(C(=O)N(C(C(=O)N(C(C(=O)N(C(C(=O)N1)C(C(C)CC=CC=C)O)C)C(C)C)C)CC(C)C)C)CC(C)C)C)C)C)CC(C)C)C)C(C)C)CC(C)C)C)C
3112,Voglibose,C1C(C(C(C(C1(CO)O)O)O)O)NC(CO)CO
3113,Volasertib,CCC1C(=O)N(C2=CN=C(N=C2N1C(C)C)NC3=C(C=C(C=C3)C(=O)NC4CCC(CC4)N5CCN(CC5)CC6CC6)OC)C
3114,Vonoprazan,CNCC1=CN(C(=C1)C2=CC=CC=C2F)S(=O)(=O)C3=CN=CC=C3
3115,Vorapaxar,CCOC(=O)NC1CCC2C(C1)CC3C(C2C=CC4=NC=C(C=C4)C5=CC(=CC=C5)F)C(OC3=O)C
3116,Vorasidenib,CC(C(F)(F)F)NC1=NC(=NC(=N1)C2=NC(=CC=C2)Cl)NC(C)C(F)(F)F
3117,Voriconazole,CC(C1=NC=NC=C1F)C(CN2C=NC=N2)(C3=C(C=C(C=C3)F)F)O
3118,Vorinostat,C1=CC=C(C=C1)NC(=O)CCCCCCC(=O)NO
3119,Vortioxetine,CC1=CC(=C(C=C1)SC2=CC=CC=C2N3CCNCC3)C
3120,Vosaroxin,CNC1CN(CC1OC)C2=NC3=C(C=C2)C(=O)C(=CN3C4=NC=CS4)C(=O)O
3121,Voxelotor,CC(C)N1C(=CC=N1)C2=C(C=CC=N2)COC3=CC=CC(=C3C=O)O
3122,Voxilaprevir,CCC1C2CN(C1C(=O)NC3(CC3C(F)F)C(=O)NS(=O)(=O)C4(CC4)C)C(=O)C(NC(=O)OC5CC5CCCCC(C6=NC7=C(C=C(C=C7)OC)N=C6O2)(F)F)C(C)(C)C
3123,WIN 55212-2,CC1=C(C2=C3N1C(COC3=CC=C2)CN4CCOCC4)C(=O)C5=CC=CC6=CC=CC=C65
3124,Wortmannin,CC(=O)OC1CC2(C(CCC2=O)C3=C1C4(C(OC(=O)C5=COC(=C54)C3=O)COC)C)C
3125,Xamoterol,C1COCCN1C(=O)NCCNCC(COC2=CC=C(C=C2)O)O
3126,Xanomeline,CCCCCCOC1=NSN=C1C2=CCCN(C2)C
3127,Xanthine,C1=NC2=C(N1)C(=O)NC(=O)N2
3128,Xenon,[Xe]
3129,Ximelagatran,CCOC(=O)CNC(C1CCCCC1)C(=O)N2CCC2C(=O)NCC3=CC=C(C=C3)C(=NO)N
3130,Xipamide,CC1=C(C(=CC=C1)C)NC(=O)C2=CC(=C(C=C2O)Cl)S(=O)(=O)N
3131,Xylazine,CC1=C(C(=CC=C1)C)NC2=NCCCS2
3132,Xylometazoline,CC1=CC(=CC(=C1CC2=NCCN2)C)C(C)(C)C
3133,Yohimbine,COC(=O)C1C(CCC2C1CC3C4=C(CCN3C2)C5=CC=CC=C5N4)O
3134,Zafirlukast,CC1=CC=CC=C1S(=O)(=O)NC(=O)C2=CC(=C(C=C2)CC3=CN(C4=C3C=C(C=C4)NC(=O)OC5CCCC5)C)OC
3135,Zalcitabine,C1CC(OC1CO)N2C=CC(=NC2=O)N
3136,Zaleplon,CCN(C1=CC=CC(=C1)C2=CC=NC3=C(C=NN23)C#N)C(=O)C
3137,Zaltoprofen,CC(C1=CC2=C(C=C1)SC3=CC=CC=C3C(=O)C2)C(=O)O
3138,Zanamivir,CC(=O)NC1C(C=C(OC1C(C(CO)O)O)C(=O)O)N=C(N)N
3139,Zanubrutinib,C=CC(=O)N1CCC(CC1)C2CCNC3=C(C(=NN23)C4=CC=C(C=C4)OC5=CC=CC=C5)C(=O)N
3140,Zavegepant,CC1=CC(=CC2=C1NN=C2)CC(C(=O)N3CCN(CC3)C4CCN(CC4)C)NC(=O)N5CCC(CC5)C6=CC7=CC=CC=C7NC6=O
3141,Zelavespib,CC(C)NCCCN1C2=NC=NC(=C2N=C1SC3=C(C=C4C(=C3)OCO4)I)N
3142,Zeranol,CC1CCCC(CCCCCC2=C(C(=CC(=C2)O)O)C(=O)O1)O
3143,Zidovudine,CC1=CN(C(=O)NC1=O)C2CC(C(O2)CO)N=[N+]=[N-]
3144,Zileuton,CC(C1=CC2=CC=CC=C2S1)N(C(=O)N)O
3145,Zilucoplan,CCCCCCCCCCCCCCCC(=O)NC(CCC(=O)NCCOCCOCCOCCOCCOCCOCCOCCOCCOCCOCCOCCOCCOCCOCCOCCOCCOCCOCCOCCOCCOCCOCCOCCOCCC(=O)NCCCCC(C(=O)O)NC(=O)C(C1CCCCC1)NC(=O)C2CCCN2C(=O)C(CC3=CC=C(C=C3)O)NC(=O)C(CCC(=O)O)NC(=O)C(CC4=CNC5=C4C=CC=N5)NC(=O)C(CC6=CC=C(C=C6)O)NC(=O)C(C(C)(C)C)NC(=O)C(CC(=O)O)N(C)C(=O)C7CC(=O)NCCCCC(C(=O)NC(C(=O)NC(C(=O)NC(C(=O)NC(C(=O)N7)CC8=CC=CC=C8)CCCNC(=N)N)CCC(=O)O)C(C)C)NC(=O)C)C(=O)O
3146,Zimelidine,CN(C)CC=C(C1=CC=C(C=C1)Br)C2=CN=CC=C2
3147,Zinc,[Zn]
3148,Zinc Substituted Heme C,CC=C1C(=C2C=C3C(=CC)C(=C([N-]3)C=C4C(=C(C(=CC5=C(C(=C([N-]5)C=C1[N-]2)C)CCC(=O)O)[N-]4)CCC(=O)O)C)C)C.[Zn]
3149,Zinc cation,[Zn+2]
3150,Zinc oxide,[O-2].[Zn+2]
3151,Ziprasidone,C1CN(CCN1CCC2=C(C=C3C(=C2)CC(=O)N3)Cl)C4=NSC5=CC=CC=C54
3152,Zofenopril,CC(CSC(=O)C1=CC=CC=C1)C(=O)N2CC(CC2C(=O)O)SC3=CC=CC=C3
3153,Zolazepam,CC1=NN(C2=C1C(=NCC(=O)N2C)C3=CC=CC=C3F)C
3154,"Zoledronate D,L-Lysine Monohydrate",C1=CN(C=N1)CC(O)(P(=O)(O)O)P(=O)(O)O.C(CCN)CC(C(=O)O)N.O
3155,Zolmitriptan,CN(C)CCC1=CNC2=C1C=C(C=C2)CC3COC(=O)N3
3156,Zolpidem,CC1=CC=C(C=C1)C2=C(N3C=C(C=CC3=N2)C)CC(=O)N(C)C
3157,Zomepirac,CC1=C(N(C(=C1)CC(=O)O)C)C(=O)C2=CC=C(C=C2)Cl
3158,Zonisamide,C1=CC=C2C(=C1)C(=NO2)CS(=O)(=O)N
3159,Zorubicin,CC1C(C(CC(O1)OC2CC(CC3=C2C(=C4C(=C3O)C(=O)C5=C(C4=O)C(=CC=C5)OC)O)(C(=NNC(=O)C6=CC=CC=C6)C)O)N)O
3160,Zosuquidar,C1CN(CCN1CC(COC2=CC=CC3=C2C=CC=N3)O)C4C5=CC=CC=C5C6C(C6(F)F)C7=CC=CC=C47
3161,Zotepine,CN(C)CCOC1=CC2=CC=CC=C2SC3=C1C=C(C=C3)Cl
3162,Zuranolone,CC1(CCC2C(C1)CCC3C2CCC4(C3CCC4C(=O)CN5C=C(C=N5)C#N)C)O
3163,beta-D-Galactosamine,C(C1C(C(C(C(O1)O)N)O)O)O
3164,beta-Isosparteine,C1CCN2CC3CC(C2C1)CN4C3CCCC4
3165,beta-Naphthoflavone,C1=CC=C(C=C1)C2=CC(=O)C3=C(O2)C=CC4=CC=CC=C43
3166,cis-Diamminechlorocholylglycinateplatinum(II),CC(CCC(=O)NCC(=O)[O-])C1CCC2C1(C(CC3C2C(CC4C3(CCC(C4)O)C)O)O)C.N.N.[Cl-].[Pt+2]
3167,gamma-Hydroxybutyric acid,C(CC(=O)O)CO
3168,m-Chlorophenylpiperazine,C1CN(CCN1)C2=CC(=CC=C2)Cl
3169,trans-2-hydroxycinnamic acid,C1=CC=C(C(=C1)C=CC(=O)O)O
