DrugID,DrugName,CID,ChEBI_ID,Pathway_ID,Pathway_Name,Evidence,Species
1,(+)-menthol,165675,CHEBI:76306,R-HSA-381753,Olfactory Signaling Pathway,IEA,Homo sapiens
1,(+)-menthol,165675,CHEBI:76306,R-HSA-381753,Olfactory Signaling Pathway,TAS,Homo sapiens
1,(+)-menthol,165675,CHEBI:76306,R-HSA-9709957,Sensory Perception,IEA,Homo sapiens
1,(+)-menthol,165675,CHEBI:76306,R-HSA-9709957,Sensory Perception,TAS,Homo sapiens
21,"1,10-Phenanthroline",1318,CHEBI:44975,R-HSA-9709957,Sensory Perception,IEA,Homo sapiens
21,"1,10-Phenanthroline",1318,CHEBI:44975,R-HSA-9709957,Sensory Perception,TAS,Homo sapiens
21,"1,10-Phenanthroline",1318,CHEBI:44975,R-HSA-9717189,Sensory perception of taste,IEA,Homo sapiens
21,"1,10-Phenanthroline",1318,CHEBI:44975,R-HSA-9717189,Sensory perception of taste,TAS,Homo sapiens
21,"1,10-Phenanthroline",1318,CHEBI:44975,R-HSA-9717207,"Sensory perception of sweet, bitter, and umami (glutamate) taste",IEA,Homo sapiens
21,"1,10-Phenanthroline",1318,CHEBI:44975,R-HSA-9717207,"Sensory perception of sweet, bitter, and umami (glutamate) taste",TAS,Homo sapiens
47,"3,4-Dihydroxybenzoic Acid",72,CHEBI:36062,R-HSA-1430728,Metabolism,TAS,Homo sapiens
47,"3,4-Dihydroxybenzoic Acid",72,CHEBI:36062,R-HSA-156580,Phase II - Conjugation of compounds,TAS,Homo sapiens
47,"3,4-Dihydroxybenzoic Acid",72,CHEBI:36062,R-HSA-156581,Methylation,TAS,Homo sapiens
47,"3,4-Dihydroxybenzoic Acid",72,CHEBI:36062,R-HSA-211859,Biological oxidations,TAS,Homo sapiens
88,Abacavir,441300,CHEBI:421707,R-HSA-2161517,Abacavir transmembrane transport,TAS,Homo sapiens
88,Abacavir,441300,CHEBI:421707,R-HSA-2161517,Abacavir transmembrane transport,IEA,Homo sapiens
88,Abacavir,441300,CHEBI:421707,R-HSA-2161522,Abacavir ADME,TAS,Homo sapiens
88,Abacavir,441300,CHEBI:421707,R-HSA-2161522,Abacavir ADME,IEA,Homo sapiens
88,Abacavir,441300,CHEBI:421707,R-HSA-2161541,Abacavir metabolism,TAS,Homo sapiens
88,Abacavir,441300,CHEBI:421707,R-HSA-9748784,Drug ADME,TAS,Homo sapiens
88,Abacavir,441300,CHEBI:421707,R-HSA-9748784,Drug ADME,IEA,Homo sapiens
91,Abediterol,11962616,CHEBI:142077,R-HSA-162582,Signal Transduction,TAS,Homo sapiens
91,Abediterol,11962616,CHEBI:142077,R-HSA-372790,Signaling by GPCR,TAS,Homo sapiens
91,Abediterol,11962616,CHEBI:142077,R-HSA-373076,Class A/1 (Rhodopsin-like receptors),TAS,Homo sapiens
91,Abediterol,11962616,CHEBI:142077,R-HSA-375280,Amine ligand-binding receptors,TAS,Homo sapiens
91,Abediterol,11962616,CHEBI:142077,R-HSA-390696,Adrenoceptors,TAS,Homo sapiens
91,Abediterol,11962616,CHEBI:142077,R-HSA-500792,GPCR ligand binding,TAS,Homo sapiens
92,Abemaciclib,46220502,CHEBI:233362,R-HSA-1640170,Cell Cycle,TAS,Homo sapiens
92,Abemaciclib,46220502,CHEBI:233362,R-HSA-453279,Mitotic G1 phase and G1/S transition,TAS,Homo sapiens
92,Abemaciclib,46220502,CHEBI:233362,R-HSA-69231,Cyclin D associated events in G1,TAS,Homo sapiens
92,Abemaciclib,46220502,CHEBI:233362,R-HSA-69236,G1 Phase,TAS,Homo sapiens
92,Abemaciclib,46220502,CHEBI:233362,R-HSA-69278,"Cell Cycle, Mitotic",TAS,Homo sapiens
92,Abemaciclib,46220502,CHEBI:233362,R-HSA-9754119,Drug-mediated inhibition of CDK4/CDK6 activity,TAS,Homo sapiens
96,Acalabrutinib,71226662,CHEBI:167707,R-HSA-1266695,Interleukin-7 signaling,TAS,Homo sapiens
96,Acalabrutinib,71226662,CHEBI:167707,R-HSA-1280215,Cytokine Signaling in Immune system,TAS,Homo sapiens
96,Acalabrutinib,71226662,CHEBI:167707,R-HSA-1280218,Adaptive Immune System,TAS,Homo sapiens
96,Acalabrutinib,71226662,CHEBI:167707,R-HSA-1643685,Disease,TAS,Homo sapiens
96,Acalabrutinib,71226662,CHEBI:167707,R-HSA-168256,Immune System,TAS,Homo sapiens
96,Acalabrutinib,71226662,CHEBI:167707,R-HSA-449147,Signaling by Interleukins,TAS,Homo sapiens
96,Acalabrutinib,71226662,CHEBI:167707,R-HSA-451927,Interleukin-2 family signaling,TAS,Homo sapiens
96,Acalabrutinib,71226662,CHEBI:167707,R-HSA-5663205,Infectious disease,TAS,Homo sapiens
96,Acalabrutinib,71226662,CHEBI:167707,R-HSA-6785807,Interleukin-4 and Interleukin-13 signaling,TAS,Homo sapiens
96,Acalabrutinib,71226662,CHEBI:167707,R-HSA-8985947,Interleukin-9 signaling,TAS,Homo sapiens
96,Acalabrutinib,71226662,CHEBI:167707,R-HSA-9020558,Interleukin-2 signaling,TAS,Homo sapiens
96,Acalabrutinib,71226662,CHEBI:167707,R-HSA-9679191,Potential therapeutics for SARS,TAS,Homo sapiens
96,Acalabrutinib,71226662,CHEBI:167707,R-HSA-9679506,SARS-CoV Infections,TAS,Homo sapiens
96,Acalabrutinib,71226662,CHEBI:167707,R-HSA-9824446,Viral Infection Pathways,TAS,Homo sapiens
96,Acalabrutinib,71226662,CHEBI:167707,R-HSA-983695,Antigen activates B Cell Receptor (BCR) leading to generation of second messengers,TAS,Homo sapiens
96,Acalabrutinib,71226662,CHEBI:167707,R-HSA-983705,Signaling by the B Cell Receptor (BCR),TAS,Homo sapiens
99,Acebutolol,1978,CHEBI:2379,R-HSA-162582,Signal Transduction,TAS,Homo sapiens
99,Acebutolol,1978,CHEBI:2379,R-HSA-372790,Signaling by GPCR,TAS,Homo sapiens
99,Acebutolol,1978,CHEBI:2379,R-HSA-373076,Class A/1 (Rhodopsin-like receptors),TAS,Homo sapiens
99,Acebutolol,1978,CHEBI:2379,R-HSA-375280,Amine ligand-binding receptors,TAS,Homo sapiens
99,Acebutolol,1978,CHEBI:2379,R-HSA-390696,Adrenoceptors,TAS,Homo sapiens
99,Acebutolol,1978,CHEBI:2379,R-HSA-500792,GPCR ligand binding,TAS,Homo sapiens
103,Acenocoumarol,54676537,CHEBI:53766,R-HSA-1430728,Metabolism,TAS,Homo sapiens
103,Acenocoumarol,54676537,CHEBI:53766,R-HSA-196854,Metabolism of vitamins and cofactors,TAS,Homo sapiens
103,Acenocoumarol,54676537,CHEBI:53766,R-HSA-6806664,Metabolism of vitamin K,TAS,Homo sapiens
103,Acenocoumarol,54676537,CHEBI:53766,R-HSA-6806667,Metabolism of fat-soluble vitamins,TAS,Homo sapiens
106,Acetaminophen,1983,CHEBI:46195,R-HSA-1430728,Metabolism,TAS,Homo sapiens
106,Acetaminophen,1983,CHEBI:46195,R-HSA-156580,Phase II - Conjugation of compounds,TAS,Homo sapiens
106,Acetaminophen,1983,CHEBI:46195,R-HSA-156584,Cytosolic sulfonation of small molecules,TAS,Homo sapiens
106,Acetaminophen,1983,CHEBI:46195,R-HSA-156588,Glucuronidation,TAS,Homo sapiens
106,Acetaminophen,1983,CHEBI:46195,R-HSA-211859,Biological oxidations,TAS,Homo sapiens
106,Acetaminophen,1983,CHEBI:46195,R-HSA-211897,Cytochrome P450 - arranged by substrate type,TAS,Homo sapiens
106,Acetaminophen,1983,CHEBI:46195,R-HSA-211945,Phase I - Functionalization of compounds,TAS,Homo sapiens
106,Acetaminophen,1983,CHEBI:46195,R-HSA-211981,Xenobiotics,TAS,Homo sapiens
106,Acetaminophen,1983,CHEBI:46195,R-HSA-211999,CYP2E1 reactions,TAS,Homo sapiens
106,Acetaminophen,1983,CHEBI:46195,R-HSA-2142753,Arachidonate metabolism,TAS,Homo sapiens
106,Acetaminophen,1983,CHEBI:46195,R-HSA-2162123,Synthesis of Prostaglandins (PG) and Thromboxanes (TX),TAS,Homo sapiens
106,Acetaminophen,1983,CHEBI:46195,R-HSA-556833,Metabolism of lipids,TAS,Homo sapiens
106,Acetaminophen,1983,CHEBI:46195,R-HSA-8978868,Fatty acid metabolism,TAS,Homo sapiens
106,Acetaminophen,1983,CHEBI:46195,R-HSA-9709957,Sensory Perception,IEA,Homo sapiens
106,Acetaminophen,1983,CHEBI:46195,R-HSA-9709957,Sensory Perception,TAS,Homo sapiens
106,Acetaminophen,1983,CHEBI:46195,R-HSA-9717189,Sensory perception of taste,IEA,Homo sapiens
106,Acetaminophen,1983,CHEBI:46195,R-HSA-9717189,Sensory perception of taste,TAS,Homo sapiens
106,Acetaminophen,1983,CHEBI:46195,R-HSA-9717207,"Sensory perception of sweet, bitter, and umami (glutamate) taste",IEA,Homo sapiens
106,Acetaminophen,1983,CHEBI:46195,R-HSA-9717207,"Sensory perception of sweet, bitter, and umami (glutamate) taste",TAS,Homo sapiens
106,Acetaminophen,1983,CHEBI:46195,R-HSA-9748784,Drug ADME,TAS,Homo sapiens
106,Acetaminophen,1983,CHEBI:46195,R-HSA-9749641,Aspirin ADME,TAS,Homo sapiens
106,Acetaminophen,1983,CHEBI:46195,R-HSA-9753281,Paracetamol ADME,TAS,Homo sapiens
107,Acetate,175,CHEBI:30089,R-HSA-112311,Neurotransmitter clearance,TAS,Homo sapiens
107,Acetate,175,CHEBI:30089,R-HSA-112315,Transmission across Chemical Synapses,TAS,Homo sapiens
107,Acetate,175,CHEBI:30089,R-HSA-112316,Neuronal System,TAS,Homo sapiens
107,Acetate,175,CHEBI:30089,R-HSA-1428517,Aerobic respiration and respiratory electron transport,TAS,Homo sapiens
107,Acetate,175,CHEBI:30089,R-HSA-1430728,Metabolism,TAS,Homo sapiens
107,Acetate,175,CHEBI:30089,R-HSA-1483191,Synthesis of PC,TAS,Homo sapiens
107,Acetate,175,CHEBI:30089,R-HSA-1483206,Glycerophospholipid biosynthesis,TAS,Homo sapiens
107,Acetate,175,CHEBI:30089,R-HSA-1483257,Phospholipid metabolism,TAS,Homo sapiens
107,Acetate,175,CHEBI:30089,R-HSA-1630316,Glycosaminoglycan metabolism,TAS,Homo sapiens
107,Acetate,175,CHEBI:30089,R-HSA-1638091,Heparan sulfate/heparin (HS-GAG) metabolism,TAS,Homo sapiens
107,Acetate,175,CHEBI:30089,R-HSA-2022928,HS-GAG biosynthesis,TAS,Homo sapiens
107,Acetate,175,CHEBI:30089,R-HSA-211859,Biological oxidations,TAS,Homo sapiens
107,Acetate,175,CHEBI:30089,R-HSA-211945,Phase I - Functionalization of compounds,TAS,Homo sapiens
107,Acetate,175,CHEBI:30089,R-HSA-212436,Generic Transcription Pathway,TAS,Homo sapiens
107,Acetate,175,CHEBI:30089,R-HSA-3214815,HDACs deacetylate histones,TAS,Homo sapiens
107,Acetate,175,CHEBI:30089,R-HSA-3247509,Chromatin modifying enzymes,TAS,Homo sapiens
107,Acetate,175,CHEBI:30089,R-HSA-3700989,Transcriptional Regulation by TP53,TAS,Homo sapiens
107,Acetate,175,CHEBI:30089,R-HSA-389887,Beta-oxidation of pristanoyl-CoA,TAS,Homo sapiens
107,Acetate,175,CHEBI:30089,R-HSA-390918,Peroxisomal lipid metabolism,TAS,Homo sapiens
107,Acetate,175,CHEBI:30089,R-HSA-392499,Metabolism of proteins,TAS,Homo sapiens
107,Acetate,175,CHEBI:30089,R-HSA-4839726,Chromatin organization,TAS,Homo sapiens
107,Acetate,175,CHEBI:30089,R-HSA-5423646,Aflatoxin activation and detoxification,TAS,Homo sapiens
107,Acetate,175,CHEBI:30089,R-HSA-556833,Metabolism of lipids,TAS,Homo sapiens
107,Acetate,175,CHEBI:30089,R-HSA-5633007,Regulation of TP53 Activity,TAS,Homo sapiens
107,Acetate,175,CHEBI:30089,R-HSA-6804758,Regulation of TP53 Activity through Acetylation,TAS,Homo sapiens
107,Acetate,175,CHEBI:30089,R-HSA-70268,Pyruvate metabolism,TAS,Homo sapiens
107,Acetate,175,CHEBI:30089,R-HSA-71384,Ethanol oxidation,TAS,Homo sapiens
107,Acetate,175,CHEBI:30089,R-HSA-71387,Metabolism of carbohydrates and carbohydrate derivatives,TAS,Homo sapiens
107,Acetate,175,CHEBI:30089,R-HSA-73857,RNA Polymerase II Transcription,TAS,Homo sapiens
107,Acetate,175,CHEBI:30089,R-HSA-74160,Gene expression (Transcription),TAS,Homo sapiens
107,Acetate,175,CHEBI:30089,R-HSA-74182,Ketone body metabolism,TAS,Homo sapiens
107,Acetate,175,CHEBI:30089,R-HSA-77111,Synthesis of Ketone Bodies,TAS,Homo sapiens
107,Acetate,175,CHEBI:30089,R-HSA-8978868,Fatty acid metabolism,TAS,Homo sapiens
107,Acetate,175,CHEBI:30089,R-HSA-9748784,Drug ADME,TAS,Homo sapiens
107,Acetate,175,CHEBI:30089,R-HSA-9749641,Aspirin ADME,TAS,Homo sapiens
107,Acetate,175,CHEBI:30089,R-HSA-9753281,Paracetamol ADME,TAS,Homo sapiens
107,Acetate,175,CHEBI:30089,R-HSA-977225,Amyloid fiber formation,TAS,Homo sapiens
107,Acetate,175,CHEBI:30089,R-HSA-9932444,ATP-dependent chromatin remodelers,TAS,Homo sapiens
107,Acetate,175,CHEBI:30089,R-HSA-9937848,CHD chromatin remodelers,TAS,Homo sapiens
107,Acetate,175,CHEBI:30089,R-HSA-9937850,NuRD complex assembly,TAS,Homo sapiens
107,Acetate,175,CHEBI:30089,R-HSA-9940951,Interaction of NuRD complexes with transcription factors,TAS,Homo sapiens
107,Acetate,175,CHEBI:30089,R-HSA-9943965,"CHD3, CHD4, CHD5 subfamily",TAS,Homo sapiens
108,Acetazolamide,1986,CHEBI:27690,R-HSA-1237044,Erythrocytes take up carbon dioxide and release oxygen,TAS,Homo sapiens
108,Acetazolamide,1986,CHEBI:27690,R-HSA-1480926,O2/CO2 exchange in erythrocytes,TAS,Homo sapiens
108,Acetazolamide,1986,CHEBI:27690,R-HSA-382551,Transport of small molecules,TAS,Homo sapiens
109,Acetoacetic acid,96,CHEBI:15344,R-HSA-1430728,Metabolism,TAS,Homo sapiens
109,Acetoacetic acid,96,CHEBI:15344,R-HSA-1643685,Disease,TAS,Homo sapiens
109,Acetoacetic acid,96,CHEBI:15344,R-HSA-382551,Transport of small molecules,TAS,Homo sapiens
109,Acetoacetic acid,96,CHEBI:15344,R-HSA-425407,SLC-mediated transmembrane transport,TAS,Homo sapiens
109,Acetoacetic acid,96,CHEBI:15344,R-HSA-433692,Proton-coupled monocarboxylate transport,TAS,Homo sapiens
109,Acetoacetic acid,96,CHEBI:15344,R-HSA-556833,Metabolism of lipids,TAS,Homo sapiens
109,Acetoacetic acid,96,CHEBI:15344,R-HSA-5619070,Defective SLC16A1 causes symptomatic deficiency in lactate transport (SDLT),TAS,Homo sapiens
109,Acetoacetic acid,96,CHEBI:15344,R-HSA-5619102,SLC transporter disorders,TAS,Homo sapiens
109,Acetoacetic acid,96,CHEBI:15344,R-HSA-5619115,Disorders of transmembrane transporters,TAS,Homo sapiens
109,Acetoacetic acid,96,CHEBI:15344,R-HSA-74182,Ketone body metabolism,TAS,Homo sapiens
109,Acetoacetic acid,96,CHEBI:15344,R-HSA-77108,Utilization of Ketone Bodies,TAS,Homo sapiens
109,Acetoacetic acid,96,CHEBI:15344,R-HSA-77111,Synthesis of Ketone Bodies,TAS,Homo sapiens
109,Acetoacetic acid,96,CHEBI:15344,R-HSA-9748784,Drug ADME,TAS,Homo sapiens
109,Acetoacetic acid,96,CHEBI:15344,R-HSA-9749641,Aspirin ADME,TAS,Homo sapiens
109,Acetoacetic acid,96,CHEBI:15344,R-HSA-9955298,SLC-mediated transport of organic anions,TAS,Homo sapiens
114,Acetylcholine,187,CHEBI:15355,R-HSA-112310,Neurotransmitter release cycle,TAS,Homo sapiens
114,Acetylcholine,187,CHEBI:15355,R-HSA-112311,Neurotransmitter clearance,TAS,Homo sapiens
114,Acetylcholine,187,CHEBI:15355,R-HSA-112314,Neurotransmitter receptors and postsynaptic signal transmission,TAS,Homo sapiens
114,Acetylcholine,187,CHEBI:15355,R-HSA-112315,Transmission across Chemical Synapses,TAS,Homo sapiens
114,Acetylcholine,187,CHEBI:15355,R-HSA-112316,Neuronal System,TAS,Homo sapiens
114,Acetylcholine,187,CHEBI:15355,R-HSA-1430728,Metabolism,TAS,Homo sapiens
114,Acetylcholine,187,CHEBI:15355,R-HSA-1430728,Metabolism,IEA,Homo sapiens
114,Acetylcholine,187,CHEBI:15355,R-HSA-1483191,Synthesis of PC,TAS,Homo sapiens
114,Acetylcholine,187,CHEBI:15355,R-HSA-1483206,Glycerophospholipid biosynthesis,TAS,Homo sapiens
114,Acetylcholine,187,CHEBI:15355,R-HSA-1483257,Phospholipid metabolism,TAS,Homo sapiens
114,Acetylcholine,187,CHEBI:15355,R-HSA-162582,Signal Transduction,TAS,Homo sapiens
114,Acetylcholine,187,CHEBI:15355,R-HSA-163685,Integration of energy metabolism,IEA,Homo sapiens
114,Acetylcholine,187,CHEBI:15355,R-HSA-181431,Acetylcholine binding and downstream events,TAS,Homo sapiens
114,Acetylcholine,187,CHEBI:15355,R-HSA-264642,Acetylcholine Neurotransmitter Release Cycle,TAS,Homo sapiens
114,Acetylcholine,187,CHEBI:15355,R-HSA-2980736,Peptide hormone metabolism,TAS,Homo sapiens
114,Acetylcholine,187,CHEBI:15355,R-HSA-372790,Signaling by GPCR,TAS,Homo sapiens
114,Acetylcholine,187,CHEBI:15355,R-HSA-373076,Class A/1 (Rhodopsin-like receptors),TAS,Homo sapiens
114,Acetylcholine,187,CHEBI:15355,R-HSA-375280,Amine ligand-binding receptors,TAS,Homo sapiens
114,Acetylcholine,187,CHEBI:15355,R-HSA-381771,"Synthesis, secretion, and inactivation of Glucagon-like Peptide-1 (GLP-1)",TAS,Homo sapiens
114,Acetylcholine,187,CHEBI:15355,R-HSA-388396,GPCR downstream signalling,TAS,Homo sapiens
114,Acetylcholine,187,CHEBI:15355,R-HSA-390648,Muscarinic acetylcholine receptors,TAS,Homo sapiens
114,Acetylcholine,187,CHEBI:15355,R-HSA-392499,Metabolism of proteins,TAS,Homo sapiens
114,Acetylcholine,187,CHEBI:15355,R-HSA-399997,Acetylcholine regulates insulin secretion,IEA,Homo sapiens
114,Acetylcholine,187,CHEBI:15355,R-HSA-400508,"Incretin synthesis, secretion, and inactivation",TAS,Homo sapiens
114,Acetylcholine,187,CHEBI:15355,R-HSA-416476,G alpha (q) signalling events,TAS,Homo sapiens
114,Acetylcholine,187,CHEBI:15355,R-HSA-418594,G alpha (i) signalling events,TAS,Homo sapiens
114,Acetylcholine,187,CHEBI:15355,R-HSA-422356,Regulation of insulin secretion,IEA,Homo sapiens
114,Acetylcholine,187,CHEBI:15355,R-HSA-500792,GPCR ligand binding,TAS,Homo sapiens
114,Acetylcholine,187,CHEBI:15355,R-HSA-556833,Metabolism of lipids,TAS,Homo sapiens
114,Acetylcholine,187,CHEBI:15355,R-HSA-622323,Presynaptic nicotinic acetylcholine receptors,TAS,Homo sapiens
114,Acetylcholine,187,CHEBI:15355,R-HSA-622327,Postsynaptic nicotinic acetylcholine receptors,TAS,Homo sapiens
114,Acetylcholine,187,CHEBI:15355,R-HSA-629587,Highly sodium permeable postsynaptic acetylcholine nicotinic receptors,TAS,Homo sapiens
114,Acetylcholine,187,CHEBI:15355,R-HSA-629594,Highly calcium permeable postsynaptic nicotinic acetylcholine receptors,TAS,Homo sapiens
114,Acetylcholine,187,CHEBI:15355,R-HSA-629597,Highly calcium permeable nicotinic acetylcholine receptors,TAS,Homo sapiens
114,Acetylcholine,187,CHEBI:15355,R-HSA-9659379,Sensory processing of sound,IEA,Homo sapiens
114,Acetylcholine,187,CHEBI:15355,R-HSA-9662361,Sensory processing of sound by outer hair cells of the cochlea,IEA,Homo sapiens
114,Acetylcholine,187,CHEBI:15355,R-HSA-9667769,Acetylcholine inhibits contraction of outer hair cells,IEA,Homo sapiens
114,Acetylcholine,187,CHEBI:15355,R-HSA-9709957,Sensory Perception,IEA,Homo sapiens
116,Acetyldigitoxin,5284512,CHEBI:53773,R-HSA-1643685,Disease,TAS,Homo sapiens
116,Acetyldigitoxin,5284512,CHEBI:53773,R-HSA-382551,Transport of small molecules,TAS,Homo sapiens
116,Acetyldigitoxin,5284512,CHEBI:53773,R-HSA-397014,Muscle contraction,TAS,Homo sapiens
116,Acetyldigitoxin,5284512,CHEBI:53773,R-HSA-5576891,Cardiac conduction,TAS,Homo sapiens
116,Acetyldigitoxin,5284512,CHEBI:53773,R-HSA-5578775,Ion homeostasis,TAS,Homo sapiens
116,Acetyldigitoxin,5284512,CHEBI:53773,R-HSA-5663205,Infectious disease,TAS,Homo sapiens
116,Acetyldigitoxin,5284512,CHEBI:53773,R-HSA-936837,Ion transport by P-type ATPases,TAS,Homo sapiens
116,Acetyldigitoxin,5284512,CHEBI:53773,R-HSA-9679191,Potential therapeutics for SARS,TAS,Homo sapiens
116,Acetyldigitoxin,5284512,CHEBI:53773,R-HSA-9679506,SARS-CoV Infections,TAS,Homo sapiens
116,Acetyldigitoxin,5284512,CHEBI:53773,R-HSA-9824446,Viral Infection Pathways,TAS,Homo sapiens
116,Acetyldigitoxin,5284512,CHEBI:53773,R-HSA-983712,Ion channel transport,TAS,Homo sapiens
119,Acetylsalicylic acid,2244,CHEBI:15365,R-HSA-1430728,Metabolism,TAS,Homo sapiens
119,Acetylsalicylic acid,2244,CHEBI:15365,R-HSA-2142753,Arachidonate metabolism,TAS,Homo sapiens
119,Acetylsalicylic acid,2244,CHEBI:15365,R-HSA-2162123,Synthesis of Prostaglandins (PG) and Thromboxanes (TX),TAS,Homo sapiens
119,Acetylsalicylic acid,2244,CHEBI:15365,R-HSA-2672351,Stimuli-sensing channels,TAS,Homo sapiens
119,Acetylsalicylic acid,2244,CHEBI:15365,R-HSA-382551,Transport of small molecules,TAS,Homo sapiens
119,Acetylsalicylic acid,2244,CHEBI:15365,R-HSA-556833,Metabolism of lipids,TAS,Homo sapiens
119,Acetylsalicylic acid,2244,CHEBI:15365,R-HSA-8978868,Fatty acid metabolism,TAS,Homo sapiens
119,Acetylsalicylic acid,2244,CHEBI:15365,R-HSA-9748784,Drug ADME,TAS,Homo sapiens
119,Acetylsalicylic acid,2244,CHEBI:15365,R-HSA-9749641,Aspirin ADME,TAS,Homo sapiens
119,Acetylsalicylic acid,2244,CHEBI:15365,R-HSA-983712,Ion channel transport,TAS,Homo sapiens
121,Acitretin,5284513,CHEBI:50173,R-HSA-162582,Signal Transduction,TAS,Homo sapiens
121,Acitretin,5284513,CHEBI:50173,R-HSA-5362517,Signaling by Retinoic Acid,TAS,Homo sapiens
121,Acitretin,5284513,CHEBI:50173,R-HSA-9006931,Signaling by Nuclear Receptors,TAS,Homo sapiens
123,Aclidinium,11434515,CHEBI:65346,R-HSA-162582,Signal Transduction,TAS,Homo sapiens
123,Aclidinium,11434515,CHEBI:65346,R-HSA-372790,Signaling by GPCR,TAS,Homo sapiens
123,Aclidinium,11434515,CHEBI:65346,R-HSA-373076,Class A/1 (Rhodopsin-like receptors),TAS,Homo sapiens
123,Aclidinium,11434515,CHEBI:65346,R-HSA-375280,Amine ligand-binding receptors,TAS,Homo sapiens
123,Aclidinium,11434515,CHEBI:65346,R-HSA-390648,Muscarinic acetylcholine receptors,TAS,Homo sapiens
123,Aclidinium,11434515,CHEBI:65346,R-HSA-500792,GPCR ligand binding,TAS,Homo sapiens
127,Acyclovir,135398513,CHEBI:2453,R-HSA-1430728,Metabolism,TAS,Homo sapiens
127,Acyclovir,135398513,CHEBI:2453,R-HSA-211859,Biological oxidations,TAS,Homo sapiens
127,Acyclovir,135398513,CHEBI:2453,R-HSA-211945,Phase I - Functionalization of compounds,TAS,Homo sapiens
127,Acyclovir,135398513,CHEBI:2453,R-HSA-382551,Transport of small molecules,TAS,Homo sapiens
127,Acyclovir,135398513,CHEBI:2453,R-HSA-425407,SLC-mediated transmembrane transport,TAS,Homo sapiens
127,Acyclovir,135398513,CHEBI:2453,R-HSA-561048,Organic anion transport by SLC22 transporters,TAS,Homo sapiens
127,Acyclovir,135398513,CHEBI:2453,R-HSA-9955298,SLC-mediated transport of organic anions,TAS,Homo sapiens
132,Adenine,190,CHEBI:16708,R-HSA-110331,Cleavage of the damaged purine,TAS,Homo sapiens
132,Adenine,190,CHEBI:16708,R-HSA-1237112,Methionine salvage pathway,TAS,Homo sapiens
132,Adenine,190,CHEBI:16708,R-HSA-1430728,Metabolism,TAS,Homo sapiens
132,Adenine,190,CHEBI:16708,R-HSA-15869,Metabolism of nucleotides,TAS,Homo sapiens
132,Adenine,190,CHEBI:16708,R-HSA-1614635,Sulfur amino acid metabolism,TAS,Homo sapiens
132,Adenine,190,CHEBI:16708,R-HSA-1643685,Disease,TAS,Homo sapiens
132,Adenine,190,CHEBI:16708,R-HSA-382551,Transport of small molecules,TAS,Homo sapiens
132,Adenine,190,CHEBI:16708,R-HSA-425397,"Transport of vitamins, nucleosides, and related molecules",TAS,Homo sapiens
132,Adenine,190,CHEBI:16708,R-HSA-425407,SLC-mediated transmembrane transport,TAS,Homo sapiens
132,Adenine,190,CHEBI:16708,R-HSA-5619063,Defective SLC29A3 causes histiocytosis-lymphadenopathy plus syndrome (HLAS),TAS,Homo sapiens
132,Adenine,190,CHEBI:16708,R-HSA-5619102,SLC transporter disorders,TAS,Homo sapiens
132,Adenine,190,CHEBI:16708,R-HSA-5619115,Disorders of transmembrane transporters,TAS,Homo sapiens
132,Adenine,190,CHEBI:16708,R-HSA-5668914,Diseases of metabolism,TAS,Homo sapiens
132,Adenine,190,CHEBI:16708,R-HSA-71291,Metabolism of amino acids and derivatives,TAS,Homo sapiens
132,Adenine,190,CHEBI:16708,R-HSA-73884,Base Excision Repair,TAS,Homo sapiens
132,Adenine,190,CHEBI:16708,R-HSA-73894,DNA Repair,TAS,Homo sapiens
132,Adenine,190,CHEBI:16708,R-HSA-73927,Depurination,TAS,Homo sapiens
132,Adenine,190,CHEBI:16708,R-HSA-73929,"Base-Excision Repair, AP Site Formation",TAS,Homo sapiens
132,Adenine,190,CHEBI:16708,R-HSA-74217,Purine salvage,TAS,Homo sapiens
132,Adenine,190,CHEBI:16708,R-HSA-83936,Transport of nucleosides and free purine and pyrimidine bases across the plasma membrane,TAS,Homo sapiens
132,Adenine,190,CHEBI:16708,R-HSA-8956321,Nucleotide salvage,TAS,Homo sapiens
132,Adenine,190,CHEBI:16708,R-HSA-9734195,Defective APRT disrupts adenine salvage,TAS,Homo sapiens
132,Adenine,190,CHEBI:16708,R-HSA-9734207,Nucleotide salvage defects,TAS,Homo sapiens
132,Adenine,190,CHEBI:16708,R-HSA-9735804,Diseases of nucleotide metabolism,TAS,Homo sapiens
136,Afatinib,10184653,CHEBI:61390,R-HSA-1227986,Signaling by ERBB2,TAS,Homo sapiens
136,Afatinib,10184653,CHEBI:61390,R-HSA-1227990,Signaling by ERBB2 in Cancer,TAS,Homo sapiens
136,Afatinib,10184653,CHEBI:61390,R-HSA-1236382,Constitutive Signaling by Ligand-Responsive EGFR Cancer Variants,TAS,Homo sapiens
136,Afatinib,10184653,CHEBI:61390,R-HSA-162582,Signal Transduction,TAS,Homo sapiens
136,Afatinib,10184653,CHEBI:61390,R-HSA-1643685,Disease,TAS,Homo sapiens
136,Afatinib,10184653,CHEBI:61390,R-HSA-1643713,Signaling by EGFR in Cancer,TAS,Homo sapiens
136,Afatinib,10184653,CHEBI:61390,R-HSA-5637815,Signaling by Ligand-Responsive EGFR Variants in Cancer,TAS,Homo sapiens
136,Afatinib,10184653,CHEBI:61390,R-HSA-5638302,Signaling by Overexpressed Wild-Type EGFR in Cancer,TAS,Homo sapiens
136,Afatinib,10184653,CHEBI:61390,R-HSA-5638303,Inhibition of Signaling by Overexpressed EGFR,TAS,Homo sapiens
136,Afatinib,10184653,CHEBI:61390,R-HSA-5663202,Diseases of signal transduction by growth factor receptors and second messengers,TAS,Homo sapiens
136,Afatinib,10184653,CHEBI:61390,R-HSA-9006934,Signaling by Receptor Tyrosine Kinases,TAS,Homo sapiens
136,Afatinib,10184653,CHEBI:61390,R-HSA-9634285,Constitutive Signaling by Overexpressed ERBB2,TAS,Homo sapiens
136,Afatinib,10184653,CHEBI:61390,R-HSA-9652282,Drug-mediated inhibition of ERBB2 signaling,TAS,Homo sapiens
136,Afatinib,10184653,CHEBI:61390,R-HSA-9664565,Signaling by ERBB2 KD Mutants,TAS,Homo sapiens
136,Afatinib,10184653,CHEBI:61390,R-HSA-9665230,Drug resistance in ERBB2 KD mutants,TAS,Homo sapiens
136,Afatinib,10184653,CHEBI:61390,R-HSA-9665246,Resistance of ERBB2 KD mutants to neratinib,TAS,Homo sapiens
136,Afatinib,10184653,CHEBI:61390,R-HSA-9665249,Resistance of ERBB2 KD mutants to afatinib,TAS,Homo sapiens
136,Afatinib,10184653,CHEBI:61390,R-HSA-9665348,Signaling by ERBB2 ECD mutants,TAS,Homo sapiens
136,Afatinib,10184653,CHEBI:61390,R-HSA-9665686,Signaling by ERBB2 TMD/JMD mutants,TAS,Homo sapiens
151,Aldosterone,5839,CHEBI:27584,R-HSA-1430728,Metabolism,TAS,Homo sapiens
151,Aldosterone,5839,CHEBI:27584,R-HSA-162582,Signal Transduction,TAS,Homo sapiens
151,Aldosterone,5839,CHEBI:27584,R-HSA-193993,Mineralocorticoid biosynthesis,TAS,Homo sapiens
151,Aldosterone,5839,CHEBI:27584,R-HSA-194002,Glucocorticoid biosynthesis,TAS,Homo sapiens
151,Aldosterone,5839,CHEBI:27584,R-HSA-196071,Metabolism of steroid hormones,TAS,Homo sapiens
151,Aldosterone,5839,CHEBI:27584,R-HSA-211859,Biological oxidations,TAS,Homo sapiens
151,Aldosterone,5839,CHEBI:27584,R-HSA-211897,Cytochrome P450 - arranged by substrate type,TAS,Homo sapiens
151,Aldosterone,5839,CHEBI:27584,R-HSA-211945,Phase I - Functionalization of compounds,TAS,Homo sapiens
151,Aldosterone,5839,CHEBI:27584,R-HSA-211976,Endogenous sterols,TAS,Homo sapiens
151,Aldosterone,5839,CHEBI:27584,R-HSA-212436,Generic Transcription Pathway,IEA,Homo sapiens
151,Aldosterone,5839,CHEBI:27584,R-HSA-2262752,Cellular responses to stress,TAS,Homo sapiens
151,Aldosterone,5839,CHEBI:27584,R-HSA-2990846,SUMOylation,TAS,Homo sapiens
151,Aldosterone,5839,CHEBI:27584,R-HSA-3108232,SUMO E3 ligases SUMOylate target proteins,TAS,Homo sapiens
151,Aldosterone,5839,CHEBI:27584,R-HSA-3371497,HSP90 chaperone cycle for steroid hormone receptors (SHR) in the presence of ligand,TAS,Homo sapiens
151,Aldosterone,5839,CHEBI:27584,R-HSA-392499,Metabolism of proteins,TAS,Homo sapiens
151,Aldosterone,5839,CHEBI:27584,R-HSA-4090294,SUMOylation of intracellular receptors,TAS,Homo sapiens
151,Aldosterone,5839,CHEBI:27584,R-HSA-556833,Metabolism of lipids,TAS,Homo sapiens
151,Aldosterone,5839,CHEBI:27584,R-HSA-597592,Post-translational protein modification,TAS,Homo sapiens
151,Aldosterone,5839,CHEBI:27584,R-HSA-73857,RNA Polymerase II Transcription,IEA,Homo sapiens
151,Aldosterone,5839,CHEBI:27584,R-HSA-74160,Gene expression (Transcription),IEA,Homo sapiens
151,Aldosterone,5839,CHEBI:27584,R-HSA-8848021,Signaling by PTK6,TAS,Homo sapiens
151,Aldosterone,5839,CHEBI:27584,R-HSA-8849473,PTK6 Expression,TAS,Homo sapiens
151,Aldosterone,5839,CHEBI:27584,R-HSA-8878166,Transcriptional regulation by RUNX2,IEA,Homo sapiens
151,Aldosterone,5839,CHEBI:27584,R-HSA-8939902,Regulation of RUNX2 expression and activity,IEA,Homo sapiens
151,Aldosterone,5839,CHEBI:27584,R-HSA-8953897,Cellular responses to stimuli,TAS,Homo sapiens
151,Aldosterone,5839,CHEBI:27584,R-HSA-8957322,Metabolism of steroids,TAS,Homo sapiens
151,Aldosterone,5839,CHEBI:27584,R-HSA-9006927,Signaling by Non-Receptor Tyrosine Kinases,TAS,Homo sapiens
151,Aldosterone,5839,CHEBI:27584,R-HSA-9614085,FOXO-mediated transcription,IEA,Homo sapiens
151,Aldosterone,5839,CHEBI:27584,R-HSA-9615017,"FOXO-mediated transcription of oxidative stress, metabolic and neuronal genes",IEA,Homo sapiens
151,Aldosterone,5839,CHEBI:27584,R-HSA-9634815,Transcriptional Regulation by NPAS4,IEA,Homo sapiens
151,Aldosterone,5839,CHEBI:27584,R-HSA-9768759,Regulation of NPAS4 gene expression,IEA,Homo sapiens
151,Aldosterone,5839,CHEBI:27584,R-HSA-9768777,Regulation of NPAS4 gene transcription,IEA,Homo sapiens
153,Alectinib,49806720,CHEBI:90936,R-HSA-162582,Signal Transduction,TAS,Homo sapiens
153,Alectinib,49806720,CHEBI:90936,R-HSA-1643685,Disease,TAS,Homo sapiens
153,Alectinib,49806720,CHEBI:90936,R-HSA-201556,Signaling by ALK,TAS,Homo sapiens
153,Alectinib,49806720,CHEBI:90936,R-HSA-5663202,Diseases of signal transduction by growth factor receptors and second messengers,TAS,Homo sapiens
153,Alectinib,49806720,CHEBI:90936,R-HSA-9006934,Signaling by Receptor Tyrosine Kinases,TAS,Homo sapiens
153,Alectinib,49806720,CHEBI:90936,R-HSA-9700206,Signaling by ALK in cancer,TAS,Homo sapiens
153,Alectinib,49806720,CHEBI:90936,R-HSA-9700645,ALK mutants bind TKIs,TAS,Homo sapiens
153,Alectinib,49806720,CHEBI:90936,R-HSA-9700649,Drug resistance of ALK mutants,TAS,Homo sapiens
153,Alectinib,49806720,CHEBI:90936,R-HSA-9717316,alectinib-resistant ALK mutants,TAS,Homo sapiens
154,Alendronic acid,2088,CHEBI:2567,R-HSA-1430728,Metabolism,TAS,Homo sapiens
154,Alendronic acid,2088,CHEBI:2567,R-HSA-191273,Cholesterol biosynthesis,TAS,Homo sapiens
154,Alendronic acid,2088,CHEBI:2567,R-HSA-556833,Metabolism of lipids,TAS,Homo sapiens
154,Alendronic acid,2088,CHEBI:2567,R-HSA-8957322,Metabolism of steroids,TAS,Homo sapiens
154,Alendronic acid,2088,CHEBI:2567,R-HSA-9969896,Lanosterol biosynthesis,TAS,Homo sapiens
162,Alimemazine,5574,CHEBI:9725,R-HSA-162582,Signal Transduction,TAS,Homo sapiens
162,Alimemazine,5574,CHEBI:9725,R-HSA-372790,Signaling by GPCR,TAS,Homo sapiens
162,Alimemazine,5574,CHEBI:9725,R-HSA-373076,Class A/1 (Rhodopsin-like receptors),TAS,Homo sapiens
162,Alimemazine,5574,CHEBI:9725,R-HSA-375280,Amine ligand-binding receptors,TAS,Homo sapiens
162,Alimemazine,5574,CHEBI:9725,R-HSA-390650,Histamine receptors,TAS,Homo sapiens
162,Alimemazine,5574,CHEBI:9725,R-HSA-500792,GPCR ligand binding,TAS,Homo sapiens
163,Aliskiren,5493444,CHEBI:601027,R-HSA-2022377,Metabolism of Angiotensinogen to Angiotensins,TAS,Homo sapiens
163,Aliskiren,5493444,CHEBI:601027,R-HSA-2980736,Peptide hormone metabolism,TAS,Homo sapiens
163,Aliskiren,5493444,CHEBI:601027,R-HSA-392499,Metabolism of proteins,TAS,Homo sapiens
164,Alitretinoin,449171,CHEBI:50648,R-HSA-1266738,Developmental Biology,IEA,Homo sapiens
164,Alitretinoin,449171,CHEBI:50648,R-HSA-1430728,Metabolism,TAS,Homo sapiens
164,Alitretinoin,449171,CHEBI:50648,R-HSA-162582,Signal Transduction,TAS,Homo sapiens
164,Alitretinoin,449171,CHEBI:50648,R-HSA-1643685,Disease,TAS,Homo sapiens
164,Alitretinoin,449171,CHEBI:50648,R-HSA-196854,Metabolism of vitamins and cofactors,TAS,Homo sapiens
164,Alitretinoin,449171,CHEBI:50648,R-HSA-211859,Biological oxidations,TAS,Homo sapiens
164,Alitretinoin,449171,CHEBI:50648,R-HSA-211897,Cytochrome P450 - arranged by substrate type,TAS,Homo sapiens
164,Alitretinoin,449171,CHEBI:50648,R-HSA-211916,Vitamins,TAS,Homo sapiens
164,Alitretinoin,449171,CHEBI:50648,R-HSA-211945,Phase I - Functionalization of compounds,TAS,Homo sapiens
164,Alitretinoin,449171,CHEBI:50648,R-HSA-212165,Epigenetic regulation of gene expression,TAS,Homo sapiens
164,Alitretinoin,449171,CHEBI:50648,R-HSA-212165,Epigenetic regulation of gene expression,IEA,Homo sapiens
164,Alitretinoin,449171,CHEBI:50648,R-HSA-2187338,Visual phototransduction,TAS,Homo sapiens
164,Alitretinoin,449171,CHEBI:50648,R-HSA-5362517,Signaling by Retinoic Acid,TAS,Homo sapiens
164,Alitretinoin,449171,CHEBI:50648,R-HSA-5365859,RA biosynthesis pathway,TAS,Homo sapiens
164,Alitretinoin,449171,CHEBI:50648,R-HSA-5579004,Defective CYP26C1 causes FFDD4,TAS,Homo sapiens
164,Alitretinoin,449171,CHEBI:50648,R-HSA-5579029,Metabolic disorders of biological oxidation enzymes,TAS,Homo sapiens
164,Alitretinoin,449171,CHEBI:50648,R-HSA-5668914,Diseases of metabolism,TAS,Homo sapiens
164,Alitretinoin,449171,CHEBI:50648,R-HSA-6806667,Metabolism of fat-soluble vitamins,TAS,Homo sapiens
164,Alitretinoin,449171,CHEBI:50648,R-HSA-74160,Gene expression (Transcription),TAS,Homo sapiens
164,Alitretinoin,449171,CHEBI:50648,R-HSA-74160,Gene expression (Transcription),IEA,Homo sapiens
164,Alitretinoin,449171,CHEBI:50648,R-HSA-9006931,Signaling by Nuclear Receptors,TAS,Homo sapiens
164,Alitretinoin,449171,CHEBI:50648,R-HSA-9709957,Sensory Perception,TAS,Homo sapiens
164,Alitretinoin,449171,CHEBI:50648,R-HSA-975634,Retinoid metabolism and transport,TAS,Homo sapiens
164,Alitretinoin,449171,CHEBI:50648,R-HSA-9818564,Epigenetic regulation of gene expression by MLL3 and MLL4 complexes,TAS,Homo sapiens
164,Alitretinoin,449171,CHEBI:50648,R-HSA-9818564,Epigenetic regulation of gene expression by MLL3 and MLL4 complexes,IEA,Homo sapiens
164,Alitretinoin,449171,CHEBI:50648,R-HSA-9841922,MLL4 and MLL3 complexes regulate expression of PPARG target genes in adipogenesis and hepatic steatosis,TAS,Homo sapiens
164,Alitretinoin,449171,CHEBI:50648,R-HSA-9841922,MLL4 and MLL3 complexes regulate expression of PPARG target genes in adipogenesis and hepatic steatosis,IEA,Homo sapiens
164,Alitretinoin,449171,CHEBI:50648,R-HSA-9843743,Transcriptional regulation of brown and beige adipocyte differentiation,IEA,Homo sapiens
164,Alitretinoin,449171,CHEBI:50648,R-HSA-9843745,Adipogenesis,IEA,Homo sapiens
164,Alitretinoin,449171,CHEBI:50648,R-HSA-9844594,Transcriptional regulation of brown and beige adipocyte differentiation by EBF2,IEA,Homo sapiens
164,Alitretinoin,449171,CHEBI:50648,R-HSA-9851695,Epigenetic regulation of adipogenesis genes by MLL3 and MLL4 complexes,TAS,Homo sapiens
164,Alitretinoin,449171,CHEBI:50648,R-HSA-9851695,Epigenetic regulation of adipogenesis genes by MLL3 and MLL4 complexes,IEA,Homo sapiens
164,Alitretinoin,449171,CHEBI:50648,R-HSA-9917777,Epigenetic regulation by WDR5-containing histone modifying complexes,TAS,Homo sapiens
164,Alitretinoin,449171,CHEBI:50648,R-HSA-9917777,Epigenetic regulation by WDR5-containing histone modifying complexes,IEA,Homo sapiens
167,Alloin,9866696,CHEBI:73222,R-HSA-162582,Signal Transduction,TAS,Homo sapiens
167,Alloin,9866696,CHEBI:73222,R-HSA-372790,Signaling by GPCR,TAS,Homo sapiens
167,Alloin,9866696,CHEBI:73222,R-HSA-388396,GPCR downstream signalling,TAS,Homo sapiens
167,Alloin,9866696,CHEBI:73222,R-HSA-418594,G alpha (i) signalling events,TAS,Homo sapiens
167,Alloin,9866696,CHEBI:73222,R-HSA-420499,Class C/3 (Metabotropic glutamate/pheromone receptors),TAS,Homo sapiens
167,Alloin,9866696,CHEBI:73222,R-HSA-500792,GPCR ligand binding,TAS,Homo sapiens
167,Alloin,9866696,CHEBI:73222,R-HSA-9709957,Sensory Perception,IEA,Homo sapiens
167,Alloin,9866696,CHEBI:73222,R-HSA-9709957,Sensory Perception,TAS,Homo sapiens
167,Alloin,9866696,CHEBI:73222,R-HSA-9717189,Sensory perception of taste,IEA,Homo sapiens
167,Alloin,9866696,CHEBI:73222,R-HSA-9717189,Sensory perception of taste,TAS,Homo sapiens
167,Alloin,9866696,CHEBI:73222,R-HSA-9717207,"Sensory perception of sweet, bitter, and umami (glutamate) taste",IEA,Homo sapiens
167,Alloin,9866696,CHEBI:73222,R-HSA-9717207,"Sensory perception of sweet, bitter, and umami (glutamate) taste",TAS,Homo sapiens
173,Alogliptin,11450633,CHEBI:72323,R-HSA-2980736,Peptide hormone metabolism,TAS,Homo sapiens
173,Alogliptin,11450633,CHEBI:72323,R-HSA-381771,"Synthesis, secretion, and inactivation of Glucagon-like Peptide-1 (GLP-1)",TAS,Homo sapiens
173,Alogliptin,11450633,CHEBI:72323,R-HSA-392499,Metabolism of proteins,TAS,Homo sapiens
173,Alogliptin,11450633,CHEBI:72323,R-HSA-400508,"Incretin synthesis, secretion, and inactivation",TAS,Homo sapiens
175,Alosetron,2099,CHEBI:253342,R-HSA-112314,Neurotransmitter receptors and postsynaptic signal transmission,TAS,Homo sapiens
175,Alosetron,2099,CHEBI:253342,R-HSA-112315,Transmission across Chemical Synapses,TAS,Homo sapiens
175,Alosetron,2099,CHEBI:253342,R-HSA-112316,Neuronal System,TAS,Homo sapiens
181,Alprostadil,5280723,CHEBI:15544,R-HSA-1643685,Disease,TAS,Homo sapiens
181,Alprostadil,5280723,CHEBI:15544,R-HSA-382551,Transport of small molecules,TAS,Homo sapiens
181,Alprostadil,5280723,CHEBI:15544,R-HSA-425407,SLC-mediated transmembrane transport,TAS,Homo sapiens
181,Alprostadil,5280723,CHEBI:15544,R-HSA-5619095,"Defective SLCO2A1 causes primary, autosomal recessive hypertrophic osteoarthropathy 2 (PHOAR2)",TAS,Homo sapiens
181,Alprostadil,5280723,CHEBI:15544,R-HSA-5619102,SLC transporter disorders,TAS,Homo sapiens
181,Alprostadil,5280723,CHEBI:15544,R-HSA-5619115,Disorders of transmembrane transporters,TAS,Homo sapiens
181,Alprostadil,5280723,CHEBI:15544,R-HSA-879518,Organic anion transport by SLCO transporters,TAS,Homo sapiens
181,Alprostadil,5280723,CHEBI:15544,R-HSA-9955298,SLC-mediated transport of organic anions,TAS,Homo sapiens
183,Altretamine,2123,CHEBI:24564,R-HSA-6783310,Fanconi Anemia Pathway,IEA,Homo sapiens
183,Altretamine,2123,CHEBI:24564,R-HSA-73894,DNA Repair,IEA,Homo sapiens
183,Altretamine,2123,CHEBI:24564,R-HSA-9750126,Drug-induced formation of DNA interstrand crosslinks,IEA,Homo sapiens
196,Alvocidib,5287969,CHEBI:47344,R-HSA-1640170,Cell Cycle,TAS,Homo sapiens
196,Alvocidib,5287969,CHEBI:47344,R-HSA-453279,Mitotic G1 phase and G1/S transition,TAS,Homo sapiens
196,Alvocidib,5287969,CHEBI:47344,R-HSA-69231,Cyclin D associated events in G1,TAS,Homo sapiens
196,Alvocidib,5287969,CHEBI:47344,R-HSA-69236,G1 Phase,TAS,Homo sapiens
196,Alvocidib,5287969,CHEBI:47344,R-HSA-69278,"Cell Cycle, Mitotic",TAS,Homo sapiens
196,Alvocidib,5287969,CHEBI:47344,R-HSA-9754119,Drug-mediated inhibition of CDK4/CDK6 activity,TAS,Homo sapiens
197,Amantadine,2130,CHEBI:2618,R-HSA-1643685,Disease,TAS,Homo sapiens
197,Amantadine,2130,CHEBI:2618,R-HSA-5663205,Infectious disease,TAS,Homo sapiens
197,Amantadine,2130,CHEBI:2618,R-HSA-9679506,SARS-CoV Infections,TAS,Homo sapiens
197,Amantadine,2130,CHEBI:2618,R-HSA-9694516,SARS-CoV-2 Infection,TAS,Homo sapiens
197,Amantadine,2130,CHEBI:2618,R-HSA-9694614,Attachment and Entry,TAS,Homo sapiens
197,Amantadine,2130,CHEBI:2618,R-HSA-9772572,Early SARS-CoV-2 Infection Events,TAS,Homo sapiens
197,Amantadine,2130,CHEBI:2618,R-HSA-9824446,Viral Infection Pathways,TAS,Homo sapiens
199,Ambrisentan,6918493,CHEBI:135949,R-HSA-162582,Signal Transduction,TAS,Homo sapiens
199,Ambrisentan,6918493,CHEBI:135949,R-HSA-372790,Signaling by GPCR,TAS,Homo sapiens
199,Ambrisentan,6918493,CHEBI:135949,R-HSA-373076,Class A/1 (Rhodopsin-like receptors),TAS,Homo sapiens
199,Ambrisentan,6918493,CHEBI:135949,R-HSA-375276,Peptide ligand-binding receptors,TAS,Homo sapiens
199,Ambrisentan,6918493,CHEBI:135949,R-HSA-500792,GPCR ligand binding,TAS,Homo sapiens
207,Amikacin,37768,CHEBI:2637,R-HSA-1643685,Disease,TAS,Homo sapiens
207,Amikacin,37768,CHEBI:2637,R-HSA-5663205,Infectious disease,TAS,Homo sapiens
207,Amikacin,37768,CHEBI:2637,R-HSA-9638737,Action of antimicrobials and antimicrobial resistance,TAS,Homo sapiens
207,Amikacin,37768,CHEBI:2637,R-HSA-9638771,Action of antimicrobials,TAS,Homo sapiens
207,Amikacin,37768,CHEBI:2637,R-HSA-9640148,Infection with Enterobacteria,TAS,Homo sapiens
207,Amikacin,37768,CHEBI:2637,R-HSA-9824439,Bacterial Infection Pathways,TAS,Homo sapiens
207,Amikacin,37768,CHEBI:2637,R-HSA-9913143,Antimicrobial resistance,TAS,Homo sapiens
208,Amiloride,16231,CHEBI:2639,R-HSA-2672351,Stimuli-sensing channels,TAS,Homo sapiens
208,Amiloride,16231,CHEBI:2639,R-HSA-382551,Transport of small molecules,TAS,Homo sapiens
208,Amiloride,16231,CHEBI:2639,R-HSA-9709957,Sensory Perception,TAS,Homo sapiens
208,Amiloride,16231,CHEBI:2639,R-HSA-9717189,Sensory perception of taste,TAS,Homo sapiens
208,Amiloride,16231,CHEBI:2639,R-HSA-9730628,Sensory perception of salty taste,TAS,Homo sapiens
208,Amiloride,16231,CHEBI:2639,R-HSA-983712,Ion channel transport,TAS,Homo sapiens
210,Aminoglutethimide,2145,CHEBI:2654,R-HSA-1430728,Metabolism,TAS,Homo sapiens
210,Aminoglutethimide,2145,CHEBI:2654,R-HSA-193144,Estrogen biosynthesis,TAS,Homo sapiens
210,Aminoglutethimide,2145,CHEBI:2654,R-HSA-196071,Metabolism of steroid hormones,TAS,Homo sapiens
210,Aminoglutethimide,2145,CHEBI:2654,R-HSA-556833,Metabolism of lipids,TAS,Homo sapiens
210,Aminoglutethimide,2145,CHEBI:2654,R-HSA-8957322,Metabolism of steroids,TAS,Homo sapiens
217,Aminosalicylic acid,4649,CHEBI:27565,R-HSA-1430728,Metabolism,TAS,Homo sapiens
217,Aminosalicylic acid,4649,CHEBI:27565,R-HSA-156580,Phase II - Conjugation of compounds,TAS,Homo sapiens
217,Aminosalicylic acid,4649,CHEBI:27565,R-HSA-156582,Acetylation,TAS,Homo sapiens
217,Aminosalicylic acid,4649,CHEBI:27565,R-HSA-211859,Biological oxidations,TAS,Homo sapiens
218,Amiodarone,2157,CHEBI:2663,R-HSA-397014,Muscle contraction,TAS,Homo sapiens
218,Amiodarone,2157,CHEBI:2663,R-HSA-5576890,Phase 3 - rapid repolarisation,TAS,Homo sapiens
218,Amiodarone,2157,CHEBI:2663,R-HSA-5576891,Cardiac conduction,TAS,Homo sapiens
219,Amisulpride,2159,CHEBI:64045,R-HSA-162582,Signal Transduction,TAS,Homo sapiens
219,Amisulpride,2159,CHEBI:64045,R-HSA-372790,Signaling by GPCR,TAS,Homo sapiens
219,Amisulpride,2159,CHEBI:64045,R-HSA-373076,Class A/1 (Rhodopsin-like receptors),TAS,Homo sapiens
219,Amisulpride,2159,CHEBI:64045,R-HSA-375280,Amine ligand-binding receptors,TAS,Homo sapiens
219,Amisulpride,2159,CHEBI:64045,R-HSA-390651,Dopamine receptors,TAS,Homo sapiens
219,Amisulpride,2159,CHEBI:64045,R-HSA-500792,GPCR ligand binding,TAS,Homo sapiens
222,Amitriptyline,2160,CHEBI:2666,R-HSA-112311,Neurotransmitter clearance,TAS,Homo sapiens
222,Amitriptyline,2160,CHEBI:2666,R-HSA-112315,Transmission across Chemical Synapses,TAS,Homo sapiens
222,Amitriptyline,2160,CHEBI:2666,R-HSA-112316,Neuronal System,TAS,Homo sapiens
222,Amitriptyline,2160,CHEBI:2666,R-HSA-162582,Signal Transduction,TAS,Homo sapiens
222,Amitriptyline,2160,CHEBI:2666,R-HSA-372790,Signaling by GPCR,TAS,Homo sapiens
222,Amitriptyline,2160,CHEBI:2666,R-HSA-373076,Class A/1 (Rhodopsin-like receptors),TAS,Homo sapiens
222,Amitriptyline,2160,CHEBI:2666,R-HSA-375280,Amine ligand-binding receptors,TAS,Homo sapiens
222,Amitriptyline,2160,CHEBI:2666,R-HSA-380615,Serotonin clearance from the synaptic cleft,TAS,Homo sapiens
222,Amitriptyline,2160,CHEBI:2666,R-HSA-390648,Muscarinic acetylcholine receptors,TAS,Homo sapiens
222,Amitriptyline,2160,CHEBI:2666,R-HSA-390650,Histamine receptors,TAS,Homo sapiens
222,Amitriptyline,2160,CHEBI:2666,R-HSA-500792,GPCR ligand binding,TAS,Homo sapiens
224,Amlodipine,2162,CHEBI:2668,R-HSA-397014,Muscle contraction,TAS,Homo sapiens
224,Amlodipine,2162,CHEBI:2668,R-HSA-5576891,Cardiac conduction,TAS,Homo sapiens
224,Amlodipine,2162,CHEBI:2668,R-HSA-5576892,Phase 0 - rapid depolarisation,TAS,Homo sapiens
224,Amlodipine,2162,CHEBI:2668,R-HSA-5576893,Phase 2 - plateau phase,TAS,Homo sapiens
232,Amoxapine,2170,CHEBI:2675,R-HSA-112311,Neurotransmitter clearance,TAS,Homo sapiens
232,Amoxapine,2170,CHEBI:2675,R-HSA-112315,Transmission across Chemical Synapses,TAS,Homo sapiens
232,Amoxapine,2170,CHEBI:2675,R-HSA-112316,Neuronal System,TAS,Homo sapiens
232,Amoxapine,2170,CHEBI:2675,R-HSA-380615,Serotonin clearance from the synaptic cleft,TAS,Homo sapiens
239,Amrinone,3698,CHEBI:2686,R-HSA-162582,Signal Transduction,TAS,Homo sapiens
239,Amrinone,3698,CHEBI:2686,R-HSA-372790,Signaling by GPCR,TAS,Homo sapiens
239,Amrinone,3698,CHEBI:2686,R-HSA-388396,GPCR downstream signalling,TAS,Homo sapiens
239,Amrinone,3698,CHEBI:2686,R-HSA-418555,G alpha (s) signalling events,TAS,Homo sapiens
243,Anagliptin,44513473,CHEBI:136043,R-HSA-2980736,Peptide hormone metabolism,TAS,Homo sapiens
243,Anagliptin,44513473,CHEBI:136043,R-HSA-381771,"Synthesis, secretion, and inactivation of Glucagon-like Peptide-1 (GLP-1)",TAS,Homo sapiens
243,Anagliptin,44513473,CHEBI:136043,R-HSA-392499,Metabolism of proteins,TAS,Homo sapiens
243,Anagliptin,44513473,CHEBI:136043,R-HSA-400508,"Incretin synthesis, secretion, and inactivation",TAS,Homo sapiens
244,Anagrelide,135409400,CHEBI:142290,R-HSA-162582,Signal Transduction,TAS,Homo sapiens
244,Anagrelide,135409400,CHEBI:142290,R-HSA-372790,Signaling by GPCR,TAS,Homo sapiens
244,Anagrelide,135409400,CHEBI:142290,R-HSA-388396,GPCR downstream signalling,TAS,Homo sapiens
244,Anagrelide,135409400,CHEBI:142290,R-HSA-418555,G alpha (s) signalling events,TAS,Homo sapiens
245,Anastrozole,2187,CHEBI:2704,R-HSA-1430728,Metabolism,TAS,Homo sapiens
245,Anastrozole,2187,CHEBI:2704,R-HSA-193144,Estrogen biosynthesis,TAS,Homo sapiens
245,Anastrozole,2187,CHEBI:2704,R-HSA-196071,Metabolism of steroid hormones,TAS,Homo sapiens
245,Anastrozole,2187,CHEBI:2704,R-HSA-556833,Metabolism of lipids,TAS,Homo sapiens
245,Anastrozole,2187,CHEBI:2704,R-HSA-8957322,Metabolism of steroids,TAS,Homo sapiens
246,Andrographolide,5318517,CHEBI:65408,R-HSA-162582,Signal Transduction,TAS,Homo sapiens
246,Andrographolide,5318517,CHEBI:65408,R-HSA-372790,Signaling by GPCR,TAS,Homo sapiens
246,Andrographolide,5318517,CHEBI:65408,R-HSA-388396,GPCR downstream signalling,TAS,Homo sapiens
246,Andrographolide,5318517,CHEBI:65408,R-HSA-418594,G alpha (i) signalling events,TAS,Homo sapiens
246,Andrographolide,5318517,CHEBI:65408,R-HSA-420499,Class C/3 (Metabotropic glutamate/pheromone receptors),TAS,Homo sapiens
246,Andrographolide,5318517,CHEBI:65408,R-HSA-500792,GPCR ligand binding,TAS,Homo sapiens
246,Andrographolide,5318517,CHEBI:65408,R-HSA-9709957,Sensory Perception,IEA,Homo sapiens
246,Andrographolide,5318517,CHEBI:65408,R-HSA-9709957,Sensory Perception,TAS,Homo sapiens
246,Andrographolide,5318517,CHEBI:65408,R-HSA-9717189,Sensory perception of taste,IEA,Homo sapiens
246,Andrographolide,5318517,CHEBI:65408,R-HSA-9717189,Sensory perception of taste,TAS,Homo sapiens
246,Andrographolide,5318517,CHEBI:65408,R-HSA-9717207,"Sensory perception of sweet, bitter, and umami (glutamate) taste",IEA,Homo sapiens
246,Andrographolide,5318517,CHEBI:65408,R-HSA-9717207,"Sensory perception of sweet, bitter, and umami (glutamate) taste",TAS,Homo sapiens
248,Androstenedione,6128,CHEBI:16422,R-HSA-1430728,Metabolism,TAS,Homo sapiens
248,Androstenedione,6128,CHEBI:16422,R-HSA-162582,Signal Transduction,TAS,Homo sapiens
248,Androstenedione,6128,CHEBI:16422,R-HSA-1643685,Disease,TAS,Homo sapiens
248,Androstenedione,6128,CHEBI:16422,R-HSA-193048,Androgen biosynthesis,TAS,Homo sapiens
248,Androstenedione,6128,CHEBI:16422,R-HSA-193144,Estrogen biosynthesis,TAS,Homo sapiens
248,Androstenedione,6128,CHEBI:16422,R-HSA-194315,Signaling by Rho GTPases,TAS,Homo sapiens
248,Androstenedione,6128,CHEBI:16422,R-HSA-195258,RHO GTPase Effectors,TAS,Homo sapiens
248,Androstenedione,6128,CHEBI:16422,R-HSA-196071,Metabolism of steroid hormones,TAS,Homo sapiens
248,Androstenedione,6128,CHEBI:16422,R-HSA-211859,Biological oxidations,TAS,Homo sapiens
248,Androstenedione,6128,CHEBI:16422,R-HSA-211897,Cytochrome P450 - arranged by substrate type,TAS,Homo sapiens
248,Androstenedione,6128,CHEBI:16422,R-HSA-211945,Phase I - Functionalization of compounds,TAS,Homo sapiens
248,Androstenedione,6128,CHEBI:16422,R-HSA-211976,Endogenous sterols,TAS,Homo sapiens
248,Androstenedione,6128,CHEBI:16422,R-HSA-212436,Generic Transcription Pathway,TAS,Homo sapiens
248,Androstenedione,6128,CHEBI:16422,R-HSA-212436,Generic Transcription Pathway,IEA,Homo sapiens
248,Androstenedione,6128,CHEBI:16422,R-HSA-2262752,Cellular responses to stress,TAS,Homo sapiens
248,Androstenedione,6128,CHEBI:16422,R-HSA-3371497,HSP90 chaperone cycle for steroid hormone receptors (SHR) in the presence of ligand,TAS,Homo sapiens
248,Androstenedione,6128,CHEBI:16422,R-HSA-556833,Metabolism of lipids,TAS,Homo sapiens
248,Androstenedione,6128,CHEBI:16422,R-HSA-5579029,Metabolic disorders of biological oxidation enzymes,TAS,Homo sapiens
248,Androstenedione,6128,CHEBI:16422,R-HSA-5579030,Defective CYP19A1 causes AEXS,TAS,Homo sapiens
248,Androstenedione,6128,CHEBI:16422,R-HSA-5625740,RHO GTPases activate PKNs,TAS,Homo sapiens
248,Androstenedione,6128,CHEBI:16422,R-HSA-5625886,Activated PKN1 stimulates transcription of AR (androgen receptor) regulated genes KLK2 and KLK3,TAS,Homo sapiens
248,Androstenedione,6128,CHEBI:16422,R-HSA-5668914,Diseases of metabolism,TAS,Homo sapiens
248,Androstenedione,6128,CHEBI:16422,R-HSA-73857,RNA Polymerase II Transcription,TAS,Homo sapiens
248,Androstenedione,6128,CHEBI:16422,R-HSA-73857,RNA Polymerase II Transcription,IEA,Homo sapiens
248,Androstenedione,6128,CHEBI:16422,R-HSA-74160,Gene expression (Transcription),TAS,Homo sapiens
248,Androstenedione,6128,CHEBI:16422,R-HSA-74160,Gene expression (Transcription),IEA,Homo sapiens
248,Androstenedione,6128,CHEBI:16422,R-HSA-8878166,Transcriptional regulation by RUNX2,TAS,Homo sapiens
248,Androstenedione,6128,CHEBI:16422,R-HSA-8878166,Transcriptional regulation by RUNX2,IEA,Homo sapiens
248,Androstenedione,6128,CHEBI:16422,R-HSA-8940973,RUNX2 regulates osteoblast differentiation,TAS,Homo sapiens
248,Androstenedione,6128,CHEBI:16422,R-HSA-8940973,RUNX2 regulates osteoblast differentiation,IEA,Homo sapiens
248,Androstenedione,6128,CHEBI:16422,R-HSA-8941326,RUNX2 regulates bone development,TAS,Homo sapiens
248,Androstenedione,6128,CHEBI:16422,R-HSA-8941326,RUNX2 regulates bone development,IEA,Homo sapiens
248,Androstenedione,6128,CHEBI:16422,R-HSA-8953897,Cellular responses to stimuli,TAS,Homo sapiens
248,Androstenedione,6128,CHEBI:16422,R-HSA-8957322,Metabolism of steroids,TAS,Homo sapiens
248,Androstenedione,6128,CHEBI:16422,R-HSA-9716542,"Signaling by Rho GTPases, Miro GTPases and RHOBTB3",TAS,Homo sapiens
258,Antipyrine,2206,CHEBI:31225,R-HSA-2672351,Stimuli-sensing channels,TAS,Homo sapiens
258,Antipyrine,2206,CHEBI:31225,R-HSA-3295583,TRP channels,TAS,Homo sapiens
258,Antipyrine,2206,CHEBI:31225,R-HSA-382551,Transport of small molecules,TAS,Homo sapiens
258,Antipyrine,2206,CHEBI:31225,R-HSA-983712,Ion channel transport,TAS,Homo sapiens
262,Apixaban,10182969,CHEBI:72296,R-HSA-109582,Hemostasis,TAS,Homo sapiens
262,Apixaban,10182969,CHEBI:72296,R-HSA-9769735,Initiation of coagulation cascade,TAS,Homo sapiens
262,Apixaban,10182969,CHEBI:72296,R-HSA-9769739,Regulation of clotting cascade,TAS,Homo sapiens
262,Apixaban,10182969,CHEBI:72296,R-HSA-9769740,Coagulation pathway,TAS,Homo sapiens
262,Apixaban,10182969,CHEBI:72296,R-HSA-9769743,Amplification and propagation of coagulation cascade,TAS,Homo sapiens
263,Apomorphine,6005,CHEBI:48538,R-HSA-162582,Signal Transduction,TAS,Homo sapiens
263,Apomorphine,6005,CHEBI:48538,R-HSA-372790,Signaling by GPCR,TAS,Homo sapiens
263,Apomorphine,6005,CHEBI:48538,R-HSA-373076,Class A/1 (Rhodopsin-like receptors),TAS,Homo sapiens
263,Apomorphine,6005,CHEBI:48538,R-HSA-375280,Amine ligand-binding receptors,TAS,Homo sapiens
263,Apomorphine,6005,CHEBI:48538,R-HSA-390666,Serotonin receptors,TAS,Homo sapiens
263,Apomorphine,6005,CHEBI:48538,R-HSA-500792,GPCR ligand binding,TAS,Homo sapiens
264,Apraclonidine,2216,CHEBI:2788,R-HSA-162582,Signal Transduction,TAS,Homo sapiens
264,Apraclonidine,2216,CHEBI:2788,R-HSA-372790,Signaling by GPCR,TAS,Homo sapiens
264,Apraclonidine,2216,CHEBI:2788,R-HSA-373076,Class A/1 (Rhodopsin-like receptors),TAS,Homo sapiens
264,Apraclonidine,2216,CHEBI:2788,R-HSA-375280,Amine ligand-binding receptors,TAS,Homo sapiens
264,Apraclonidine,2216,CHEBI:2788,R-HSA-390696,Adrenoceptors,TAS,Homo sapiens
264,Apraclonidine,2216,CHEBI:2788,R-HSA-500792,GPCR ligand binding,TAS,Homo sapiens
266,Apremilast,11561674,CHEBI:78540,R-HSA-162582,Signal Transduction,TAS,Homo sapiens
266,Apremilast,11561674,CHEBI:78540,R-HSA-372790,Signaling by GPCR,TAS,Homo sapiens
266,Apremilast,11561674,CHEBI:78540,R-HSA-388396,GPCR downstream signalling,TAS,Homo sapiens
266,Apremilast,11561674,CHEBI:78540,R-HSA-418555,G alpha (s) signalling events,TAS,Homo sapiens
274,Aranidipine,2225,CHEBI:31232,R-HSA-397014,Muscle contraction,TAS,Homo sapiens
274,Aranidipine,2225,CHEBI:31232,R-HSA-5576891,Cardiac conduction,TAS,Homo sapiens
274,Aranidipine,2225,CHEBI:31232,R-HSA-5576892,Phase 0 - rapid depolarisation,TAS,Homo sapiens
274,Aranidipine,2225,CHEBI:31232,R-HSA-5576893,Phase 2 - plateau phase,TAS,Homo sapiens
280,Arformoterol,3083544,CHEBI:408174,R-HSA-162582,Signal Transduction,TAS,Homo sapiens
280,Arformoterol,3083544,CHEBI:408174,R-HSA-372790,Signaling by GPCR,TAS,Homo sapiens
280,Arformoterol,3083544,CHEBI:408174,R-HSA-373076,Class A/1 (Rhodopsin-like receptors),TAS,Homo sapiens
280,Arformoterol,3083544,CHEBI:408174,R-HSA-375280,Amine ligand-binding receptors,TAS,Homo sapiens
280,Arformoterol,3083544,CHEBI:408174,R-HSA-390696,Adrenoceptors,TAS,Homo sapiens
280,Arformoterol,3083544,CHEBI:408174,R-HSA-500792,GPCR ligand binding,TAS,Homo sapiens
281,Argatroban,92722,CHEBI:94385,R-HSA-109582,Hemostasis,TAS,Homo sapiens
281,Argatroban,92722,CHEBI:94385,R-HSA-9769733,Fibrin formation,TAS,Homo sapiens
281,Argatroban,92722,CHEBI:94385,R-HSA-9769739,Regulation of clotting cascade,TAS,Homo sapiens
281,Argatroban,92722,CHEBI:94385,R-HSA-9769740,Coagulation pathway,TAS,Homo sapiens
281,Argatroban,92722,CHEBI:94385,R-HSA-9769743,Amplification and propagation of coagulation cascade,TAS,Homo sapiens
282,Aripiprazole,60795,CHEBI:31236,R-HSA-162582,Signal Transduction,TAS,Homo sapiens
282,Aripiprazole,60795,CHEBI:31236,R-HSA-372790,Signaling by GPCR,TAS,Homo sapiens
282,Aripiprazole,60795,CHEBI:31236,R-HSA-373076,Class A/1 (Rhodopsin-like receptors),TAS,Homo sapiens
282,Aripiprazole,60795,CHEBI:31236,R-HSA-375280,Amine ligand-binding receptors,TAS,Homo sapiens
282,Aripiprazole,60795,CHEBI:31236,R-HSA-390650,Histamine receptors,TAS,Homo sapiens
282,Aripiprazole,60795,CHEBI:31236,R-HSA-390651,Dopamine receptors,TAS,Homo sapiens
282,Aripiprazole,60795,CHEBI:31236,R-HSA-390666,Serotonin receptors,TAS,Homo sapiens
282,Aripiprazole,60795,CHEBI:31236,R-HSA-500792,GPCR ligand binding,TAS,Homo sapiens
296,Ascorbic acid,54670067,CHEBI:29073,R-HSA-1474244,Extracellular matrix organization,TAS,Homo sapiens
296,Ascorbic acid,54670067,CHEBI:29073,R-HSA-1474290,Collagen formation,TAS,Homo sapiens
296,Ascorbic acid,54670067,CHEBI:29073,R-HSA-1643685,Disease,TAS,Homo sapiens
296,Ascorbic acid,54670067,CHEBI:29073,R-HSA-1650814,Collagen biosynthesis and modifying enzymes,TAS,Homo sapiens
296,Ascorbic acid,54670067,CHEBI:29073,R-HSA-5663205,Infectious disease,TAS,Homo sapiens
296,Ascorbic acid,54670067,CHEBI:29073,R-HSA-9824446,Viral Infection Pathways,TAS,Homo sapiens
296,Ascorbic acid,54670067,CHEBI:29073,R-HSA-9839923,Dengue Virus Infection,TAS,Homo sapiens
296,Ascorbic acid,54670067,CHEBI:29073,R-HSA-9918432,Maturation of DENV proteins,TAS,Homo sapiens
296,Ascorbic acid,54670067,CHEBI:29073,R-HSA-9918487,Dengue Virus Genome Translation and Replication,TAS,Homo sapiens
297,Asenapine,163091,CHEBI:71257,R-HSA-162582,Signal Transduction,TAS,Homo sapiens
297,Asenapine,163091,CHEBI:71257,R-HSA-372790,Signaling by GPCR,TAS,Homo sapiens
297,Asenapine,163091,CHEBI:71257,R-HSA-373076,Class A/1 (Rhodopsin-like receptors),TAS,Homo sapiens
297,Asenapine,163091,CHEBI:71257,R-HSA-375280,Amine ligand-binding receptors,TAS,Homo sapiens
297,Asenapine,163091,CHEBI:71257,R-HSA-390650,Histamine receptors,TAS,Homo sapiens
297,Asenapine,163091,CHEBI:71257,R-HSA-390651,Dopamine receptors,TAS,Homo sapiens
297,Asenapine,163091,CHEBI:71257,R-HSA-390666,Serotonin receptors,TAS,Homo sapiens
297,Asenapine,163091,CHEBI:71257,R-HSA-500792,GPCR ligand binding,TAS,Homo sapiens
302,Astemizole,2247,CHEBI:2896,R-HSA-162582,Signal Transduction,TAS,Homo sapiens
302,Astemizole,2247,CHEBI:2896,R-HSA-372790,Signaling by GPCR,TAS,Homo sapiens
302,Astemizole,2247,CHEBI:2896,R-HSA-373076,Class A/1 (Rhodopsin-like receptors),TAS,Homo sapiens
302,Astemizole,2247,CHEBI:2896,R-HSA-375280,Amine ligand-binding receptors,TAS,Homo sapiens
302,Astemizole,2247,CHEBI:2896,R-HSA-390650,Histamine receptors,TAS,Homo sapiens
302,Astemizole,2247,CHEBI:2896,R-HSA-500792,GPCR ligand binding,TAS,Homo sapiens
303,Asunaprevir,16076883,CHEBI:134723,R-HSA-1643685,Disease,TAS,Homo sapiens
303,Asunaprevir,16076883,CHEBI:134723,R-HSA-5663205,Infectious disease,TAS,Homo sapiens
303,Asunaprevir,16076883,CHEBI:134723,R-HSA-9679506,SARS-CoV Infections,TAS,Homo sapiens
303,Asunaprevir,16076883,CHEBI:134723,R-HSA-9694301,Maturation of replicase proteins,TAS,Homo sapiens
303,Asunaprevir,16076883,CHEBI:134723,R-HSA-9694516,SARS-CoV-2 Infection,TAS,Homo sapiens
303,Asunaprevir,16076883,CHEBI:134723,R-HSA-9694676,Translation of Replicase and Assembly of the Replication Transcription Complex,TAS,Homo sapiens
303,Asunaprevir,16076883,CHEBI:134723,R-HSA-9772572,Early SARS-CoV-2 Infection Events,TAS,Homo sapiens
303,Asunaprevir,16076883,CHEBI:134723,R-HSA-9824446,Viral Infection Pathways,TAS,Homo sapiens
309,Atogepant,72163100,CHEBI:196955,R-HSA-162582,Signal Transduction,TAS,Homo sapiens
309,Atogepant,72163100,CHEBI:196955,R-HSA-372790,Signaling by GPCR,TAS,Homo sapiens
309,Atogepant,72163100,CHEBI:196955,R-HSA-373080,Class B/2 (Secretin family receptors),TAS,Homo sapiens
309,Atogepant,72163100,CHEBI:196955,R-HSA-419812,Calcitonin-like ligand receptors,TAS,Homo sapiens
309,Atogepant,72163100,CHEBI:196955,R-HSA-500792,GPCR ligand binding,TAS,Homo sapiens
311,Atorvastatin,60823,CHEBI:39548,R-HSA-1430728,Metabolism,TAS,Homo sapiens
311,Atorvastatin,60823,CHEBI:39548,R-HSA-191273,Cholesterol biosynthesis,TAS,Homo sapiens
311,Atorvastatin,60823,CHEBI:39548,R-HSA-556833,Metabolism of lipids,TAS,Homo sapiens
311,Atorvastatin,60823,CHEBI:39548,R-HSA-8957322,Metabolism of steroids,TAS,Homo sapiens
311,Atorvastatin,60823,CHEBI:39548,R-HSA-9748784,Drug ADME,TAS,Homo sapiens
311,Atorvastatin,60823,CHEBI:39548,R-HSA-9754706,Atorvastatin ADME,TAS,Homo sapiens
311,Atorvastatin,60823,CHEBI:39548,R-HSA-9969896,Lanosterol biosynthesis,TAS,Homo sapiens
312,Atosiban,5311010,CHEBI:135899,R-HSA-162582,Signal Transduction,TAS,Homo sapiens
312,Atosiban,5311010,CHEBI:135899,R-HSA-372790,Signaling by GPCR,TAS,Homo sapiens
312,Atosiban,5311010,CHEBI:135899,R-HSA-373076,Class A/1 (Rhodopsin-like receptors),TAS,Homo sapiens
312,Atosiban,5311010,CHEBI:135899,R-HSA-375276,Peptide ligand-binding receptors,TAS,Homo sapiens
312,Atosiban,5311010,CHEBI:135899,R-HSA-388479,Vasopressin-like receptors,TAS,Homo sapiens
312,Atosiban,5311010,CHEBI:135899,R-HSA-500792,GPCR ligand binding,TAS,Homo sapiens
316,Atropine,174174,CHEBI:16684,R-HSA-162582,Signal Transduction,TAS,Homo sapiens
316,Atropine,174174,CHEBI:16684,R-HSA-372790,Signaling by GPCR,TAS,Homo sapiens
316,Atropine,174174,CHEBI:16684,R-HSA-373076,Class A/1 (Rhodopsin-like receptors),TAS,Homo sapiens
316,Atropine,174174,CHEBI:16684,R-HSA-375280,Amine ligand-binding receptors,TAS,Homo sapiens
316,Atropine,174174,CHEBI:16684,R-HSA-390648,Muscarinic acetylcholine receptors,TAS,Homo sapiens
316,Atropine,174174,CHEBI:16684,R-HSA-500792,GPCR ligand binding,TAS,Homo sapiens
321,Avanafil,9869929,CHEBI:66876,R-HSA-397014,Muscle contraction,TAS,Homo sapiens
321,Avanafil,9869929,CHEBI:66876,R-HSA-445355,Smooth Muscle Contraction,TAS,Homo sapiens
328,Axitinib,6450551,CHEBI:66910,R-HSA-1433557,Signaling by SCF-KIT,TAS,Homo sapiens
328,Axitinib,6450551,CHEBI:66910,R-HSA-162582,Signal Transduction,TAS,Homo sapiens
328,Axitinib,6450551,CHEBI:66910,R-HSA-1643685,Disease,TAS,Homo sapiens
328,Axitinib,6450551,CHEBI:66910,R-HSA-186797,Signaling by PDGF,TAS,Homo sapiens
328,Axitinib,6450551,CHEBI:66910,R-HSA-5663202,Diseases of signal transduction by growth factor receptors and second messengers,TAS,Homo sapiens
328,Axitinib,6450551,CHEBI:66910,R-HSA-9006934,Signaling by Receptor Tyrosine Kinases,TAS,Homo sapiens
328,Axitinib,6450551,CHEBI:66910,R-HSA-9669921,KIT mutants bind TKIs,TAS,Homo sapiens
328,Axitinib,6450551,CHEBI:66910,R-HSA-9669938,Signaling by KIT in disease,TAS,Homo sapiens
328,Axitinib,6450551,CHEBI:66910,R-HSA-9671555,Signaling by PDGFR in disease,TAS,Homo sapiens
328,Axitinib,6450551,CHEBI:66910,R-HSA-9674428,PDGFR mutants bind TKIs,TAS,Homo sapiens
333,Azathioprine,2265,CHEBI:2948,R-HSA-9709957,Sensory Perception,IEA,Homo sapiens
333,Azathioprine,2265,CHEBI:2948,R-HSA-9709957,Sensory Perception,TAS,Homo sapiens
333,Azathioprine,2265,CHEBI:2948,R-HSA-9717189,Sensory perception of taste,IEA,Homo sapiens
333,Azathioprine,2265,CHEBI:2948,R-HSA-9717189,Sensory perception of taste,TAS,Homo sapiens
333,Azathioprine,2265,CHEBI:2948,R-HSA-9717207,"Sensory perception of sweet, bitter, and umami (glutamate) taste",IEA,Homo sapiens
333,Azathioprine,2265,CHEBI:2948,R-HSA-9717207,"Sensory perception of sweet, bitter, and umami (glutamate) taste",TAS,Homo sapiens
333,Azathioprine,2265,CHEBI:2948,R-HSA-9748784,Drug ADME,TAS,Homo sapiens
333,Azathioprine,2265,CHEBI:2948,R-HSA-9748787,Azathioprine ADME,TAS,Homo sapiens
334,Azelaic acid,2266,CHEBI:48131,R-HSA-1430728,Metabolism,TAS,Homo sapiens
334,Azelaic acid,2266,CHEBI:48131,R-HSA-193048,Androgen biosynthesis,TAS,Homo sapiens
334,Azelaic acid,2266,CHEBI:48131,R-HSA-196071,Metabolism of steroid hormones,TAS,Homo sapiens
334,Azelaic acid,2266,CHEBI:48131,R-HSA-556833,Metabolism of lipids,TAS,Homo sapiens
334,Azelaic acid,2266,CHEBI:48131,R-HSA-8957322,Metabolism of steroids,TAS,Homo sapiens
335,Azelastine,2267,CHEBI:2950,R-HSA-162582,Signal Transduction,TAS,Homo sapiens
335,Azelastine,2267,CHEBI:2950,R-HSA-1643685,Disease,TAS,Homo sapiens
335,Azelastine,2267,CHEBI:2950,R-HSA-372790,Signaling by GPCR,TAS,Homo sapiens
335,Azelastine,2267,CHEBI:2950,R-HSA-373076,Class A/1 (Rhodopsin-like receptors),TAS,Homo sapiens
335,Azelastine,2267,CHEBI:2950,R-HSA-375280,Amine ligand-binding receptors,TAS,Homo sapiens
335,Azelastine,2267,CHEBI:2950,R-HSA-390650,Histamine receptors,TAS,Homo sapiens
335,Azelastine,2267,CHEBI:2950,R-HSA-500792,GPCR ligand binding,TAS,Homo sapiens
335,Azelastine,2267,CHEBI:2950,R-HSA-5663205,Infectious disease,TAS,Homo sapiens
335,Azelastine,2267,CHEBI:2950,R-HSA-9678108,SARS-CoV-1 Infection,TAS,Homo sapiens
335,Azelastine,2267,CHEBI:2950,R-HSA-9678110,Attachment and Entry,TAS,Homo sapiens
335,Azelastine,2267,CHEBI:2950,R-HSA-9679506,SARS-CoV Infections,TAS,Homo sapiens
335,Azelastine,2267,CHEBI:2950,R-HSA-9824446,Viral Infection Pathways,TAS,Homo sapiens
336,Azelnidipine,65948,CHEBI:31247,R-HSA-397014,Muscle contraction,TAS,Homo sapiens
336,Azelnidipine,65948,CHEBI:31247,R-HSA-5576891,Cardiac conduction,TAS,Homo sapiens
336,Azelnidipine,65948,CHEBI:31247,R-HSA-5576892,Phase 0 - rapid depolarisation,TAS,Homo sapiens
336,Azelnidipine,65948,CHEBI:31247,R-HSA-5576893,Phase 2 - plateau phase,TAS,Homo sapiens
341,Azithromycin,447043,CHEBI:2955,R-HSA-1643685,Disease,TAS,Homo sapiens
341,Azithromycin,447043,CHEBI:2955,R-HSA-382551,Transport of small molecules,TAS,Homo sapiens
341,Azithromycin,447043,CHEBI:2955,R-HSA-382556,ABC-family protein mediated transport,TAS,Homo sapiens
341,Azithromycin,447043,CHEBI:2955,R-HSA-5663205,Infectious disease,TAS,Homo sapiens
341,Azithromycin,447043,CHEBI:2955,R-HSA-9638737,Action of antimicrobials and antimicrobial resistance,TAS,Homo sapiens
341,Azithromycin,447043,CHEBI:2955,R-HSA-9640148,Infection with Enterobacteria,TAS,Homo sapiens
341,Azithromycin,447043,CHEBI:2955,R-HSA-9748784,Drug ADME,TAS,Homo sapiens
341,Azithromycin,447043,CHEBI:2955,R-HSA-9757110,Prednisone ADME,TAS,Homo sapiens
341,Azithromycin,447043,CHEBI:2955,R-HSA-9824439,Bacterial Infection Pathways,TAS,Homo sapiens
341,Azithromycin,447043,CHEBI:2955,R-HSA-9913143,Antimicrobial resistance,TAS,Homo sapiens
346,Bacampicillin,441397,CHEBI:2968,R-HSA-1643685,Disease,TAS,Homo sapiens
346,Bacampicillin,441397,CHEBI:2968,R-HSA-5663205,Infectious disease,TAS,Homo sapiens
346,Bacampicillin,441397,CHEBI:2968,R-HSA-9678108,SARS-CoV-1 Infection,TAS,Homo sapiens
346,Bacampicillin,441397,CHEBI:2968,R-HSA-9678110,Attachment and Entry,TAS,Homo sapiens
346,Bacampicillin,441397,CHEBI:2968,R-HSA-9679506,SARS-CoV Infections,TAS,Homo sapiens
346,Bacampicillin,441397,CHEBI:2968,R-HSA-9824446,Viral Infection Pathways,TAS,Homo sapiens
350,Balsalazide,54585,CHEBI:267413,R-HSA-1430728,Metabolism,TAS,Homo sapiens
350,Balsalazide,54585,CHEBI:267413,R-HSA-2142691,Synthesis of Leukotrienes (LT) and Eoxins (EX),TAS,Homo sapiens
350,Balsalazide,54585,CHEBI:267413,R-HSA-2142753,Arachidonate metabolism,TAS,Homo sapiens
350,Balsalazide,54585,CHEBI:267413,R-HSA-556833,Metabolism of lipids,TAS,Homo sapiens
350,Balsalazide,54585,CHEBI:267413,R-HSA-8978868,Fatty acid metabolism,TAS,Homo sapiens
357,Baricitinib,44205240,CHEBI:95341,R-HSA-1266695,Interleukin-7 signaling,TAS,Homo sapiens
357,Baricitinib,44205240,CHEBI:95341,R-HSA-1280215,Cytokine Signaling in Immune system,TAS,Homo sapiens
357,Baricitinib,44205240,CHEBI:95341,R-HSA-1643685,Disease,TAS,Homo sapiens
357,Baricitinib,44205240,CHEBI:95341,R-HSA-168256,Immune System,TAS,Homo sapiens
357,Baricitinib,44205240,CHEBI:95341,R-HSA-449147,Signaling by Interleukins,TAS,Homo sapiens
357,Baricitinib,44205240,CHEBI:95341,R-HSA-451927,Interleukin-2 family signaling,TAS,Homo sapiens
357,Baricitinib,44205240,CHEBI:95341,R-HSA-5663205,Infectious disease,TAS,Homo sapiens
357,Baricitinib,44205240,CHEBI:95341,R-HSA-6785807,Interleukin-4 and Interleukin-13 signaling,TAS,Homo sapiens
357,Baricitinib,44205240,CHEBI:95341,R-HSA-877300,Interferon gamma signaling,TAS,Homo sapiens
357,Baricitinib,44205240,CHEBI:95341,R-HSA-8985947,Interleukin-9 signaling,TAS,Homo sapiens
357,Baricitinib,44205240,CHEBI:95341,R-HSA-9020558,Interleukin-2 signaling,TAS,Homo sapiens
357,Baricitinib,44205240,CHEBI:95341,R-HSA-909733,Interferon alpha/beta signaling,TAS,Homo sapiens
357,Baricitinib,44205240,CHEBI:95341,R-HSA-913531,Interferon Signaling,TAS,Homo sapiens
357,Baricitinib,44205240,CHEBI:95341,R-HSA-9679191,Potential therapeutics for SARS,TAS,Homo sapiens
357,Baricitinib,44205240,CHEBI:95341,R-HSA-9679506,SARS-CoV Infections,TAS,Homo sapiens
357,Baricitinib,44205240,CHEBI:95341,R-HSA-9824446,Viral Infection Pathways,TAS,Homo sapiens
358,Barnidipine,443869,CHEBI:135793,R-HSA-397014,Muscle contraction,TAS,Homo sapiens
358,Barnidipine,443869,CHEBI:135793,R-HSA-5576891,Cardiac conduction,TAS,Homo sapiens
358,Barnidipine,443869,CHEBI:135793,R-HSA-5576892,Phase 0 - rapid depolarisation,TAS,Homo sapiens
358,Barnidipine,443869,CHEBI:135793,R-HSA-5576893,Phase 2 - plateau phase,TAS,Homo sapiens
361,Bazedoxifene,154257,CHEBI:135947,R-HSA-162582,Signal Transduction,TAS,Homo sapiens
361,Bazedoxifene,154257,CHEBI:135947,R-HSA-8939211,ESR-mediated signaling,TAS,Homo sapiens
361,Bazedoxifene,154257,CHEBI:135947,R-HSA-9006931,Signaling by Nuclear Receptors,TAS,Homo sapiens
367,Belinostat,6918638,CHEBI:61076,R-HSA-1643685,Disease,TAS,Homo sapiens
367,Belinostat,6918638,CHEBI:61076,R-HSA-3214815,HDACs deacetylate histones,TAS,Homo sapiens
367,Belinostat,6918638,CHEBI:61076,R-HSA-3247509,Chromatin modifying enzymes,TAS,Homo sapiens
367,Belinostat,6918638,CHEBI:61076,R-HSA-4839726,Chromatin organization,TAS,Homo sapiens
367,Belinostat,6918638,CHEBI:61076,R-HSA-5663205,Infectious disease,TAS,Homo sapiens
367,Belinostat,6918638,CHEBI:61076,R-HSA-9679191,Potential therapeutics for SARS,TAS,Homo sapiens
367,Belinostat,6918638,CHEBI:61076,R-HSA-9679506,SARS-CoV Infections,TAS,Homo sapiens
367,Belinostat,6918638,CHEBI:61076,R-HSA-9824446,Viral Infection Pathways,TAS,Homo sapiens
371,Bempedoic acid,10472693,CHEBI:149601,R-HSA-1430728,Metabolism,TAS,Homo sapiens
371,Bempedoic acid,10472693,CHEBI:149601,R-HSA-556833,Metabolism of lipids,TAS,Homo sapiens
371,Bempedoic acid,10472693,CHEBI:149601,R-HSA-75105,Fatty acyl-CoA biosynthesis,TAS,Homo sapiens
371,Bempedoic acid,10472693,CHEBI:149601,R-HSA-8978868,Fatty acid metabolism,TAS,Homo sapiens
373,Benazepril,5362124,CHEBI:3011,R-HSA-2022377,Metabolism of Angiotensinogen to Angiotensins,TAS,Homo sapiens
373,Benazepril,5362124,CHEBI:3011,R-HSA-2980736,Peptide hormone metabolism,TAS,Homo sapiens
373,Benazepril,5362124,CHEBI:3011,R-HSA-392499,Metabolism of proteins,TAS,Homo sapiens
374,Benazeprilat,5463984,CHEBI:88200,R-HSA-2022377,Metabolism of Angiotensinogen to Angiotensins,TAS,Homo sapiens
374,Benazeprilat,5463984,CHEBI:88200,R-HSA-2980736,Peptide hormone metabolism,TAS,Homo sapiens
374,Benazeprilat,5463984,CHEBI:88200,R-HSA-392499,Metabolism of proteins,TAS,Homo sapiens
378,Bendroflumethiazide,2315,CHEBI:3013,R-HSA-382551,Transport of small molecules,TAS,Homo sapiens
378,Bendroflumethiazide,2315,CHEBI:3013,R-HSA-425407,SLC-mediated transmembrane transport,TAS,Homo sapiens
378,Bendroflumethiazide,2315,CHEBI:3013,R-HSA-426117,Cation-coupled Chloride cotransporters,TAS,Homo sapiens
378,Bendroflumethiazide,2315,CHEBI:3013,R-HSA-9958790,SLC-mediated transport of inorganic anions,TAS,Homo sapiens
384,Benperidol,16363,CHEBI:93403,R-HSA-162582,Signal Transduction,TAS,Homo sapiens
384,Benperidol,16363,CHEBI:93403,R-HSA-372790,Signaling by GPCR,TAS,Homo sapiens
384,Benperidol,16363,CHEBI:93403,R-HSA-373076,Class A/1 (Rhodopsin-like receptors),TAS,Homo sapiens
384,Benperidol,16363,CHEBI:93403,R-HSA-375280,Amine ligand-binding receptors,TAS,Homo sapiens
384,Benperidol,16363,CHEBI:93403,R-HSA-390651,Dopamine receptors,TAS,Homo sapiens
384,Benperidol,16363,CHEBI:93403,R-HSA-500792,GPCR ligand binding,TAS,Homo sapiens
396,Benzoic acid,243,CHEBI:30746,R-HSA-1430728,Metabolism,TAS,Homo sapiens
396,Benzoic acid,243,CHEBI:30746,R-HSA-156580,Phase II - Conjugation of compounds,TAS,Homo sapiens
396,Benzoic acid,243,CHEBI:30746,R-HSA-156587,Amino Acid conjugation,TAS,Homo sapiens
396,Benzoic acid,243,CHEBI:30746,R-HSA-159424,Conjugation of carboxylic acids,TAS,Homo sapiens
396,Benzoic acid,243,CHEBI:30746,R-HSA-177135,Conjugation of benzoate with glycine,TAS,Homo sapiens
396,Benzoic acid,243,CHEBI:30746,R-HSA-211859,Biological oxidations,TAS,Homo sapiens
399,Benzquinamide,2342,CHEBI:27662,R-HSA-1430728,Metabolism,TAS,Homo sapiens
399,Benzquinamide,2342,CHEBI:27662,R-HSA-2142753,Arachidonate metabolism,TAS,Homo sapiens
399,Benzquinamide,2342,CHEBI:27662,R-HSA-2162123,Synthesis of Prostaglandins (PG) and Thromboxanes (TX),TAS,Homo sapiens
399,Benzquinamide,2342,CHEBI:27662,R-HSA-556833,Metabolism of lipids,TAS,Homo sapiens
399,Benzquinamide,2342,CHEBI:27662,R-HSA-8978868,Fatty acid metabolism,TAS,Homo sapiens
400,Benzthiazide,2343,CHEBI:3047,R-HSA-382551,Transport of small molecules,TAS,Homo sapiens
400,Benzthiazide,2343,CHEBI:3047,R-HSA-425407,SLC-mediated transmembrane transport,TAS,Homo sapiens
400,Benzthiazide,2343,CHEBI:3047,R-HSA-426117,Cation-coupled Chloride cotransporters,TAS,Homo sapiens
400,Benzthiazide,2343,CHEBI:3047,R-HSA-9958790,SLC-mediated transport of inorganic anions,TAS,Homo sapiens
403,Benzylpenicillin,5904,CHEBI:18208,R-HSA-1643685,Disease,TAS,Homo sapiens
403,Benzylpenicillin,5904,CHEBI:18208,R-HSA-5663205,Infectious disease,TAS,Homo sapiens
403,Benzylpenicillin,5904,CHEBI:18208,R-HSA-9638737,Action of antimicrobials and antimicrobial resistance,TAS,Homo sapiens
403,Benzylpenicillin,5904,CHEBI:18208,R-HSA-9638771,Action of antimicrobials,TAS,Homo sapiens
403,Benzylpenicillin,5904,CHEBI:18208,R-HSA-9640148,Infection with Enterobacteria,TAS,Homo sapiens
403,Benzylpenicillin,5904,CHEBI:18208,R-HSA-9824439,Bacterial Infection Pathways,TAS,Homo sapiens
403,Benzylpenicillin,5904,CHEBI:18208,R-HSA-9913143,Antimicrobial resistance,TAS,Homo sapiens
407,Bepridil,2351,CHEBI:3061,R-HSA-397014,Muscle contraction,TAS,Homo sapiens
407,Bepridil,2351,CHEBI:3061,R-HSA-445355,Smooth Muscle Contraction,TAS,Homo sapiens
410,Bergapten,2355,CHEBI:18293,R-HSA-6783310,Fanconi Anemia Pathway,TAS,Homo sapiens
410,Bergapten,2355,CHEBI:18293,R-HSA-73894,DNA Repair,TAS,Homo sapiens
410,Bergapten,2355,CHEBI:18293,R-HSA-9750126,Drug-induced formation of DNA interstrand crosslinks,TAS,Homo sapiens
414,Betaine,247,CHEBI:17750,R-HSA-112310,Neurotransmitter release cycle,TAS,Homo sapiens
414,Betaine,247,CHEBI:17750,R-HSA-112315,Transmission across Chemical Synapses,TAS,Homo sapiens
414,Betaine,247,CHEBI:17750,R-HSA-112316,Neuronal System,TAS,Homo sapiens
414,Betaine,247,CHEBI:17750,R-HSA-1430728,Metabolism,TAS,Homo sapiens
414,Betaine,247,CHEBI:17750,R-HSA-1614635,Sulfur amino acid metabolism,TAS,Homo sapiens
414,Betaine,247,CHEBI:17750,R-HSA-352230,Amino acid transport across the plasma membrane,TAS,Homo sapiens
414,Betaine,247,CHEBI:17750,R-HSA-382551,Transport of small molecules,TAS,Homo sapiens
414,Betaine,247,CHEBI:17750,R-HSA-425407,SLC-mediated transmembrane transport,TAS,Homo sapiens
414,Betaine,247,CHEBI:17750,R-HSA-6798163,Choline catabolism,TAS,Homo sapiens
414,Betaine,247,CHEBI:17750,R-HSA-71291,Metabolism of amino acids and derivatives,TAS,Homo sapiens
414,Betaine,247,CHEBI:17750,R-HSA-888590,"GABA synthesis, release, reuptake and degradation",TAS,Homo sapiens
414,Betaine,247,CHEBI:17750,R-HSA-888593,Reuptake of GABA,TAS,Homo sapiens
414,Betaine,247,CHEBI:17750,R-HSA-9958863,SLC-mediated transport of amino acids,TAS,Homo sapiens
415,Betamethasone,9782,CHEBI:3077,R-HSA-1643685,Disease,TAS,Homo sapiens
415,Betamethasone,9782,CHEBI:3077,R-HSA-2262752,Cellular responses to stress,TAS,Homo sapiens
415,Betamethasone,9782,CHEBI:3077,R-HSA-3371497,HSP90 chaperone cycle for steroid hormone receptors (SHR) in the presence of ligand,TAS,Homo sapiens
415,Betamethasone,9782,CHEBI:3077,R-HSA-5663205,Infectious disease,TAS,Homo sapiens
415,Betamethasone,9782,CHEBI:3077,R-HSA-8953897,Cellular responses to stimuli,TAS,Homo sapiens
415,Betamethasone,9782,CHEBI:3077,R-HSA-9679191,Potential therapeutics for SARS,TAS,Homo sapiens
415,Betamethasone,9782,CHEBI:3077,R-HSA-9679506,SARS-CoV Infections,TAS,Homo sapiens
415,Betamethasone,9782,CHEBI:3077,R-HSA-9824446,Viral Infection Pathways,TAS,Homo sapiens
417,Betaxolol,2369,CHEBI:3082,R-HSA-162582,Signal Transduction,TAS,Homo sapiens
417,Betaxolol,2369,CHEBI:3082,R-HSA-372790,Signaling by GPCR,TAS,Homo sapiens
417,Betaxolol,2369,CHEBI:3082,R-HSA-373076,Class A/1 (Rhodopsin-like receptors),TAS,Homo sapiens
417,Betaxolol,2369,CHEBI:3082,R-HSA-375280,Amine ligand-binding receptors,TAS,Homo sapiens
417,Betaxolol,2369,CHEBI:3082,R-HSA-390696,Adrenoceptors,TAS,Homo sapiens
417,Betaxolol,2369,CHEBI:3082,R-HSA-500792,GPCR ligand binding,TAS,Homo sapiens
420,Betrixaban,10275777,CHEBI:140421,R-HSA-109582,Hemostasis,TAS,Homo sapiens
420,Betrixaban,10275777,CHEBI:140421,R-HSA-9769735,Initiation of coagulation cascade,TAS,Homo sapiens
420,Betrixaban,10275777,CHEBI:140421,R-HSA-9769739,Regulation of clotting cascade,TAS,Homo sapiens
420,Betrixaban,10275777,CHEBI:140421,R-HSA-9769740,Coagulation pathway,TAS,Homo sapiens
420,Betrixaban,10275777,CHEBI:140421,R-HSA-9769743,Amplification and propagation of coagulation cascade,TAS,Homo sapiens
426,Bezafibrate,39042,CHEBI:47612,R-HSA-1430728,Metabolism,TAS,Homo sapiens
426,Bezafibrate,39042,CHEBI:47612,R-HSA-400206,Regulation of lipid metabolism by PPARalpha,TAS,Homo sapiens
426,Bezafibrate,39042,CHEBI:47612,R-HSA-556833,Metabolism of lipids,TAS,Homo sapiens
432,Bifemelane,2377,CHEBI:92338,R-HSA-112311,Neurotransmitter clearance,TAS,Homo sapiens
432,Bifemelane,2377,CHEBI:92338,R-HSA-112315,Transmission across Chemical Synapses,TAS,Homo sapiens
432,Bifemelane,2377,CHEBI:92338,R-HSA-112316,Neuronal System,TAS,Homo sapiens
432,Bifemelane,2377,CHEBI:92338,R-HSA-140179,Amine Oxidase reactions,TAS,Homo sapiens
432,Bifemelane,2377,CHEBI:92338,R-HSA-141333,Biogenic amines are oxidatively deaminated to aldehydes by MAOA and MAOB,TAS,Homo sapiens
432,Bifemelane,2377,CHEBI:92338,R-HSA-1430728,Metabolism,TAS,Homo sapiens
432,Bifemelane,2377,CHEBI:92338,R-HSA-211859,Biological oxidations,TAS,Homo sapiens
432,Bifemelane,2377,CHEBI:92338,R-HSA-211945,Phase I - Functionalization of compounds,TAS,Homo sapiens
432,Bifemelane,2377,CHEBI:92338,R-HSA-379401,Dopamine clearance from the synaptic cleft,TAS,Homo sapiens
435,Bilastine,185460,CHEBI:135954,R-HSA-162582,Signal Transduction,TAS,Homo sapiens
435,Bilastine,185460,CHEBI:135954,R-HSA-372790,Signaling by GPCR,TAS,Homo sapiens
435,Bilastine,185460,CHEBI:135954,R-HSA-373076,Class A/1 (Rhodopsin-like receptors),TAS,Homo sapiens
435,Bilastine,185460,CHEBI:135954,R-HSA-375280,Amine ligand-binding receptors,TAS,Homo sapiens
435,Bilastine,185460,CHEBI:135954,R-HSA-390650,Histamine receptors,TAS,Homo sapiens
435,Bilastine,185460,CHEBI:135954,R-HSA-500792,GPCR ligand binding,TAS,Homo sapiens
436,Bimatoprost,5311027,CHEBI:51230,R-HSA-162582,Signal Transduction,TAS,Homo sapiens
436,Bimatoprost,5311027,CHEBI:51230,R-HSA-372790,Signaling by GPCR,TAS,Homo sapiens
436,Bimatoprost,5311027,CHEBI:51230,R-HSA-373076,Class A/1 (Rhodopsin-like receptors),TAS,Homo sapiens
436,Bimatoprost,5311027,CHEBI:51230,R-HSA-391903,Eicosanoid ligand-binding receptors,TAS,Homo sapiens
436,Bimatoprost,5311027,CHEBI:51230,R-HSA-391908,Prostanoid ligand receptors,TAS,Homo sapiens
436,Bimatoprost,5311027,CHEBI:51230,R-HSA-500792,GPCR ligand binding,TAS,Homo sapiens
437,Binimetinib,10288191,CHEBI:145371,R-HSA-162582,Signal Transduction,TAS,Homo sapiens
437,Binimetinib,10288191,CHEBI:145371,R-HSA-5673001,RAF/MAP kinase cascade,TAS,Homo sapiens
437,Binimetinib,10288191,CHEBI:145371,R-HSA-5674135,MAP2K and MAPK activation,TAS,Homo sapiens
437,Binimetinib,10288191,CHEBI:145371,R-HSA-5683057,MAPK family signaling cascades,TAS,Homo sapiens
437,Binimetinib,10288191,CHEBI:145371,R-HSA-5684996,MAPK1/MAPK3 signaling,TAS,Homo sapiens
440,Biperiden,2381,CHEBI:3112,R-HSA-162582,Signal Transduction,TAS,Homo sapiens
440,Biperiden,2381,CHEBI:3112,R-HSA-372790,Signaling by GPCR,TAS,Homo sapiens
440,Biperiden,2381,CHEBI:3112,R-HSA-373076,Class A/1 (Rhodopsin-like receptors),TAS,Homo sapiens
440,Biperiden,2381,CHEBI:3112,R-HSA-375280,Amine ligand-binding receptors,TAS,Homo sapiens
440,Biperiden,2381,CHEBI:3112,R-HSA-390648,Muscarinic acetylcholine receptors,TAS,Homo sapiens
440,Biperiden,2381,CHEBI:3112,R-HSA-500792,GPCR ligand binding,TAS,Homo sapiens
441,Biricodar,3037617,CHEBI:135847,R-HSA-9748784,Drug ADME,TAS,Homo sapiens
441,Biricodar,3037617,CHEBI:135847,R-HSA-9757110,Prednisone ADME,TAS,Homo sapiens
451,Bivalirudin,16129704,CHEBI:59173,R-HSA-109582,Hemostasis,TAS,Homo sapiens
451,Bivalirudin,16129704,CHEBI:59173,R-HSA-9769733,Fibrin formation,TAS,Homo sapiens
451,Bivalirudin,16129704,CHEBI:59173,R-HSA-9769739,Regulation of clotting cascade,TAS,Homo sapiens
451,Bivalirudin,16129704,CHEBI:59173,R-HSA-9769740,Coagulation pathway,TAS,Homo sapiens
451,Bivalirudin,16129704,CHEBI:59173,R-HSA-9769743,Amplification and propagation of coagulation cascade,TAS,Homo sapiens
453,Blonanserin,125564,CHEBI:31296,R-HSA-162582,Signal Transduction,TAS,Homo sapiens
453,Blonanserin,125564,CHEBI:31296,R-HSA-372790,Signaling by GPCR,TAS,Homo sapiens
453,Blonanserin,125564,CHEBI:31296,R-HSA-373076,Class A/1 (Rhodopsin-like receptors),TAS,Homo sapiens
453,Blonanserin,125564,CHEBI:31296,R-HSA-375280,Amine ligand-binding receptors,TAS,Homo sapiens
453,Blonanserin,125564,CHEBI:31296,R-HSA-390651,Dopamine receptors,TAS,Homo sapiens
453,Blonanserin,125564,CHEBI:31296,R-HSA-500792,GPCR ligand binding,TAS,Homo sapiens
454,Boceprevir,10324367,CHEBI:68621,R-HSA-1643685,Disease,TAS,Homo sapiens
454,Boceprevir,10324367,CHEBI:68621,R-HSA-5663205,Infectious disease,TAS,Homo sapiens
454,Boceprevir,10324367,CHEBI:68621,R-HSA-9678108,SARS-CoV-1 Infection,TAS,Homo sapiens
454,Boceprevir,10324367,CHEBI:68621,R-HSA-9679504,Translation of Replicase and Assembly of the Replication Transcription Complex,TAS,Homo sapiens
454,Boceprevir,10324367,CHEBI:68621,R-HSA-9679506,SARS-CoV Infections,TAS,Homo sapiens
454,Boceprevir,10324367,CHEBI:68621,R-HSA-9684325,Maturation of replicase proteins,TAS,Homo sapiens
454,Boceprevir,10324367,CHEBI:68621,R-HSA-9694301,Maturation of replicase proteins,TAS,Homo sapiens
454,Boceprevir,10324367,CHEBI:68621,R-HSA-9694516,SARS-CoV-2 Infection,TAS,Homo sapiens
454,Boceprevir,10324367,CHEBI:68621,R-HSA-9694676,Translation of Replicase and Assembly of the Replication Transcription Complex,TAS,Homo sapiens
454,Boceprevir,10324367,CHEBI:68621,R-HSA-9772572,Early SARS-CoV-2 Infection Events,TAS,Homo sapiens
454,Boceprevir,10324367,CHEBI:68621,R-HSA-9824446,Viral Infection Pathways,TAS,Homo sapiens
460,Bortezomib,387447,CHEBI:52717,R-HSA-1643685,Disease,TAS,Homo sapiens
460,Bortezomib,387447,CHEBI:52717,R-HSA-5663205,Infectious disease,TAS,Homo sapiens
460,Bortezomib,387447,CHEBI:52717,R-HSA-9824446,Viral Infection Pathways,TAS,Homo sapiens
460,Bortezomib,387447,CHEBI:52717,R-HSA-9839923,Dengue Virus Infection,TAS,Homo sapiens
460,Bortezomib,387447,CHEBI:52717,R-HSA-9918432,Maturation of DENV proteins,TAS,Homo sapiens
460,Bortezomib,387447,CHEBI:52717,R-HSA-9918487,Dengue Virus Genome Translation and Replication,TAS,Homo sapiens
462,Bosentan,104865,CHEBI:51450,R-HSA-162582,Signal Transduction,TAS,Homo sapiens
462,Bosentan,104865,CHEBI:51450,R-HSA-372790,Signaling by GPCR,TAS,Homo sapiens
462,Bosentan,104865,CHEBI:51450,R-HSA-373076,Class A/1 (Rhodopsin-like receptors),TAS,Homo sapiens
462,Bosentan,104865,CHEBI:51450,R-HSA-375276,Peptide ligand-binding receptors,TAS,Homo sapiens
462,Bosentan,104865,CHEBI:51450,R-HSA-500792,GPCR ligand binding,TAS,Homo sapiens
465,Brequinar,57030,CHEBI:177387,R-HSA-1430728,Metabolism,TAS,Homo sapiens
465,Brequinar,57030,CHEBI:177387,R-HSA-15869,Metabolism of nucleotides,TAS,Homo sapiens
465,Brequinar,57030,CHEBI:177387,R-HSA-500753,Pyrimidine biosynthesis,TAS,Homo sapiens
465,Brequinar,57030,CHEBI:177387,R-HSA-8956320,Nucleotide biosynthesis,TAS,Homo sapiens
469,Brigatinib,68165256,CHEBI:232810,R-HSA-162582,Signal Transduction,TAS,Homo sapiens
469,Brigatinib,68165256,CHEBI:232810,R-HSA-1643685,Disease,TAS,Homo sapiens
469,Brigatinib,68165256,CHEBI:232810,R-HSA-201556,Signaling by ALK,TAS,Homo sapiens
469,Brigatinib,68165256,CHEBI:232810,R-HSA-5663202,Diseases of signal transduction by growth factor receptors and second messengers,TAS,Homo sapiens
469,Brigatinib,68165256,CHEBI:232810,R-HSA-9006934,Signaling by Receptor Tyrosine Kinases,TAS,Homo sapiens
469,Brigatinib,68165256,CHEBI:232810,R-HSA-9700206,Signaling by ALK in cancer,TAS,Homo sapiens
469,Brigatinib,68165256,CHEBI:232810,R-HSA-9700645,ALK mutants bind TKIs,TAS,Homo sapiens
469,Brigatinib,68165256,CHEBI:232810,R-HSA-9700649,Drug resistance of ALK mutants,TAS,Homo sapiens
469,Brigatinib,68165256,CHEBI:232810,R-HSA-9717319,brigatinib-resistant ALK mutants,TAS,Homo sapiens
471,Brimonidine,2435,CHEBI:3175,R-HSA-162582,Signal Transduction,TAS,Homo sapiens
471,Brimonidine,2435,CHEBI:3175,R-HSA-372790,Signaling by GPCR,TAS,Homo sapiens
471,Brimonidine,2435,CHEBI:3175,R-HSA-373076,Class A/1 (Rhodopsin-like receptors),TAS,Homo sapiens
471,Brimonidine,2435,CHEBI:3175,R-HSA-375280,Amine ligand-binding receptors,TAS,Homo sapiens
471,Brimonidine,2435,CHEBI:3175,R-HSA-390696,Adrenoceptors,TAS,Homo sapiens
471,Brimonidine,2435,CHEBI:3175,R-HSA-500792,GPCR ligand binding,TAS,Homo sapiens
473,Brinzolamide,68844,CHEBI:3176,R-HSA-1237044,Erythrocytes take up carbon dioxide and release oxygen,TAS,Homo sapiens
473,Brinzolamide,68844,CHEBI:3176,R-HSA-1480926,O2/CO2 exchange in erythrocytes,TAS,Homo sapiens
473,Brinzolamide,68844,CHEBI:3176,R-HSA-382551,Transport of small molecules,TAS,Homo sapiens
477,Bromfenac,60726,CHEBI:240107,R-HSA-1430728,Metabolism,TAS,Homo sapiens
477,Bromfenac,60726,CHEBI:240107,R-HSA-2142753,Arachidonate metabolism,TAS,Homo sapiens
477,Bromfenac,60726,CHEBI:240107,R-HSA-2162123,Synthesis of Prostaglandins (PG) and Thromboxanes (TX),TAS,Homo sapiens
477,Bromfenac,60726,CHEBI:240107,R-HSA-556833,Metabolism of lipids,TAS,Homo sapiens
477,Bromfenac,60726,CHEBI:240107,R-HSA-8978868,Fatty acid metabolism,TAS,Homo sapiens
479,Bromocriptine,31101,CHEBI:3181,R-HSA-162582,Signal Transduction,TAS,Homo sapiens
479,Bromocriptine,31101,CHEBI:3181,R-HSA-372790,Signaling by GPCR,TAS,Homo sapiens
479,Bromocriptine,31101,CHEBI:3181,R-HSA-373076,Class A/1 (Rhodopsin-like receptors),TAS,Homo sapiens
479,Bromocriptine,31101,CHEBI:3181,R-HSA-375280,Amine ligand-binding receptors,TAS,Homo sapiens
479,Bromocriptine,31101,CHEBI:3181,R-HSA-390666,Serotonin receptors,TAS,Homo sapiens
479,Bromocriptine,31101,CHEBI:3181,R-HSA-500792,GPCR ligand binding,TAS,Homo sapiens
489,Budesonide,5281004,CHEBI:3207,R-HSA-1643685,Disease,TAS,Homo sapiens
489,Budesonide,5281004,CHEBI:3207,R-HSA-2262752,Cellular responses to stress,TAS,Homo sapiens
489,Budesonide,5281004,CHEBI:3207,R-HSA-3371497,HSP90 chaperone cycle for steroid hormone receptors (SHR) in the presence of ligand,TAS,Homo sapiens
489,Budesonide,5281004,CHEBI:3207,R-HSA-382551,Transport of small molecules,TAS,Homo sapiens
489,Budesonide,5281004,CHEBI:3207,R-HSA-382556,ABC-family protein mediated transport,TAS,Homo sapiens
489,Budesonide,5281004,CHEBI:3207,R-HSA-5663205,Infectious disease,TAS,Homo sapiens
489,Budesonide,5281004,CHEBI:3207,R-HSA-8953897,Cellular responses to stimuli,TAS,Homo sapiens
489,Budesonide,5281004,CHEBI:3207,R-HSA-9679191,Potential therapeutics for SARS,TAS,Homo sapiens
489,Budesonide,5281004,CHEBI:3207,R-HSA-9679506,SARS-CoV Infections,TAS,Homo sapiens
489,Budesonide,5281004,CHEBI:3207,R-HSA-9748784,Drug ADME,TAS,Homo sapiens
489,Budesonide,5281004,CHEBI:3207,R-HSA-9757110,Prednisone ADME,TAS,Homo sapiens
489,Budesonide,5281004,CHEBI:3207,R-HSA-9824446,Viral Infection Pathways,TAS,Homo sapiens
501,Bupranolol,2475,CHEBI:135123,R-HSA-162582,Signal Transduction,TAS,Homo sapiens
501,Bupranolol,2475,CHEBI:135123,R-HSA-372790,Signaling by GPCR,TAS,Homo sapiens
501,Bupranolol,2475,CHEBI:135123,R-HSA-373076,Class A/1 (Rhodopsin-like receptors),TAS,Homo sapiens
501,Bupranolol,2475,CHEBI:135123,R-HSA-375280,Amine ligand-binding receptors,TAS,Homo sapiens
501,Bupranolol,2475,CHEBI:135123,R-HSA-390696,Adrenoceptors,TAS,Homo sapiens
501,Bupranolol,2475,CHEBI:135123,R-HSA-500792,GPCR ligand binding,TAS,Homo sapiens
503,Bupropion,444,CHEBI:3219,R-HSA-112311,Neurotransmitter clearance,TAS,Homo sapiens
503,Bupropion,444,CHEBI:3219,R-HSA-112315,Transmission across Chemical Synapses,TAS,Homo sapiens
503,Bupropion,444,CHEBI:3219,R-HSA-112316,Neuronal System,TAS,Homo sapiens
503,Bupropion,444,CHEBI:3219,R-HSA-379401,Dopamine clearance from the synaptic cleft,TAS,Homo sapiens
504,Buspirone,2477,CHEBI:3223,R-HSA-162582,Signal Transduction,TAS,Homo sapiens
504,Buspirone,2477,CHEBI:3223,R-HSA-372790,Signaling by GPCR,TAS,Homo sapiens
504,Buspirone,2477,CHEBI:3223,R-HSA-373076,Class A/1 (Rhodopsin-like receptors),TAS,Homo sapiens
504,Buspirone,2477,CHEBI:3223,R-HSA-375280,Amine ligand-binding receptors,TAS,Homo sapiens
504,Buspirone,2477,CHEBI:3223,R-HSA-390666,Serotonin receptors,TAS,Homo sapiens
504,Buspirone,2477,CHEBI:3223,R-HSA-500792,GPCR ligand binding,TAS,Homo sapiens
509,Butamben,2482,CHEBI:3231,R-HSA-397014,Muscle contraction,TAS,Homo sapiens
509,Butamben,2482,CHEBI:3231,R-HSA-445355,Smooth Muscle Contraction,TAS,Homo sapiens
524,Cabergoline,54746,CHEBI:3286,R-HSA-162582,Signal Transduction,TAS,Homo sapiens
524,Cabergoline,54746,CHEBI:3286,R-HSA-372790,Signaling by GPCR,TAS,Homo sapiens
524,Cabergoline,54746,CHEBI:3286,R-HSA-373076,Class A/1 (Rhodopsin-like receptors),TAS,Homo sapiens
524,Cabergoline,54746,CHEBI:3286,R-HSA-375280,Amine ligand-binding receptors,TAS,Homo sapiens
524,Cabergoline,54746,CHEBI:3286,R-HSA-390666,Serotonin receptors,TAS,Homo sapiens
524,Cabergoline,54746,CHEBI:3286,R-HSA-500792,GPCR ligand binding,TAS,Homo sapiens
526,Cabozantinib,25102847,CHEBI:72317,R-HSA-1280215,Cytokine Signaling in Immune system,TAS,Homo sapiens
526,Cabozantinib,25102847,CHEBI:72317,R-HSA-1433557,Signaling by SCF-KIT,TAS,Homo sapiens
526,Cabozantinib,25102847,CHEBI:72317,R-HSA-162582,Signal Transduction,TAS,Homo sapiens
526,Cabozantinib,25102847,CHEBI:72317,R-HSA-1643685,Disease,TAS,Homo sapiens
526,Cabozantinib,25102847,CHEBI:72317,R-HSA-168256,Immune System,TAS,Homo sapiens
526,Cabozantinib,25102847,CHEBI:72317,R-HSA-5663202,Diseases of signal transduction by growth factor receptors and second messengers,TAS,Homo sapiens
526,Cabozantinib,25102847,CHEBI:72317,R-HSA-6806834,Signaling by MET,TAS,Homo sapiens
526,Cabozantinib,25102847,CHEBI:72317,R-HSA-6806942,MET Receptor Activation,TAS,Homo sapiens
526,Cabozantinib,25102847,CHEBI:72317,R-HSA-6807004,Negative regulation of MET activity,TAS,Homo sapiens
526,Cabozantinib,25102847,CHEBI:72317,R-HSA-9006934,Signaling by Receptor Tyrosine Kinases,TAS,Homo sapiens
526,Cabozantinib,25102847,CHEBI:72317,R-HSA-9607240,FLT3 Signaling,TAS,Homo sapiens
526,Cabozantinib,25102847,CHEBI:72317,R-HSA-9669921,KIT mutants bind TKIs,TAS,Homo sapiens
526,Cabozantinib,25102847,CHEBI:72317,R-HSA-9669938,Signaling by KIT in disease,TAS,Homo sapiens
526,Cabozantinib,25102847,CHEBI:72317,R-HSA-9682385,FLT3 signaling in disease,TAS,Homo sapiens
526,Cabozantinib,25102847,CHEBI:72317,R-HSA-9702509,FLT3 mutants bind TKIs,TAS,Homo sapiens
526,Cabozantinib,25102847,CHEBI:72317,R-HSA-9734091,Drug-mediated inhibition of MET activation,TAS,Homo sapiens
529,Caffeine,2519,CHEBI:27732,R-HSA-1430728,Metabolism,TAS,Homo sapiens
529,Caffeine,2519,CHEBI:27732,R-HSA-162582,Signal Transduction,TAS,Homo sapiens
529,Caffeine,2519,CHEBI:27732,R-HSA-211859,Biological oxidations,TAS,Homo sapiens
529,Caffeine,2519,CHEBI:27732,R-HSA-211897,Cytochrome P450 - arranged by substrate type,TAS,Homo sapiens
529,Caffeine,2519,CHEBI:27732,R-HSA-211945,Phase I - Functionalization of compounds,TAS,Homo sapiens
529,Caffeine,2519,CHEBI:27732,R-HSA-211957,Aromatic amines can be N-hydroxylated or N-dealkylated by CYP1A2,TAS,Homo sapiens
529,Caffeine,2519,CHEBI:27732,R-HSA-211981,Xenobiotics,TAS,Homo sapiens
529,Caffeine,2519,CHEBI:27732,R-HSA-372790,Signaling by GPCR,TAS,Homo sapiens
529,Caffeine,2519,CHEBI:27732,R-HSA-388396,GPCR downstream signalling,TAS,Homo sapiens
529,Caffeine,2519,CHEBI:27732,R-HSA-418594,G alpha (i) signalling events,TAS,Homo sapiens
529,Caffeine,2519,CHEBI:27732,R-HSA-420499,Class C/3 (Metabotropic glutamate/pheromone receptors),TAS,Homo sapiens
529,Caffeine,2519,CHEBI:27732,R-HSA-500792,GPCR ligand binding,TAS,Homo sapiens
529,Caffeine,2519,CHEBI:27732,R-HSA-9709957,Sensory Perception,IEA,Homo sapiens
529,Caffeine,2519,CHEBI:27732,R-HSA-9709957,Sensory Perception,TAS,Homo sapiens
529,Caffeine,2519,CHEBI:27732,R-HSA-9717189,Sensory perception of taste,IEA,Homo sapiens
529,Caffeine,2519,CHEBI:27732,R-HSA-9717189,Sensory perception of taste,TAS,Homo sapiens
529,Caffeine,2519,CHEBI:27732,R-HSA-9717207,"Sensory perception of sweet, bitter, and umami (glutamate) taste",IEA,Homo sapiens
529,Caffeine,2519,CHEBI:27732,R-HSA-9717207,"Sensory perception of sweet, bitter, and umami (glutamate) taste",TAS,Homo sapiens
530,Calcifediol,5283731,CHEBI:17933,R-HSA-1430728,Metabolism,TAS,Homo sapiens
530,Calcifediol,5283731,CHEBI:17933,R-HSA-1643685,Disease,TAS,Homo sapiens
530,Calcifediol,5283731,CHEBI:17933,R-HSA-196791,Vitamin D (calciferol) metabolism,TAS,Homo sapiens
530,Calcifediol,5283731,CHEBI:17933,R-HSA-211859,Biological oxidations,TAS,Homo sapiens
530,Calcifediol,5283731,CHEBI:17933,R-HSA-211897,Cytochrome P450 - arranged by substrate type,TAS,Homo sapiens
530,Calcifediol,5283731,CHEBI:17933,R-HSA-211916,Vitamins,TAS,Homo sapiens
530,Calcifediol,5283731,CHEBI:17933,R-HSA-211945,Phase I - Functionalization of compounds,TAS,Homo sapiens
530,Calcifediol,5283731,CHEBI:17933,R-HSA-556833,Metabolism of lipids,TAS,Homo sapiens
530,Calcifediol,5283731,CHEBI:17933,R-HSA-5579014,Defective CYP27B1 causes VDDR1A,TAS,Homo sapiens
530,Calcifediol,5283731,CHEBI:17933,R-HSA-5579029,Metabolic disorders of biological oxidation enzymes,TAS,Homo sapiens
530,Calcifediol,5283731,CHEBI:17933,R-HSA-5668914,Diseases of metabolism,TAS,Homo sapiens
530,Calcifediol,5283731,CHEBI:17933,R-HSA-8957322,Metabolism of steroids,TAS,Homo sapiens
531,Calcitriol,5280453,CHEBI:17823,R-HSA-1430728,Metabolism,TAS,Homo sapiens
531,Calcitriol,5280453,CHEBI:17823,R-HSA-1643685,Disease,TAS,Homo sapiens
531,Calcitriol,5280453,CHEBI:17823,R-HSA-196791,Vitamin D (calciferol) metabolism,TAS,Homo sapiens
531,Calcitriol,5280453,CHEBI:17823,R-HSA-211859,Biological oxidations,TAS,Homo sapiens
531,Calcitriol,5280453,CHEBI:17823,R-HSA-211897,Cytochrome P450 - arranged by substrate type,TAS,Homo sapiens
531,Calcitriol,5280453,CHEBI:17823,R-HSA-211916,Vitamins,TAS,Homo sapiens
531,Calcitriol,5280453,CHEBI:17823,R-HSA-211945,Phase I - Functionalization of compounds,TAS,Homo sapiens
531,Calcitriol,5280453,CHEBI:17823,R-HSA-556833,Metabolism of lipids,TAS,Homo sapiens
531,Calcitriol,5280453,CHEBI:17823,R-HSA-5579010,Defective CYP24A1 causes HCAI,TAS,Homo sapiens
531,Calcitriol,5280453,CHEBI:17823,R-HSA-5579029,Metabolic disorders of biological oxidation enzymes,TAS,Homo sapiens
531,Calcitriol,5280453,CHEBI:17823,R-HSA-5668914,Diseases of metabolism,TAS,Homo sapiens
531,Calcitriol,5280453,CHEBI:17823,R-HSA-8957322,Metabolism of steroids,TAS,Homo sapiens
533,Calcium cation,271,CHEBI:29108,R-HSA-109582,Hemostasis,TAS,Homo sapiens
533,Calcium cation,271,CHEBI:29108,R-HSA-109582,Hemostasis,IEA,Homo sapiens
533,Calcium cation,271,CHEBI:29108,R-HSA-111885,Opioid Signalling,IEA,Homo sapiens
533,Calcium cation,271,CHEBI:29108,R-HSA-111885,Opioid Signalling,TAS,Homo sapiens
533,Calcium cation,271,CHEBI:29108,R-HSA-111931,PKA-mediated phosphorylation of CREB,TAS,Homo sapiens
533,Calcium cation,271,CHEBI:29108,R-HSA-111932,CaMK IV-mediated phosphorylation of CREB,IEA,Homo sapiens
533,Calcium cation,271,CHEBI:29108,R-HSA-111932,CaMK IV-mediated phosphorylation of CREB,TAS,Homo sapiens
533,Calcium cation,271,CHEBI:29108,R-HSA-111933,Calmodulin induced events,TAS,Homo sapiens
533,Calcium cation,271,CHEBI:29108,R-HSA-111933,Calmodulin induced events,IEA,Homo sapiens
533,Calcium cation,271,CHEBI:29108,R-HSA-111957,Cam-PDE 1 activation,TAS,Homo sapiens
533,Calcium cation,271,CHEBI:29108,R-HSA-111995,phospho-PLA2 pathway,TAS,Homo sapiens
533,Calcium cation,271,CHEBI:29108,R-HSA-111996,Ca-dependent events,IEA,Homo sapiens
533,Calcium cation,271,CHEBI:29108,R-HSA-111996,Ca-dependent events,TAS,Homo sapiens
533,Calcium cation,271,CHEBI:29108,R-HSA-111997,CaM pathway,IEA,Homo sapiens
533,Calcium cation,271,CHEBI:29108,R-HSA-111997,CaM pathway,TAS,Homo sapiens
533,Calcium cation,271,CHEBI:29108,R-HSA-112040,G-protein mediated events,IEA,Homo sapiens
533,Calcium cation,271,CHEBI:29108,R-HSA-112040,G-protein mediated events,TAS,Homo sapiens
533,Calcium cation,271,CHEBI:29108,R-HSA-112043,PLC beta mediated events,IEA,Homo sapiens
533,Calcium cation,271,CHEBI:29108,R-HSA-112043,PLC beta mediated events,TAS,Homo sapiens
533,Calcium cation,271,CHEBI:29108,R-HSA-112308,Presynaptic depolarization and calcium channel opening,TAS,Homo sapiens
533,Calcium cation,271,CHEBI:29108,R-HSA-112310,Neurotransmitter release cycle,TAS,Homo sapiens
533,Calcium cation,271,CHEBI:29108,R-HSA-112314,Neurotransmitter receptors and postsynaptic signal transmission,TAS,Homo sapiens
533,Calcium cation,271,CHEBI:29108,R-HSA-112314,Neurotransmitter receptors and postsynaptic signal transmission,IEA,Homo sapiens
533,Calcium cation,271,CHEBI:29108,R-HSA-112315,Transmission across Chemical Synapses,TAS,Homo sapiens
533,Calcium cation,271,CHEBI:29108,R-HSA-112315,Transmission across Chemical Synapses,IEA,Homo sapiens
533,Calcium cation,271,CHEBI:29108,R-HSA-112316,Neuronal System,TAS,Homo sapiens
533,Calcium cation,271,CHEBI:29108,R-HSA-112316,Neuronal System,IEA,Homo sapiens
533,Calcium cation,271,CHEBI:29108,R-HSA-114508,Effects of PIP2 hydrolysis,TAS,Homo sapiens
533,Calcium cation,271,CHEBI:29108,R-HSA-114508,Effects of PIP2 hydrolysis,IEA,Homo sapiens
533,Calcium cation,271,CHEBI:29108,R-HSA-114516,Disinhibition of SNARE formation,TAS,Homo sapiens
533,Calcium cation,271,CHEBI:29108,R-HSA-114608,Platelet degranulation ,TAS,Homo sapiens
533,Calcium cation,271,CHEBI:29108,R-HSA-1168372,Downstream signaling events of B Cell Receptor (BCR),TAS,Homo sapiens
533,Calcium cation,271,CHEBI:29108,R-HSA-1168372,Downstream signaling events of B Cell Receptor (BCR),IEA,Homo sapiens
533,Calcium cation,271,CHEBI:29108,R-HSA-1169091,Activation of NF-kappaB in B cells,TAS,Homo sapiens
533,Calcium cation,271,CHEBI:29108,R-HSA-1187000,Fertilization,TAS,Homo sapiens
533,Calcium cation,271,CHEBI:29108,R-HSA-1227986,Signaling by ERBB2,TAS,Homo sapiens
533,Calcium cation,271,CHEBI:29108,R-HSA-1236974,ER-Phagosome pathway,TAS,Homo sapiens
533,Calcium cation,271,CHEBI:29108,R-HSA-1236975,Antigen processing-Cross presentation,TAS,Homo sapiens
533,Calcium cation,271,CHEBI:29108,R-HSA-1250196,SHC1 events in ERBB2 signaling,TAS,Homo sapiens
533,Calcium cation,271,CHEBI:29108,R-HSA-1266738,Developmental Biology,TAS,Homo sapiens
533,Calcium cation,271,CHEBI:29108,R-HSA-1280218,Adaptive Immune System,IEA,Homo sapiens
533,Calcium cation,271,CHEBI:29108,R-HSA-1280218,Adaptive Immune System,TAS,Homo sapiens
533,Calcium cation,271,CHEBI:29108,R-HSA-1300642,Sperm Motility And Taxes,TAS,Homo sapiens
533,Calcium cation,271,CHEBI:29108,R-HSA-139853,Elevation of cytosolic Ca2+ levels,TAS,Homo sapiens
533,Calcium cation,271,CHEBI:29108,R-HSA-139853,Elevation of cytosolic Ca2+ levels,IEA,Homo sapiens
533,Calcium cation,271,CHEBI:29108,R-HSA-1428517,Aerobic respiration and respiratory electron transport,TAS,Homo sapiens
533,Calcium cation,271,CHEBI:29108,R-HSA-1430728,Metabolism,IEA,Homo sapiens
533,Calcium cation,271,CHEBI:29108,R-HSA-1430728,Metabolism,TAS,Homo sapiens
533,Calcium cation,271,CHEBI:29108,R-HSA-1445148,Translocation of SLC2A4 (GLUT4) to the plasma membrane,IEA,Homo sapiens
533,Calcium cation,271,CHEBI:29108,R-HSA-1474151,"Tetrahydrobiopterin (BH4) synthesis, recycling, salvage and regulation",TAS,Homo sapiens
533,Calcium cation,271,CHEBI:29108,R-HSA-1474165,Reproduction,TAS,Homo sapiens
533,Calcium cation,271,CHEBI:29108,R-HSA-1474228,Degradation of the extracellular matrix,TAS,Homo sapiens
533,Calcium cation,271,CHEBI:29108,R-HSA-1474228,Degradation of the extracellular matrix,IEA,Homo sapiens
533,Calcium cation,271,CHEBI:29108,R-HSA-1474244,Extracellular matrix organization,TAS,Homo sapiens
533,Calcium cation,271,CHEBI:29108,R-HSA-1474244,Extracellular matrix organization,IEA,Homo sapiens
533,Calcium cation,271,CHEBI:29108,R-HSA-1482788,Acyl chain remodelling of PC,TAS,Homo sapiens
533,Calcium cation,271,CHEBI:29108,R-HSA-1482798,Acyl chain remodeling of CL,TAS,Homo sapiens
533,Calcium cation,271,CHEBI:29108,R-HSA-1482801,Acyl chain remodelling of PS,TAS,Homo sapiens
533,Calcium cation,271,CHEBI:29108,R-HSA-1482839,Acyl chain remodelling of PE,TAS,Homo sapiens
533,Calcium cation,271,CHEBI:29108,R-HSA-1482922,Acyl chain remodelling of PI,TAS,Homo sapiens
533,Calcium cation,271,CHEBI:29108,R-HSA-1482925,Acyl chain remodelling of PG,TAS,Homo sapiens
533,Calcium cation,271,CHEBI:29108,R-HSA-1483115,Hydrolysis of LPC,TAS,Homo sapiens
533,Calcium cation,271,CHEBI:29108,R-HSA-1483166,Synthesis of PA,TAS,Homo sapiens
533,Calcium cation,271,CHEBI:29108,R-HSA-1483206,Glycerophospholipid biosynthesis,TAS,Homo sapiens
533,Calcium cation,271,CHEBI:29108,R-HSA-1483249,Inositol phosphate metabolism,TAS,Homo sapiens
533,Calcium cation,271,CHEBI:29108,R-HSA-1483255,PI Metabolism,TAS,Homo sapiens
533,Calcium cation,271,CHEBI:29108,R-HSA-1483257,Phospholipid metabolism,TAS,Homo sapiens
533,Calcium cation,271,CHEBI:29108,R-HSA-1489509,DAG and IP3 signaling,IEA,Homo sapiens
533,Calcium cation,271,CHEBI:29108,R-HSA-1489509,DAG and IP3 signaling,TAS,Homo sapiens
533,Calcium cation,271,CHEBI:29108,R-HSA-1500931,Cell-Cell communication,IEA,Homo sapiens
533,Calcium cation,271,CHEBI:29108,R-HSA-1500931,Cell-Cell communication,TAS,Homo sapiens
533,Calcium cation,271,CHEBI:29108,R-HSA-15869,Metabolism of nucleotides,TAS,Homo sapiens
533,Calcium cation,271,CHEBI:29108,R-HSA-1592230,Mitochondrial biogenesis,IEA,Homo sapiens
533,Calcium cation,271,CHEBI:29108,R-HSA-162582,Signal Transduction,IEA,Homo sapiens
533,Calcium cation,271,CHEBI:29108,R-HSA-162582,Signal Transduction,TAS,Homo sapiens
533,Calcium cation,271,CHEBI:29108,R-HSA-1630316,Glycosaminoglycan metabolism,TAS,Homo sapiens
533,Calcium cation,271,CHEBI:29108,R-HSA-163615,PKA activation,TAS,Homo sapiens
533,Calcium cation,271,CHEBI:29108,R-HSA-163685,Integration of energy metabolism,IEA,Homo sapiens
533,Calcium cation,271,CHEBI:29108,R-HSA-163685,Integration of energy metabolism,TAS,Homo sapiens
533,Calcium cation,271,CHEBI:29108,R-HSA-1638074,Keratan sulfate/keratin metabolism,TAS,Homo sapiens
533,Calcium cation,271,CHEBI:29108,R-HSA-1638091,Heparan sulfate/heparin (HS-GAG) metabolism,TAS,Homo sapiens
533,Calcium cation,271,CHEBI:29108,R-HSA-163841,"Gamma carboxylation, hypusinylation, hydroxylation, and arylsulfatase activation",TAS,Homo sapiens
533,Calcium cation,271,CHEBI:29108,R-HSA-1640170,Cell Cycle,TAS,Homo sapiens
533,Calcium cation,271,CHEBI:29108,R-HSA-1643685,Disease,IEA,Homo sapiens
533,Calcium cation,271,CHEBI:29108,R-HSA-1643685,Disease,TAS,Homo sapiens
533,Calcium cation,271,CHEBI:29108,R-HSA-166016,Toll Like Receptor 4 (TLR4) Cascade,TAS,Homo sapiens
533,Calcium cation,271,CHEBI:29108,R-HSA-1660499,Synthesis of PIPs at the plasma membrane,TAS,Homo sapiens
533,Calcium cation,271,CHEBI:29108,R-HSA-1660514,Synthesis of PIPs at the Golgi membrane,TAS,Homo sapiens
533,Calcium cation,271,CHEBI:29108,R-HSA-1660516,Synthesis of PIPs at the early endosome membrane,TAS,Homo sapiens
533,Calcium cation,271,CHEBI:29108,R-HSA-1660517,Synthesis of PIPs at the late endosome membrane,TAS,Homo sapiens
533,Calcium cation,271,CHEBI:29108,R-HSA-166058,MyD88:MAL(TIRAP) cascade initiated on plasma membrane,TAS,Homo sapiens
533,Calcium cation,271,CHEBI:29108,R-HSA-1660662,Glycosphingolipid metabolism,TAS,Homo sapiens
533,Calcium cation,271,CHEBI:29108,R-HSA-1663150,The activation of arylsulfatases,TAS,Homo sapiens
533,Calcium cation,271,CHEBI:29108,R-HSA-166520,Signaling by NTRKs,TAS,Homo sapiens
533,Calcium cation,271,CHEBI:29108,R-HSA-166658,Complement cascade,TAS,Homo sapiens
533,Calcium cation,271,CHEBI:29108,R-HSA-166662,Lectin pathway of complement activation,TAS,Homo sapiens
533,Calcium cation,271,CHEBI:29108,R-HSA-166663,Initial triggering of complement,TAS,Homo sapiens
533,Calcium cation,271,CHEBI:29108,R-HSA-166786,Creation of C4 and C2 activators,TAS,Homo sapiens
533,Calcium cation,271,CHEBI:29108,R-HSA-167060,NGF processing,TAS,Homo sapiens
533,Calcium cation,271,CHEBI:29108,R-HSA-168179,Toll Like Receptor TLR1:TLR2 Cascade,TAS,Homo sapiens
533,Calcium cation,271,CHEBI:29108,R-HSA-168188,Toll Like Receptor TLR6:TLR2 Cascade,TAS,Homo sapiens
533,Calcium cation,271,CHEBI:29108,R-HSA-168249,Innate Immune System,IEA,Homo sapiens
533,Calcium cation,271,CHEBI:29108,R-HSA-168249,Innate Immune System,TAS,Homo sapiens
533,Calcium cation,271,CHEBI:29108,R-HSA-168256,Immune System,IEA,Homo sapiens
533,Calcium cation,271,CHEBI:29108,R-HSA-168256,Immune System,TAS,Homo sapiens
533,Calcium cation,271,CHEBI:29108,R-HSA-168898,Toll-like Receptor Cascades,TAS,Homo sapiens
533,Calcium cation,271,CHEBI:29108,R-HSA-173623,Classical antibody-mediated complement activation,TAS,Homo sapiens
533,Calcium cation,271,CHEBI:29108,R-HSA-1793185,Chondroitin sulfate/dermatan sulfate metabolism,TAS,Homo sapiens
533,Calcium cation,271,CHEBI:29108,R-HSA-180024,DARPP-32 events,IEA,Homo sapiens
533,Calcium cation,271,CHEBI:29108,R-HSA-181431,Acetylcholine binding and downstream events,TAS,Homo sapiens
533,Calcium cation,271,CHEBI:29108,R-HSA-181438,Toll Like Receptor 2 (TLR2) Cascade,TAS,Homo sapiens
533,Calcium cation,271,CHEBI:29108,R-HSA-1852241,Organelle biogenesis and maintenance,IEA,Homo sapiens
533,Calcium cation,271,CHEBI:29108,R-HSA-1855204,Synthesis of IP3 and IP4 in the cytosol,TAS,Homo sapiens
533,Calcium cation,271,CHEBI:29108,R-HSA-194138,Signaling by VEGF,IEA,Homo sapiens
533,Calcium cation,271,CHEBI:29108,R-HSA-194138,Signaling by VEGF,TAS,Homo sapiens
533,Calcium cation,271,CHEBI:29108,R-HSA-194315,Signaling by Rho GTPases,TAS,Homo sapiens
533,Calcium cation,271,CHEBI:29108,R-HSA-194315,Signaling by Rho GTPases,IEA,Homo sapiens
533,Calcium cation,271,CHEBI:29108,R-HSA-195258,RHO GTPase Effectors,TAS,Homo sapiens
533,Calcium cation,271,CHEBI:29108,R-HSA-195258,RHO GTPase Effectors,IEA,Homo sapiens
533,Calcium cation,271,CHEBI:29108,R-HSA-195721,Signaling by WNT,IEA,Homo sapiens
533,Calcium cation,271,CHEBI:29108,R-HSA-195721,Signaling by WNT,TAS,Homo sapiens
533,Calcium cation,271,CHEBI:29108,R-HSA-196071,Metabolism of steroid hormones,TAS,Homo sapiens
533,Calcium cation,271,CHEBI:29108,R-HSA-196854,Metabolism of vitamins and cofactors,TAS,Homo sapiens
533,Calcium cation,271,CHEBI:29108,R-HSA-199991,Membrane Trafficking,IEA,Homo sapiens
533,Calcium cation,271,CHEBI:29108,R-HSA-202131,Metabolism of nitric oxide: NOS3 activation and regulation,TAS,Homo sapiens
533,Calcium cation,271,CHEBI:29108,R-HSA-2022857,Keratan sulfate degradation,TAS,Homo sapiens
533,Calcium cation,271,CHEBI:29108,R-HSA-2024096,HS-GAG degradation,TAS,Homo sapiens
533,Calcium cation,271,CHEBI:29108,R-HSA-2024101,CS/DS degradation,TAS,Homo sapiens
533,Calcium cation,271,CHEBI:29108,R-HSA-2025928,Calcineurin activates NFAT,TAS,Homo sapiens
533,Calcium cation,271,CHEBI:29108,R-HSA-2025928,Calcineurin activates NFAT,IEA,Homo sapiens
533,Calcium cation,271,CHEBI:29108,R-HSA-202733,Cell surface interactions at the vascular wall,TAS,Homo sapiens
533,Calcium cation,271,CHEBI:29108,R-HSA-2029480,Fcgamma receptor (FCGR) dependent phagocytosis,IEA,Homo sapiens
533,Calcium cation,271,CHEBI:29108,R-HSA-2029485,Role of phospholipids in phagocytosis,IEA,Homo sapiens
533,Calcium cation,271,CHEBI:29108,R-HSA-203615,eNOS activation,TAS,Homo sapiens
533,Calcium cation,271,CHEBI:29108,R-HSA-209776,Metabolism of amine-derived hormones,TAS,Homo sapiens
533,Calcium cation,271,CHEBI:29108,R-HSA-209952,Peptide hormone biosynthesis,TAS,Homo sapiens
533,Calcium cation,271,CHEBI:29108,R-HSA-209968,Thyroxine biosynthesis,TAS,Homo sapiens
533,Calcium cation,271,CHEBI:29108,R-HSA-210500,Glutamate Neurotransmitter Release Cycle,TAS,Homo sapiens
533,Calcium cation,271,CHEBI:29108,R-HSA-211859,Biological oxidations,TAS,Homo sapiens
533,Calcium cation,271,CHEBI:29108,R-HSA-211945,Phase I - Functionalization of compounds,TAS,Homo sapiens
533,Calcium cation,271,CHEBI:29108,R-HSA-212436,Generic Transcription Pathway,IEA,Homo sapiens
533,Calcium cation,271,CHEBI:29108,R-HSA-2142688,Synthesis of 5-eicosatetraenoic acids,TAS,Homo sapiens
533,Calcium cation,271,CHEBI:29108,R-HSA-2142691,Synthesis of Leukotrienes (LT) and Eoxins (EX),TAS,Homo sapiens
533,Calcium cation,271,CHEBI:29108,R-HSA-2142700,Biosynthesis of Lipoxins (LX),TAS,Homo sapiens
533,Calcium cation,271,CHEBI:29108,R-HSA-2142753,Arachidonate metabolism,TAS,Homo sapiens
533,Calcium cation,271,CHEBI:29108,R-HSA-2142845,Hyaluronan metabolism,TAS,Homo sapiens
533,Calcium cation,271,CHEBI:29108,R-HSA-2151201,Transcriptional activation of mitochondrial biogenesis,IEA,Homo sapiens
533,Calcium cation,271,CHEBI:29108,R-HSA-2160916,Hyaluronan degradation,TAS,Homo sapiens
533,Calcium cation,271,CHEBI:29108,R-HSA-2187338,Visual phototransduction,IEA,Homo sapiens
533,Calcium cation,271,CHEBI:29108,R-HSA-2187338,Visual phototransduction,TAS,Homo sapiens
533,Calcium cation,271,CHEBI:29108,R-HSA-2206281,Mucopolysaccharidoses,TAS,Homo sapiens
533,Calcium cation,271,CHEBI:29108,R-HSA-2206285,MPS VI - Maroteaux-Lamy syndrome,TAS,Homo sapiens
533,Calcium cation,271,CHEBI:29108,R-HSA-2206296,MPS II - Hunter syndrome (HS-GAG degradation),TAS,Homo sapiens
533,Calcium cation,271,CHEBI:29108,R-HSA-2206307,MPS IIIA - Sanfilippo syndrome A,TAS,Homo sapiens
533,Calcium cation,271,CHEBI:29108,R-HSA-2454202,Fc epsilon receptor (FCERI) signaling,IEA,Homo sapiens
533,Calcium cation,271,CHEBI:29108,R-HSA-2454202,Fc epsilon receptor (FCERI) signaling,TAS,Homo sapiens
533,Calcium cation,271,CHEBI:29108,R-HSA-2485179,Activation of the phototransduction cascade,IEA,Homo sapiens
533,Calcium cation,271,CHEBI:29108,R-HSA-2485179,Activation of the phototransduction cascade,TAS,Homo sapiens
533,Calcium cation,271,CHEBI:29108,R-HSA-2514856,The phototransduction cascade,IEA,Homo sapiens
533,Calcium cation,271,CHEBI:29108,R-HSA-2514856,The phototransduction cascade,TAS,Homo sapiens
533,Calcium cation,271,CHEBI:29108,R-HSA-2514859,"Inactivation, recovery and regulation of the phototransduction cascade",TAS,Homo sapiens
533,Calcium cation,271,CHEBI:29108,R-HSA-2514859,"Inactivation, recovery and regulation of the phototransduction cascade",IEA,Homo sapiens
533,Calcium cation,271,CHEBI:29108,R-HSA-264876,Insulin processing,IEA,Homo sapiens
533,Calcium cation,271,CHEBI:29108,R-HSA-264876,Insulin processing,TAS,Homo sapiens
533,Calcium cation,271,CHEBI:29108,R-HSA-2672351,Stimuli-sensing channels,TAS,Homo sapiens
533,Calcium cation,271,CHEBI:29108,R-HSA-2855086,Ficolins bind to repetitive carbohydrate structures on the target cell surface,TAS,Homo sapiens
533,Calcium cation,271,CHEBI:29108,R-HSA-2871809,FCERI mediated Ca+2 mobilization,IEA,Homo sapiens
533,Calcium cation,271,CHEBI:29108,R-HSA-2871809,FCERI mediated Ca+2 mobilization,TAS,Homo sapiens
533,Calcium cation,271,CHEBI:29108,R-HSA-2871837,FCERI mediated NF-kB activation,IEA,Homo sapiens
533,Calcium cation,271,CHEBI:29108,R-HSA-2980736,Peptide hormone metabolism,TAS,Homo sapiens
533,Calcium cation,271,CHEBI:29108,R-HSA-2980736,Peptide hormone metabolism,IEA,Homo sapiens
533,Calcium cation,271,CHEBI:29108,R-HSA-2980766,Nuclear Envelope Breakdown,TAS,Homo sapiens
533,Calcium cation,271,CHEBI:29108,R-HSA-3000178,ECM proteoglycans,TAS,Homo sapiens
533,Calcium cation,271,CHEBI:29108,R-HSA-3247509,Chromatin modifying enzymes,TAS,Homo sapiens
533,Calcium cation,271,CHEBI:29108,R-HSA-3295583,TRP channels,TAS,Homo sapiens
533,Calcium cation,271,CHEBI:29108,R-HSA-354192,Integrin signaling,TAS,Homo sapiens
533,Calcium cation,271,CHEBI:29108,R-HSA-354194,GRB2:SOS provides linkage to MAPK signaling for Integrins ,TAS,Homo sapiens
533,Calcium cation,271,CHEBI:29108,R-HSA-372708,p130Cas linkage to MAPK signaling for integrins,TAS,Homo sapiens
533,Calcium cation,271,CHEBI:29108,R-HSA-372790,Signaling by GPCR,IEA,Homo sapiens
533,Calcium cation,271,CHEBI:29108,R-HSA-372790,Signaling by GPCR,TAS,Homo sapiens
533,Calcium cation,271,CHEBI:29108,R-HSA-373076,Class A/1 (Rhodopsin-like receptors),TAS,Homo sapiens
533,Calcium cation,271,CHEBI:29108,R-HSA-375276,Peptide ligand-binding receptors,TAS,Homo sapiens
533,Calcium cation,271,CHEBI:29108,R-HSA-381426,Regulation of Insulin-like Growth Factor (IGF) transport and uptake by Insulin-like Growth Factor Binding Proteins (IGFBPs),TAS,Homo sapiens
533,Calcium cation,271,CHEBI:29108,R-HSA-381753,Olfactory Signaling Pathway,IEA,Homo sapiens
533,Calcium cation,271,CHEBI:29108,R-HSA-381771,"Synthesis, secretion, and inactivation of Glucagon-like Peptide-1 (GLP-1)",IEA,Homo sapiens
533,Calcium cation,271,CHEBI:29108,R-HSA-382551,Transport of small molecules,TAS,Homo sapiens
533,Calcium cation,271,CHEBI:29108,R-HSA-382551,Transport of small molecules,IEA,Homo sapiens
533,Calcium cation,271,CHEBI:29108,R-HSA-3858494,Beta-catenin independent WNT signaling,IEA,Homo sapiens
533,Calcium cation,271,CHEBI:29108,R-HSA-3858494,Beta-catenin independent WNT signaling,TAS,Homo sapiens
533,Calcium cation,271,CHEBI:29108,R-HSA-388396,GPCR downstream signalling,IEA,Homo sapiens
533,Calcium cation,271,CHEBI:29108,R-HSA-388396,GPCR downstream signalling,TAS,Homo sapiens
533,Calcium cation,271,CHEBI:29108,R-HSA-389661,Glyoxylate metabolism and glycine degradation,TAS,Homo sapiens
533,Calcium cation,271,CHEBI:29108,R-HSA-390522,Striated Muscle Contraction,TAS,Homo sapiens
533,Calcium cation,271,CHEBI:29108,R-HSA-392499,Metabolism of proteins,TAS,Homo sapiens
533,Calcium cation,271,CHEBI:29108,R-HSA-392499,Metabolism of proteins,IEA,Homo sapiens
533,Calcium cation,271,CHEBI:29108,R-HSA-392517,Rap1 signalling,TAS,Homo sapiens
533,Calcium cation,271,CHEBI:29108,R-HSA-397014,Muscle contraction,TAS,Homo sapiens
533,Calcium cation,271,CHEBI:29108,R-HSA-397014,Muscle contraction,IEA,Homo sapiens
533,Calcium cation,271,CHEBI:29108,R-HSA-399710,Activation of AMPA receptors,TAS,Homo sapiens
533,Calcium cation,271,CHEBI:29108,R-HSA-399719,Trafficking of AMPA receptors,TAS,Homo sapiens
533,Calcium cation,271,CHEBI:29108,R-HSA-399721,"Glutamate binding, activation of AMPA receptors and synaptic plasticity",TAS,Homo sapiens
533,Calcium cation,271,CHEBI:29108,R-HSA-400508,"Incretin synthesis, secretion, and inactivation",IEA,Homo sapiens
533,Calcium cation,271,CHEBI:29108,R-HSA-400511,"Synthesis, secretion, and inactivation of Glucose-dependent Insulinotropic Polypeptide (GIP)",IEA,Homo sapiens
533,Calcium cation,271,CHEBI:29108,R-HSA-4086398,Ca2+ pathway,IEA,Homo sapiens
533,Calcium cation,271,CHEBI:29108,R-HSA-4086398,Ca2+ pathway,TAS,Homo sapiens
533,Calcium cation,271,CHEBI:29108,R-HSA-4086400,PCP/CE pathway,TAS,Homo sapiens
533,Calcium cation,271,CHEBI:29108,R-HSA-416476,G alpha (q) signalling events,TAS,Homo sapiens
533,Calcium cation,271,CHEBI:29108,R-HSA-416476,G alpha (q) signalling events,IEA,Homo sapiens
533,Calcium cation,271,CHEBI:29108,R-HSA-416993,Trafficking of GluR2-containing AMPA receptors,TAS,Homo sapiens
533,Calcium cation,271,CHEBI:29108,R-HSA-418346,Platelet homeostasis,TAS,Homo sapiens
533,Calcium cation,271,CHEBI:29108,R-HSA-418346,Platelet homeostasis,IEA,Homo sapiens
533,Calcium cation,271,CHEBI:29108,R-HSA-418359,Reduction of cytosolic Ca++ levels,TAS,Homo sapiens
533,Calcium cation,271,CHEBI:29108,R-HSA-418360,Platelet calcium homeostasis,TAS,Homo sapiens
533,Calcium cation,271,CHEBI:29108,R-HSA-418360,Platelet calcium homeostasis,IEA,Homo sapiens
533,Calcium cation,271,CHEBI:29108,R-HSA-418594,G alpha (i) signalling events,IEA,Homo sapiens
533,Calcium cation,271,CHEBI:29108,R-HSA-418594,G alpha (i) signalling events,TAS,Homo sapiens
533,Calcium cation,271,CHEBI:29108,R-HSA-418597,G alpha (z) signalling events,IEA,Homo sapiens
533,Calcium cation,271,CHEBI:29108,R-HSA-418990,Adherens junctions interactions,IEA,Homo sapiens
533,Calcium cation,271,CHEBI:29108,R-HSA-418990,Adherens junctions interactions,TAS,Homo sapiens
533,Calcium cation,271,CHEBI:29108,R-HSA-420499,Class C/3 (Metabotropic glutamate/pheromone receptors),TAS,Homo sapiens
533,Calcium cation,271,CHEBI:29108,R-HSA-421270,Cell-cell junction organization,IEA,Homo sapiens
533,Calcium cation,271,CHEBI:29108,R-HSA-421270,Cell-cell junction organization,TAS,Homo sapiens
533,Calcium cation,271,CHEBI:29108,R-HSA-422085,"Synthesis, secretion, and deacylation of Ghrelin",TAS,Homo sapiens
533,Calcium cation,271,CHEBI:29108,R-HSA-422356,Regulation of insulin secretion,IEA,Homo sapiens
533,Calcium cation,271,CHEBI:29108,R-HSA-422356,Regulation of insulin secretion,TAS,Homo sapiens
533,Calcium cation,271,CHEBI:29108,R-HSA-425407,SLC-mediated transmembrane transport,TAS,Homo sapiens
533,Calcium cation,271,CHEBI:29108,R-HSA-425410,Metal ion SLC transporters,TAS,Homo sapiens
533,Calcium cation,271,CHEBI:29108,R-HSA-425561,Sodium/Calcium exchangers,TAS,Homo sapiens
533,Calcium cation,271,CHEBI:29108,R-HSA-428157,Sphingolipid metabolism,TAS,Homo sapiens
533,Calcium cation,271,CHEBI:29108,R-HSA-438064,Post NMDA receptor activation events,IEA,Homo sapiens
533,Calcium cation,271,CHEBI:29108,R-HSA-438064,Post NMDA receptor activation events,TAS,Homo sapiens
533,Calcium cation,271,CHEBI:29108,R-HSA-438066,"Unblocking of NMDA receptors, glutamate binding and activation",TAS,Homo sapiens
533,Calcium cation,271,CHEBI:29108,R-HSA-4419969,Depolymerization of the Nuclear Lamina,TAS,Homo sapiens
533,Calcium cation,271,CHEBI:29108,R-HSA-4420097,VEGFA-VEGFR2 Pathway,IEA,Homo sapiens
533,Calcium cation,271,CHEBI:29108,R-HSA-4420097,VEGFA-VEGFR2 Pathway,TAS,Homo sapiens
533,Calcium cation,271,CHEBI:29108,R-HSA-442720,CREB1 phosphorylation through the activation of Adenylate Cyclase,IEA,Homo sapiens
533,Calcium cation,271,CHEBI:29108,R-HSA-442729,CREB1 phosphorylation through the activation of CaMKII/CaMKK/CaMKIV cascasde,IEA,Homo sapiens
533,Calcium cation,271,CHEBI:29108,R-HSA-442729,CREB1 phosphorylation through the activation of CaMKII/CaMKK/CaMKIV cascasde,TAS,Homo sapiens
533,Calcium cation,271,CHEBI:29108,R-HSA-442742,CREB1 phosphorylation through NMDA receptor-mediated activation of RAS signaling,IEA,Homo sapiens
533,Calcium cation,271,CHEBI:29108,R-HSA-442755,Activation of NMDA receptors and postsynaptic events,TAS,Homo sapiens
533,Calcium cation,271,CHEBI:29108,R-HSA-442755,Activation of NMDA receptors and postsynaptic events,IEA,Homo sapiens
533,Calcium cation,271,CHEBI:29108,R-HSA-442982,Ras activation upon Ca2+ influx through NMDA receptor,IEA,Homo sapiens
533,Calcium cation,271,CHEBI:29108,R-HSA-445355,Smooth Muscle Contraction,IEA,Homo sapiens
533,Calcium cation,271,CHEBI:29108,R-HSA-445355,Smooth Muscle Contraction,TAS,Homo sapiens
533,Calcium cation,271,CHEBI:29108,R-HSA-446728,Cell junction organization,IEA,Homo sapiens
533,Calcium cation,271,CHEBI:29108,R-HSA-446728,Cell junction organization,TAS,Homo sapiens
533,Calcium cation,271,CHEBI:29108,R-HSA-451306,Ionotropic activity of kainate receptors,TAS,Homo sapiens
533,Calcium cation,271,CHEBI:29108,R-HSA-451308,Activation of Ca-permeable Kainate Receptor,TAS,Homo sapiens
533,Calcium cation,271,CHEBI:29108,R-HSA-451326,Activation of kainate receptors upon glutamate binding,TAS,Homo sapiens
533,Calcium cation,271,CHEBI:29108,R-HSA-456926,Thrombin signalling through proteinase activated receptors (PARs),TAS,Homo sapiens
533,Calcium cation,271,CHEBI:29108,R-HSA-4839726,Chromatin organization,TAS,Homo sapiens
533,Calcium cation,271,CHEBI:29108,R-HSA-500792,GPCR ligand binding,TAS,Homo sapiens
533,Calcium cation,271,CHEBI:29108,R-HSA-5099900,WNT5A-dependent internalization of FZD4,TAS,Homo sapiens
533,Calcium cation,271,CHEBI:29108,R-HSA-5210891,Uptake and function of anthrax toxins,TAS,Homo sapiens
533,Calcium cation,271,CHEBI:29108,R-HSA-5218920,VEGFR2 mediated vascular permeability,TAS,Homo sapiens
533,Calcium cation,271,CHEBI:29108,R-HSA-5218921,VEGFR2 mediated cell proliferation,IEA,Homo sapiens
533,Calcium cation,271,CHEBI:29108,R-HSA-5218921,VEGFR2 mediated cell proliferation,TAS,Homo sapiens
533,Calcium cation,271,CHEBI:29108,R-HSA-5260271,Diseases of Immune System,TAS,Homo sapiens
533,Calcium cation,271,CHEBI:29108,R-HSA-5339562,Uptake and actions of bacterial toxins,TAS,Homo sapiens
533,Calcium cation,271,CHEBI:29108,R-HSA-556833,Metabolism of lipids,TAS,Homo sapiens
533,Calcium cation,271,CHEBI:29108,R-HSA-5576891,Cardiac conduction,TAS,Homo sapiens
533,Calcium cation,271,CHEBI:29108,R-HSA-5576891,Cardiac conduction,IEA,Homo sapiens
533,Calcium cation,271,CHEBI:29108,R-HSA-5576892,Phase 0 - rapid depolarisation,TAS,Homo sapiens
533,Calcium cation,271,CHEBI:29108,R-HSA-5576893,Phase 2 - plateau phase,TAS,Homo sapiens
533,Calcium cation,271,CHEBI:29108,R-HSA-5578775,Ion homeostasis,TAS,Homo sapiens
533,Calcium cation,271,CHEBI:29108,R-HSA-5578775,Ion homeostasis,IEA,Homo sapiens
533,Calcium cation,271,CHEBI:29108,R-HSA-5602358,Diseases associated with the TLR signaling cascade,TAS,Homo sapiens
533,Calcium cation,271,CHEBI:29108,R-HSA-5602498,MyD88 deficiency (TLR2/4),TAS,Homo sapiens
533,Calcium cation,271,CHEBI:29108,R-HSA-5603041,IRAK4 deficiency (TLR2/4),TAS,Homo sapiens
533,Calcium cation,271,CHEBI:29108,R-HSA-5607763,CLEC7A (Dectin-1) induces NFAT activation,IEA,Homo sapiens
533,Calcium cation,271,CHEBI:29108,R-HSA-5607763,CLEC7A (Dectin-1) induces NFAT activation,TAS,Homo sapiens
533,Calcium cation,271,CHEBI:29108,R-HSA-5607764,CLEC7A (Dectin-1) signaling,IEA,Homo sapiens
533,Calcium cation,271,CHEBI:29108,R-HSA-5607764,CLEC7A (Dectin-1) signaling,TAS,Homo sapiens
533,Calcium cation,271,CHEBI:29108,R-HSA-5619036,Defective SLC24A5 causes oculocutaneous albinism 6 (OCA6),TAS,Homo sapiens
533,Calcium cation,271,CHEBI:29108,R-HSA-5619055,Defective SLC24A4 causes hypomineralized amelogenesis imperfecta (AI),TAS,Homo sapiens
533,Calcium cation,271,CHEBI:29108,R-HSA-5619077,Defective SLC24A1 causes congenital stationary night blindness 1D (CSNB1D),TAS,Homo sapiens
533,Calcium cation,271,CHEBI:29108,R-HSA-5619102,SLC transporter disorders,TAS,Homo sapiens
533,Calcium cation,271,CHEBI:29108,R-HSA-5619115,Disorders of transmembrane transporters,TAS,Homo sapiens
533,Calcium cation,271,CHEBI:29108,R-HSA-5621481,C-type lectin receptors (CLRs),IEA,Homo sapiens
533,Calcium cation,271,CHEBI:29108,R-HSA-5621481,C-type lectin receptors (CLRs),TAS,Homo sapiens
533,Calcium cation,271,CHEBI:29108,R-HSA-5621575,CD209 (DC-SIGN) signaling,TAS,Homo sapiens
533,Calcium cation,271,CHEBI:29108,R-HSA-5626467,RHO GTPases activate IQGAPs,TAS,Homo sapiens
533,Calcium cation,271,CHEBI:29108,R-HSA-5627123,RHO GTPases activate PAKs,TAS,Homo sapiens
533,Calcium cation,271,CHEBI:29108,R-HSA-5627123,RHO GTPases activate PAKs,IEA,Homo sapiens
533,Calcium cation,271,CHEBI:29108,R-HSA-5653656,Vesicle-mediated transport,IEA,Homo sapiens
533,Calcium cation,271,CHEBI:29108,R-HSA-5663084,Diseases of carbohydrate metabolism,TAS,Homo sapiens
533,Calcium cation,271,CHEBI:29108,R-HSA-5663202,Diseases of signal transduction by growth factor receptors and second messengers,TAS,Homo sapiens
533,Calcium cation,271,CHEBI:29108,R-HSA-5663205,Infectious disease,IEA,Homo sapiens
533,Calcium cation,271,CHEBI:29108,R-HSA-5663205,Infectious disease,TAS,Homo sapiens
533,Calcium cation,271,CHEBI:29108,R-HSA-5668599,RHO GTPases Activate NADPH Oxidases,TAS,Homo sapiens
533,Calcium cation,271,CHEBI:29108,R-HSA-5668914,Diseases of metabolism,TAS,Homo sapiens
533,Calcium cation,271,CHEBI:29108,R-HSA-5673000,RAF activation,TAS,Homo sapiens
533,Calcium cation,271,CHEBI:29108,R-HSA-5673001,RAF/MAP kinase cascade,TAS,Homo sapiens
533,Calcium cation,271,CHEBI:29108,R-HSA-5674135,MAP2K and MAPK activation,TAS,Homo sapiens
533,Calcium cation,271,CHEBI:29108,R-HSA-5683057,MAPK family signaling cascades,TAS,Homo sapiens
533,Calcium cation,271,CHEBI:29108,R-HSA-5684996,MAPK1/MAPK3 signaling,TAS,Homo sapiens
533,Calcium cation,271,CHEBI:29108,R-HSA-5686938,Regulation of TLR by endogenous ligand,TAS,Homo sapiens
533,Calcium cation,271,CHEBI:29108,R-HSA-597592,Post-translational protein modification,TAS,Homo sapiens
533,Calcium cation,271,CHEBI:29108,R-HSA-611105,Respiratory electron transport,TAS,Homo sapiens
533,Calcium cation,271,CHEBI:29108,R-HSA-622323,Presynaptic nicotinic acetylcholine receptors,TAS,Homo sapiens
533,Calcium cation,271,CHEBI:29108,R-HSA-622327,Postsynaptic nicotinic acetylcholine receptors,TAS,Homo sapiens
533,Calcium cation,271,CHEBI:29108,R-HSA-629594,Highly calcium permeable postsynaptic nicotinic acetylcholine receptors,TAS,Homo sapiens
533,Calcium cation,271,CHEBI:29108,R-HSA-629597,Highly calcium permeable nicotinic acetylcholine receptors,TAS,Homo sapiens
533,Calcium cation,271,CHEBI:29108,R-HSA-6783984,Glycine degradation,TAS,Homo sapiens
533,Calcium cation,271,CHEBI:29108,R-HSA-6799990,Metal sequestration by antimicrobial proteins,TAS,Homo sapiens
533,Calcium cation,271,CHEBI:29108,R-HSA-6802946,Signaling by moderate kinase activity BRAF mutants,TAS,Homo sapiens
533,Calcium cation,271,CHEBI:29108,R-HSA-6802948,Signaling by high-kinase activity BRAF mutants,TAS,Homo sapiens
533,Calcium cation,271,CHEBI:29108,R-HSA-6802949,Signaling by RAS mutants,TAS,Homo sapiens
533,Calcium cation,271,CHEBI:29108,R-HSA-6802952,Signaling by BRAF and RAF1 fusions,TAS,Homo sapiens
533,Calcium cation,271,CHEBI:29108,R-HSA-6802955,Paradoxical activation of RAF signaling by kinase inactive BRAF,TAS,Homo sapiens
533,Calcium cation,271,CHEBI:29108,R-HSA-6802957,Oncogenic MAPK signaling,TAS,Homo sapiens
533,Calcium cation,271,CHEBI:29108,R-HSA-6803157,Antimicrobial peptides,TAS,Homo sapiens
533,Calcium cation,271,CHEBI:29108,R-HSA-6805567,Keratinization,TAS,Homo sapiens
533,Calcium cation,271,CHEBI:29108,R-HSA-6809371,Formation of the cornified envelope,TAS,Homo sapiens
533,Calcium cation,271,CHEBI:29108,R-HSA-68875,Mitotic Prophase,TAS,Homo sapiens
533,Calcium cation,271,CHEBI:29108,R-HSA-68886,M Phase,TAS,Homo sapiens
533,Calcium cation,271,CHEBI:29108,R-HSA-69278,"Cell Cycle, Mitotic",TAS,Homo sapiens
533,Calcium cation,271,CHEBI:29108,R-HSA-70221,Glycogen breakdown (glycogenolysis),TAS,Homo sapiens
533,Calcium cation,271,CHEBI:29108,R-HSA-70221,Glycogen breakdown (glycogenolysis),IEA,Homo sapiens
533,Calcium cation,271,CHEBI:29108,R-HSA-70921,Histidine catabolism,TAS,Homo sapiens
533,Calcium cation,271,CHEBI:29108,R-HSA-71291,Metabolism of amino acids and derivatives,TAS,Homo sapiens
533,Calcium cation,271,CHEBI:29108,R-HSA-71387,Metabolism of carbohydrates and carbohydrate derivatives,TAS,Homo sapiens
533,Calcium cation,271,CHEBI:29108,R-HSA-71387,Metabolism of carbohydrates and carbohydrate derivatives,IEA,Homo sapiens
533,Calcium cation,271,CHEBI:29108,R-HSA-71403,Citric acid cycle (TCA cycle),TAS,Homo sapiens
533,Calcium cation,271,CHEBI:29108,R-HSA-73857,RNA Polymerase II Transcription,IEA,Homo sapiens
533,Calcium cation,271,CHEBI:29108,R-HSA-74160,Gene expression (Transcription),IEA,Homo sapiens
533,Calcium cation,271,CHEBI:29108,R-HSA-76002,"Platelet activation, signaling and aggregation",TAS,Homo sapiens
533,Calcium cation,271,CHEBI:29108,R-HSA-76002,"Platelet activation, signaling and aggregation",IEA,Homo sapiens
533,Calcium cation,271,CHEBI:29108,R-HSA-76005,Response to elevated platelet cytosolic Ca2+,TAS,Homo sapiens
533,Calcium cation,271,CHEBI:29108,R-HSA-76009,Platelet Aggregation (Plug Formation),TAS,Homo sapiens
533,Calcium cation,271,CHEBI:29108,R-HSA-8850843,Phosphate bond hydrolysis by NTPDase proteins,TAS,Homo sapiens
533,Calcium cation,271,CHEBI:29108,R-HSA-8862803,Deregulated CDK5 triggers multiple neurodegenerative pathways in Alzheimer's disease models,TAS,Homo sapiens
533,Calcium cation,271,CHEBI:29108,R-HSA-8862803,Deregulated CDK5 triggers multiple neurodegenerative pathways in Alzheimer's disease models,IEA,Homo sapiens
533,Calcium cation,271,CHEBI:29108,R-HSA-8863678,Neurodegenerative Diseases,TAS,Homo sapiens
533,Calcium cation,271,CHEBI:29108,R-HSA-8863678,Neurodegenerative Diseases,IEA,Homo sapiens
533,Calcium cation,271,CHEBI:29108,R-HSA-8876384,Listeria monocytogenes entry into host cells,TAS,Homo sapiens
533,Calcium cation,271,CHEBI:29108,R-HSA-8876493,InlA-mediated entry of Listeria monocytogenes into host cells,TAS,Homo sapiens
533,Calcium cation,271,CHEBI:29108,R-HSA-888590,"GABA synthesis, release, reuptake and degradation",TAS,Homo sapiens
533,Calcium cation,271,CHEBI:29108,R-HSA-8935690,Digestion,TAS,Homo sapiens
533,Calcium cation,271,CHEBI:29108,R-HSA-8939211,ESR-mediated signaling,TAS,Homo sapiens
533,Calcium cation,271,CHEBI:29108,R-HSA-8949215,Mitochondrial calcium ion transport,IEA,Homo sapiens
533,Calcium cation,271,CHEBI:29108,R-HSA-8949215,Mitochondrial calcium ion transport,TAS,Homo sapiens
533,Calcium cation,271,CHEBI:29108,R-HSA-8953897,Cellular responses to stimuli,IEA,Homo sapiens
533,Calcium cation,271,CHEBI:29108,R-HSA-8953897,Cellular responses to stimuli,TAS,Homo sapiens
533,Calcium cation,271,CHEBI:29108,R-HSA-8956319,Nucleotide catabolism,TAS,Homo sapiens
533,Calcium cation,271,CHEBI:29108,R-HSA-8957322,Metabolism of steroids,TAS,Homo sapiens
533,Calcium cation,271,CHEBI:29108,R-HSA-8963684,Tyrosine catabolism,TAS,Homo sapiens
533,Calcium cation,271,CHEBI:29108,R-HSA-8963691,Phenylalanine and tyrosine metabolism,TAS,Homo sapiens
533,Calcium cation,271,CHEBI:29108,R-HSA-8963693,Aspartate and asparagine metabolism,TAS,Homo sapiens
533,Calcium cation,271,CHEBI:29108,R-HSA-8963743,Digestion and absorption,TAS,Homo sapiens
533,Calcium cation,271,CHEBI:29108,R-HSA-8978868,Fatty acid metabolism,TAS,Homo sapiens
533,Calcium cation,271,CHEBI:29108,R-HSA-8978934,Metabolism of cofactors,TAS,Homo sapiens
533,Calcium cation,271,CHEBI:29108,R-HSA-8982491,Glycogen metabolism,TAS,Homo sapiens
533,Calcium cation,271,CHEBI:29108,R-HSA-8982491,Glycogen metabolism,IEA,Homo sapiens
533,Calcium cation,271,CHEBI:29108,R-HSA-8986944,Transcriptional Regulation by MECP2,IEA,Homo sapiens
533,Calcium cation,271,CHEBI:29108,R-HSA-9005891,Loss of function of MECP2 in Rett syndrome,IEA,Homo sapiens
533,Calcium cation,271,CHEBI:29108,R-HSA-9005895,Pervasive developmental disorders,IEA,Homo sapiens
533,Calcium cation,271,CHEBI:29108,R-HSA-9006925,Intracellular signaling by second messengers,IEA,Homo sapiens
533,Calcium cation,271,CHEBI:29108,R-HSA-9006925,Intracellular signaling by second messengers,TAS,Homo sapiens
533,Calcium cation,271,CHEBI:29108,R-HSA-9006931,Signaling by Nuclear Receptors,TAS,Homo sapiens
533,Calcium cation,271,CHEBI:29108,R-HSA-9006934,Signaling by Receptor Tyrosine Kinases,IEA,Homo sapiens
533,Calcium cation,271,CHEBI:29108,R-HSA-9006934,Signaling by Receptor Tyrosine Kinases,TAS,Homo sapiens
533,Calcium cation,271,CHEBI:29108,R-HSA-9009391,Extra-nuclear estrogen signaling,TAS,Homo sapiens
533,Calcium cation,271,CHEBI:29108,R-HSA-9018678,Biosynthesis of specialized proresolving mediators (SPMs),TAS,Homo sapiens
533,Calcium cation,271,CHEBI:29108,R-HSA-9022535,Loss of phosphorylation of MECP2 at T308,IEA,Homo sapiens
533,Calcium cation,271,CHEBI:29108,R-HSA-9022692,Regulation of MECP2 expression and activity,IEA,Homo sapiens
533,Calcium cation,271,CHEBI:29108,R-HSA-9036866,Expression and Processing of Neurotrophins,TAS,Homo sapiens
533,Calcium cation,271,CHEBI:29108,R-HSA-936837,Ion transport by P-type ATPases,TAS,Homo sapiens
533,Calcium cation,271,CHEBI:29108,R-HSA-9617324,Negative regulation of NMDA receptor-mediated neuronal transmission,IEA,Homo sapiens
533,Calcium cation,271,CHEBI:29108,R-HSA-9619229,Activation of RAC1 downstream of NMDARs,IEA,Homo sapiens
533,Calcium cation,271,CHEBI:29108,R-HSA-9619229,Activation of RAC1 downstream of NMDARs,TAS,Homo sapiens
533,Calcium cation,271,CHEBI:29108,R-HSA-9619483,Activation of AMPK downstream of NMDARs,IEA,Homo sapiens
533,Calcium cation,271,CHEBI:29108,R-HSA-9620244,Long-term potentiation,IEA,Homo sapiens
533,Calcium cation,271,CHEBI:29108,R-HSA-9634815,Transcriptional Regulation by NPAS4,IEA,Homo sapiens
533,Calcium cation,271,CHEBI:29108,R-HSA-9645723,Diseases of programmed cell death,TAS,Homo sapiens
533,Calcium cation,271,CHEBI:29108,R-HSA-9645723,Diseases of programmed cell death,IEA,Homo sapiens
533,Calcium cation,271,CHEBI:29108,R-HSA-9648002,RAS processing,TAS,Homo sapiens
533,Calcium cation,271,CHEBI:29108,R-HSA-9649948,Signaling downstream of RAS mutants,TAS,Homo sapiens
533,Calcium cation,271,CHEBI:29108,R-HSA-9656223,Signaling by RAF1 mutants,TAS,Homo sapiens
533,Calcium cation,271,CHEBI:29108,R-HSA-9657688,Defective factor XII causes hereditary angioedema,TAS,Homo sapiens
533,Calcium cation,271,CHEBI:29108,R-HSA-9658195,Leishmania infection,IEA,Homo sapiens
533,Calcium cation,271,CHEBI:29108,R-HSA-9658195,Leishmania infection,TAS,Homo sapiens
533,Calcium cation,271,CHEBI:29108,R-HSA-9659379,Sensory processing of sound,IEA,Homo sapiens
533,Calcium cation,271,CHEBI:29108,R-HSA-9660826,Purinergic signaling in leishmaniasis infection,TAS,Homo sapiens
533,Calcium cation,271,CHEBI:29108,R-HSA-9662001,Defective factor VIII causes hemophilia A,TAS,Homo sapiens
533,Calcium cation,271,CHEBI:29108,R-HSA-9662360,Sensory processing of sound by inner hair cells of the cochlea,IEA,Homo sapiens
533,Calcium cation,271,CHEBI:29108,R-HSA-9662361,Sensory processing of sound by outer hair cells of the cochlea,IEA,Homo sapiens
533,Calcium cation,271,CHEBI:29108,R-HSA-9662851,Anti-inflammatory response favouring Leishmania parasite infection,IEA,Homo sapiens
533,Calcium cation,271,CHEBI:29108,R-HSA-9662851,Anti-inflammatory response favouring Leishmania parasite infection,TAS,Homo sapiens
533,Calcium cation,271,CHEBI:29108,R-HSA-9664323,FCGR3A-mediated IL10 synthesis,IEA,Homo sapiens
533,Calcium cation,271,CHEBI:29108,R-HSA-9664323,FCGR3A-mediated IL10 synthesis,TAS,Homo sapiens
533,Calcium cation,271,CHEBI:29108,R-HSA-9664424,Cell recruitment (pro-inflammatory response),TAS,Homo sapiens
533,Calcium cation,271,CHEBI:29108,R-HSA-9664433,Leishmania parasite growth and survival,IEA,Homo sapiens
533,Calcium cation,271,CHEBI:29108,R-HSA-9664433,Leishmania parasite growth and survival,TAS,Homo sapiens
533,Calcium cation,271,CHEBI:29108,R-HSA-9667769,Acetylcholine inhibits contraction of outer hair cells,IEA,Homo sapiens
533,Calcium cation,271,CHEBI:29108,R-HSA-9668250,Defective factor IX causes hemophilia B,TAS,Homo sapiens
533,Calcium cation,271,CHEBI:29108,R-HSA-9671793,Diseases of hemostasis,TAS,Homo sapiens
533,Calcium cation,271,CHEBI:29108,R-HSA-9672383,Defective factor IX causes thrombophilia,TAS,Homo sapiens
533,Calcium cation,271,CHEBI:29108,R-HSA-9672391,Defective F8 cleavage by thrombin,TAS,Homo sapiens
533,Calcium cation,271,CHEBI:29108,R-HSA-9672396,Defective cofactor function of FVIIIa variant,TAS,Homo sapiens
533,Calcium cation,271,CHEBI:29108,R-HSA-9673202,Defective F9 variant does not activate FX,TAS,Homo sapiens
533,Calcium cation,271,CHEBI:29108,R-HSA-9673221,Defective F9 activation,TAS,Homo sapiens
533,Calcium cation,271,CHEBI:29108,R-HSA-9675151,Disorders of Developmental Biology,IEA,Homo sapiens
533,Calcium cation,271,CHEBI:29108,R-HSA-9678108,SARS-CoV-1 Infection,TAS,Homo sapiens
533,Calcium cation,271,CHEBI:29108,R-HSA-9679506,SARS-CoV Infections,TAS,Homo sapiens
533,Calcium cation,271,CHEBI:29108,R-HSA-9679506,SARS-CoV Infections,IEA,Homo sapiens
533,Calcium cation,271,CHEBI:29108,R-HSA-9692914,SARS-CoV-1-host interactions,TAS,Homo sapiens
533,Calcium cation,271,CHEBI:29108,R-HSA-9692916,SARS-CoV-1 activates/modulates innate immune responses,TAS,Homo sapiens
533,Calcium cation,271,CHEBI:29108,R-HSA-9694516,SARS-CoV-2 Infection,TAS,Homo sapiens
533,Calcium cation,271,CHEBI:29108,R-HSA-9694516,SARS-CoV-2 Infection,IEA,Homo sapiens
533,Calcium cation,271,CHEBI:29108,R-HSA-9697154,Disorders of Nervous System Development,IEA,Homo sapiens
533,Calcium cation,271,CHEBI:29108,R-HSA-9705671,SARS-CoV-2 activates/modulates innate and adaptive immune responses,TAS,Homo sapiens
533,Calcium cation,271,CHEBI:29108,R-HSA-9705671,SARS-CoV-2 activates/modulates innate and adaptive immune responses,IEA,Homo sapiens
533,Calcium cation,271,CHEBI:29108,R-HSA-9705683,SARS-CoV-2-host interactions,TAS,Homo sapiens
533,Calcium cation,271,CHEBI:29108,R-HSA-9705683,SARS-CoV-2-host interactions,IEA,Homo sapiens
533,Calcium cation,271,CHEBI:29108,R-HSA-9709957,Sensory Perception,TAS,Homo sapiens
533,Calcium cation,271,CHEBI:29108,R-HSA-9709957,Sensory Perception,IEA,Homo sapiens
533,Calcium cation,271,CHEBI:29108,R-HSA-9716542,"Signaling by Rho GTPases, Miro GTPases and RHOBTB3",TAS,Homo sapiens
533,Calcium cation,271,CHEBI:29108,R-HSA-9716542,"Signaling by Rho GTPases, Miro GTPases and RHOBTB3",IEA,Homo sapiens
533,Calcium cation,271,CHEBI:29108,R-HSA-9717189,Sensory perception of taste,TAS,Homo sapiens
533,Calcium cation,271,CHEBI:29108,R-HSA-9717189,Sensory perception of taste,IEA,Homo sapiens
533,Calcium cation,271,CHEBI:29108,R-HSA-9717207,"Sensory perception of sweet, bitter, and umami (glutamate) taste",TAS,Homo sapiens
533,Calcium cation,271,CHEBI:29108,R-HSA-9717207,"Sensory perception of sweet, bitter, and umami (glutamate) taste",IEA,Homo sapiens
533,Calcium cation,271,CHEBI:29108,R-HSA-9725554,Differentiation of Keratinocytes in Interfollicular Epidermis in Mammalian Skin,TAS,Homo sapiens
533,Calcium cation,271,CHEBI:29108,R-HSA-9734009,Defective Intrinsic Pathway for Apoptosis,TAS,Homo sapiens
533,Calcium cation,271,CHEBI:29108,R-HSA-9734009,Defective Intrinsic Pathway for Apoptosis,IEA,Homo sapiens
533,Calcium cation,271,CHEBI:29108,R-HSA-9734767,Developmental Cell Lineages,TAS,Homo sapiens
533,Calcium cation,271,CHEBI:29108,R-HSA-9734779,Developmental Cell Lineages of the Integumentary System,TAS,Homo sapiens
533,Calcium cation,271,CHEBI:29108,R-HSA-9748784,Drug ADME,IEA,Homo sapiens
533,Calcium cation,271,CHEBI:29108,R-HSA-9748784,Drug ADME,TAS,Homo sapiens
533,Calcium cation,271,CHEBI:29108,R-HSA-9754706,Atorvastatin ADME,IEA,Homo sapiens
533,Calcium cation,271,CHEBI:29108,R-HSA-9754706,Atorvastatin ADME,TAS,Homo sapiens
533,Calcium cation,271,CHEBI:29108,R-HSA-9759475,Regulation of CDH11 Expression and Function,IEA,Homo sapiens
533,Calcium cation,271,CHEBI:29108,R-HSA-9759476,Regulation of Homotypic Cell-Cell Adhesion,IEA,Homo sapiens
533,Calcium cation,271,CHEBI:29108,R-HSA-9759476,Regulation of Homotypic Cell-Cell Adhesion,TAS,Homo sapiens
533,Calcium cation,271,CHEBI:29108,R-HSA-9762292,Regulation of CDH11 function,IEA,Homo sapiens
533,Calcium cation,271,CHEBI:29108,R-HSA-9764260,Regulation of Expression and Function of Type II Classical Cadherins,IEA,Homo sapiens
533,Calcium cation,271,CHEBI:29108,R-HSA-9764265,Regulation of CDH1 Expression and Function,TAS,Homo sapiens
533,Calcium cation,271,CHEBI:29108,R-HSA-9764274,Regulation of Expression and Function of Type I Classical Cadherins,TAS,Homo sapiens
533,Calcium cation,271,CHEBI:29108,R-HSA-9764561,Regulation of CDH1 Function,TAS,Homo sapiens
533,Calcium cation,271,CHEBI:29108,R-HSA-9768759,Regulation of NPAS4 gene expression,IEA,Homo sapiens
533,Calcium cation,271,CHEBI:29108,R-HSA-9768777,Regulation of NPAS4 gene transcription,IEA,Homo sapiens
533,Calcium cation,271,CHEBI:29108,R-HSA-9769726,Defects of Coagulation cascade,TAS,Homo sapiens
533,Calcium cation,271,CHEBI:29108,R-HSA-9769733,Fibrin formation,TAS,Homo sapiens
533,Calcium cation,271,CHEBI:29108,R-HSA-9769735,Initiation of coagulation cascade,TAS,Homo sapiens
533,Calcium cation,271,CHEBI:29108,R-HSA-9769739,Regulation of clotting cascade,TAS,Homo sapiens
533,Calcium cation,271,CHEBI:29108,R-HSA-9769740,Coagulation pathway,TAS,Homo sapiens
533,Calcium cation,271,CHEBI:29108,R-HSA-9769743,Amplification and propagation of coagulation cascade,TAS,Homo sapiens
533,Calcium cation,271,CHEBI:29108,R-HSA-977225,Amyloid fiber formation,TAS,Homo sapiens
533,Calcium cation,271,CHEBI:29108,R-HSA-977606,Regulation of Complement cascade,TAS,Homo sapiens
533,Calcium cation,271,CHEBI:29108,R-HSA-9824439,Bacterial Infection Pathways,TAS,Homo sapiens
533,Calcium cation,271,CHEBI:29108,R-HSA-9824443,Parasitic Infection Pathways,IEA,Homo sapiens
533,Calcium cation,271,CHEBI:29108,R-HSA-9824443,Parasitic Infection Pathways,TAS,Homo sapiens
533,Calcium cation,271,CHEBI:29108,R-HSA-9824446,Viral Infection Pathways,TAS,Homo sapiens
533,Calcium cation,271,CHEBI:29108,R-HSA-9824446,Viral Infection Pathways,IEA,Homo sapiens
533,Calcium cation,271,CHEBI:29108,R-HSA-983169,Class I MHC mediated antigen processing & presentation,TAS,Homo sapiens
533,Calcium cation,271,CHEBI:29108,R-HSA-9833576,CDH11 homotypic and heterotypic interactions,IEA,Homo sapiens
533,Calcium cation,271,CHEBI:29108,R-HSA-983695,Antigen activates B Cell Receptor (BCR) leading to generation of second messengers,IEA,Homo sapiens
533,Calcium cation,271,CHEBI:29108,R-HSA-983695,Antigen activates B Cell Receptor (BCR) leading to generation of second messengers,TAS,Homo sapiens
533,Calcium cation,271,CHEBI:29108,R-HSA-983705,Signaling by the B Cell Receptor (BCR),IEA,Homo sapiens
533,Calcium cation,271,CHEBI:29108,R-HSA-983705,Signaling by the B Cell Receptor (BCR),TAS,Homo sapiens
533,Calcium cation,271,CHEBI:29108,R-HSA-983712,Ion channel transport,TAS,Homo sapiens
533,Calcium cation,271,CHEBI:29108,R-HSA-9840310,Glycosphingolipid catabolism,TAS,Homo sapiens
533,Calcium cation,271,CHEBI:29108,R-HSA-9845576,Glycosphingolipid transport,TAS,Homo sapiens
533,Calcium cation,271,CHEBI:29108,R-HSA-9845614,Sphingolipid catabolism,TAS,Homo sapiens
533,Calcium cation,271,CHEBI:29108,R-HSA-9853506,OGDH complex synthesizes succinyl-CoA from 2-OG,TAS,Homo sapiens
533,Calcium cation,271,CHEBI:29108,R-HSA-9853846,"Defective ANO6 does not expose PS, PE on the platelet membrane",TAS,Homo sapiens
533,Calcium cation,271,CHEBI:29108,R-HSA-9855142,Cellular responses to mechanical stimuli,IEA,Homo sapiens
533,Calcium cation,271,CHEBI:29108,R-HSA-9855142,Cellular responses to mechanical stimuli,TAS,Homo sapiens
533,Calcium cation,271,CHEBI:29108,R-HSA-9856530,High laminar flow shear stress activates signaling by PIEZO1 and PECAM1:CDH5:KDR in endothelial cells,IEA,Homo sapiens
533,Calcium cation,271,CHEBI:29108,R-HSA-9856530,High laminar flow shear stress activates signaling by PIEZO1 and PECAM1:CDH5:KDR in endothelial cells,TAS,Homo sapiens
533,Calcium cation,271,CHEBI:29108,R-HSA-9856532,Mechanical load activates signaling by PIEZO1 and integrins in osteocytes,IEA,Homo sapiens
533,Calcium cation,271,CHEBI:29108,R-HSA-9856872,Malate-aspartate shuttle,TAS,Homo sapiens
533,Calcium cation,271,CHEBI:29108,R-HSA-9860927,"Turbulent (oscillatory, disturbed) flow shear stress activates signaling by PIEZO1 and integrins in endothelial cells",IEA,Homo sapiens
533,Calcium cation,271,CHEBI:29108,R-HSA-9860927,"Turbulent (oscillatory, disturbed) flow shear stress activates signaling by PIEZO1 and integrins in endothelial cells",TAS,Homo sapiens
533,Calcium cation,271,CHEBI:29108,R-HSA-9860931,Response of endothelial cells to shear stress,IEA,Homo sapiens
533,Calcium cation,271,CHEBI:29108,R-HSA-9860931,Response of endothelial cells to shear stress,TAS,Homo sapiens
533,Calcium cation,271,CHEBI:29108,R-HSA-9930449,Defective cleavage of FV variant at a.a.534 ,TAS,Homo sapiens
533,Calcium cation,271,CHEBI:29108,R-HSA-9930479,Defective cleavage of FV variant at R334,TAS,Homo sapiens
533,Calcium cation,271,CHEBI:29108,R-HSA-9930483,Defective FV causes thrombophilia ,TAS,Homo sapiens
533,Calcium cation,271,CHEBI:29108,R-HSA-9946127,Defects of contact activation system and kallikrein-kinin system ,TAS,Homo sapiens
533,Calcium cation,271,CHEBI:29108,R-HSA-9953078,MPS II - Hunter syndrome (CS/DS degradation),TAS,Homo sapiens
533,Calcium cation,271,CHEBI:29108,R-HSA-9958825,Activation of STAT3 by cadherin engagement,IEA,Homo sapiens
533,Calcium cation,271,CHEBI:29108,R-HSA-9958825,Activation of STAT3 by cadherin engagement,TAS,Homo sapiens
543,Canagliflozin,24812758,CHEBI:73274,R-HSA-189200,Cellular hexose transport,TAS,Homo sapiens
543,Canagliflozin,24812758,CHEBI:73274,R-HSA-382551,Transport of small molecules,TAS,Homo sapiens
543,Canagliflozin,24812758,CHEBI:73274,R-HSA-425407,SLC-mediated transmembrane transport,TAS,Homo sapiens
544,Candesartan,2541,CHEBI:3347,R-HSA-162582,Signal Transduction,TAS,Homo sapiens
544,Candesartan,2541,CHEBI:3347,R-HSA-372790,Signaling by GPCR,TAS,Homo sapiens
544,Candesartan,2541,CHEBI:3347,R-HSA-373076,Class A/1 (Rhodopsin-like receptors),TAS,Homo sapiens
544,Candesartan,2541,CHEBI:3347,R-HSA-375276,Peptide ligand-binding receptors,TAS,Homo sapiens
544,Candesartan,2541,CHEBI:3347,R-HSA-500792,GPCR ligand binding,TAS,Homo sapiens
548,Canertinib,156414,CHEBI:61399,R-HSA-1227986,Signaling by ERBB2,TAS,Homo sapiens
548,Canertinib,156414,CHEBI:61399,R-HSA-1227990,Signaling by ERBB2 in Cancer,TAS,Homo sapiens
548,Canertinib,156414,CHEBI:61399,R-HSA-1236382,Constitutive Signaling by Ligand-Responsive EGFR Cancer Variants,TAS,Homo sapiens
548,Canertinib,156414,CHEBI:61399,R-HSA-162582,Signal Transduction,TAS,Homo sapiens
548,Canertinib,156414,CHEBI:61399,R-HSA-1643685,Disease,TAS,Homo sapiens
548,Canertinib,156414,CHEBI:61399,R-HSA-1643713,Signaling by EGFR in Cancer,TAS,Homo sapiens
548,Canertinib,156414,CHEBI:61399,R-HSA-5637815,Signaling by Ligand-Responsive EGFR Variants in Cancer,TAS,Homo sapiens
548,Canertinib,156414,CHEBI:61399,R-HSA-5638302,Signaling by Overexpressed Wild-Type EGFR in Cancer,TAS,Homo sapiens
548,Canertinib,156414,CHEBI:61399,R-HSA-5638303,Inhibition of Signaling by Overexpressed EGFR,TAS,Homo sapiens
548,Canertinib,156414,CHEBI:61399,R-HSA-5663202,Diseases of signal transduction by growth factor receptors and second messengers,TAS,Homo sapiens
548,Canertinib,156414,CHEBI:61399,R-HSA-9006934,Signaling by Receptor Tyrosine Kinases,TAS,Homo sapiens
548,Canertinib,156414,CHEBI:61399,R-HSA-9634285,Constitutive Signaling by Overexpressed ERBB2,TAS,Homo sapiens
548,Canertinib,156414,CHEBI:61399,R-HSA-9652282,Drug-mediated inhibition of ERBB2 signaling,TAS,Homo sapiens
548,Canertinib,156414,CHEBI:61399,R-HSA-9664565,Signaling by ERBB2 KD Mutants,TAS,Homo sapiens
549,Cangrelor,9854012,CHEBI:90841,R-HSA-109582,Hemostasis,TAS,Homo sapiens
549,Cangrelor,9854012,CHEBI:90841,R-HSA-162582,Signal Transduction,TAS,Homo sapiens
549,Cangrelor,9854012,CHEBI:90841,R-HSA-372790,Signaling by GPCR,TAS,Homo sapiens
549,Cangrelor,9854012,CHEBI:90841,R-HSA-373076,Class A/1 (Rhodopsin-like receptors),TAS,Homo sapiens
549,Cangrelor,9854012,CHEBI:90841,R-HSA-392170,ADP signalling through P2Y purinoceptor 12,TAS,Homo sapiens
549,Cangrelor,9854012,CHEBI:90841,R-HSA-392518,Signal amplification,TAS,Homo sapiens
549,Cangrelor,9854012,CHEBI:90841,R-HSA-417957,P2Y receptors,TAS,Homo sapiens
549,Cangrelor,9854012,CHEBI:90841,R-HSA-418038,Nucleotide-like (purinergic) receptors,TAS,Homo sapiens
549,Cangrelor,9854012,CHEBI:90841,R-HSA-500792,GPCR ligand binding,TAS,Homo sapiens
549,Cangrelor,9854012,CHEBI:90841,R-HSA-76002,"Platelet activation, signaling and aggregation",TAS,Homo sapiens
557,Capmatinib,25145656,CHEBI:231693,R-HSA-162582,Signal Transduction,TAS,Homo sapiens
557,Capmatinib,25145656,CHEBI:231693,R-HSA-6806834,Signaling by MET,TAS,Homo sapiens
557,Capmatinib,25145656,CHEBI:231693,R-HSA-6806942,MET Receptor Activation,TAS,Homo sapiens
557,Capmatinib,25145656,CHEBI:231693,R-HSA-6807004,Negative regulation of MET activity,TAS,Homo sapiens
557,Capmatinib,25145656,CHEBI:231693,R-HSA-9006934,Signaling by Receptor Tyrosine Kinases,TAS,Homo sapiens
557,Capmatinib,25145656,CHEBI:231693,R-HSA-9734091,Drug-mediated inhibition of MET activation,TAS,Homo sapiens
560,Caprylic acid,379,CHEBI:28837,R-HSA-2980736,Peptide hormone metabolism,TAS,Homo sapiens
560,Caprylic acid,379,CHEBI:28837,R-HSA-381753,Olfactory Signaling Pathway,IEA,Homo sapiens
560,Caprylic acid,379,CHEBI:28837,R-HSA-381753,Olfactory Signaling Pathway,TAS,Homo sapiens
560,Caprylic acid,379,CHEBI:28837,R-HSA-392499,Metabolism of proteins,TAS,Homo sapiens
560,Caprylic acid,379,CHEBI:28837,R-HSA-422085,"Synthesis, secretion, and deacylation of Ghrelin",TAS,Homo sapiens
560,Caprylic acid,379,CHEBI:28837,R-HSA-9709957,Sensory Perception,IEA,Homo sapiens
560,Caprylic acid,379,CHEBI:28837,R-HSA-9709957,Sensory Perception,TAS,Homo sapiens
561,Capsaicin,1548943,CHEBI:3374,R-HSA-2672351,Stimuli-sensing channels,TAS,Homo sapiens
561,Capsaicin,1548943,CHEBI:3374,R-HSA-3295583,TRP channels,TAS,Homo sapiens
561,Capsaicin,1548943,CHEBI:3374,R-HSA-382551,Transport of small molecules,TAS,Homo sapiens
561,Capsaicin,1548943,CHEBI:3374,R-HSA-983712,Ion channel transport,TAS,Homo sapiens
563,Captopril,44093,CHEBI:3380,R-HSA-2022377,Metabolism of Angiotensinogen to Angiotensins,TAS,Homo sapiens
563,Captopril,44093,CHEBI:3380,R-HSA-2980736,Peptide hormone metabolism,TAS,Homo sapiens
563,Captopril,44093,CHEBI:3380,R-HSA-392499,Metabolism of proteins,TAS,Homo sapiens
583,Cariprazine,11154555,CHEBI:90933,R-HSA-162582,Signal Transduction,TAS,Homo sapiens
583,Cariprazine,11154555,CHEBI:90933,R-HSA-372790,Signaling by GPCR,TAS,Homo sapiens
583,Cariprazine,11154555,CHEBI:90933,R-HSA-373076,Class A/1 (Rhodopsin-like receptors),TAS,Homo sapiens
583,Cariprazine,11154555,CHEBI:90933,R-HSA-375280,Amine ligand-binding receptors,TAS,Homo sapiens
583,Cariprazine,11154555,CHEBI:90933,R-HSA-390651,Dopamine receptors,TAS,Homo sapiens
583,Cariprazine,11154555,CHEBI:90933,R-HSA-500792,GPCR ligand binding,TAS,Homo sapiens
585,Carisoprodol,2576,CHEBI:3419,R-HSA-9709957,Sensory Perception,IEA,Homo sapiens
585,Carisoprodol,2576,CHEBI:3419,R-HSA-9709957,Sensory Perception,TAS,Homo sapiens
585,Carisoprodol,2576,CHEBI:3419,R-HSA-9717189,Sensory perception of taste,IEA,Homo sapiens
585,Carisoprodol,2576,CHEBI:3419,R-HSA-9717189,Sensory perception of taste,TAS,Homo sapiens
585,Carisoprodol,2576,CHEBI:3419,R-HSA-9717207,"Sensory perception of sweet, bitter, and umami (glutamate) taste",IEA,Homo sapiens
585,Carisoprodol,2576,CHEBI:3419,R-HSA-9717207,"Sensory perception of sweet, bitter, and umami (glutamate) taste",TAS,Homo sapiens
588,Carmustine,2578,CHEBI:3423,R-HSA-6783310,Fanconi Anemia Pathway,IEA,Homo sapiens
588,Carmustine,2578,CHEBI:3423,R-HSA-73894,DNA Repair,IEA,Homo sapiens
588,Carmustine,2578,CHEBI:3423,R-HSA-9750126,Drug-induced formation of DNA interstrand crosslinks,IEA,Homo sapiens
591,Carprofen,2581,CHEBI:364453,R-HSA-1430728,Metabolism,TAS,Homo sapiens
591,Carprofen,2581,CHEBI:364453,R-HSA-2142753,Arachidonate metabolism,TAS,Homo sapiens
591,Carprofen,2581,CHEBI:364453,R-HSA-2162123,Synthesis of Prostaglandins (PG) and Thromboxanes (TX),TAS,Homo sapiens
591,Carprofen,2581,CHEBI:364453,R-HSA-556833,Metabolism of lipids,TAS,Homo sapiens
591,Carprofen,2581,CHEBI:364453,R-HSA-8978868,Fatty acid metabolism,TAS,Homo sapiens
593,Carvedilol,2585,CHEBI:3441,R-HSA-162582,Signal Transduction,TAS,Homo sapiens
593,Carvedilol,2585,CHEBI:3441,R-HSA-372790,Signaling by GPCR,TAS,Homo sapiens
593,Carvedilol,2585,CHEBI:3441,R-HSA-373076,Class A/1 (Rhodopsin-like receptors),TAS,Homo sapiens
593,Carvedilol,2585,CHEBI:3441,R-HSA-375280,Amine ligand-binding receptors,TAS,Homo sapiens
593,Carvedilol,2585,CHEBI:3441,R-HSA-390696,Adrenoceptors,TAS,Homo sapiens
593,Carvedilol,2585,CHEBI:3441,R-HSA-500792,GPCR ligand binding,TAS,Homo sapiens
598,Cediranib,9933475,CHEBI:94782,R-HSA-1226099,Signaling by FGFR in disease,TAS,Homo sapiens
598,Cediranib,9933475,CHEBI:94782,R-HSA-1643685,Disease,TAS,Homo sapiens
598,Cediranib,9933475,CHEBI:94782,R-HSA-1839120,Signaling by FGFR1 amplification mutants,TAS,Homo sapiens
598,Cediranib,9933475,CHEBI:94782,R-HSA-1839124,FGFR1 mutant receptor activation,TAS,Homo sapiens
598,Cediranib,9933475,CHEBI:94782,R-HSA-1839126,FGFR2 mutant receptor activation,TAS,Homo sapiens
598,Cediranib,9933475,CHEBI:94782,R-HSA-2023837,Signaling by FGFR2 amplification mutants,TAS,Homo sapiens
598,Cediranib,9933475,CHEBI:94782,R-HSA-5655253,Signaling by FGFR2 in disease,TAS,Homo sapiens
598,Cediranib,9933475,CHEBI:94782,R-HSA-5655302,Signaling by FGFR1 in disease,TAS,Homo sapiens
598,Cediranib,9933475,CHEBI:94782,R-HSA-5663202,Diseases of signal transduction by growth factor receptors and second messengers,TAS,Homo sapiens
603,Cefalotin,6024,CHEBI:124991,R-HSA-1643685,Disease,TAS,Homo sapiens
603,Cefalotin,6024,CHEBI:124991,R-HSA-5663205,Infectious disease,TAS,Homo sapiens
603,Cefalotin,6024,CHEBI:124991,R-HSA-9638737,Action of antimicrobials and antimicrobial resistance,TAS,Homo sapiens
603,Cefalotin,6024,CHEBI:124991,R-HSA-9638771,Action of antimicrobials,TAS,Homo sapiens
603,Cefalotin,6024,CHEBI:124991,R-HSA-9640148,Infection with Enterobacteria,TAS,Homo sapiens
603,Cefalotin,6024,CHEBI:124991,R-HSA-9824439,Bacterial Infection Pathways,TAS,Homo sapiens
603,Cefalotin,6024,CHEBI:124991,R-HSA-9913143,Antimicrobial resistance,TAS,Homo sapiens
609,Cefazolin,33255,CHEBI:474053,R-HSA-1643685,Disease,TAS,Homo sapiens
609,Cefazolin,33255,CHEBI:474053,R-HSA-5663205,Infectious disease,TAS,Homo sapiens
609,Cefazolin,33255,CHEBI:474053,R-HSA-9678108,SARS-CoV-1 Infection,TAS,Homo sapiens
609,Cefazolin,33255,CHEBI:474053,R-HSA-9678110,Attachment and Entry,TAS,Homo sapiens
609,Cefazolin,33255,CHEBI:474053,R-HSA-9679506,SARS-CoV Infections,TAS,Homo sapiens
609,Cefazolin,33255,CHEBI:474053,R-HSA-9824446,Viral Infection Pathways,TAS,Homo sapiens
627,Cefoxitin,441199,CHEBI:209807,R-HSA-1643685,Disease,TAS,Homo sapiens
627,Cefoxitin,441199,CHEBI:209807,R-HSA-5663205,Infectious disease,TAS,Homo sapiens
627,Cefoxitin,441199,CHEBI:209807,R-HSA-9678108,SARS-CoV-1 Infection,TAS,Homo sapiens
627,Cefoxitin,441199,CHEBI:209807,R-HSA-9678110,Attachment and Entry,TAS,Homo sapiens
627,Cefoxitin,441199,CHEBI:209807,R-HSA-9679506,SARS-CoV Infections,TAS,Homo sapiens
627,Cefoxitin,441199,CHEBI:209807,R-HSA-9824446,Viral Infection Pathways,TAS,Homo sapiens
645,Ceftriaxone,5479530,CHEBI:29007,R-HSA-1643685,Disease,TAS,Homo sapiens
645,Ceftriaxone,5479530,CHEBI:29007,R-HSA-5663205,Infectious disease,TAS,Homo sapiens
645,Ceftriaxone,5479530,CHEBI:29007,R-HSA-9638737,Action of antimicrobials and antimicrobial resistance,TAS,Homo sapiens
645,Ceftriaxone,5479530,CHEBI:29007,R-HSA-9638771,Action of antimicrobials,TAS,Homo sapiens
645,Ceftriaxone,5479530,CHEBI:29007,R-HSA-9640148,Infection with Enterobacteria,TAS,Homo sapiens
645,Ceftriaxone,5479530,CHEBI:29007,R-HSA-9824439,Bacterial Infection Pathways,TAS,Homo sapiens
645,Ceftriaxone,5479530,CHEBI:29007,R-HSA-9913143,Antimicrobial resistance,TAS,Homo sapiens
646,Cefuroxime,5479529,CHEBI:3515,R-HSA-1643685,Disease,TAS,Homo sapiens
646,Cefuroxime,5479529,CHEBI:3515,R-HSA-5663205,Infectious disease,TAS,Homo sapiens
646,Cefuroxime,5479529,CHEBI:3515,R-HSA-9678108,SARS-CoV-1 Infection,TAS,Homo sapiens
646,Cefuroxime,5479529,CHEBI:3515,R-HSA-9678110,Attachment and Entry,TAS,Homo sapiens
646,Cefuroxime,5479529,CHEBI:3515,R-HSA-9679506,SARS-CoV Infections,TAS,Homo sapiens
646,Cefuroxime,5479529,CHEBI:3515,R-HSA-9824446,Viral Infection Pathways,TAS,Homo sapiens
647,Celecoxib,2662,CHEBI:41423,R-HSA-1430728,Metabolism,TAS,Homo sapiens
647,Celecoxib,2662,CHEBI:41423,R-HSA-2142753,Arachidonate metabolism,TAS,Homo sapiens
647,Celecoxib,2662,CHEBI:41423,R-HSA-2162123,Synthesis of Prostaglandins (PG) and Thromboxanes (TX),TAS,Homo sapiens
647,Celecoxib,2662,CHEBI:41423,R-HSA-556833,Metabolism of lipids,TAS,Homo sapiens
647,Celecoxib,2662,CHEBI:41423,R-HSA-8978868,Fatty acid metabolism,TAS,Homo sapiens
655,Ceritinib,57379345,CHEBI:78432,R-HSA-162582,Signal Transduction,TAS,Homo sapiens
655,Ceritinib,57379345,CHEBI:78432,R-HSA-1643685,Disease,TAS,Homo sapiens
655,Ceritinib,57379345,CHEBI:78432,R-HSA-201556,Signaling by ALK,TAS,Homo sapiens
655,Ceritinib,57379345,CHEBI:78432,R-HSA-5663202,Diseases of signal transduction by growth factor receptors and second messengers,TAS,Homo sapiens
655,Ceritinib,57379345,CHEBI:78432,R-HSA-9006934,Signaling by Receptor Tyrosine Kinases,TAS,Homo sapiens
655,Ceritinib,57379345,CHEBI:78432,R-HSA-9700206,Signaling by ALK in cancer,TAS,Homo sapiens
655,Ceritinib,57379345,CHEBI:78432,R-HSA-9700645,ALK mutants bind TKIs,TAS,Homo sapiens
655,Ceritinib,57379345,CHEBI:78432,R-HSA-9700649,Drug resistance of ALK mutants,TAS,Homo sapiens
655,Ceritinib,57379345,CHEBI:78432,R-HSA-9717323,ceritinib-resistant ALK mutants,TAS,Homo sapiens
657,Cerivastatin,446156,CHEBI:3558,R-HSA-1430728,Metabolism,TAS,Homo sapiens
657,Cerivastatin,446156,CHEBI:3558,R-HSA-191273,Cholesterol biosynthesis,TAS,Homo sapiens
657,Cerivastatin,446156,CHEBI:3558,R-HSA-556833,Metabolism of lipids,TAS,Homo sapiens
657,Cerivastatin,446156,CHEBI:3558,R-HSA-8957322,Metabolism of steroids,TAS,Homo sapiens
657,Cerivastatin,446156,CHEBI:3558,R-HSA-9969896,Lanosterol biosynthesis,TAS,Homo sapiens
660,Cetirizine,2678,CHEBI:3561,R-HSA-162582,Signal Transduction,TAS,Homo sapiens
660,Cetirizine,2678,CHEBI:3561,R-HSA-372790,Signaling by GPCR,TAS,Homo sapiens
660,Cetirizine,2678,CHEBI:3561,R-HSA-373076,Class A/1 (Rhodopsin-like receptors),TAS,Homo sapiens
660,Cetirizine,2678,CHEBI:3561,R-HSA-375280,Amine ligand-binding receptors,TAS,Homo sapiens
660,Cetirizine,2678,CHEBI:3561,R-HSA-390650,Histamine receptors,TAS,Homo sapiens
660,Cetirizine,2678,CHEBI:3561,R-HSA-500792,GPCR ligand binding,TAS,Homo sapiens
663,Chlorambucil,2708,CHEBI:28830,R-HSA-6783310,Fanconi Anemia Pathway,IEA,Homo sapiens
663,Chlorambucil,2708,CHEBI:28830,R-HSA-73894,DNA Repair,IEA,Homo sapiens
663,Chlorambucil,2708,CHEBI:28830,R-HSA-9750126,Drug-induced formation of DNA interstrand crosslinks,IEA,Homo sapiens
664,Chloramphenicol,5959,CHEBI:17698,R-HSA-162582,Signal Transduction,TAS,Homo sapiens
664,Chloramphenicol,5959,CHEBI:17698,R-HSA-372790,Signaling by GPCR,TAS,Homo sapiens
664,Chloramphenicol,5959,CHEBI:17698,R-HSA-388396,GPCR downstream signalling,TAS,Homo sapiens
664,Chloramphenicol,5959,CHEBI:17698,R-HSA-418594,G alpha (i) signalling events,TAS,Homo sapiens
664,Chloramphenicol,5959,CHEBI:17698,R-HSA-420499,Class C/3 (Metabotropic glutamate/pheromone receptors),TAS,Homo sapiens
664,Chloramphenicol,5959,CHEBI:17698,R-HSA-500792,GPCR ligand binding,TAS,Homo sapiens
664,Chloramphenicol,5959,CHEBI:17698,R-HSA-9709957,Sensory Perception,IEA,Homo sapiens
664,Chloramphenicol,5959,CHEBI:17698,R-HSA-9709957,Sensory Perception,TAS,Homo sapiens
664,Chloramphenicol,5959,CHEBI:17698,R-HSA-9717189,Sensory perception of taste,IEA,Homo sapiens
664,Chloramphenicol,5959,CHEBI:17698,R-HSA-9717189,Sensory perception of taste,TAS,Homo sapiens
664,Chloramphenicol,5959,CHEBI:17698,R-HSA-9717207,"Sensory perception of sweet, bitter, and umami (glutamate) taste",IEA,Homo sapiens
664,Chloramphenicol,5959,CHEBI:17698,R-HSA-9717207,"Sensory perception of sweet, bitter, and umami (glutamate) taste",TAS,Homo sapiens
669,Chloride ion,312,CHEBI:17996,R-HSA-112310,Neurotransmitter release cycle,TAS,Homo sapiens
669,Chloride ion,312,CHEBI:17996,R-HSA-112311,Neurotransmitter clearance,TAS,Homo sapiens
669,Chloride ion,312,CHEBI:17996,R-HSA-112314,Neurotransmitter receptors and postsynaptic signal transmission,TAS,Homo sapiens
669,Chloride ion,312,CHEBI:17996,R-HSA-112315,Transmission across Chemical Synapses,TAS,Homo sapiens
669,Chloride ion,312,CHEBI:17996,R-HSA-112316,Neuronal System,TAS,Homo sapiens
669,Chloride ion,312,CHEBI:17996,R-HSA-1222556,ROS and RNS production in phagocytes,TAS,Homo sapiens
669,Chloride ion,312,CHEBI:17996,R-HSA-1237044,Erythrocytes take up carbon dioxide and release oxygen,TAS,Homo sapiens
669,Chloride ion,312,CHEBI:17996,R-HSA-1247673,Erythrocytes take up oxygen and release carbon dioxide,TAS,Homo sapiens
669,Chloride ion,312,CHEBI:17996,R-HSA-1428517,Aerobic respiration and respiratory electron transport,TAS,Homo sapiens
669,Chloride ion,312,CHEBI:17996,R-HSA-1430728,Metabolism,TAS,Homo sapiens
669,Chloride ion,312,CHEBI:17996,R-HSA-1480926,O2/CO2 exchange in erythrocytes,TAS,Homo sapiens
669,Chloride ion,312,CHEBI:17996,R-HSA-1630316,Glycosaminoglycan metabolism,TAS,Homo sapiens
669,Chloride ion,312,CHEBI:17996,R-HSA-1643685,Disease,TAS,Homo sapiens
669,Chloride ion,312,CHEBI:17996,R-HSA-168249,Innate Immune System,TAS,Homo sapiens
669,Chloride ion,312,CHEBI:17996,R-HSA-168256,Immune System,TAS,Homo sapiens
669,Chloride ion,312,CHEBI:17996,R-HSA-174362,Transport and metabolism of PAPS,TAS,Homo sapiens
669,Chloride ion,312,CHEBI:17996,R-HSA-2022377,Metabolism of Angiotensinogen to Angiotensins,TAS,Homo sapiens
669,Chloride ion,312,CHEBI:17996,R-HSA-204174,Regulation of pyruvate dehydrogenase (PDH) complex,TAS,Homo sapiens
669,Chloride ion,312,CHEBI:17996,R-HSA-211859,Biological oxidations,TAS,Homo sapiens
669,Chloride ion,312,CHEBI:17996,R-HSA-211897,Cytochrome P450 - arranged by substrate type,TAS,Homo sapiens
669,Chloride ion,312,CHEBI:17996,R-HSA-211945,Phase I - Functionalization of compounds,TAS,Homo sapiens
669,Chloride ion,312,CHEBI:17996,R-HSA-211981,Xenobiotics,TAS,Homo sapiens
669,Chloride ion,312,CHEBI:17996,R-HSA-211999,CYP2E1 reactions,TAS,Homo sapiens
669,Chloride ion,312,CHEBI:17996,R-HSA-264642,Acetylcholine Neurotransmitter Release Cycle,TAS,Homo sapiens
669,Chloride ion,312,CHEBI:17996,R-HSA-2672351,Stimuli-sensing channels,TAS,Homo sapiens
669,Chloride ion,312,CHEBI:17996,R-HSA-2672351,Stimuli-sensing channels,IEA,Homo sapiens
669,Chloride ion,312,CHEBI:17996,R-HSA-2980736,Peptide hormone metabolism,TAS,Homo sapiens
669,Chloride ion,312,CHEBI:17996,R-HSA-352230,Amino acid transport across the plasma membrane,TAS,Homo sapiens
669,Chloride ion,312,CHEBI:17996,R-HSA-379401,Dopamine clearance from the synaptic cleft,TAS,Homo sapiens
669,Chloride ion,312,CHEBI:17996,R-HSA-380615,Serotonin clearance from the synaptic cleft,TAS,Homo sapiens
669,Chloride ion,312,CHEBI:17996,R-HSA-381753,Olfactory Signaling Pathway,IEA,Homo sapiens
669,Chloride ion,312,CHEBI:17996,R-HSA-382551,Transport of small molecules,TAS,Homo sapiens
669,Chloride ion,312,CHEBI:17996,R-HSA-382551,Transport of small molecules,IEA,Homo sapiens
669,Chloride ion,312,CHEBI:17996,R-HSA-382556,ABC-family protein mediated transport,TAS,Homo sapiens
669,Chloride ion,312,CHEBI:17996,R-HSA-392499,Metabolism of proteins,TAS,Homo sapiens
669,Chloride ion,312,CHEBI:17996,R-HSA-425381,Bicarbonate transporters,TAS,Homo sapiens
669,Chloride ion,312,CHEBI:17996,R-HSA-425407,SLC-mediated transmembrane transport,TAS,Homo sapiens
669,Chloride ion,312,CHEBI:17996,R-HSA-426117,Cation-coupled Chloride cotransporters,TAS,Homo sapiens
669,Chloride ion,312,CHEBI:17996,R-HSA-427601,Inorganic anion exchange by SLC26 transporters,TAS,Homo sapiens
669,Chloride ion,312,CHEBI:17996,R-HSA-432047,Passive transport by Aquaporins,IEA,Homo sapiens
669,Chloride ion,312,CHEBI:17996,R-HSA-442660,SLC-mediated transport of neurotransmitters,TAS,Homo sapiens
669,Chloride ion,312,CHEBI:17996,R-HSA-445717,Aquaporin-mediated transport,IEA,Homo sapiens
669,Chloride ion,312,CHEBI:17996,R-HSA-451306,Ionotropic activity of kainate receptors,TAS,Homo sapiens
669,Chloride ion,312,CHEBI:17996,R-HSA-451307,Activation of Na-permeable kainate receptors,TAS,Homo sapiens
669,Chloride ion,312,CHEBI:17996,R-HSA-451308,Activation of Ca-permeable Kainate Receptor,TAS,Homo sapiens
669,Chloride ion,312,CHEBI:17996,R-HSA-451326,Activation of kainate receptors upon glutamate binding,TAS,Homo sapiens
669,Chloride ion,312,CHEBI:17996,R-HSA-500657,Presynaptic function of Kainate receptors,TAS,Homo sapiens
669,Chloride ion,312,CHEBI:17996,R-HSA-5223345,Miscellaneous transport and binding events,TAS,Homo sapiens
669,Chloride ion,312,CHEBI:17996,R-HSA-5619039,"Defective SLC12A6 causes agenesis of the corpus callosum, with peripheral neuropathy (ACCPN)",TAS,Homo sapiens
669,Chloride ion,312,CHEBI:17996,R-HSA-5619050,"Defective SLC4A1 causes hereditary spherocytosis type 4 (HSP4),  distal renal tubular acidosis (dRTA) and dRTA with hemolytic anemia (dRTA-HA)",TAS,Homo sapiens
669,Chloride ion,312,CHEBI:17996,R-HSA-5619084,ABC transporter disorders,TAS,Homo sapiens
669,Chloride ion,312,CHEBI:17996,R-HSA-5619085,Defective SLC26A3 causes congenital secretory chloride diarrhea 1 (DIAR1),TAS,Homo sapiens
669,Chloride ion,312,CHEBI:17996,R-HSA-5619087,Defective SLC12A3 causes Gitelman syndrome (GS),TAS,Homo sapiens
669,Chloride ion,312,CHEBI:17996,R-HSA-5619089,Defective SLC6A5 causes hyperekplexia 3 (HKPX3),TAS,Homo sapiens
669,Chloride ion,312,CHEBI:17996,R-HSA-5619094,Variant SLC6A14 may confer susceptibility towards obesity,TAS,Homo sapiens
669,Chloride ion,312,CHEBI:17996,R-HSA-5619102,SLC transporter disorders,TAS,Homo sapiens
669,Chloride ion,312,CHEBI:17996,R-HSA-5619104,Defective SLC12A1 causes Bartter syndrome 1 (BS1),TAS,Homo sapiens
669,Chloride ion,312,CHEBI:17996,R-HSA-5619114,Defective SLC5A7 in the neurotransmitter release cycle causes distal hereditary motor neuronopathy 7A (HMN7A),TAS,Homo sapiens
669,Chloride ion,312,CHEBI:17996,R-HSA-5619115,Disorders of transmembrane transporters,TAS,Homo sapiens
669,Chloride ion,312,CHEBI:17996,R-HSA-5658471,Defective transport by SLC5A7 causes distal hereditary motor neuronopathy 7A (HMN7A),TAS,Homo sapiens
669,Chloride ion,312,CHEBI:17996,R-HSA-5678895,Defective CFTR causes cystic fibrosis,TAS,Homo sapiens
669,Chloride ion,312,CHEBI:17996,R-HSA-70268,Pyruvate metabolism,TAS,Homo sapiens
669,Chloride ion,312,CHEBI:17996,R-HSA-71387,Metabolism of carbohydrates and carbohydrate derivatives,TAS,Homo sapiens
669,Chloride ion,312,CHEBI:17996,R-HSA-888590,"GABA synthesis, release, reuptake and degradation",TAS,Homo sapiens
669,Chloride ion,312,CHEBI:17996,R-HSA-888593,Reuptake of GABA,TAS,Homo sapiens
669,Chloride ion,312,CHEBI:17996,R-HSA-8941413,Events associated with phagocytolytic activity of PMN cells,TAS,Homo sapiens
669,Chloride ion,312,CHEBI:17996,R-HSA-9659379,Sensory processing of sound,IEA,Homo sapiens
669,Chloride ion,312,CHEBI:17996,R-HSA-9662361,Sensory processing of sound by outer hair cells of the cochlea,IEA,Homo sapiens
669,Chloride ion,312,CHEBI:17996,R-HSA-9709957,Sensory Perception,IEA,Homo sapiens
669,Chloride ion,312,CHEBI:17996,R-HSA-9748784,Drug ADME,TAS,Homo sapiens
669,Chloride ion,312,CHEBI:17996,R-HSA-977443,GABA receptor activation,TAS,Homo sapiens
669,Chloride ion,312,CHEBI:17996,R-HSA-9793528,Ciprofloxacin ADME,TAS,Homo sapiens
669,Chloride ion,312,CHEBI:17996,R-HSA-983712,Ion channel transport,TAS,Homo sapiens
669,Chloride ion,312,CHEBI:17996,R-HSA-983712,Ion channel transport,IEA,Homo sapiens
669,Chloride ion,312,CHEBI:17996,R-HSA-9861718,Regulation of pyruvate metabolism,TAS,Homo sapiens
669,Chloride ion,312,CHEBI:17996,R-HSA-9955298,SLC-mediated transport of organic anions,TAS,Homo sapiens
669,Chloride ion,312,CHEBI:17996,R-HSA-9958517,SLC-mediated bile acid transport,TAS,Homo sapiens
669,Chloride ion,312,CHEBI:17996,R-HSA-9958790,SLC-mediated transport of inorganic anions,TAS,Homo sapiens
669,Chloride ion,312,CHEBI:17996,R-HSA-9958863,SLC-mediated transport of amino acids,TAS,Homo sapiens
676,Chloroquine,2719,CHEBI:3638,R-HSA-1643685,Disease,TAS,Homo sapiens
676,Chloroquine,2719,CHEBI:3638,R-HSA-382551,Transport of small molecules,TAS,Homo sapiens
676,Chloroquine,2719,CHEBI:3638,R-HSA-425407,SLC-mediated transmembrane transport,TAS,Homo sapiens
676,Chloroquine,2719,CHEBI:3638,R-HSA-549127,SLC-mediated transport of organic cations,TAS,Homo sapiens
676,Chloroquine,2719,CHEBI:3638,R-HSA-5619066,Defective SLC22A18 causes lung cancer (LNCR) and embryonal rhabdomyosarcoma 1 (RMSE1),TAS,Homo sapiens
676,Chloroquine,2719,CHEBI:3638,R-HSA-5619102,SLC transporter disorders,TAS,Homo sapiens
676,Chloroquine,2719,CHEBI:3638,R-HSA-5619115,Disorders of transmembrane transporters,TAS,Homo sapiens
676,Chloroquine,2719,CHEBI:3638,R-HSA-5663205,Infectious disease,TAS,Homo sapiens
676,Chloroquine,2719,CHEBI:3638,R-HSA-9678108,SARS-CoV-1 Infection,TAS,Homo sapiens
676,Chloroquine,2719,CHEBI:3638,R-HSA-9678110,Attachment and Entry,TAS,Homo sapiens
676,Chloroquine,2719,CHEBI:3638,R-HSA-9679191,Potential therapeutics for SARS,TAS,Homo sapiens
676,Chloroquine,2719,CHEBI:3638,R-HSA-9679506,SARS-CoV Infections,TAS,Homo sapiens
676,Chloroquine,2719,CHEBI:3638,R-HSA-9709957,Sensory Perception,IEA,Homo sapiens
676,Chloroquine,2719,CHEBI:3638,R-HSA-9709957,Sensory Perception,TAS,Homo sapiens
676,Chloroquine,2719,CHEBI:3638,R-HSA-9717189,Sensory perception of taste,IEA,Homo sapiens
676,Chloroquine,2719,CHEBI:3638,R-HSA-9717189,Sensory perception of taste,TAS,Homo sapiens
676,Chloroquine,2719,CHEBI:3638,R-HSA-9717207,"Sensory perception of sweet, bitter, and umami (glutamate) taste",IEA,Homo sapiens
676,Chloroquine,2719,CHEBI:3638,R-HSA-9717207,"Sensory perception of sweet, bitter, and umami (glutamate) taste",TAS,Homo sapiens
676,Chloroquine,2719,CHEBI:3638,R-HSA-9824446,Viral Infection Pathways,TAS,Homo sapiens
677,Chlorothiazide,2720,CHEBI:3640,R-HSA-382551,Transport of small molecules,TAS,Homo sapiens
677,Chlorothiazide,2720,CHEBI:3640,R-HSA-425407,SLC-mediated transmembrane transport,TAS,Homo sapiens
677,Chlorothiazide,2720,CHEBI:3640,R-HSA-426117,Cation-coupled Chloride cotransporters,TAS,Homo sapiens
677,Chlorothiazide,2720,CHEBI:3640,R-HSA-9958790,SLC-mediated transport of inorganic anions,TAS,Homo sapiens
679,Chlorpheniramine,2725,CHEBI:52010,R-HSA-162582,Signal Transduction,TAS,Homo sapiens
679,Chlorpheniramine,2725,CHEBI:52010,R-HSA-372790,Signaling by GPCR,TAS,Homo sapiens
679,Chlorpheniramine,2725,CHEBI:52010,R-HSA-373076,Class A/1 (Rhodopsin-like receptors),TAS,Homo sapiens
679,Chlorpheniramine,2725,CHEBI:52010,R-HSA-375280,Amine ligand-binding receptors,TAS,Homo sapiens
679,Chlorpheniramine,2725,CHEBI:52010,R-HSA-390650,Histamine receptors,TAS,Homo sapiens
679,Chlorpheniramine,2725,CHEBI:52010,R-HSA-500792,GPCR ligand binding,TAS,Homo sapiens
679,Chlorpheniramine,2725,CHEBI:52010,R-HSA-9709957,Sensory Perception,IEA,Homo sapiens
679,Chlorpheniramine,2725,CHEBI:52010,R-HSA-9709957,Sensory Perception,TAS,Homo sapiens
679,Chlorpheniramine,2725,CHEBI:52010,R-HSA-9717189,Sensory perception of taste,IEA,Homo sapiens
679,Chlorpheniramine,2725,CHEBI:52010,R-HSA-9717189,Sensory perception of taste,TAS,Homo sapiens
679,Chlorpheniramine,2725,CHEBI:52010,R-HSA-9717207,"Sensory perception of sweet, bitter, and umami (glutamate) taste",IEA,Homo sapiens
679,Chlorpheniramine,2725,CHEBI:52010,R-HSA-9717207,"Sensory perception of sweet, bitter, and umami (glutamate) taste",TAS,Homo sapiens
684,Chlorpromazine,2726,CHEBI:3647,R-HSA-162582,Signal Transduction,TAS,Homo sapiens
684,Chlorpromazine,2726,CHEBI:3647,R-HSA-1643685,Disease,TAS,Homo sapiens
684,Chlorpromazine,2726,CHEBI:3647,R-HSA-199991,Membrane Trafficking,TAS,Homo sapiens
684,Chlorpromazine,2726,CHEBI:3647,R-HSA-372790,Signaling by GPCR,TAS,Homo sapiens
684,Chlorpromazine,2726,CHEBI:3647,R-HSA-373076,Class A/1 (Rhodopsin-like receptors),TAS,Homo sapiens
684,Chlorpromazine,2726,CHEBI:3647,R-HSA-375280,Amine ligand-binding receptors,TAS,Homo sapiens
684,Chlorpromazine,2726,CHEBI:3647,R-HSA-390650,Histamine receptors,TAS,Homo sapiens
684,Chlorpromazine,2726,CHEBI:3647,R-HSA-390651,Dopamine receptors,TAS,Homo sapiens
684,Chlorpromazine,2726,CHEBI:3647,R-HSA-390666,Serotonin receptors,TAS,Homo sapiens
684,Chlorpromazine,2726,CHEBI:3647,R-HSA-500792,GPCR ligand binding,TAS,Homo sapiens
684,Chlorpromazine,2726,CHEBI:3647,R-HSA-5653656,Vesicle-mediated transport,TAS,Homo sapiens
684,Chlorpromazine,2726,CHEBI:3647,R-HSA-5663205,Infectious disease,TAS,Homo sapiens
684,Chlorpromazine,2726,CHEBI:3647,R-HSA-8856825,Cargo recognition for clathrin-mediated endocytosis,TAS,Homo sapiens
684,Chlorpromazine,2726,CHEBI:3647,R-HSA-8856828,Clathrin-mediated endocytosis,TAS,Homo sapiens
684,Chlorpromazine,2726,CHEBI:3647,R-HSA-9679191,Potential therapeutics for SARS,TAS,Homo sapiens
684,Chlorpromazine,2726,CHEBI:3647,R-HSA-9679506,SARS-CoV Infections,TAS,Homo sapiens
684,Chlorpromazine,2726,CHEBI:3647,R-HSA-9824446,Viral Infection Pathways,TAS,Homo sapiens
685,Chlorpropamide,2727,CHEBI:3650,R-HSA-1430728,Metabolism,TAS,Homo sapiens
685,Chlorpropamide,2727,CHEBI:3650,R-HSA-163685,Integration of energy metabolism,TAS,Homo sapiens
685,Chlorpropamide,2727,CHEBI:3650,R-HSA-422356,Regulation of insulin secretion,TAS,Homo sapiens
690,Cholecalciferol,5280795,CHEBI:28940,R-HSA-1430728,Metabolism,TAS,Homo sapiens
690,Cholecalciferol,5280795,CHEBI:28940,R-HSA-1430728,Metabolism,IEA,Homo sapiens
690,Cholecalciferol,5280795,CHEBI:28940,R-HSA-1643685,Disease,TAS,Homo sapiens
690,Cholecalciferol,5280795,CHEBI:28940,R-HSA-196791,Vitamin D (calciferol) metabolism,TAS,Homo sapiens
690,Cholecalciferol,5280795,CHEBI:28940,R-HSA-196791,Vitamin D (calciferol) metabolism,IEA,Homo sapiens
690,Cholecalciferol,5280795,CHEBI:28940,R-HSA-211859,Biological oxidations,TAS,Homo sapiens
690,Cholecalciferol,5280795,CHEBI:28940,R-HSA-211897,Cytochrome P450 - arranged by substrate type,TAS,Homo sapiens
690,Cholecalciferol,5280795,CHEBI:28940,R-HSA-211916,Vitamins,TAS,Homo sapiens
690,Cholecalciferol,5280795,CHEBI:28940,R-HSA-211945,Phase I - Functionalization of compounds,TAS,Homo sapiens
690,Cholecalciferol,5280795,CHEBI:28940,R-HSA-556833,Metabolism of lipids,TAS,Homo sapiens
690,Cholecalciferol,5280795,CHEBI:28940,R-HSA-556833,Metabolism of lipids,IEA,Homo sapiens
690,Cholecalciferol,5280795,CHEBI:28940,R-HSA-5579027,Defective CYP27B1 causes VDDR1B,TAS,Homo sapiens
690,Cholecalciferol,5280795,CHEBI:28940,R-HSA-5579029,Metabolic disorders of biological oxidation enzymes,TAS,Homo sapiens
690,Cholecalciferol,5280795,CHEBI:28940,R-HSA-5668914,Diseases of metabolism,TAS,Homo sapiens
690,Cholecalciferol,5280795,CHEBI:28940,R-HSA-8957322,Metabolism of steroids,TAS,Homo sapiens
690,Cholecalciferol,5280795,CHEBI:28940,R-HSA-8957322,Metabolism of steroids,IEA,Homo sapiens
691,Cholesterol,5997,CHEBI:16113,R-HSA-109582,Hemostasis,TAS,Homo sapiens
691,Cholesterol,5997,CHEBI:16113,R-HSA-1266738,Developmental Biology,TAS,Homo sapiens
691,Cholesterol,5997,CHEBI:16113,R-HSA-1369062,ABC transporters in lipid homeostasis,TAS,Homo sapiens
691,Cholesterol,5997,CHEBI:16113,R-HSA-1430728,Metabolism,TAS,Homo sapiens
691,Cholesterol,5997,CHEBI:16113,R-HSA-1430728,Metabolism,IEA,Homo sapiens
691,Cholesterol,5997,CHEBI:16113,R-HSA-156580,Phase II - Conjugation of compounds,TAS,Homo sapiens
691,Cholesterol,5997,CHEBI:16113,R-HSA-156584,Cytosolic sulfonation of small molecules,TAS,Homo sapiens
691,Cholesterol,5997,CHEBI:16113,R-HSA-162582,Signal Transduction,TAS,Homo sapiens
691,Cholesterol,5997,CHEBI:16113,R-HSA-163560,Triglyceride catabolism,IEA,Homo sapiens
691,Cholesterol,5997,CHEBI:16113,R-HSA-1643685,Disease,TAS,Homo sapiens
691,Cholesterol,5997,CHEBI:16113,R-HSA-1655829,Regulation of cholesterol biosynthesis by SREBP (SREBF),IEA,Homo sapiens
691,Cholesterol,5997,CHEBI:16113,R-HSA-168249,Innate Immune System,TAS,Homo sapiens
691,Cholesterol,5997,CHEBI:16113,R-HSA-168256,Immune System,TAS,Homo sapiens
691,Cholesterol,5997,CHEBI:16113,R-HSA-168898,Toll-like Receptor Cascades,TAS,Homo sapiens
691,Cholesterol,5997,CHEBI:16113,R-HSA-174824,"Plasma lipoprotein assembly, remodeling, and clearance",TAS,Homo sapiens
691,Cholesterol,5997,CHEBI:16113,R-HSA-174824,"Plasma lipoprotein assembly, remodeling, and clearance",IEA,Homo sapiens
691,Cholesterol,5997,CHEBI:16113,R-HSA-191273,Cholesterol biosynthesis,TAS,Homo sapiens
691,Cholesterol,5997,CHEBI:16113,R-HSA-192105,Synthesis of bile acids and bile salts,TAS,Homo sapiens
691,Cholesterol,5997,CHEBI:16113,R-HSA-192456,Digestion of dietary lipid,TAS,Homo sapiens
691,Cholesterol,5997,CHEBI:16113,R-HSA-193368,Synthesis of bile acids and bile salts via 7alpha-hydroxycholesterol,TAS,Homo sapiens
691,Cholesterol,5997,CHEBI:16113,R-HSA-193775,Synthesis of bile acids and bile salts via 24-hydroxycholesterol,TAS,Homo sapiens
691,Cholesterol,5997,CHEBI:16113,R-HSA-193807,Synthesis of bile acids and bile salts via 27-hydroxycholesterol,TAS,Homo sapiens
691,Cholesterol,5997,CHEBI:16113,R-HSA-194068,Bile acid and bile salt metabolism,TAS,Homo sapiens
691,Cholesterol,5997,CHEBI:16113,R-HSA-196071,Metabolism of steroid hormones,TAS,Homo sapiens
691,Cholesterol,5997,CHEBI:16113,R-HSA-196108,Pregnenolone biosynthesis,TAS,Homo sapiens
691,Cholesterol,5997,CHEBI:16113,R-HSA-196854,Metabolism of vitamins and cofactors,TAS,Homo sapiens
691,Cholesterol,5997,CHEBI:16113,R-HSA-196854,Metabolism of vitamins and cofactors,IEA,Homo sapiens
691,Cholesterol,5997,CHEBI:16113,R-HSA-199991,Membrane Trafficking,TAS,Homo sapiens
691,Cholesterol,5997,CHEBI:16113,R-HSA-202733,Cell surface interactions at the vascular wall,TAS,Homo sapiens
691,Cholesterol,5997,CHEBI:16113,R-HSA-211859,Biological oxidations,TAS,Homo sapiens
691,Cholesterol,5997,CHEBI:16113,R-HSA-211897,Cytochrome P450 - arranged by substrate type,TAS,Homo sapiens
691,Cholesterol,5997,CHEBI:16113,R-HSA-211945,Phase I - Functionalization of compounds,TAS,Homo sapiens
691,Cholesterol,5997,CHEBI:16113,R-HSA-211976,Endogenous sterols,TAS,Homo sapiens
691,Cholesterol,5997,CHEBI:16113,R-HSA-2168880,Scavenging of heme from plasma,TAS,Homo sapiens
691,Cholesterol,5997,CHEBI:16113,R-HSA-2173782,Binding and Uptake of Ligands by Scavenger Receptors,IEA,Homo sapiens
691,Cholesterol,5997,CHEBI:16113,R-HSA-2173782,Binding and Uptake of Ligands by Scavenger Receptors,TAS,Homo sapiens
691,Cholesterol,5997,CHEBI:16113,R-HSA-2187338,Visual phototransduction,TAS,Homo sapiens
691,Cholesterol,5997,CHEBI:16113,R-HSA-2187338,Visual phototransduction,IEA,Homo sapiens
691,Cholesterol,5997,CHEBI:16113,R-HSA-2262752,Cellular responses to stress,TAS,Homo sapiens
691,Cholesterol,5997,CHEBI:16113,R-HSA-3000471,Scavenging by Class B Receptors,IEA,Homo sapiens
691,Cholesterol,5997,CHEBI:16113,R-HSA-3000471,Scavenging by Class B Receptors,TAS,Homo sapiens
691,Cholesterol,5997,CHEBI:16113,R-HSA-3000480,Scavenging by Class A Receptors,TAS,Homo sapiens
691,Cholesterol,5997,CHEBI:16113,R-HSA-3000480,Scavenging by Class A Receptors,IEA,Homo sapiens
691,Cholesterol,5997,CHEBI:16113,R-HSA-3000484,Scavenging by Class F Receptors,TAS,Homo sapiens
691,Cholesterol,5997,CHEBI:16113,R-HSA-3000484,Scavenging by Class F Receptors,IEA,Homo sapiens
691,Cholesterol,5997,CHEBI:16113,R-HSA-3000497,Scavenging by Class H Receptors,TAS,Homo sapiens
691,Cholesterol,5997,CHEBI:16113,R-HSA-382551,Transport of small molecules,TAS,Homo sapiens
691,Cholesterol,5997,CHEBI:16113,R-HSA-382551,Transport of small molecules,IEA,Homo sapiens
691,Cholesterol,5997,CHEBI:16113,R-HSA-382556,ABC-family protein mediated transport,TAS,Homo sapiens
691,Cholesterol,5997,CHEBI:16113,R-HSA-418346,Platelet homeostasis,TAS,Homo sapiens
691,Cholesterol,5997,CHEBI:16113,R-HSA-432142,Platelet sensitization by LDL,TAS,Homo sapiens
691,Cholesterol,5997,CHEBI:16113,R-HSA-5358346,Hedgehog ligand biogenesis,TAS,Homo sapiens
691,Cholesterol,5997,CHEBI:16113,R-HSA-5358351,Signaling by Hedgehog,TAS,Homo sapiens
691,Cholesterol,5997,CHEBI:16113,R-HSA-5362768,Hh mutants are degraded by ERAD,TAS,Homo sapiens
691,Cholesterol,5997,CHEBI:16113,R-HSA-5387390,Hh mutants abrogate ligand secretion,TAS,Homo sapiens
691,Cholesterol,5997,CHEBI:16113,R-HSA-556833,Metabolism of lipids,TAS,Homo sapiens
691,Cholesterol,5997,CHEBI:16113,R-HSA-556833,Metabolism of lipids,IEA,Homo sapiens
691,Cholesterol,5997,CHEBI:16113,R-HSA-5619084,ABC transporter disorders,TAS,Homo sapiens
691,Cholesterol,5997,CHEBI:16113,R-HSA-5619115,Disorders of transmembrane transporters,TAS,Homo sapiens
691,Cholesterol,5997,CHEBI:16113,R-HSA-5653656,Vesicle-mediated transport,IEA,Homo sapiens
691,Cholesterol,5997,CHEBI:16113,R-HSA-5653656,Vesicle-mediated transport,TAS,Homo sapiens
691,Cholesterol,5997,CHEBI:16113,R-HSA-5663202,Diseases of signal transduction by growth factor receptors and second messengers,TAS,Homo sapiens
691,Cholesterol,5997,CHEBI:16113,R-HSA-5663205,Infectious disease,TAS,Homo sapiens
691,Cholesterol,5997,CHEBI:16113,R-HSA-5679090,Defective ABCG8 causes GBD4 and sitosterolemia,TAS,Homo sapiens
691,Cholesterol,5997,CHEBI:16113,R-HSA-5679096,Defective ABCG5 causes sitosterolemia,TAS,Homo sapiens
691,Cholesterol,5997,CHEBI:16113,R-HSA-5682113,Defective ABCA1 causes TGD,TAS,Homo sapiens
691,Cholesterol,5997,CHEBI:16113,R-HSA-5686938,Regulation of TLR by endogenous ligand,TAS,Homo sapiens
691,Cholesterol,5997,CHEBI:16113,R-HSA-6805567,Keratinization,TAS,Homo sapiens
691,Cholesterol,5997,CHEBI:16113,R-HSA-6806667,Metabolism of fat-soluble vitamins,TAS,Homo sapiens
691,Cholesterol,5997,CHEBI:16113,R-HSA-6806667,Metabolism of fat-soluble vitamins,IEA,Homo sapiens
691,Cholesterol,5997,CHEBI:16113,R-HSA-6807047,Cholesterol biosynthesis via desmosterol (Bloch pathway),TAS,Homo sapiens
691,Cholesterol,5997,CHEBI:16113,R-HSA-6809371,Formation of the cornified envelope,TAS,Homo sapiens
691,Cholesterol,5997,CHEBI:16113,R-HSA-8856825,Cargo recognition for clathrin-mediated endocytosis,TAS,Homo sapiens
691,Cholesterol,5997,CHEBI:16113,R-HSA-8856828,Clathrin-mediated endocytosis,TAS,Homo sapiens
691,Cholesterol,5997,CHEBI:16113,R-HSA-8866423,VLDL assembly,TAS,Homo sapiens
691,Cholesterol,5997,CHEBI:16113,R-HSA-8935690,Digestion,TAS,Homo sapiens
691,Cholesterol,5997,CHEBI:16113,R-HSA-8953897,Cellular responses to stimuli,TAS,Homo sapiens
691,Cholesterol,5997,CHEBI:16113,R-HSA-8957322,Metabolism of steroids,TAS,Homo sapiens
691,Cholesterol,5997,CHEBI:16113,R-HSA-8957322,Metabolism of steroids,IEA,Homo sapiens
691,Cholesterol,5997,CHEBI:16113,R-HSA-8963676,Intestinal absorption,IEA,Homo sapiens
691,Cholesterol,5997,CHEBI:16113,R-HSA-8963678,Intestinal lipid absorption,IEA,Homo sapiens
691,Cholesterol,5997,CHEBI:16113,R-HSA-8963743,Digestion and absorption,TAS,Homo sapiens
691,Cholesterol,5997,CHEBI:16113,R-HSA-8963743,Digestion and absorption,IEA,Homo sapiens
691,Cholesterol,5997,CHEBI:16113,R-HSA-8963888,Chylomicron assembly,TAS,Homo sapiens
691,Cholesterol,5997,CHEBI:16113,R-HSA-8963896,HDL assembly,TAS,Homo sapiens
691,Cholesterol,5997,CHEBI:16113,R-HSA-8963898,Plasma lipoprotein assembly,TAS,Homo sapiens
691,Cholesterol,5997,CHEBI:16113,R-HSA-8963899,Plasma lipoprotein remodeling,TAS,Homo sapiens
691,Cholesterol,5997,CHEBI:16113,R-HSA-8963901,Chylomicron remodeling,TAS,Homo sapiens
691,Cholesterol,5997,CHEBI:16113,R-HSA-8964011,HDL clearance,TAS,Homo sapiens
691,Cholesterol,5997,CHEBI:16113,R-HSA-8964026,Chylomicron clearance,TAS,Homo sapiens
691,Cholesterol,5997,CHEBI:16113,R-HSA-8964026,Chylomicron clearance,IEA,Homo sapiens
691,Cholesterol,5997,CHEBI:16113,R-HSA-8964038,LDL clearance,TAS,Homo sapiens
691,Cholesterol,5997,CHEBI:16113,R-HSA-8964038,LDL clearance,IEA,Homo sapiens
691,Cholesterol,5997,CHEBI:16113,R-HSA-8964041,LDL remodeling,TAS,Homo sapiens
691,Cholesterol,5997,CHEBI:16113,R-HSA-8964043,Plasma lipoprotein clearance,TAS,Homo sapiens
691,Cholesterol,5997,CHEBI:16113,R-HSA-8964043,Plasma lipoprotein clearance,IEA,Homo sapiens
691,Cholesterol,5997,CHEBI:16113,R-HSA-8964046,VLDL clearance,IEA,Homo sapiens
691,Cholesterol,5997,CHEBI:16113,R-HSA-8964046,VLDL clearance,TAS,Homo sapiens
691,Cholesterol,5997,CHEBI:16113,R-HSA-8964058,HDL remodeling,TAS,Homo sapiens
691,Cholesterol,5997,CHEBI:16113,R-HSA-8979227,Triglyceride metabolism,IEA,Homo sapiens
691,Cholesterol,5997,CHEBI:16113,R-HSA-9707616,Heme signaling,TAS,Homo sapiens
691,Cholesterol,5997,CHEBI:16113,R-HSA-9709957,Sensory Perception,TAS,Homo sapiens
691,Cholesterol,5997,CHEBI:16113,R-HSA-9709957,Sensory Perception,IEA,Homo sapiens
691,Cholesterol,5997,CHEBI:16113,R-HSA-975634,Retinoid metabolism and transport,TAS,Homo sapiens
691,Cholesterol,5997,CHEBI:16113,R-HSA-975634,Retinoid metabolism and transport,IEA,Homo sapiens
691,Cholesterol,5997,CHEBI:16113,R-HSA-9824446,Viral Infection Pathways,TAS,Homo sapiens
691,Cholesterol,5997,CHEBI:16113,R-HSA-9839923,Dengue Virus Infection,TAS,Homo sapiens
691,Cholesterol,5997,CHEBI:16113,R-HSA-9918432,Maturation of DENV proteins,TAS,Homo sapiens
691,Cholesterol,5997,CHEBI:16113,R-HSA-9918481,Dengue Virus-Host Interactions,TAS,Homo sapiens
691,Cholesterol,5997,CHEBI:16113,R-HSA-9918487,Dengue Virus Genome Translation and Replication,TAS,Homo sapiens
691,Cholesterol,5997,CHEBI:16113,R-HSA-9920588,Dengue virus activates/modulates innate and adaptive immune responses,TAS,Homo sapiens
691,Cholesterol,5997,CHEBI:16113,R-HSA-9969901,Cholesterol biosynthesis from zymosterol (modified Kandutsch-Russell pathway),TAS,Homo sapiens
693,Choline,305,CHEBI:15354,R-HSA-112310,Neurotransmitter release cycle,TAS,Homo sapiens
693,Choline,305,CHEBI:15354,R-HSA-112311,Neurotransmitter clearance,TAS,Homo sapiens
693,Choline,305,CHEBI:15354,R-HSA-112315,Transmission across Chemical Synapses,TAS,Homo sapiens
693,Choline,305,CHEBI:15354,R-HSA-112316,Neuronal System,TAS,Homo sapiens
693,Choline,305,CHEBI:15354,R-HSA-1430728,Metabolism,IEA,Homo sapiens
693,Choline,305,CHEBI:15354,R-HSA-1430728,Metabolism,TAS,Homo sapiens
693,Choline,305,CHEBI:15354,R-HSA-1483101,Synthesis of PS,TAS,Homo sapiens
693,Choline,305,CHEBI:15354,R-HSA-1483115,Hydrolysis of LPC,IEA,Homo sapiens
693,Choline,305,CHEBI:15354,R-HSA-1483148,Synthesis of PG,IEA,Homo sapiens
693,Choline,305,CHEBI:15354,R-HSA-1483166,Synthesis of PA,TAS,Homo sapiens
693,Choline,305,CHEBI:15354,R-HSA-1483191,Synthesis of PC,TAS,Homo sapiens
693,Choline,305,CHEBI:15354,R-HSA-1483206,Glycerophospholipid biosynthesis,IEA,Homo sapiens
693,Choline,305,CHEBI:15354,R-HSA-1483206,Glycerophospholipid biosynthesis,TAS,Homo sapiens
693,Choline,305,CHEBI:15354,R-HSA-1483255,PI Metabolism,IEA,Homo sapiens
693,Choline,305,CHEBI:15354,R-HSA-1483257,Phospholipid metabolism,IEA,Homo sapiens
693,Choline,305,CHEBI:15354,R-HSA-1483257,Phospholipid metabolism,TAS,Homo sapiens
693,Choline,305,CHEBI:15354,R-HSA-1643685,Disease,TAS,Homo sapiens
693,Choline,305,CHEBI:15354,R-HSA-168249,Innate Immune System,TAS,Homo sapiens
693,Choline,305,CHEBI:15354,R-HSA-168256,Immune System,TAS,Homo sapiens
693,Choline,305,CHEBI:15354,R-HSA-2029480,Fcgamma receptor (FCGR) dependent phagocytosis,TAS,Homo sapiens
693,Choline,305,CHEBI:15354,R-HSA-2029485,Role of phospholipids in phagocytosis,TAS,Homo sapiens
693,Choline,305,CHEBI:15354,R-HSA-264642,Acetylcholine Neurotransmitter Release Cycle,TAS,Homo sapiens
693,Choline,305,CHEBI:15354,R-HSA-382551,Transport of small molecules,TAS,Homo sapiens
693,Choline,305,CHEBI:15354,R-HSA-425407,SLC-mediated transmembrane transport,TAS,Homo sapiens
693,Choline,305,CHEBI:15354,R-HSA-549127,SLC-mediated transport of organic cations,TAS,Homo sapiens
693,Choline,305,CHEBI:15354,R-HSA-556833,Metabolism of lipids,IEA,Homo sapiens
693,Choline,305,CHEBI:15354,R-HSA-556833,Metabolism of lipids,TAS,Homo sapiens
693,Choline,305,CHEBI:15354,R-HSA-5619102,SLC transporter disorders,TAS,Homo sapiens
693,Choline,305,CHEBI:15354,R-HSA-5619114,Defective SLC5A7 in the neurotransmitter release cycle causes distal hereditary motor neuronopathy 7A (HMN7A),TAS,Homo sapiens
693,Choline,305,CHEBI:15354,R-HSA-5619115,Disorders of transmembrane transporters,TAS,Homo sapiens
693,Choline,305,CHEBI:15354,R-HSA-5658471,Defective transport by SLC5A7 causes distal hereditary motor neuronopathy 7A (HMN7A),TAS,Homo sapiens
693,Choline,305,CHEBI:15354,R-HSA-6798163,Choline catabolism,TAS,Homo sapiens
693,Choline,305,CHEBI:15354,R-HSA-6814848,Glycerophospholipid catabolism,IEA,Homo sapiens
693,Choline,305,CHEBI:15354,R-HSA-71291,Metabolism of amino acids and derivatives,TAS,Homo sapiens
693,Choline,305,CHEBI:15354,R-HSA-9955298,SLC-mediated transport of organic anions,TAS,Homo sapiens
693,Choline,305,CHEBI:15354,R-HSA-9958517,SLC-mediated bile acid transport,TAS,Homo sapiens
698,Ciclesonide,6918155,CHEBI:31397,R-HSA-1643685,Disease,TAS,Homo sapiens
698,Ciclesonide,6918155,CHEBI:31397,R-HSA-2262752,Cellular responses to stress,TAS,Homo sapiens
698,Ciclesonide,6918155,CHEBI:31397,R-HSA-3371497,HSP90 chaperone cycle for steroid hormone receptors (SHR) in the presence of ligand,TAS,Homo sapiens
698,Ciclesonide,6918155,CHEBI:31397,R-HSA-5663205,Infectious disease,TAS,Homo sapiens
698,Ciclesonide,6918155,CHEBI:31397,R-HSA-8953897,Cellular responses to stimuli,TAS,Homo sapiens
698,Ciclesonide,6918155,CHEBI:31397,R-HSA-9679191,Potential therapeutics for SARS,TAS,Homo sapiens
698,Ciclesonide,6918155,CHEBI:31397,R-HSA-9679506,SARS-CoV Infections,TAS,Homo sapiens
698,Ciclesonide,6918155,CHEBI:31397,R-HSA-9824446,Viral Infection Pathways,TAS,Homo sapiens
702,Cidoxepin,667468,CHEBI:4710,R-HSA-112311,Neurotransmitter clearance,TAS,Homo sapiens
702,Cidoxepin,667468,CHEBI:4710,R-HSA-112315,Transmission across Chemical Synapses,TAS,Homo sapiens
702,Cidoxepin,667468,CHEBI:4710,R-HSA-112316,Neuronal System,TAS,Homo sapiens
702,Cidoxepin,667468,CHEBI:4710,R-HSA-162582,Signal Transduction,TAS,Homo sapiens
702,Cidoxepin,667468,CHEBI:4710,R-HSA-1643685,Disease,TAS,Homo sapiens
702,Cidoxepin,667468,CHEBI:4710,R-HSA-372790,Signaling by GPCR,TAS,Homo sapiens
702,Cidoxepin,667468,CHEBI:4710,R-HSA-373076,Class A/1 (Rhodopsin-like receptors),TAS,Homo sapiens
702,Cidoxepin,667468,CHEBI:4710,R-HSA-375280,Amine ligand-binding receptors,TAS,Homo sapiens
702,Cidoxepin,667468,CHEBI:4710,R-HSA-380615,Serotonin clearance from the synaptic cleft,TAS,Homo sapiens
702,Cidoxepin,667468,CHEBI:4710,R-HSA-390650,Histamine receptors,TAS,Homo sapiens
702,Cidoxepin,667468,CHEBI:4710,R-HSA-500792,GPCR ligand binding,TAS,Homo sapiens
702,Cidoxepin,667468,CHEBI:4710,R-HSA-5663205,Infectious disease,TAS,Homo sapiens
702,Cidoxepin,667468,CHEBI:4710,R-HSA-9678108,SARS-CoV-1 Infection,TAS,Homo sapiens
702,Cidoxepin,667468,CHEBI:4710,R-HSA-9678110,Attachment and Entry,TAS,Homo sapiens
702,Cidoxepin,667468,CHEBI:4710,R-HSA-9679506,SARS-CoV Infections,TAS,Homo sapiens
702,Cidoxepin,667468,CHEBI:4710,R-HSA-9824446,Viral Infection Pathways,TAS,Homo sapiens
706,Cilazapril,56330,CHEBI:3698,R-HSA-2022377,Metabolism of Angiotensinogen to Angiotensins,TAS,Homo sapiens
706,Cilazapril,56330,CHEBI:3698,R-HSA-2980736,Peptide hormone metabolism,TAS,Homo sapiens
706,Cilazapril,56330,CHEBI:3698,R-HSA-392499,Metabolism of proteins,TAS,Homo sapiens
707,Cilazaprilat,64766,CHEBI:81005,R-HSA-2022377,Metabolism of Angiotensinogen to Angiotensins,TAS,Homo sapiens
707,Cilazaprilat,64766,CHEBI:81005,R-HSA-2980736,Peptide hormone metabolism,TAS,Homo sapiens
707,Cilazaprilat,64766,CHEBI:81005,R-HSA-392499,Metabolism of proteins,TAS,Homo sapiens
708,Cilnidipine,5282138,CHEBI:31399,R-HSA-397014,Muscle contraction,TAS,Homo sapiens
708,Cilnidipine,5282138,CHEBI:31399,R-HSA-5576891,Cardiac conduction,TAS,Homo sapiens
708,Cilnidipine,5282138,CHEBI:31399,R-HSA-5576892,Phase 0 - rapid depolarisation,TAS,Homo sapiens
708,Cilnidipine,5282138,CHEBI:31399,R-HSA-5576893,Phase 2 - plateau phase,TAS,Homo sapiens
709,Cilostazol,2754,CHEBI:31401,R-HSA-162582,Signal Transduction,TAS,Homo sapiens
709,Cilostazol,2754,CHEBI:31401,R-HSA-372790,Signaling by GPCR,TAS,Homo sapiens
709,Cilostazol,2754,CHEBI:31401,R-HSA-388396,GPCR downstream signalling,TAS,Homo sapiens
709,Cilostazol,2754,CHEBI:31401,R-HSA-418555,G alpha (s) signalling events,TAS,Homo sapiens
710,Cimetidine,2756,CHEBI:3699,R-HSA-162582,Signal Transduction,TAS,Homo sapiens
710,Cimetidine,2756,CHEBI:3699,R-HSA-372790,Signaling by GPCR,TAS,Homo sapiens
710,Cimetidine,2756,CHEBI:3699,R-HSA-373076,Class A/1 (Rhodopsin-like receptors),TAS,Homo sapiens
710,Cimetidine,2756,CHEBI:3699,R-HSA-375280,Amine ligand-binding receptors,TAS,Homo sapiens
710,Cimetidine,2756,CHEBI:3699,R-HSA-382551,Transport of small molecules,TAS,Homo sapiens
710,Cimetidine,2756,CHEBI:3699,R-HSA-390650,Histamine receptors,TAS,Homo sapiens
710,Cimetidine,2756,CHEBI:3699,R-HSA-425407,SLC-mediated transmembrane transport,TAS,Homo sapiens
710,Cimetidine,2756,CHEBI:3699,R-HSA-500792,GPCR ligand binding,TAS,Homo sapiens
710,Cimetidine,2756,CHEBI:3699,R-HSA-549127,SLC-mediated transport of organic cations,TAS,Homo sapiens
710,Cimetidine,2756,CHEBI:3699,R-HSA-561048,Organic anion transport by SLC22 transporters,TAS,Homo sapiens
710,Cimetidine,2756,CHEBI:3699,R-HSA-9955298,SLC-mediated transport of organic anions,TAS,Homo sapiens
713,Cinacalcet,156419,CHEBI:48390,R-HSA-162582,Signal Transduction,TAS,Homo sapiens
713,Cinacalcet,156419,CHEBI:48390,R-HSA-372790,Signaling by GPCR,TAS,Homo sapiens
713,Cinacalcet,156419,CHEBI:48390,R-HSA-420499,Class C/3 (Metabotropic glutamate/pheromone receptors),TAS,Homo sapiens
713,Cinacalcet,156419,CHEBI:48390,R-HSA-500792,GPCR ligand binding,TAS,Homo sapiens
718,Cinnamaldehyde,637511,CHEBI:16731,R-HSA-381753,Olfactory Signaling Pathway,IEA,Homo sapiens
718,Cinnamaldehyde,637511,CHEBI:16731,R-HSA-381753,Olfactory Signaling Pathway,TAS,Homo sapiens
718,Cinnamaldehyde,637511,CHEBI:16731,R-HSA-9709957,Sensory Perception,IEA,Homo sapiens
718,Cinnamaldehyde,637511,CHEBI:16731,R-HSA-9709957,Sensory Perception,TAS,Homo sapiens
719,Cinnarizine,1547484,CHEBI:31403,R-HSA-397014,Muscle contraction,TAS,Homo sapiens
719,Cinnarizine,1547484,CHEBI:31403,R-HSA-445355,Smooth Muscle Contraction,TAS,Homo sapiens
722,Ciprofibrate,2763,CHEBI:50867,R-HSA-1430728,Metabolism,TAS,Homo sapiens
722,Ciprofibrate,2763,CHEBI:50867,R-HSA-400206,Regulation of lipid metabolism by PPARalpha,TAS,Homo sapiens
722,Ciprofibrate,2763,CHEBI:50867,R-HSA-556833,Metabolism of lipids,TAS,Homo sapiens
723,Ciprofloxacin,2764,CHEBI:100241,R-HSA-1643685,Disease,TAS,Homo sapiens
723,Ciprofloxacin,2764,CHEBI:100241,R-HSA-5663205,Infectious disease,TAS,Homo sapiens
723,Ciprofloxacin,2764,CHEBI:100241,R-HSA-9638737,Action of antimicrobials and antimicrobial resistance,TAS,Homo sapiens
723,Ciprofloxacin,2764,CHEBI:100241,R-HSA-9638771,Action of antimicrobials,TAS,Homo sapiens
723,Ciprofloxacin,2764,CHEBI:100241,R-HSA-9640148,Infection with Enterobacteria,TAS,Homo sapiens
723,Ciprofloxacin,2764,CHEBI:100241,R-HSA-9748784,Drug ADME,TAS,Homo sapiens
723,Ciprofloxacin,2764,CHEBI:100241,R-HSA-9793528,Ciprofloxacin ADME,TAS,Homo sapiens
723,Ciprofloxacin,2764,CHEBI:100241,R-HSA-9824439,Bacterial Infection Pathways,TAS,Homo sapiens
723,Ciprofloxacin,2764,CHEBI:100241,R-HSA-9913143,Antimicrobial resistance,TAS,Homo sapiens
726,Citalopram,2771,CHEBI:77397,R-HSA-112311,Neurotransmitter clearance,TAS,Homo sapiens
726,Citalopram,2771,CHEBI:77397,R-HSA-112315,Transmission across Chemical Synapses,TAS,Homo sapiens
726,Citalopram,2771,CHEBI:77397,R-HSA-112316,Neuronal System,TAS,Homo sapiens
726,Citalopram,2771,CHEBI:77397,R-HSA-380615,Serotonin clearance from the synaptic cleft,TAS,Homo sapiens
731,Clemastine,26987,CHEBI:3738,R-HSA-162582,Signal Transduction,TAS,Homo sapiens
731,Clemastine,26987,CHEBI:3738,R-HSA-372790,Signaling by GPCR,TAS,Homo sapiens
731,Clemastine,26987,CHEBI:3738,R-HSA-373076,Class A/1 (Rhodopsin-like receptors),TAS,Homo sapiens
731,Clemastine,26987,CHEBI:3738,R-HSA-375280,Amine ligand-binding receptors,TAS,Homo sapiens
731,Clemastine,26987,CHEBI:3738,R-HSA-390650,Histamine receptors,TAS,Homo sapiens
731,Clemastine,26987,CHEBI:3738,R-HSA-500792,GPCR ligand binding,TAS,Homo sapiens
733,Clevidipine,153994,CHEBI:135738,R-HSA-397014,Muscle contraction,TAS,Homo sapiens
733,Clevidipine,153994,CHEBI:135738,R-HSA-5576891,Cardiac conduction,TAS,Homo sapiens
733,Clevidipine,153994,CHEBI:135738,R-HSA-5576892,Phase 0 - rapid depolarisation,TAS,Homo sapiens
733,Clevidipine,153994,CHEBI:135738,R-HSA-5576893,Phase 2 - plateau phase,TAS,Homo sapiens
734,Clidinium,2784,CHEBI:3743,R-HSA-162582,Signal Transduction,TAS,Homo sapiens
734,Clidinium,2784,CHEBI:3743,R-HSA-372790,Signaling by GPCR,TAS,Homo sapiens
734,Clidinium,2784,CHEBI:3743,R-HSA-373076,Class A/1 (Rhodopsin-like receptors),TAS,Homo sapiens
734,Clidinium,2784,CHEBI:3743,R-HSA-375280,Amine ligand-binding receptors,TAS,Homo sapiens
734,Clidinium,2784,CHEBI:3743,R-HSA-390648,Muscarinic acetylcholine receptors,TAS,Homo sapiens
734,Clidinium,2784,CHEBI:3743,R-HSA-500792,GPCR ligand binding,TAS,Homo sapiens
739,Clobetasol propionate,32798,CHEBI:31414,R-HSA-1643685,Disease,TAS,Homo sapiens
739,Clobetasol propionate,32798,CHEBI:31414,R-HSA-2262752,Cellular responses to stress,TAS,Homo sapiens
739,Clobetasol propionate,32798,CHEBI:31414,R-HSA-3371497,HSP90 chaperone cycle for steroid hormone receptors (SHR) in the presence of ligand,TAS,Homo sapiens
739,Clobetasol propionate,32798,CHEBI:31414,R-HSA-5663205,Infectious disease,TAS,Homo sapiens
739,Clobetasol propionate,32798,CHEBI:31414,R-HSA-8953897,Cellular responses to stimuli,TAS,Homo sapiens
739,Clobetasol propionate,32798,CHEBI:31414,R-HSA-9679191,Potential therapeutics for SARS,TAS,Homo sapiens
739,Clobetasol propionate,32798,CHEBI:31414,R-HSA-9679506,SARS-CoV Infections,TAS,Homo sapiens
739,Clobetasol propionate,32798,CHEBI:31414,R-HSA-9824446,Viral Infection Pathways,TAS,Homo sapiens
745,Clofazimine,2794,CHEBI:3749,R-HSA-1643685,Disease,TAS,Homo sapiens
745,Clofazimine,2794,CHEBI:3749,R-HSA-5663205,Infectious disease,TAS,Homo sapiens
745,Clofazimine,2794,CHEBI:3749,R-HSA-9678108,SARS-CoV-1 Infection,TAS,Homo sapiens
745,Clofazimine,2794,CHEBI:3749,R-HSA-9678110,Attachment and Entry,TAS,Homo sapiens
745,Clofazimine,2794,CHEBI:3749,R-HSA-9679506,SARS-CoV Infections,TAS,Homo sapiens
745,Clofazimine,2794,CHEBI:3749,R-HSA-9694516,SARS-CoV-2 Infection,TAS,Homo sapiens
745,Clofazimine,2794,CHEBI:3749,R-HSA-9694614,Attachment and Entry,TAS,Homo sapiens
745,Clofazimine,2794,CHEBI:3749,R-HSA-9772572,Early SARS-CoV-2 Infection Events,TAS,Homo sapiens
745,Clofazimine,2794,CHEBI:3749,R-HSA-9824446,Viral Infection Pathways,TAS,Homo sapiens
748,Clofibrate,2796,CHEBI:3750,R-HSA-1430728,Metabolism,TAS,Homo sapiens
748,Clofibrate,2796,CHEBI:3750,R-HSA-400206,Regulation of lipid metabolism by PPARalpha,TAS,Homo sapiens
748,Clofibrate,2796,CHEBI:3750,R-HSA-556833,Metabolism of lipids,TAS,Homo sapiens
753,Clomipramine,2801,CHEBI:47780,R-HSA-112311,Neurotransmitter clearance,TAS,Homo sapiens
753,Clomipramine,2801,CHEBI:47780,R-HSA-112315,Transmission across Chemical Synapses,TAS,Homo sapiens
753,Clomipramine,2801,CHEBI:47780,R-HSA-112316,Neuronal System,TAS,Homo sapiens
753,Clomipramine,2801,CHEBI:47780,R-HSA-380615,Serotonin clearance from the synaptic cleft,TAS,Homo sapiens
756,Clonidine,2803,CHEBI:3757,R-HSA-162582,Signal Transduction,TAS,Homo sapiens
756,Clonidine,2803,CHEBI:3757,R-HSA-372790,Signaling by GPCR,TAS,Homo sapiens
756,Clonidine,2803,CHEBI:3757,R-HSA-373076,Class A/1 (Rhodopsin-like receptors),TAS,Homo sapiens
756,Clonidine,2803,CHEBI:3757,R-HSA-375280,Amine ligand-binding receptors,TAS,Homo sapiens
756,Clonidine,2803,CHEBI:3757,R-HSA-390696,Adrenoceptors,TAS,Homo sapiens
756,Clonidine,2803,CHEBI:3757,R-HSA-500792,GPCR ligand binding,TAS,Homo sapiens
760,Clopidogrel,60606,CHEBI:37941,R-HSA-109582,Hemostasis,TAS,Homo sapiens
760,Clopidogrel,60606,CHEBI:37941,R-HSA-162582,Signal Transduction,TAS,Homo sapiens
760,Clopidogrel,60606,CHEBI:37941,R-HSA-372790,Signaling by GPCR,TAS,Homo sapiens
760,Clopidogrel,60606,CHEBI:37941,R-HSA-373076,Class A/1 (Rhodopsin-like receptors),TAS,Homo sapiens
760,Clopidogrel,60606,CHEBI:37941,R-HSA-392170,ADP signalling through P2Y purinoceptor 12,TAS,Homo sapiens
760,Clopidogrel,60606,CHEBI:37941,R-HSA-392518,Signal amplification,TAS,Homo sapiens
760,Clopidogrel,60606,CHEBI:37941,R-HSA-417957,P2Y receptors,TAS,Homo sapiens
760,Clopidogrel,60606,CHEBI:37941,R-HSA-418038,Nucleotide-like (purinergic) receptors,TAS,Homo sapiens
760,Clopidogrel,60606,CHEBI:37941,R-HSA-500792,GPCR ligand binding,TAS,Homo sapiens
760,Clopidogrel,60606,CHEBI:37941,R-HSA-76002,"Platelet activation, signaling and aggregation",TAS,Homo sapiens
777,Clozapine,135398737,CHEBI:3766,R-HSA-162582,Signal Transduction,TAS,Homo sapiens
777,Clozapine,135398737,CHEBI:3766,R-HSA-372790,Signaling by GPCR,TAS,Homo sapiens
777,Clozapine,135398737,CHEBI:3766,R-HSA-373076,Class A/1 (Rhodopsin-like receptors),TAS,Homo sapiens
777,Clozapine,135398737,CHEBI:3766,R-HSA-375280,Amine ligand-binding receptors,TAS,Homo sapiens
777,Clozapine,135398737,CHEBI:3766,R-HSA-390650,Histamine receptors,TAS,Homo sapiens
777,Clozapine,135398737,CHEBI:3766,R-HSA-390651,Dopamine receptors,TAS,Homo sapiens
777,Clozapine,135398737,CHEBI:3766,R-HSA-390666,Serotonin receptors,TAS,Homo sapiens
777,Clozapine,135398737,CHEBI:3766,R-HSA-500792,GPCR ligand binding,TAS,Homo sapiens
778,Cobicistat,25151504,CHEBI:72291,R-HSA-1430728,Metabolism,TAS,Homo sapiens
778,Cobicistat,25151504,CHEBI:72291,R-HSA-211859,Biological oxidations,TAS,Homo sapiens
778,Cobicistat,25151504,CHEBI:72291,R-HSA-211945,Phase I - Functionalization of compounds,TAS,Homo sapiens
779,Cobimetinib,16222096,CHEBI:90851,R-HSA-162582,Signal Transduction,TAS,Homo sapiens
779,Cobimetinib,16222096,CHEBI:90851,R-HSA-5673001,RAF/MAP kinase cascade,TAS,Homo sapiens
779,Cobimetinib,16222096,CHEBI:90851,R-HSA-5674135,MAP2K and MAPK activation,TAS,Homo sapiens
779,Cobimetinib,16222096,CHEBI:90851,R-HSA-5683057,MAPK family signaling cascades,TAS,Homo sapiens
779,Cobimetinib,16222096,CHEBI:90851,R-HSA-5684996,MAPK1/MAPK3 signaling,TAS,Homo sapiens
780,Cocaine,446220,CHEBI:27958,R-HSA-1430728,Metabolism,TAS,Homo sapiens
780,Cocaine,446220,CHEBI:27958,R-HSA-211859,Biological oxidations,TAS,Homo sapiens
780,Cocaine,446220,CHEBI:27958,R-HSA-211945,Phase I - Functionalization of compounds,TAS,Homo sapiens
782,Colchicine,6167,CHEBI:27882,R-HSA-1643685,Disease,TAS,Homo sapiens
782,Colchicine,6167,CHEBI:27882,R-HSA-382551,Transport of small molecules,TAS,Homo sapiens
782,Colchicine,6167,CHEBI:27882,R-HSA-382556,ABC-family protein mediated transport,TAS,Homo sapiens
782,Colchicine,6167,CHEBI:27882,R-HSA-5663205,Infectious disease,TAS,Homo sapiens
782,Colchicine,6167,CHEBI:27882,R-HSA-9679191,Potential therapeutics for SARS,TAS,Homo sapiens
782,Colchicine,6167,CHEBI:27882,R-HSA-9679506,SARS-CoV Infections,TAS,Homo sapiens
782,Colchicine,6167,CHEBI:27882,R-HSA-9748784,Drug ADME,TAS,Homo sapiens
782,Colchicine,6167,CHEBI:27882,R-HSA-9757110,Prednisone ADME,TAS,Homo sapiens
782,Colchicine,6167,CHEBI:27882,R-HSA-9824446,Viral Infection Pathways,TAS,Homo sapiens
785,Conivaptan,151171,CHEBI:681850,R-HSA-162582,Signal Transduction,TAS,Homo sapiens
785,Conivaptan,151171,CHEBI:681850,R-HSA-372790,Signaling by GPCR,TAS,Homo sapiens
785,Conivaptan,151171,CHEBI:681850,R-HSA-373076,Class A/1 (Rhodopsin-like receptors),TAS,Homo sapiens
785,Conivaptan,151171,CHEBI:681850,R-HSA-375276,Peptide ligand-binding receptors,TAS,Homo sapiens
785,Conivaptan,151171,CHEBI:681850,R-HSA-388479,Vasopressin-like receptors,TAS,Homo sapiens
785,Conivaptan,151171,CHEBI:681850,R-HSA-500792,GPCR ligand binding,TAS,Homo sapiens
787,Copper,23978,CHEBI:28694,R-HSA-1430728,Metabolism,TAS,Homo sapiens
787,Copper,23978,CHEBI:28694,R-HSA-1643685,Disease,TAS,Homo sapiens
787,Copper,23978,CHEBI:28694,R-HSA-209776,Metabolism of amine-derived hormones,TAS,Homo sapiens
787,Copper,23978,CHEBI:28694,R-HSA-209905,Catecholamine biosynthesis,TAS,Homo sapiens
787,Copper,23978,CHEBI:28694,R-HSA-211859,Biological oxidations,TAS,Homo sapiens
787,Copper,23978,CHEBI:28694,R-HSA-211945,Phase I - Functionalization of compounds,TAS,Homo sapiens
787,Copper,23978,CHEBI:28694,R-HSA-382551,Transport of small molecules,TAS,Homo sapiens
787,Copper,23978,CHEBI:28694,R-HSA-425407,SLC-mediated transmembrane transport,TAS,Homo sapiens
787,Copper,23978,CHEBI:28694,R-HSA-425410,Metal ion SLC transporters,TAS,Homo sapiens
787,Copper,23978,CHEBI:28694,R-HSA-5619102,SLC transporter disorders,TAS,Homo sapiens
787,Copper,23978,CHEBI:28694,R-HSA-5619115,Disorders of transmembrane transporters,TAS,Homo sapiens
787,Copper,23978,CHEBI:28694,R-HSA-5655799,Defective SLC40A1 causes hemochromatosis 4 (HFE4) (duodenum),TAS,Homo sapiens
787,Copper,23978,CHEBI:28694,R-HSA-70921,Histidine catabolism,TAS,Homo sapiens
787,Copper,23978,CHEBI:28694,R-HSA-71291,Metabolism of amino acids and derivatives,TAS,Homo sapiens
787,Copper,23978,CHEBI:28694,R-HSA-917937,Iron uptake and transport,TAS,Homo sapiens
789,Corticosterone,5753,CHEBI:16827,R-HSA-1430728,Metabolism,TAS,Homo sapiens
789,Corticosterone,5753,CHEBI:16827,R-HSA-162582,Signal Transduction,TAS,Homo sapiens
789,Corticosterone,5753,CHEBI:16827,R-HSA-1643685,Disease,TAS,Homo sapiens
789,Corticosterone,5753,CHEBI:16827,R-HSA-193993,Mineralocorticoid biosynthesis,TAS,Homo sapiens
789,Corticosterone,5753,CHEBI:16827,R-HSA-196071,Metabolism of steroid hormones,TAS,Homo sapiens
789,Corticosterone,5753,CHEBI:16827,R-HSA-211859,Biological oxidations,TAS,Homo sapiens
789,Corticosterone,5753,CHEBI:16827,R-HSA-211897,Cytochrome P450 - arranged by substrate type,TAS,Homo sapiens
789,Corticosterone,5753,CHEBI:16827,R-HSA-211945,Phase I - Functionalization of compounds,TAS,Homo sapiens
789,Corticosterone,5753,CHEBI:16827,R-HSA-211976,Endogenous sterols,TAS,Homo sapiens
789,Corticosterone,5753,CHEBI:16827,R-HSA-212436,Generic Transcription Pathway,IEA,Homo sapiens
789,Corticosterone,5753,CHEBI:16827,R-HSA-2262752,Cellular responses to stress,TAS,Homo sapiens
789,Corticosterone,5753,CHEBI:16827,R-HSA-2990846,SUMOylation,TAS,Homo sapiens
789,Corticosterone,5753,CHEBI:16827,R-HSA-3108232,SUMO E3 ligases SUMOylate target proteins,TAS,Homo sapiens
789,Corticosterone,5753,CHEBI:16827,R-HSA-3371497,HSP90 chaperone cycle for steroid hormone receptors (SHR) in the presence of ligand,TAS,Homo sapiens
789,Corticosterone,5753,CHEBI:16827,R-HSA-392499,Metabolism of proteins,TAS,Homo sapiens
789,Corticosterone,5753,CHEBI:16827,R-HSA-4090294,SUMOylation of intracellular receptors,TAS,Homo sapiens
789,Corticosterone,5753,CHEBI:16827,R-HSA-556833,Metabolism of lipids,TAS,Homo sapiens
789,Corticosterone,5753,CHEBI:16827,R-HSA-5579009,Defective CYP11B2 causes CMO-1 deficiency,TAS,Homo sapiens
789,Corticosterone,5753,CHEBI:16827,R-HSA-5579029,Metabolic disorders of biological oxidation enzymes,TAS,Homo sapiens
789,Corticosterone,5753,CHEBI:16827,R-HSA-5668914,Diseases of metabolism,TAS,Homo sapiens
789,Corticosterone,5753,CHEBI:16827,R-HSA-597592,Post-translational protein modification,TAS,Homo sapiens
789,Corticosterone,5753,CHEBI:16827,R-HSA-73857,RNA Polymerase II Transcription,IEA,Homo sapiens
789,Corticosterone,5753,CHEBI:16827,R-HSA-74160,Gene expression (Transcription),IEA,Homo sapiens
789,Corticosterone,5753,CHEBI:16827,R-HSA-8848021,Signaling by PTK6,TAS,Homo sapiens
789,Corticosterone,5753,CHEBI:16827,R-HSA-8849473,PTK6 Expression,TAS,Homo sapiens
789,Corticosterone,5753,CHEBI:16827,R-HSA-8878166,Transcriptional regulation by RUNX2,IEA,Homo sapiens
789,Corticosterone,5753,CHEBI:16827,R-HSA-8939902,Regulation of RUNX2 expression and activity,IEA,Homo sapiens
789,Corticosterone,5753,CHEBI:16827,R-HSA-8953897,Cellular responses to stimuli,TAS,Homo sapiens
789,Corticosterone,5753,CHEBI:16827,R-HSA-8957322,Metabolism of steroids,TAS,Homo sapiens
789,Corticosterone,5753,CHEBI:16827,R-HSA-9006927,Signaling by Non-Receptor Tyrosine Kinases,TAS,Homo sapiens
789,Corticosterone,5753,CHEBI:16827,R-HSA-9614085,FOXO-mediated transcription,IEA,Homo sapiens
789,Corticosterone,5753,CHEBI:16827,R-HSA-9615017,"FOXO-mediated transcription of oxidative stress, metabolic and neuronal genes",IEA,Homo sapiens
789,Corticosterone,5753,CHEBI:16827,R-HSA-9634815,Transcriptional Regulation by NPAS4,IEA,Homo sapiens
789,Corticosterone,5753,CHEBI:16827,R-HSA-9768759,Regulation of NPAS4 gene expression,IEA,Homo sapiens
789,Corticosterone,5753,CHEBI:16827,R-HSA-9768777,Regulation of NPAS4 gene transcription,IEA,Homo sapiens
790,Cortisone,222786,CHEBI:16962,R-HSA-1430728,Metabolism,TAS,Homo sapiens
790,Cortisone,222786,CHEBI:16962,R-HSA-194002,Glucocorticoid biosynthesis,TAS,Homo sapiens
790,Cortisone,222786,CHEBI:16962,R-HSA-196071,Metabolism of steroid hormones,TAS,Homo sapiens
790,Cortisone,222786,CHEBI:16962,R-HSA-556833,Metabolism of lipids,TAS,Homo sapiens
790,Cortisone,222786,CHEBI:16962,R-HSA-8957322,Metabolism of steroids,TAS,Homo sapiens
790,Cortisone,222786,CHEBI:16962,R-HSA-9709957,Sensory Perception,IEA,Homo sapiens
790,Cortisone,222786,CHEBI:16962,R-HSA-9709957,Sensory Perception,TAS,Homo sapiens
790,Cortisone,222786,CHEBI:16962,R-HSA-9717189,Sensory perception of taste,IEA,Homo sapiens
790,Cortisone,222786,CHEBI:16962,R-HSA-9717189,Sensory perception of taste,TAS,Homo sapiens
790,Cortisone,222786,CHEBI:16962,R-HSA-9717207,"Sensory perception of sweet, bitter, and umami (glutamate) taste",IEA,Homo sapiens
790,Cortisone,222786,CHEBI:16962,R-HSA-9717207,"Sensory perception of sweet, bitter, and umami (glutamate) taste",TAS,Homo sapiens
794,Coumarin,323,CHEBI:28794,R-HSA-1430728,Metabolism,TAS,Homo sapiens
794,Coumarin,323,CHEBI:28794,R-HSA-162582,Signal Transduction,TAS,Homo sapiens
794,Coumarin,323,CHEBI:28794,R-HSA-211859,Biological oxidations,TAS,Homo sapiens
794,Coumarin,323,CHEBI:28794,R-HSA-211897,Cytochrome P450 - arranged by substrate type,TAS,Homo sapiens
794,Coumarin,323,CHEBI:28794,R-HSA-211945,Phase I - Functionalization of compounds,TAS,Homo sapiens
794,Coumarin,323,CHEBI:28794,R-HSA-211981,Xenobiotics,TAS,Homo sapiens
794,Coumarin,323,CHEBI:28794,R-HSA-372790,Signaling by GPCR,TAS,Homo sapiens
794,Coumarin,323,CHEBI:28794,R-HSA-381753,Olfactory Signaling Pathway,IEA,Homo sapiens
794,Coumarin,323,CHEBI:28794,R-HSA-381753,Olfactory Signaling Pathway,TAS,Homo sapiens
794,Coumarin,323,CHEBI:28794,R-HSA-388396,GPCR downstream signalling,TAS,Homo sapiens
794,Coumarin,323,CHEBI:28794,R-HSA-418594,G alpha (i) signalling events,TAS,Homo sapiens
794,Coumarin,323,CHEBI:28794,R-HSA-420499,Class C/3 (Metabotropic glutamate/pheromone receptors),TAS,Homo sapiens
794,Coumarin,323,CHEBI:28794,R-HSA-500792,GPCR ligand binding,TAS,Homo sapiens
794,Coumarin,323,CHEBI:28794,R-HSA-9709957,Sensory Perception,IEA,Homo sapiens
794,Coumarin,323,CHEBI:28794,R-HSA-9709957,Sensory Perception,TAS,Homo sapiens
794,Coumarin,323,CHEBI:28794,R-HSA-9717189,Sensory perception of taste,IEA,Homo sapiens
794,Coumarin,323,CHEBI:28794,R-HSA-9717189,Sensory perception of taste,TAS,Homo sapiens
794,Coumarin,323,CHEBI:28794,R-HSA-9717207,"Sensory perception of sweet, bitter, and umami (glutamate) taste",IEA,Homo sapiens
794,Coumarin,323,CHEBI:28794,R-HSA-9717207,"Sensory perception of sweet, bitter, and umami (glutamate) taste",TAS,Homo sapiens
796,Crenolanib,10366136,CHEBI:145365,R-HSA-1280215,Cytokine Signaling in Immune system,TAS,Homo sapiens
796,Crenolanib,10366136,CHEBI:145365,R-HSA-162582,Signal Transduction,TAS,Homo sapiens
796,Crenolanib,10366136,CHEBI:145365,R-HSA-1643685,Disease,TAS,Homo sapiens
796,Crenolanib,10366136,CHEBI:145365,R-HSA-168256,Immune System,TAS,Homo sapiens
796,Crenolanib,10366136,CHEBI:145365,R-HSA-186797,Signaling by PDGF,TAS,Homo sapiens
796,Crenolanib,10366136,CHEBI:145365,R-HSA-5663202,Diseases of signal transduction by growth factor receptors and second messengers,TAS,Homo sapiens
796,Crenolanib,10366136,CHEBI:145365,R-HSA-9006934,Signaling by Receptor Tyrosine Kinases,TAS,Homo sapiens
796,Crenolanib,10366136,CHEBI:145365,R-HSA-9607240,FLT3 Signaling,TAS,Homo sapiens
796,Crenolanib,10366136,CHEBI:145365,R-HSA-9671555,Signaling by PDGFR in disease,TAS,Homo sapiens
796,Crenolanib,10366136,CHEBI:145365,R-HSA-9674428,PDGFR mutants bind TKIs,TAS,Homo sapiens
796,Crenolanib,10366136,CHEBI:145365,R-HSA-9682385,FLT3 signaling in disease,TAS,Homo sapiens
796,Crenolanib,10366136,CHEBI:145365,R-HSA-9702506,Drug resistance of FLT3 mutants,TAS,Homo sapiens
796,Crenolanib,10366136,CHEBI:145365,R-HSA-9702509,FLT3 mutants bind TKIs,TAS,Homo sapiens
796,Crenolanib,10366136,CHEBI:145365,R-HSA-9702581,crenolanib-resistant FLT3 mutants,TAS,Homo sapiens
797,Crizotinib,11626560,CHEBI:64310,R-HSA-162582,Signal Transduction,TAS,Homo sapiens
797,Crizotinib,11626560,CHEBI:64310,R-HSA-1643685,Disease,TAS,Homo sapiens
797,Crizotinib,11626560,CHEBI:64310,R-HSA-201556,Signaling by ALK,TAS,Homo sapiens
797,Crizotinib,11626560,CHEBI:64310,R-HSA-5663202,Diseases of signal transduction by growth factor receptors and second messengers,TAS,Homo sapiens
797,Crizotinib,11626560,CHEBI:64310,R-HSA-6806834,Signaling by MET,TAS,Homo sapiens
797,Crizotinib,11626560,CHEBI:64310,R-HSA-6806942,MET Receptor Activation,TAS,Homo sapiens
797,Crizotinib,11626560,CHEBI:64310,R-HSA-6807004,Negative regulation of MET activity,TAS,Homo sapiens
797,Crizotinib,11626560,CHEBI:64310,R-HSA-9006934,Signaling by Receptor Tyrosine Kinases,TAS,Homo sapiens
797,Crizotinib,11626560,CHEBI:64310,R-HSA-9700206,Signaling by ALK in cancer,TAS,Homo sapiens
797,Crizotinib,11626560,CHEBI:64310,R-HSA-9700645,ALK mutants bind TKIs,TAS,Homo sapiens
797,Crizotinib,11626560,CHEBI:64310,R-HSA-9700649,Drug resistance of ALK mutants,TAS,Homo sapiens
797,Crizotinib,11626560,CHEBI:64310,R-HSA-9717326,crizotinib-resistant ALK mutants,TAS,Homo sapiens
797,Crizotinib,11626560,CHEBI:64310,R-HSA-9725370,Signaling by ALK fusions and activated point mutants,TAS,Homo sapiens
797,Crizotinib,11626560,CHEBI:64310,R-HSA-9725371,Nuclear events stimulated by ALK signaling in cancer,TAS,Homo sapiens
797,Crizotinib,11626560,CHEBI:64310,R-HSA-9734091,Drug-mediated inhibition of MET activation,TAS,Homo sapiens
805,Cyclizine,6726,CHEBI:3994,R-HSA-162582,Signal Transduction,TAS,Homo sapiens
805,Cyclizine,6726,CHEBI:3994,R-HSA-372790,Signaling by GPCR,TAS,Homo sapiens
805,Cyclizine,6726,CHEBI:3994,R-HSA-373076,Class A/1 (Rhodopsin-like receptors),TAS,Homo sapiens
805,Cyclizine,6726,CHEBI:3994,R-HSA-375280,Amine ligand-binding receptors,TAS,Homo sapiens
805,Cyclizine,6726,CHEBI:3994,R-HSA-390650,Histamine receptors,TAS,Homo sapiens
805,Cyclizine,6726,CHEBI:3994,R-HSA-500792,GPCR ligand binding,TAS,Homo sapiens
813,Cyclophosphamide,2907,CHEBI:4027,R-HSA-6783310,Fanconi Anemia Pathway,IEA,Homo sapiens
813,Cyclophosphamide,2907,CHEBI:4027,R-HSA-73894,DNA Repair,IEA,Homo sapiens
813,Cyclophosphamide,2907,CHEBI:4027,R-HSA-9750126,Drug-induced formation of DNA interstrand crosslinks,IEA,Homo sapiens
816,Cyclosporine,5284373,CHEBI:4031,R-HSA-1168372,Downstream signaling events of B Cell Receptor (BCR),IEA,Homo sapiens
816,Cyclosporine,5284373,CHEBI:4031,R-HSA-1280218,Adaptive Immune System,IEA,Homo sapiens
816,Cyclosporine,5284373,CHEBI:4031,R-HSA-168256,Immune System,IEA,Homo sapiens
816,Cyclosporine,5284373,CHEBI:4031,R-HSA-2025928,Calcineurin activates NFAT,IEA,Homo sapiens
816,Cyclosporine,5284373,CHEBI:4031,R-HSA-9748784,Drug ADME,TAS,Homo sapiens
816,Cyclosporine,5284373,CHEBI:4031,R-HSA-9757110,Prednisone ADME,TAS,Homo sapiens
816,Cyclosporine,5284373,CHEBI:4031,R-HSA-983705,Signaling by the B Cell Receptor (BCR),IEA,Homo sapiens
820,Cyproheptadine,2913,CHEBI:4046,R-HSA-162582,Signal Transduction,TAS,Homo sapiens
820,Cyproheptadine,2913,CHEBI:4046,R-HSA-372790,Signaling by GPCR,TAS,Homo sapiens
820,Cyproheptadine,2913,CHEBI:4046,R-HSA-373076,Class A/1 (Rhodopsin-like receptors),TAS,Homo sapiens
820,Cyproheptadine,2913,CHEBI:4046,R-HSA-375280,Amine ligand-binding receptors,TAS,Homo sapiens
820,Cyproheptadine,2913,CHEBI:4046,R-HSA-390650,Histamine receptors,TAS,Homo sapiens
820,Cyproheptadine,2913,CHEBI:4046,R-HSA-500792,GPCR ligand binding,TAS,Homo sapiens
821,Cyproterone acetate,9880,CHEBI:50743,R-HSA-2262752,Cellular responses to stress,TAS,Homo sapiens
821,Cyproterone acetate,9880,CHEBI:50743,R-HSA-3371497,HSP90 chaperone cycle for steroid hormone receptors (SHR) in the presence of ligand,TAS,Homo sapiens
821,Cyproterone acetate,9880,CHEBI:50743,R-HSA-8953897,Cellular responses to stimuli,TAS,Homo sapiens
826,D-Tryptophan,9060,CHEBI:16296,R-HSA-162582,Signal Transduction,TAS,Homo sapiens
826,D-Tryptophan,9060,CHEBI:16296,R-HSA-372790,Signaling by GPCR,TAS,Homo sapiens
826,D-Tryptophan,9060,CHEBI:16296,R-HSA-388396,GPCR downstream signalling,TAS,Homo sapiens
826,D-Tryptophan,9060,CHEBI:16296,R-HSA-418594,G alpha (i) signalling events,TAS,Homo sapiens
826,D-Tryptophan,9060,CHEBI:16296,R-HSA-420499,Class C/3 (Metabotropic glutamate/pheromone receptors),TAS,Homo sapiens
826,D-Tryptophan,9060,CHEBI:16296,R-HSA-500792,GPCR ligand binding,TAS,Homo sapiens
826,D-Tryptophan,9060,CHEBI:16296,R-HSA-9709957,Sensory Perception,TAS,Homo sapiens
826,D-Tryptophan,9060,CHEBI:16296,R-HSA-9709957,Sensory Perception,IEA,Homo sapiens
826,D-Tryptophan,9060,CHEBI:16296,R-HSA-9717189,Sensory perception of taste,TAS,Homo sapiens
826,D-Tryptophan,9060,CHEBI:16296,R-HSA-9717189,Sensory perception of taste,IEA,Homo sapiens
826,D-Tryptophan,9060,CHEBI:16296,R-HSA-9717207,"Sensory perception of sweet, bitter, and umami (glutamate) taste",TAS,Homo sapiens
826,D-Tryptophan,9060,CHEBI:16296,R-HSA-9717207,"Sensory perception of sweet, bitter, and umami (glutamate) taste",IEA,Homo sapiens
827,D-chiro-Inositol,892,CHEBI:17268,R-HSA-1430728,Metabolism,TAS,Homo sapiens
827,D-chiro-Inositol,892,CHEBI:17268,R-HSA-1483206,Glycerophospholipid biosynthesis,TAS,Homo sapiens
827,D-chiro-Inositol,892,CHEBI:17268,R-HSA-1483226,Synthesis of PI,TAS,Homo sapiens
827,D-chiro-Inositol,892,CHEBI:17268,R-HSA-1483249,Inositol phosphate metabolism,TAS,Homo sapiens
827,D-chiro-Inositol,892,CHEBI:17268,R-HSA-1483255,PI Metabolism,TAS,Homo sapiens
827,D-chiro-Inositol,892,CHEBI:17268,R-HSA-1483257,Phospholipid metabolism,TAS,Homo sapiens
827,D-chiro-Inositol,892,CHEBI:17268,R-HSA-1855183,"Synthesis of IP2, IP, and Ins in the cytosol",TAS,Homo sapiens
827,D-chiro-Inositol,892,CHEBI:17268,R-HSA-382551,Transport of small molecules,TAS,Homo sapiens
827,D-chiro-Inositol,892,CHEBI:17268,R-HSA-425407,SLC-mediated transmembrane transport,TAS,Homo sapiens
827,D-chiro-Inositol,892,CHEBI:17268,R-HSA-429593,Inositol transporters,TAS,Homo sapiens
827,D-chiro-Inositol,892,CHEBI:17268,R-HSA-556833,Metabolism of lipids,TAS,Homo sapiens
827,D-chiro-Inositol,892,CHEBI:17268,R-HSA-6814848,Glycerophospholipid catabolism,TAS,Homo sapiens
832,Dabigatran,216210,CHEBI:70752,R-HSA-109582,Hemostasis,TAS,Homo sapiens
832,Dabigatran,216210,CHEBI:70752,R-HSA-9769733,Fibrin formation,TAS,Homo sapiens
832,Dabigatran,216210,CHEBI:70752,R-HSA-9769739,Regulation of clotting cascade,TAS,Homo sapiens
832,Dabigatran,216210,CHEBI:70752,R-HSA-9769740,Coagulation pathway,TAS,Homo sapiens
832,Dabigatran,216210,CHEBI:70752,R-HSA-9769743,Amplification and propagation of coagulation cascade,TAS,Homo sapiens
834,Dabrafenib,44462760,CHEBI:75045,R-HSA-1643685,Disease,TAS,Homo sapiens
834,Dabrafenib,44462760,CHEBI:75045,R-HSA-5663202,Diseases of signal transduction by growth factor receptors and second messengers,TAS,Homo sapiens
834,Dabrafenib,44462760,CHEBI:75045,R-HSA-6802948,Signaling by high-kinase activity BRAF mutants,TAS,Homo sapiens
834,Dabrafenib,44462760,CHEBI:75045,R-HSA-6802957,Oncogenic MAPK signaling,TAS,Homo sapiens
838,Dactinomycin,457193,CHEBI:27666,R-HSA-382551,Transport of small molecules,TAS,Homo sapiens
838,Dactinomycin,457193,CHEBI:27666,R-HSA-382556,ABC-family protein mediated transport,TAS,Homo sapiens
838,Dactinomycin,457193,CHEBI:27666,R-HSA-9748784,Drug ADME,TAS,Homo sapiens
838,Dactinomycin,457193,CHEBI:27666,R-HSA-9757110,Prednisone ADME,TAS,Homo sapiens
839,Dactolisib,11977753,CHEBI:71952,R-HSA-1643685,Disease,TAS,Homo sapiens
839,Dactolisib,11977753,CHEBI:71952,R-HSA-2219528,PI3K/AKT Signaling in Cancer,TAS,Homo sapiens
839,Dactolisib,11977753,CHEBI:71952,R-HSA-2219530,Constitutive Signaling by Aberrant PI3K in Cancer,TAS,Homo sapiens
839,Dactolisib,11977753,CHEBI:71952,R-HSA-5663202,Diseases of signal transduction by growth factor receptors and second messengers,TAS,Homo sapiens
844,Danazol,28417,CHEBI:4315,R-HSA-2262752,Cellular responses to stress,TAS,Homo sapiens
844,Danazol,28417,CHEBI:4315,R-HSA-3371497,HSP90 chaperone cycle for steroid hormone receptors (SHR) in the presence of ligand,TAS,Homo sapiens
844,Danazol,28417,CHEBI:4315,R-HSA-8953897,Cellular responses to stimuli,TAS,Homo sapiens
849,Dapagliflozin,9887712,CHEBI:85078,R-HSA-189200,Cellular hexose transport,TAS,Homo sapiens
849,Dapagliflozin,9887712,CHEBI:85078,R-HSA-382551,Transport of small molecules,TAS,Homo sapiens
849,Dapagliflozin,9887712,CHEBI:85078,R-HSA-425407,SLC-mediated transmembrane transport,TAS,Homo sapiens
851,Dapoxetine,71353,CHEBI:135962,R-HSA-112311,Neurotransmitter clearance,TAS,Homo sapiens
851,Dapoxetine,71353,CHEBI:135962,R-HSA-112315,Transmission across Chemical Synapses,TAS,Homo sapiens
851,Dapoxetine,71353,CHEBI:135962,R-HSA-112316,Neuronal System,TAS,Homo sapiens
851,Dapoxetine,71353,CHEBI:135962,R-HSA-380615,Serotonin clearance from the synaptic cleft,TAS,Homo sapiens
853,Dapsone,2955,CHEBI:4325,R-HSA-9709957,Sensory Perception,IEA,Homo sapiens
853,Dapsone,2955,CHEBI:4325,R-HSA-9709957,Sensory Perception,TAS,Homo sapiens
853,Dapsone,2955,CHEBI:4325,R-HSA-9717189,Sensory perception of taste,IEA,Homo sapiens
853,Dapsone,2955,CHEBI:4325,R-HSA-9717189,Sensory perception of taste,TAS,Homo sapiens
853,Dapsone,2955,CHEBI:4325,R-HSA-9717207,"Sensory perception of sweet, bitter, and umami (glutamate) taste",IEA,Homo sapiens
853,Dapsone,2955,CHEBI:4325,R-HSA-9717207,"Sensory perception of sweet, bitter, and umami (glutamate) taste",TAS,Homo sapiens
857,Darifenacin,444031,CHEBI:391960,R-HSA-162582,Signal Transduction,TAS,Homo sapiens
857,Darifenacin,444031,CHEBI:391960,R-HSA-372790,Signaling by GPCR,TAS,Homo sapiens
857,Darifenacin,444031,CHEBI:391960,R-HSA-373076,Class A/1 (Rhodopsin-like receptors),TAS,Homo sapiens
857,Darifenacin,444031,CHEBI:391960,R-HSA-375280,Amine ligand-binding receptors,TAS,Homo sapiens
857,Darifenacin,444031,CHEBI:391960,R-HSA-390648,Muscarinic acetylcholine receptors,TAS,Homo sapiens
857,Darifenacin,444031,CHEBI:391960,R-HSA-500792,GPCR ligand binding,TAS,Homo sapiens
860,Darunavir,213039,CHEBI:367163,R-HSA-162587,HIV Life Cycle,TAS,Homo sapiens
860,Darunavir,213039,CHEBI:367163,R-HSA-162588,Budding and maturation of HIV virion,TAS,Homo sapiens
860,Darunavir,213039,CHEBI:367163,R-HSA-162599,Late Phase of HIV Life Cycle,TAS,Homo sapiens
860,Darunavir,213039,CHEBI:367163,R-HSA-162906,HIV Infection,TAS,Homo sapiens
860,Darunavir,213039,CHEBI:367163,R-HSA-1643685,Disease,TAS,Homo sapiens
860,Darunavir,213039,CHEBI:367163,R-HSA-5663205,Infectious disease,TAS,Homo sapiens
860,Darunavir,213039,CHEBI:367163,R-HSA-9824446,Viral Infection Pathways,TAS,Homo sapiens
862,Dasatinib,3062316,CHEBI:49375,R-HSA-1433557,Signaling by SCF-KIT,TAS,Homo sapiens
862,Dasatinib,3062316,CHEBI:49375,R-HSA-162582,Signal Transduction,TAS,Homo sapiens
862,Dasatinib,3062316,CHEBI:49375,R-HSA-1643685,Disease,TAS,Homo sapiens
862,Dasatinib,3062316,CHEBI:49375,R-HSA-186797,Signaling by PDGF,TAS,Homo sapiens
862,Dasatinib,3062316,CHEBI:49375,R-HSA-5663202,Diseases of signal transduction by growth factor receptors and second messengers,TAS,Homo sapiens
862,Dasatinib,3062316,CHEBI:49375,R-HSA-5663205,Infectious disease,TAS,Homo sapiens
862,Dasatinib,3062316,CHEBI:49375,R-HSA-9006934,Signaling by Receptor Tyrosine Kinases,TAS,Homo sapiens
862,Dasatinib,3062316,CHEBI:49375,R-HSA-9669914,Dasatinib-resistant KIT mutants,TAS,Homo sapiens
862,Dasatinib,3062316,CHEBI:49375,R-HSA-9669921,KIT mutants bind TKIs,TAS,Homo sapiens
862,Dasatinib,3062316,CHEBI:49375,R-HSA-9669937,Drug resistance of KIT mutants,TAS,Homo sapiens
862,Dasatinib,3062316,CHEBI:49375,R-HSA-9669938,Signaling by KIT in disease,TAS,Homo sapiens
862,Dasatinib,3062316,CHEBI:49375,R-HSA-9671555,Signaling by PDGFR in disease,TAS,Homo sapiens
862,Dasatinib,3062316,CHEBI:49375,R-HSA-9674428,PDGFR mutants bind TKIs,TAS,Homo sapiens
862,Dasatinib,3062316,CHEBI:49375,R-HSA-9824446,Viral Infection Pathways,TAS,Homo sapiens
862,Dasatinib,3062316,CHEBI:49375,R-HSA-9839923,Dengue Virus Infection,TAS,Homo sapiens
862,Dasatinib,3062316,CHEBI:49375,R-HSA-9918476,Assembly and Release of Dengue Virus Virions,TAS,Homo sapiens
864,Daunorubicin,30323,CHEBI:41977,R-HSA-382551,Transport of small molecules,TAS,Homo sapiens
864,Daunorubicin,30323,CHEBI:41977,R-HSA-382556,ABC-family protein mediated transport,TAS,Homo sapiens
864,Daunorubicin,30323,CHEBI:41977,R-HSA-9748784,Drug ADME,TAS,Homo sapiens
864,Daunorubicin,30323,CHEBI:41977,R-HSA-9757110,Prednisone ADME,TAS,Homo sapiens
868,Debrisoquine,2966,CHEBI:34665,R-HSA-1430728,Metabolism,TAS,Homo sapiens
868,Debrisoquine,2966,CHEBI:34665,R-HSA-156580,Phase II - Conjugation of compounds,TAS,Homo sapiens
868,Debrisoquine,2966,CHEBI:34665,R-HSA-156588,Glucuronidation,TAS,Homo sapiens
868,Debrisoquine,2966,CHEBI:34665,R-HSA-211859,Biological oxidations,TAS,Homo sapiens
868,Debrisoquine,2966,CHEBI:34665,R-HSA-211897,Cytochrome P450 - arranged by substrate type,TAS,Homo sapiens
868,Debrisoquine,2966,CHEBI:34665,R-HSA-211945,Phase I - Functionalization of compounds,TAS,Homo sapiens
868,Debrisoquine,2966,CHEBI:34665,R-HSA-211981,Xenobiotics,TAS,Homo sapiens
868,Debrisoquine,2966,CHEBI:34665,R-HSA-9748784,Drug ADME,TAS,Homo sapiens
868,Debrisoquine,2966,CHEBI:34665,R-HSA-9749641,Aspirin ADME,TAS,Homo sapiens
871,Decitabine,451668,CHEBI:50131,R-HSA-1643685,Disease,TAS,Homo sapiens
871,Decitabine,451668,CHEBI:50131,R-HSA-9645723,Diseases of programmed cell death,TAS,Homo sapiens
871,Decitabine,451668,CHEBI:50131,R-HSA-9710421,Defective pyroptosis,TAS,Homo sapiens
874,Deflazacort,189821,CHEBI:135720,R-HSA-1643685,Disease,TAS,Homo sapiens
874,Deflazacort,189821,CHEBI:135720,R-HSA-2262752,Cellular responses to stress,TAS,Homo sapiens
874,Deflazacort,189821,CHEBI:135720,R-HSA-3371497,HSP90 chaperone cycle for steroid hormone receptors (SHR) in the presence of ligand,TAS,Homo sapiens
874,Deflazacort,189821,CHEBI:135720,R-HSA-5663205,Infectious disease,TAS,Homo sapiens
874,Deflazacort,189821,CHEBI:135720,R-HSA-8953897,Cellular responses to stimuli,TAS,Homo sapiens
874,Deflazacort,189821,CHEBI:135720,R-HSA-9679191,Potential therapeutics for SARS,TAS,Homo sapiens
874,Deflazacort,189821,CHEBI:135720,R-HSA-9679506,SARS-CoV Infections,TAS,Homo sapiens
874,Deflazacort,189821,CHEBI:135720,R-HSA-9824446,Viral Infection Pathways,TAS,Homo sapiens
875,Degarelix,16136245,CHEBI:135961,R-HSA-162582,Signal Transduction,TAS,Homo sapiens
875,Degarelix,16136245,CHEBI:135961,R-HSA-372790,Signaling by GPCR,TAS,Homo sapiens
875,Degarelix,16136245,CHEBI:135961,R-HSA-373076,Class A/1 (Rhodopsin-like receptors),TAS,Homo sapiens
875,Degarelix,16136245,CHEBI:135961,R-HSA-375281,Hormone ligand-binding receptors,TAS,Homo sapiens
875,Degarelix,16136245,CHEBI:135961,R-HSA-500792,GPCR ligand binding,TAS,Homo sapiens
880,Delapril,5362116,CHEBI:135735,R-HSA-2022377,Metabolism of Angiotensinogen to Angiotensins,TAS,Homo sapiens
880,Delapril,5362116,CHEBI:135735,R-HSA-2980736,Peptide hormone metabolism,TAS,Homo sapiens
880,Delapril,5362116,CHEBI:135735,R-HSA-392499,Metabolism of proteins,TAS,Homo sapiens
892,Dequalinium,2993,CHEBI:41872,R-HSA-1643685,Disease,TAS,Homo sapiens
892,Dequalinium,2993,CHEBI:41872,R-HSA-5663205,Infectious disease,TAS,Homo sapiens
892,Dequalinium,2993,CHEBI:41872,R-HSA-9638737,Action of antimicrobials and antimicrobial resistance,TAS,Homo sapiens
892,Dequalinium,2993,CHEBI:41872,R-HSA-9640148,Infection with Enterobacteria,TAS,Homo sapiens
892,Dequalinium,2993,CHEBI:41872,R-HSA-9824439,Bacterial Infection Pathways,TAS,Homo sapiens
892,Dequalinium,2993,CHEBI:41872,R-HSA-9913143,Antimicrobial resistance,TAS,Homo sapiens
898,Desipramine,2995,CHEBI:47781,R-HSA-112311,Neurotransmitter clearance,TAS,Homo sapiens
898,Desipramine,2995,CHEBI:47781,R-HSA-112315,Transmission across Chemical Synapses,TAS,Homo sapiens
898,Desipramine,2995,CHEBI:47781,R-HSA-112316,Neuronal System,TAS,Homo sapiens
898,Desipramine,2995,CHEBI:47781,R-HSA-380615,Serotonin clearance from the synaptic cleft,TAS,Homo sapiens
898,Desipramine,2995,CHEBI:47781,R-HSA-382551,Transport of small molecules,TAS,Homo sapiens
898,Desipramine,2995,CHEBI:47781,R-HSA-425407,SLC-mediated transmembrane transport,TAS,Homo sapiens
898,Desipramine,2995,CHEBI:47781,R-HSA-549127,SLC-mediated transport of organic cations,TAS,Homo sapiens
899,Deslanoside,28620,CHEBI:31468,R-HSA-1643685,Disease,TAS,Homo sapiens
899,Deslanoside,28620,CHEBI:31468,R-HSA-382551,Transport of small molecules,TAS,Homo sapiens
899,Deslanoside,28620,CHEBI:31468,R-HSA-397014,Muscle contraction,TAS,Homo sapiens
899,Deslanoside,28620,CHEBI:31468,R-HSA-5576891,Cardiac conduction,TAS,Homo sapiens
899,Deslanoside,28620,CHEBI:31468,R-HSA-5578775,Ion homeostasis,TAS,Homo sapiens
899,Deslanoside,28620,CHEBI:31468,R-HSA-5663205,Infectious disease,TAS,Homo sapiens
899,Deslanoside,28620,CHEBI:31468,R-HSA-936837,Ion transport by P-type ATPases,TAS,Homo sapiens
899,Deslanoside,28620,CHEBI:31468,R-HSA-9679191,Potential therapeutics for SARS,TAS,Homo sapiens
899,Deslanoside,28620,CHEBI:31468,R-HSA-9679506,SARS-CoV Infections,TAS,Homo sapiens
899,Deslanoside,28620,CHEBI:31468,R-HSA-9824446,Viral Infection Pathways,TAS,Homo sapiens
899,Deslanoside,28620,CHEBI:31468,R-HSA-983712,Ion channel transport,TAS,Homo sapiens
900,Desloratadine,124087,CHEBI:291342,R-HSA-162582,Signal Transduction,TAS,Homo sapiens
900,Desloratadine,124087,CHEBI:291342,R-HSA-1643685,Disease,TAS,Homo sapiens
900,Desloratadine,124087,CHEBI:291342,R-HSA-372790,Signaling by GPCR,TAS,Homo sapiens
900,Desloratadine,124087,CHEBI:291342,R-HSA-373076,Class A/1 (Rhodopsin-like receptors),TAS,Homo sapiens
900,Desloratadine,124087,CHEBI:291342,R-HSA-375280,Amine ligand-binding receptors,TAS,Homo sapiens
900,Desloratadine,124087,CHEBI:291342,R-HSA-390650,Histamine receptors,TAS,Homo sapiens
900,Desloratadine,124087,CHEBI:291342,R-HSA-500792,GPCR ligand binding,TAS,Homo sapiens
900,Desloratadine,124087,CHEBI:291342,R-HSA-5663205,Infectious disease,TAS,Homo sapiens
900,Desloratadine,124087,CHEBI:291342,R-HSA-9678108,SARS-CoV-1 Infection,TAS,Homo sapiens
900,Desloratadine,124087,CHEBI:291342,R-HSA-9678110,Attachment and Entry,TAS,Homo sapiens
900,Desloratadine,124087,CHEBI:291342,R-HSA-9679506,SARS-CoV Infections,TAS,Homo sapiens
900,Desloratadine,124087,CHEBI:291342,R-HSA-9824446,Viral Infection Pathways,TAS,Homo sapiens
901,Desmopressin,5311065,CHEBI:4450,R-HSA-162582,Signal Transduction,TAS,Homo sapiens
901,Desmopressin,5311065,CHEBI:4450,R-HSA-372790,Signaling by GPCR,TAS,Homo sapiens
901,Desmopressin,5311065,CHEBI:4450,R-HSA-373076,Class A/1 (Rhodopsin-like receptors),TAS,Homo sapiens
901,Desmopressin,5311065,CHEBI:4450,R-HSA-375276,Peptide ligand-binding receptors,TAS,Homo sapiens
901,Desmopressin,5311065,CHEBI:4450,R-HSA-388479,Vasopressin-like receptors,TAS,Homo sapiens
901,Desmopressin,5311065,CHEBI:4450,R-HSA-500792,GPCR ligand binding,TAS,Homo sapiens
905,Desoximetasone,5311067,CHEBI:691037,R-HSA-1643685,Disease,TAS,Homo sapiens
905,Desoximetasone,5311067,CHEBI:691037,R-HSA-2262752,Cellular responses to stress,TAS,Homo sapiens
905,Desoximetasone,5311067,CHEBI:691037,R-HSA-3371497,HSP90 chaperone cycle for steroid hormone receptors (SHR) in the presence of ligand,TAS,Homo sapiens
905,Desoximetasone,5311067,CHEBI:691037,R-HSA-5663205,Infectious disease,TAS,Homo sapiens
905,Desoximetasone,5311067,CHEBI:691037,R-HSA-8953897,Cellular responses to stimuli,TAS,Homo sapiens
905,Desoximetasone,5311067,CHEBI:691037,R-HSA-9679191,Potential therapeutics for SARS,TAS,Homo sapiens
905,Desoximetasone,5311067,CHEBI:691037,R-HSA-9679506,SARS-CoV Infections,TAS,Homo sapiens
905,Desoximetasone,5311067,CHEBI:691037,R-HSA-9824446,Viral Infection Pathways,TAS,Homo sapiens
908,Desvenlafaxine,125017,CHEBI:83527,R-HSA-112311,Neurotransmitter clearance,TAS,Homo sapiens
908,Desvenlafaxine,125017,CHEBI:83527,R-HSA-112315,Transmission across Chemical Synapses,TAS,Homo sapiens
908,Desvenlafaxine,125017,CHEBI:83527,R-HSA-112316,Neuronal System,TAS,Homo sapiens
908,Desvenlafaxine,125017,CHEBI:83527,R-HSA-380615,Serotonin clearance from the synaptic cleft,TAS,Homo sapiens
924,Dexlansoprazole,9578005,CHEBI:135931,R-HSA-382551,Transport of small molecules,TAS,Homo sapiens
924,Dexlansoprazole,9578005,CHEBI:135931,R-HSA-936837,Ion transport by P-type ATPases,TAS,Homo sapiens
924,Dexlansoprazole,9578005,CHEBI:135931,R-HSA-983712,Ion channel transport,TAS,Homo sapiens
927,Dexmedetomidine,5311068,CHEBI:4466,R-HSA-162582,Signal Transduction,TAS,Homo sapiens
927,Dexmedetomidine,5311068,CHEBI:4466,R-HSA-372790,Signaling by GPCR,TAS,Homo sapiens
927,Dexmedetomidine,5311068,CHEBI:4466,R-HSA-373076,Class A/1 (Rhodopsin-like receptors),TAS,Homo sapiens
927,Dexmedetomidine,5311068,CHEBI:4466,R-HSA-375280,Amine ligand-binding receptors,TAS,Homo sapiens
927,Dexmedetomidine,5311068,CHEBI:4466,R-HSA-390696,Adrenoceptors,TAS,Homo sapiens
927,Dexmedetomidine,5311068,CHEBI:4466,R-HSA-500792,GPCR ligand binding,TAS,Homo sapiens
928,Dexmethylphenidate,154101,CHEBI:51860,R-HSA-112311,Neurotransmitter clearance,TAS,Homo sapiens
928,Dexmethylphenidate,154101,CHEBI:51860,R-HSA-112315,Transmission across Chemical Synapses,TAS,Homo sapiens
928,Dexmethylphenidate,154101,CHEBI:51860,R-HSA-112316,Neuronal System,TAS,Homo sapiens
928,Dexmethylphenidate,154101,CHEBI:51860,R-HSA-379401,Dopamine clearance from the synaptic cleft,TAS,Homo sapiens
929,Dexniguldipine,6918097,CHEBI:103932,R-HSA-397014,Muscle contraction,TAS,Homo sapiens
929,Dexniguldipine,6918097,CHEBI:103932,R-HSA-5576891,Cardiac conduction,TAS,Homo sapiens
929,Dexniguldipine,6918097,CHEBI:103932,R-HSA-5576892,Phase 0 - rapid depolarisation,TAS,Homo sapiens
929,Dexniguldipine,6918097,CHEBI:103932,R-HSA-5576893,Phase 2 - plateau phase,TAS,Homo sapiens
940,Dextrorphan,5360697,CHEBI:29133,R-HSA-1430728,Metabolism,TAS,Homo sapiens
940,Dextrorphan,5360697,CHEBI:29133,R-HSA-211859,Biological oxidations,TAS,Homo sapiens
940,Dextrorphan,5360697,CHEBI:29133,R-HSA-211897,Cytochrome P450 - arranged by substrate type,TAS,Homo sapiens
940,Dextrorphan,5360697,CHEBI:29133,R-HSA-211945,Phase I - Functionalization of compounds,TAS,Homo sapiens
940,Dextrorphan,5360697,CHEBI:29133,R-HSA-211981,Xenobiotics,TAS,Homo sapiens
955,Diclofenac,3033,CHEBI:47381,R-HSA-1430728,Metabolism,TAS,Homo sapiens
955,Diclofenac,3033,CHEBI:47381,R-HSA-2142753,Arachidonate metabolism,TAS,Homo sapiens
955,Diclofenac,3033,CHEBI:47381,R-HSA-2162123,Synthesis of Prostaglandins (PG) and Thromboxanes (TX),TAS,Homo sapiens
955,Diclofenac,3033,CHEBI:47381,R-HSA-2672351,Stimuli-sensing channels,TAS,Homo sapiens
955,Diclofenac,3033,CHEBI:47381,R-HSA-382551,Transport of small molecules,TAS,Homo sapiens
955,Diclofenac,3033,CHEBI:47381,R-HSA-556833,Metabolism of lipids,TAS,Homo sapiens
955,Diclofenac,3033,CHEBI:47381,R-HSA-8978868,Fatty acid metabolism,TAS,Homo sapiens
955,Diclofenac,3033,CHEBI:47381,R-HSA-983712,Ion channel transport,TAS,Homo sapiens
956,Diclofenamide,3038,CHEBI:101085,R-HSA-1237044,Erythrocytes take up carbon dioxide and release oxygen,TAS,Homo sapiens
956,Diclofenamide,3038,CHEBI:101085,R-HSA-1480926,O2/CO2 exchange in erythrocytes,TAS,Homo sapiens
956,Diclofenamide,3038,CHEBI:101085,R-HSA-382551,Transport of small molecules,TAS,Homo sapiens
958,Dicoumarol,54676038,CHEBI:4513,R-HSA-1430728,Metabolism,TAS,Homo sapiens
958,Dicoumarol,54676038,CHEBI:4513,R-HSA-196854,Metabolism of vitamins and cofactors,TAS,Homo sapiens
958,Dicoumarol,54676038,CHEBI:4513,R-HSA-6806664,Metabolism of vitamin K,TAS,Homo sapiens
958,Dicoumarol,54676038,CHEBI:4513,R-HSA-6806667,Metabolism of fat-soluble vitamins,TAS,Homo sapiens
959,Dicyclomine,3042,CHEBI:4514,R-HSA-162582,Signal Transduction,TAS,Homo sapiens
959,Dicyclomine,3042,CHEBI:4514,R-HSA-372790,Signaling by GPCR,TAS,Homo sapiens
959,Dicyclomine,3042,CHEBI:4514,R-HSA-373076,Class A/1 (Rhodopsin-like receptors),TAS,Homo sapiens
959,Dicyclomine,3042,CHEBI:4514,R-HSA-375280,Amine ligand-binding receptors,TAS,Homo sapiens
959,Dicyclomine,3042,CHEBI:4514,R-HSA-390648,Muscarinic acetylcholine receptors,TAS,Homo sapiens
959,Dicyclomine,3042,CHEBI:4514,R-HSA-500792,GPCR ligand binding,TAS,Homo sapiens
968,Diethylstilbestrol,448537,CHEBI:41922,R-HSA-162582,Signal Transduction,TAS,Homo sapiens
968,Diethylstilbestrol,448537,CHEBI:41922,R-HSA-8939211,ESR-mediated signaling,TAS,Homo sapiens
968,Diethylstilbestrol,448537,CHEBI:41922,R-HSA-9006931,Signaling by Nuclear Receptors,TAS,Homo sapiens
974,Diflunisal,3059,CHEBI:39669,R-HSA-1430728,Metabolism,TAS,Homo sapiens
974,Diflunisal,3059,CHEBI:39669,R-HSA-196757,Metabolism of folate and pterines,TAS,Homo sapiens
974,Diflunisal,3059,CHEBI:39669,R-HSA-196849,Metabolism of water-soluble vitamins and cofactors,TAS,Homo sapiens
974,Diflunisal,3059,CHEBI:39669,R-HSA-196854,Metabolism of vitamins and cofactors,TAS,Homo sapiens
976,Difluprednate,443936,CHEBI:31485,R-HSA-1643685,Disease,TAS,Homo sapiens
976,Difluprednate,443936,CHEBI:31485,R-HSA-2262752,Cellular responses to stress,TAS,Homo sapiens
976,Difluprednate,443936,CHEBI:31485,R-HSA-3371497,HSP90 chaperone cycle for steroid hormone receptors (SHR) in the presence of ligand,TAS,Homo sapiens
976,Difluprednate,443936,CHEBI:31485,R-HSA-5663205,Infectious disease,TAS,Homo sapiens
976,Difluprednate,443936,CHEBI:31485,R-HSA-8953897,Cellular responses to stimuli,TAS,Homo sapiens
976,Difluprednate,443936,CHEBI:31485,R-HSA-9679191,Potential therapeutics for SARS,TAS,Homo sapiens
976,Difluprednate,443936,CHEBI:31485,R-HSA-9679506,SARS-CoV Infections,TAS,Homo sapiens
976,Difluprednate,443936,CHEBI:31485,R-HSA-9824446,Viral Infection Pathways,TAS,Homo sapiens
977,Digitoxin,441207,CHEBI:28544,R-HSA-1643685,Disease,TAS,Homo sapiens
977,Digitoxin,441207,CHEBI:28544,R-HSA-382551,Transport of small molecules,TAS,Homo sapiens
977,Digitoxin,441207,CHEBI:28544,R-HSA-397014,Muscle contraction,TAS,Homo sapiens
977,Digitoxin,441207,CHEBI:28544,R-HSA-5576891,Cardiac conduction,TAS,Homo sapiens
977,Digitoxin,441207,CHEBI:28544,R-HSA-5578775,Ion homeostasis,TAS,Homo sapiens
977,Digitoxin,441207,CHEBI:28544,R-HSA-5663205,Infectious disease,TAS,Homo sapiens
977,Digitoxin,441207,CHEBI:28544,R-HSA-936837,Ion transport by P-type ATPases,TAS,Homo sapiens
977,Digitoxin,441207,CHEBI:28544,R-HSA-9679191,Potential therapeutics for SARS,TAS,Homo sapiens
977,Digitoxin,441207,CHEBI:28544,R-HSA-9679506,SARS-CoV Infections,TAS,Homo sapiens
977,Digitoxin,441207,CHEBI:28544,R-HSA-9824446,Viral Infection Pathways,TAS,Homo sapiens
977,Digitoxin,441207,CHEBI:28544,R-HSA-983712,Ion channel transport,TAS,Homo sapiens
978,Digoxin,2724385,CHEBI:4551,R-HSA-1643685,Disease,TAS,Homo sapiens
978,Digoxin,2724385,CHEBI:4551,R-HSA-382551,Transport of small molecules,TAS,Homo sapiens
978,Digoxin,2724385,CHEBI:4551,R-HSA-397014,Muscle contraction,TAS,Homo sapiens
978,Digoxin,2724385,CHEBI:4551,R-HSA-425407,SLC-mediated transmembrane transport,TAS,Homo sapiens
978,Digoxin,2724385,CHEBI:4551,R-HSA-5576891,Cardiac conduction,TAS,Homo sapiens
978,Digoxin,2724385,CHEBI:4551,R-HSA-5578775,Ion homeostasis,TAS,Homo sapiens
978,Digoxin,2724385,CHEBI:4551,R-HSA-5663205,Infectious disease,TAS,Homo sapiens
978,Digoxin,2724385,CHEBI:4551,R-HSA-879518,Organic anion transport by SLCO transporters,TAS,Homo sapiens
978,Digoxin,2724385,CHEBI:4551,R-HSA-936837,Ion transport by P-type ATPases,TAS,Homo sapiens
978,Digoxin,2724385,CHEBI:4551,R-HSA-9679191,Potential therapeutics for SARS,TAS,Homo sapiens
978,Digoxin,2724385,CHEBI:4551,R-HSA-9679506,SARS-CoV Infections,TAS,Homo sapiens
978,Digoxin,2724385,CHEBI:4551,R-HSA-9824446,Viral Infection Pathways,TAS,Homo sapiens
978,Digoxin,2724385,CHEBI:4551,R-HSA-983712,Ion channel transport,TAS,Homo sapiens
978,Digoxin,2724385,CHEBI:4551,R-HSA-9955298,SLC-mediated transport of organic anions,TAS,Homo sapiens
992,Diltiazem,39186,CHEBI:101278,R-HSA-397014,Muscle contraction,TAS,Homo sapiens
992,Diltiazem,39186,CHEBI:101278,R-HSA-5576891,Cardiac conduction,TAS,Homo sapiens
992,Diltiazem,39186,CHEBI:101278,R-HSA-5576892,Phase 0 - rapid depolarisation,TAS,Homo sapiens
992,Diltiazem,39186,CHEBI:101278,R-HSA-5576893,Phase 2 - plateau phase,TAS,Homo sapiens
996,Dimethyl fumarate,637568,CHEBI:76004,R-HSA-1643685,Disease,TAS,Homo sapiens
996,Dimethyl fumarate,637568,CHEBI:76004,R-HSA-2262752,Cellular responses to stress,TAS,Homo sapiens
996,Dimethyl fumarate,637568,CHEBI:76004,R-HSA-392499,Metabolism of proteins,TAS,Homo sapiens
996,Dimethyl fumarate,637568,CHEBI:76004,R-HSA-5218859,Regulated Necrosis,TAS,Homo sapiens
996,Dimethyl fumarate,637568,CHEBI:76004,R-HSA-5357801,Programmed Cell Death,TAS,Homo sapiens
996,Dimethyl fumarate,637568,CHEBI:76004,R-HSA-5620971,Pyroptosis,TAS,Homo sapiens
996,Dimethyl fumarate,637568,CHEBI:76004,R-HSA-5663205,Infectious disease,TAS,Homo sapiens
996,Dimethyl fumarate,637568,CHEBI:76004,R-HSA-597592,Post-translational protein modification,TAS,Homo sapiens
996,Dimethyl fumarate,637568,CHEBI:76004,R-HSA-8951664,Neddylation,TAS,Homo sapiens
996,Dimethyl fumarate,637568,CHEBI:76004,R-HSA-8953897,Cellular responses to stimuli,TAS,Homo sapiens
996,Dimethyl fumarate,637568,CHEBI:76004,R-HSA-9679191,Potential therapeutics for SARS,TAS,Homo sapiens
996,Dimethyl fumarate,637568,CHEBI:76004,R-HSA-9679506,SARS-CoV Infections,TAS,Homo sapiens
996,Dimethyl fumarate,637568,CHEBI:76004,R-HSA-9711123,Cellular response to chemical stress,TAS,Homo sapiens
996,Dimethyl fumarate,637568,CHEBI:76004,R-HSA-9755511,KEAP1-NFE2L2 pathway,TAS,Homo sapiens
996,Dimethyl fumarate,637568,CHEBI:76004,R-HSA-9824446,Viral Infection Pathways,TAS,Homo sapiens
1006,Diphenidol,3055,CHEBI:4638,R-HSA-9709957,Sensory Perception,IEA,Homo sapiens
1006,Diphenidol,3055,CHEBI:4638,R-HSA-9709957,Sensory Perception,TAS,Homo sapiens
1006,Diphenidol,3055,CHEBI:4638,R-HSA-9717189,Sensory perception of taste,IEA,Homo sapiens
1006,Diphenidol,3055,CHEBI:4638,R-HSA-9717189,Sensory perception of taste,TAS,Homo sapiens
1006,Diphenidol,3055,CHEBI:4638,R-HSA-9717207,"Sensory perception of sweet, bitter, and umami (glutamate) taste",IEA,Homo sapiens
1006,Diphenidol,3055,CHEBI:4638,R-HSA-9717207,"Sensory perception of sweet, bitter, and umami (glutamate) taste",TAS,Homo sapiens
1014,Disopyramide,3114,CHEBI:4657,R-HSA-397014,Muscle contraction,TAS,Homo sapiens
1014,Disopyramide,3114,CHEBI:4657,R-HSA-5576891,Cardiac conduction,TAS,Homo sapiens
1014,Disopyramide,3114,CHEBI:4657,R-HSA-5576892,Phase 0 - rapid depolarisation,TAS,Homo sapiens
1016,Disulfiram,3117,CHEBI:4659,R-HSA-5218859,Regulated Necrosis,TAS,Homo sapiens
1016,Disulfiram,3117,CHEBI:4659,R-HSA-5357801,Programmed Cell Death,TAS,Homo sapiens
1016,Disulfiram,3117,CHEBI:4659,R-HSA-5620971,Pyroptosis,TAS,Homo sapiens
1018,Ditiocarb,8987,CHEBI:144353,R-HSA-5218859,Regulated Necrosis,TAS,Homo sapiens
1018,Ditiocarb,8987,CHEBI:144353,R-HSA-5357801,Programmed Cell Death,TAS,Homo sapiens
1018,Ditiocarb,8987,CHEBI:144353,R-HSA-5620971,Pyroptosis,TAS,Homo sapiens
1020,Dobutamine,36811,CHEBI:4670,R-HSA-162582,Signal Transduction,TAS,Homo sapiens
1020,Dobutamine,36811,CHEBI:4670,R-HSA-372790,Signaling by GPCR,TAS,Homo sapiens
1020,Dobutamine,36811,CHEBI:4670,R-HSA-373076,Class A/1 (Rhodopsin-like receptors),TAS,Homo sapiens
1020,Dobutamine,36811,CHEBI:4670,R-HSA-375280,Amine ligand-binding receptors,TAS,Homo sapiens
1020,Dobutamine,36811,CHEBI:4670,R-HSA-390696,Adrenoceptors,TAS,Homo sapiens
1020,Dobutamine,36811,CHEBI:4670,R-HSA-500792,GPCR ligand binding,TAS,Homo sapiens
1021,Docetaxel,148124,CHEBI:4672,R-HSA-382551,Transport of small molecules,TAS,Homo sapiens
1021,Docetaxel,148124,CHEBI:4672,R-HSA-382556,ABC-family protein mediated transport,TAS,Homo sapiens
1021,Docetaxel,148124,CHEBI:4672,R-HSA-9748784,Drug ADME,TAS,Homo sapiens
1021,Docetaxel,148124,CHEBI:4672,R-HSA-9757110,Prednisone ADME,TAS,Homo sapiens
1024,Dofetilide,71329,CHEBI:4681,R-HSA-397014,Muscle contraction,TAS,Homo sapiens
1024,Dofetilide,71329,CHEBI:4681,R-HSA-5576890,Phase 3 - rapid repolarisation,TAS,Homo sapiens
1024,Dofetilide,71329,CHEBI:4681,R-HSA-5576891,Cardiac conduction,TAS,Homo sapiens
1035,Dorzolamide,5284549,CHEBI:4702,R-HSA-1237044,Erythrocytes take up carbon dioxide and release oxygen,TAS,Homo sapiens
1035,Dorzolamide,5284549,CHEBI:4702,R-HSA-1480926,O2/CO2 exchange in erythrocytes,TAS,Homo sapiens
1035,Dorzolamide,5284549,CHEBI:4702,R-HSA-382551,Transport of small molecules,TAS,Homo sapiens
1038,Dovitinib,135398510,CHEBI:91395,R-HSA-1226099,Signaling by FGFR in disease,TAS,Homo sapiens
1038,Dovitinib,135398510,CHEBI:91395,R-HSA-1433557,Signaling by SCF-KIT,TAS,Homo sapiens
1038,Dovitinib,135398510,CHEBI:91395,R-HSA-162582,Signal Transduction,TAS,Homo sapiens
1038,Dovitinib,135398510,CHEBI:91395,R-HSA-1643685,Disease,TAS,Homo sapiens
1038,Dovitinib,135398510,CHEBI:91395,R-HSA-1839117,Signaling by cytosolic FGFR1 fusion mutants,TAS,Homo sapiens
1038,Dovitinib,135398510,CHEBI:91395,R-HSA-1839120,Signaling by FGFR1 amplification mutants,TAS,Homo sapiens
1038,Dovitinib,135398510,CHEBI:91395,R-HSA-1839124,FGFR1 mutant receptor activation,TAS,Homo sapiens
1038,Dovitinib,135398510,CHEBI:91395,R-HSA-5655302,Signaling by FGFR1 in disease,TAS,Homo sapiens
1038,Dovitinib,135398510,CHEBI:91395,R-HSA-5655332,Signaling by FGFR3 in disease,TAS,Homo sapiens
1038,Dovitinib,135398510,CHEBI:91395,R-HSA-5663202,Diseases of signal transduction by growth factor receptors and second messengers,TAS,Homo sapiens
1038,Dovitinib,135398510,CHEBI:91395,R-HSA-9006934,Signaling by Receptor Tyrosine Kinases,TAS,Homo sapiens
1038,Dovitinib,135398510,CHEBI:91395,R-HSA-9669921,KIT mutants bind TKIs,TAS,Homo sapiens
1038,Dovitinib,135398510,CHEBI:91395,R-HSA-9669938,Signaling by KIT in disease,TAS,Homo sapiens
1041,Doxazosin,3157,CHEBI:4708,R-HSA-162582,Signal Transduction,TAS,Homo sapiens
1041,Doxazosin,3157,CHEBI:4708,R-HSA-372790,Signaling by GPCR,TAS,Homo sapiens
1041,Doxazosin,3157,CHEBI:4708,R-HSA-373076,Class A/1 (Rhodopsin-like receptors),TAS,Homo sapiens
1041,Doxazosin,3157,CHEBI:4708,R-HSA-375280,Amine ligand-binding receptors,TAS,Homo sapiens
1041,Doxazosin,3157,CHEBI:4708,R-HSA-390696,Adrenoceptors,TAS,Homo sapiens
1041,Doxazosin,3157,CHEBI:4708,R-HSA-500792,GPCR ligand binding,TAS,Homo sapiens
1043,Doxercalciferol,5281107,CHEBI:4712,R-HSA-1430728,Metabolism,TAS,Homo sapiens
1043,Doxercalciferol,5281107,CHEBI:4712,R-HSA-196791,Vitamin D (calciferol) metabolism,TAS,Homo sapiens
1043,Doxercalciferol,5281107,CHEBI:4712,R-HSA-556833,Metabolism of lipids,TAS,Homo sapiens
1043,Doxercalciferol,5281107,CHEBI:4712,R-HSA-8957322,Metabolism of steroids,TAS,Homo sapiens
1046,Doxorubicin,31703,CHEBI:28748,R-HSA-1430728,Metabolism,TAS,Homo sapiens
1046,Doxorubicin,31703,CHEBI:28748,R-HSA-211859,Biological oxidations,TAS,Homo sapiens
1046,Doxorubicin,31703,CHEBI:28748,R-HSA-211945,Phase I - Functionalization of compounds,TAS,Homo sapiens
1046,Doxorubicin,31703,CHEBI:28748,R-HSA-382551,Transport of small molecules,TAS,Homo sapiens
1046,Doxorubicin,31703,CHEBI:28748,R-HSA-382556,ABC-family protein mediated transport,TAS,Homo sapiens
1046,Doxorubicin,31703,CHEBI:28748,R-HSA-9748784,Drug ADME,TAS,Homo sapiens
1046,Doxorubicin,31703,CHEBI:28748,R-HSA-9757110,Prednisone ADME,TAS,Homo sapiens
1047,Doxycycline,54671203,CHEBI:50845,R-HSA-1643685,Disease,TAS,Homo sapiens
1047,Doxycycline,54671203,CHEBI:50845,R-HSA-5663205,Infectious disease,TAS,Homo sapiens
1047,Doxycycline,54671203,CHEBI:50845,R-HSA-9638737,Action of antimicrobials and antimicrobial resistance,TAS,Homo sapiens
1047,Doxycycline,54671203,CHEBI:50845,R-HSA-9638771,Action of antimicrobials,TAS,Homo sapiens
1047,Doxycycline,54671203,CHEBI:50845,R-HSA-9640148,Infection with Enterobacteria,TAS,Homo sapiens
1047,Doxycycline,54671203,CHEBI:50845,R-HSA-9824439,Bacterial Infection Pathways,TAS,Homo sapiens
1047,Doxycycline,54671203,CHEBI:50845,R-HSA-9913143,Antimicrobial resistance,TAS,Homo sapiens
1050,Dronabinol,16078,CHEBI:66964,R-HSA-162582,Signal Transduction,TAS,Homo sapiens
1050,Dronabinol,16078,CHEBI:66964,R-HSA-372790,Signaling by GPCR,TAS,Homo sapiens
1050,Dronabinol,16078,CHEBI:66964,R-HSA-373076,Class A/1 (Rhodopsin-like receptors),TAS,Homo sapiens
1050,Dronabinol,16078,CHEBI:66964,R-HSA-500792,GPCR ligand binding,TAS,Homo sapiens
1051,Dronedarone,208898,CHEBI:50659,R-HSA-397014,Muscle contraction,TAS,Homo sapiens
1051,Dronedarone,208898,CHEBI:50659,R-HSA-5576890,Phase 3 - rapid repolarisation,TAS,Homo sapiens
1051,Dronedarone,208898,CHEBI:50659,R-HSA-5576891,Cardiac conduction,TAS,Homo sapiens
1053,Drospirenone,68873,CHEBI:50838,R-HSA-2262752,Cellular responses to stress,TAS,Homo sapiens
1053,Drospirenone,68873,CHEBI:50838,R-HSA-3371497,HSP90 chaperone cycle for steroid hormone receptors (SHR) in the presence of ligand,TAS,Homo sapiens
1053,Drospirenone,68873,CHEBI:50838,R-HSA-8953897,Cellular responses to stimuli,TAS,Homo sapiens
1054,Drostanolone propionate,224004,CHEBI:31523,R-HSA-2262752,Cellular responses to stress,TAS,Homo sapiens
1054,Drostanolone propionate,224004,CHEBI:31523,R-HSA-3371497,HSP90 chaperone cycle for steroid hormone receptors (SHR) in the presence of ligand,TAS,Homo sapiens
1054,Drostanolone propionate,224004,CHEBI:31523,R-HSA-8953897,Cellular responses to stimuli,TAS,Homo sapiens
1058,Duloxetine,60835,CHEBI:36795,R-HSA-112311,Neurotransmitter clearance,TAS,Homo sapiens
1058,Duloxetine,60835,CHEBI:36795,R-HSA-112315,Transmission across Chemical Synapses,TAS,Homo sapiens
1058,Duloxetine,60835,CHEBI:36795,R-HSA-112316,Neuronal System,TAS,Homo sapiens
1058,Duloxetine,60835,CHEBI:36795,R-HSA-380615,Serotonin clearance from the synaptic cleft,TAS,Homo sapiens
1060,Dutasteride,6918296,CHEBI:521033,R-HSA-1430728,Metabolism,TAS,Homo sapiens
1060,Dutasteride,6918296,CHEBI:521033,R-HSA-193048,Androgen biosynthesis,TAS,Homo sapiens
1060,Dutasteride,6918296,CHEBI:521033,R-HSA-196071,Metabolism of steroid hormones,TAS,Homo sapiens
1060,Dutasteride,6918296,CHEBI:521033,R-HSA-556833,Metabolism of lipids,TAS,Homo sapiens
1060,Dutasteride,6918296,CHEBI:521033,R-HSA-8957322,Metabolism of steroids,TAS,Homo sapiens
1064,Dydrogesterone,9051,CHEBI:31527,R-HSA-2262752,Cellular responses to stress,TAS,Homo sapiens
1064,Dydrogesterone,9051,CHEBI:31527,R-HSA-3371497,HSP90 chaperone cycle for steroid hormone receptors (SHR) in the presence of ligand,TAS,Homo sapiens
1064,Dydrogesterone,9051,CHEBI:31527,R-HSA-8953897,Cellular responses to stimuli,TAS,Homo sapiens
1067,Ebselen,3194,CHEBI:77543,R-HSA-1643685,Disease,TAS,Homo sapiens
1067,Ebselen,3194,CHEBI:77543,R-HSA-5663205,Infectious disease,TAS,Homo sapiens
1067,Ebselen,3194,CHEBI:77543,R-HSA-9678108,SARS-CoV-1 Infection,TAS,Homo sapiens
1067,Ebselen,3194,CHEBI:77543,R-HSA-9679504,Translation of Replicase and Assembly of the Replication Transcription Complex,TAS,Homo sapiens
1067,Ebselen,3194,CHEBI:77543,R-HSA-9679506,SARS-CoV Infections,TAS,Homo sapiens
1067,Ebselen,3194,CHEBI:77543,R-HSA-9684325,Maturation of replicase proteins,TAS,Homo sapiens
1067,Ebselen,3194,CHEBI:77543,R-HSA-9694271,Assembly of the SARS-CoV-2 Replication-Transcription Complex (RTC),TAS,Homo sapiens
1067,Ebselen,3194,CHEBI:77543,R-HSA-9694301,Maturation of replicase proteins,TAS,Homo sapiens
1067,Ebselen,3194,CHEBI:77543,R-HSA-9694516,SARS-CoV-2 Infection,TAS,Homo sapiens
1067,Ebselen,3194,CHEBI:77543,R-HSA-9694676,Translation of Replicase and Assembly of the Replication Transcription Complex,TAS,Homo sapiens
1067,Ebselen,3194,CHEBI:77543,R-HSA-9772572,Early SARS-CoV-2 Infection Events,TAS,Homo sapiens
1067,Ebselen,3194,CHEBI:77543,R-HSA-9824446,Viral Infection Pathways,TAS,Homo sapiens
1070,Echothiophate,10548,CHEBI:4753,R-HSA-112311,Neurotransmitter clearance,TAS,Homo sapiens
1070,Echothiophate,10548,CHEBI:4753,R-HSA-112315,Transmission across Chemical Synapses,TAS,Homo sapiens
1070,Echothiophate,10548,CHEBI:4753,R-HSA-112316,Neuronal System,TAS,Homo sapiens
1070,Echothiophate,10548,CHEBI:4753,R-HSA-1430728,Metabolism,TAS,Homo sapiens
1070,Echothiophate,10548,CHEBI:4753,R-HSA-1483191,Synthesis of PC,TAS,Homo sapiens
1070,Echothiophate,10548,CHEBI:4753,R-HSA-1483206,Glycerophospholipid biosynthesis,TAS,Homo sapiens
1070,Echothiophate,10548,CHEBI:4753,R-HSA-1483257,Phospholipid metabolism,TAS,Homo sapiens
1070,Echothiophate,10548,CHEBI:4753,R-HSA-556833,Metabolism of lipids,TAS,Homo sapiens
1074,Edoxaban,10280735,CHEBI:85973,R-HSA-109582,Hemostasis,TAS,Homo sapiens
1074,Edoxaban,10280735,CHEBI:85973,R-HSA-9769735,Initiation of coagulation cascade,TAS,Homo sapiens
1074,Edoxaban,10280735,CHEBI:85973,R-HSA-9769739,Regulation of clotting cascade,TAS,Homo sapiens
1074,Edoxaban,10280735,CHEBI:85973,R-HSA-9769740,Coagulation pathway,TAS,Homo sapiens
1074,Edoxaban,10280735,CHEBI:85973,R-HSA-9769743,Amplification and propagation of coagulation cascade,TAS,Homo sapiens
1075,Edrophonium,3202,CHEBI:251408,R-HSA-112311,Neurotransmitter clearance,TAS,Homo sapiens
1075,Edrophonium,3202,CHEBI:251408,R-HSA-112315,Transmission across Chemical Synapses,TAS,Homo sapiens
1075,Edrophonium,3202,CHEBI:251408,R-HSA-112316,Neuronal System,TAS,Homo sapiens
1075,Edrophonium,3202,CHEBI:251408,R-HSA-1430728,Metabolism,TAS,Homo sapiens
1075,Edrophonium,3202,CHEBI:251408,R-HSA-1483191,Synthesis of PC,TAS,Homo sapiens
1075,Edrophonium,3202,CHEBI:251408,R-HSA-1483206,Glycerophospholipid biosynthesis,TAS,Homo sapiens
1075,Edrophonium,3202,CHEBI:251408,R-HSA-1483257,Phospholipid metabolism,TAS,Homo sapiens
1075,Edrophonium,3202,CHEBI:251408,R-HSA-556833,Metabolism of lipids,TAS,Homo sapiens
1085,Elagolix,11250647,CHEBI:177453,R-HSA-162582,Signal Transduction,TAS,Homo sapiens
1085,Elagolix,11250647,CHEBI:177453,R-HSA-372790,Signaling by GPCR,TAS,Homo sapiens
1085,Elagolix,11250647,CHEBI:177453,R-HSA-373076,Class A/1 (Rhodopsin-like receptors),TAS,Homo sapiens
1085,Elagolix,11250647,CHEBI:177453,R-HSA-375281,Hormone ligand-binding receptors,TAS,Homo sapiens
1085,Elagolix,11250647,CHEBI:177453,R-HSA-500792,GPCR ligand binding,TAS,Homo sapiens
1088,Eldecalcitol,6918141,CHEBI:73927,R-HSA-1430728,Metabolism,TAS,Homo sapiens
1088,Eldecalcitol,6918141,CHEBI:73927,R-HSA-196791,Vitamin D (calciferol) metabolism,TAS,Homo sapiens
1088,Eldecalcitol,6918141,CHEBI:73927,R-HSA-556833,Metabolism of lipids,TAS,Homo sapiens
1088,Eldecalcitol,6918141,CHEBI:73927,R-HSA-8957322,Metabolism of steroids,TAS,Homo sapiens
1089,Eletriptan,77993,CHEBI:50922,R-HSA-162582,Signal Transduction,TAS,Homo sapiens
1089,Eletriptan,77993,CHEBI:50922,R-HSA-372790,Signaling by GPCR,TAS,Homo sapiens
1089,Eletriptan,77993,CHEBI:50922,R-HSA-373076,Class A/1 (Rhodopsin-like receptors),TAS,Homo sapiens
1089,Eletriptan,77993,CHEBI:50922,R-HSA-375280,Amine ligand-binding receptors,TAS,Homo sapiens
1089,Eletriptan,77993,CHEBI:50922,R-HSA-390666,Serotonin receptors,TAS,Homo sapiens
1089,Eletriptan,77993,CHEBI:50922,R-HSA-500792,GPCR ligand binding,TAS,Homo sapiens
1090,Elexacaftor,134587348,CHEBI:234518,R-HSA-1643685,Disease,TAS,Homo sapiens
1090,Elexacaftor,134587348,CHEBI:234518,R-HSA-5619084,ABC transporter disorders,TAS,Homo sapiens
1090,Elexacaftor,134587348,CHEBI:234518,R-HSA-5619115,Disorders of transmembrane transporters,TAS,Homo sapiens
1090,Elexacaftor,134587348,CHEBI:234518,R-HSA-5678895,Defective CFTR causes cystic fibrosis,TAS,Homo sapiens
1096,Eltrombopag,135449332,CHEBI:85010,R-HSA-1643685,Disease,TAS,Homo sapiens
1096,Eltrombopag,135449332,CHEBI:85010,R-HSA-5663205,Infectious disease,TAS,Homo sapiens
1096,Eltrombopag,135449332,CHEBI:85010,R-HSA-9824446,Viral Infection Pathways,TAS,Homo sapiens
1096,Eltrombopag,135449332,CHEBI:85010,R-HSA-9839923,Dengue Virus Infection,TAS,Homo sapiens
1096,Eltrombopag,135449332,CHEBI:85010,R-HSA-9918432,Maturation of DENV proteins,TAS,Homo sapiens
1096,Eltrombopag,135449332,CHEBI:85010,R-HSA-9918487,Dengue Virus Genome Translation and Replication,TAS,Homo sapiens
1105,Empagliflozin,11949646,CHEBI:82720,R-HSA-189200,Cellular hexose transport,TAS,Homo sapiens
1105,Empagliflozin,11949646,CHEBI:82720,R-HSA-382551,Transport of small molecules,TAS,Homo sapiens
1105,Empagliflozin,11949646,CHEBI:82720,R-HSA-425407,SLC-mediated transmembrane transport,TAS,Homo sapiens
1106,Emtricitabine,60877,CHEBI:31536,R-HSA-162587,HIV Life Cycle,TAS,Homo sapiens
1106,Emtricitabine,60877,CHEBI:31536,R-HSA-162589,Reverse Transcription of HIV RNA,TAS,Homo sapiens
1106,Emtricitabine,60877,CHEBI:31536,R-HSA-162594,Early Phase of HIV Life Cycle,TAS,Homo sapiens
1106,Emtricitabine,60877,CHEBI:31536,R-HSA-162906,HIV Infection,TAS,Homo sapiens
1106,Emtricitabine,60877,CHEBI:31536,R-HSA-1643685,Disease,TAS,Homo sapiens
1106,Emtricitabine,60877,CHEBI:31536,R-HSA-164516,Minus-strand DNA synthesis,TAS,Homo sapiens
1106,Emtricitabine,60877,CHEBI:31536,R-HSA-5663205,Infectious disease,TAS,Homo sapiens
1106,Emtricitabine,60877,CHEBI:31536,R-HSA-9824446,Viral Infection Pathways,TAS,Homo sapiens
1108,Enalapril,5388962,CHEBI:4784,R-HSA-2022377,Metabolism of Angiotensinogen to Angiotensins,TAS,Homo sapiens
1108,Enalapril,5388962,CHEBI:4784,R-HSA-2980736,Peptide hormone metabolism,TAS,Homo sapiens
1108,Enalapril,5388962,CHEBI:4784,R-HSA-392499,Metabolism of proteins,TAS,Homo sapiens
1109,Enalaprilat,5462501,CHEBI:4786,R-HSA-2022377,Metabolism of Angiotensinogen to Angiotensins,TAS,Homo sapiens
1109,Enalaprilat,5462501,CHEBI:4786,R-HSA-2980736,Peptide hormone metabolism,TAS,Homo sapiens
1109,Enalaprilat,5462501,CHEBI:4786,R-HSA-392499,Metabolism of proteins,TAS,Homo sapiens
1119,Enoximone,53708,CHEBI:135010,R-HSA-162582,Signal Transduction,TAS,Homo sapiens
1119,Enoximone,53708,CHEBI:135010,R-HSA-372790,Signaling by GPCR,TAS,Homo sapiens
1119,Enoximone,53708,CHEBI:135010,R-HSA-388396,GPCR downstream signalling,TAS,Homo sapiens
1119,Enoximone,53708,CHEBI:135010,R-HSA-418555,G alpha (s) signalling events,TAS,Homo sapiens
1123,Entacapone,5281081,CHEBI:4798,R-HSA-112311,Neurotransmitter clearance,TAS,Homo sapiens
1123,Entacapone,5281081,CHEBI:4798,R-HSA-112315,Transmission across Chemical Synapses,TAS,Homo sapiens
1123,Entacapone,5281081,CHEBI:4798,R-HSA-112316,Neuronal System,TAS,Homo sapiens
1123,Entacapone,5281081,CHEBI:4798,R-HSA-1643685,Disease,TAS,Homo sapiens
1123,Entacapone,5281081,CHEBI:4798,R-HSA-379397,Enzymatic degradation of dopamine by COMT,TAS,Homo sapiens
1123,Entacapone,5281081,CHEBI:4798,R-HSA-379401,Dopamine clearance from the synaptic cleft,TAS,Homo sapiens
1123,Entacapone,5281081,CHEBI:4798,R-HSA-5663205,Infectious disease,TAS,Homo sapiens
1123,Entacapone,5281081,CHEBI:4798,R-HSA-9679191,Potential therapeutics for SARS,TAS,Homo sapiens
1123,Entacapone,5281081,CHEBI:4798,R-HSA-9679506,SARS-CoV Infections,TAS,Homo sapiens
1123,Entacapone,5281081,CHEBI:4798,R-HSA-9824446,Viral Infection Pathways,TAS,Homo sapiens
1126,Entrectinib,25141092,CHEBI:195558,R-HSA-162582,Signal Transduction,TAS,Homo sapiens
1126,Entrectinib,25141092,CHEBI:195558,R-HSA-1643685,Disease,TAS,Homo sapiens
1126,Entrectinib,25141092,CHEBI:195558,R-HSA-201556,Signaling by ALK,TAS,Homo sapiens
1126,Entrectinib,25141092,CHEBI:195558,R-HSA-5663202,Diseases of signal transduction by growth factor receptors and second messengers,TAS,Homo sapiens
1126,Entrectinib,25141092,CHEBI:195558,R-HSA-5663205,Infectious disease,TAS,Homo sapiens
1126,Entrectinib,25141092,CHEBI:195558,R-HSA-9006934,Signaling by Receptor Tyrosine Kinases,TAS,Homo sapiens
1126,Entrectinib,25141092,CHEBI:195558,R-HSA-9700206,Signaling by ALK in cancer,TAS,Homo sapiens
1126,Entrectinib,25141092,CHEBI:195558,R-HSA-9700645,ALK mutants bind TKIs,TAS,Homo sapiens
1126,Entrectinib,25141092,CHEBI:195558,R-HSA-9824446,Viral Infection Pathways,TAS,Homo sapiens
1126,Entrectinib,25141092,CHEBI:195558,R-HSA-9839923,Dengue Virus Infection,TAS,Homo sapiens
1126,Entrectinib,25141092,CHEBI:195558,R-HSA-9918487,Dengue Virus Genome Translation and Replication,TAS,Homo sapiens
1128,Enzalutamide,15951529,CHEBI:68534,R-HSA-2262752,Cellular responses to stress,TAS,Homo sapiens
1128,Enzalutamide,15951529,CHEBI:68534,R-HSA-3371497,HSP90 chaperone cycle for steroid hormone receptors (SHR) in the presence of ligand,TAS,Homo sapiens
1128,Enzalutamide,15951529,CHEBI:68534,R-HSA-8953897,Cellular responses to stimuli,TAS,Homo sapiens
1136,Epinastine,3241,CHEBI:51032,R-HSA-162582,Signal Transduction,TAS,Homo sapiens
1136,Epinastine,3241,CHEBI:51032,R-HSA-372790,Signaling by GPCR,TAS,Homo sapiens
1136,Epinastine,3241,CHEBI:51032,R-HSA-373076,Class A/1 (Rhodopsin-like receptors),TAS,Homo sapiens
1136,Epinastine,3241,CHEBI:51032,R-HSA-375280,Amine ligand-binding receptors,TAS,Homo sapiens
1136,Epinastine,3241,CHEBI:51032,R-HSA-390650,Histamine receptors,TAS,Homo sapiens
1136,Epinastine,3241,CHEBI:51032,R-HSA-500792,GPCR ligand binding,TAS,Homo sapiens
1140,Eplerenone,443872,CHEBI:31547,R-HSA-2262752,Cellular responses to stress,TAS,Homo sapiens
1140,Eplerenone,443872,CHEBI:31547,R-HSA-3371497,HSP90 chaperone cycle for steroid hormone receptors (SHR) in the presence of ligand,TAS,Homo sapiens
1140,Eplerenone,443872,CHEBI:31547,R-HSA-8953897,Cellular responses to stimuli,TAS,Homo sapiens
1146,Eprosartan,5281037,CHEBI:4814,R-HSA-162582,Signal Transduction,TAS,Homo sapiens
1146,Eprosartan,5281037,CHEBI:4814,R-HSA-372790,Signaling by GPCR,TAS,Homo sapiens
1146,Eprosartan,5281037,CHEBI:4814,R-HSA-373076,Class A/1 (Rhodopsin-like receptors),TAS,Homo sapiens
1146,Eprosartan,5281037,CHEBI:4814,R-HSA-375276,Peptide ligand-binding receptors,TAS,Homo sapiens
1146,Eprosartan,5281037,CHEBI:4814,R-HSA-500792,GPCR ligand binding,TAS,Homo sapiens
1156,Erlotinib,176870,CHEBI:114785,R-HSA-1236382,Constitutive Signaling by Ligand-Responsive EGFR Cancer Variants,TAS,Homo sapiens
1156,Erlotinib,176870,CHEBI:114785,R-HSA-1643685,Disease,TAS,Homo sapiens
1156,Erlotinib,176870,CHEBI:114785,R-HSA-1643713,Signaling by EGFR in Cancer,TAS,Homo sapiens
1156,Erlotinib,176870,CHEBI:114785,R-HSA-5637815,Signaling by Ligand-Responsive EGFR Variants in Cancer,TAS,Homo sapiens
1156,Erlotinib,176870,CHEBI:114785,R-HSA-5663202,Diseases of signal transduction by growth factor receptors and second messengers,TAS,Homo sapiens
1158,Ertugliflozin,44814423,CHEBI:188719,R-HSA-189200,Cellular hexose transport,TAS,Homo sapiens
1158,Ertugliflozin,44814423,CHEBI:188719,R-HSA-382551,Transport of small molecules,TAS,Homo sapiens
1158,Ertugliflozin,44814423,CHEBI:188719,R-HSA-425407,SLC-mediated transmembrane transport,TAS,Homo sapiens
1160,Erythromycin,12560,CHEBI:42355,R-HSA-382551,Transport of small molecules,TAS,Homo sapiens
1160,Erythromycin,12560,CHEBI:42355,R-HSA-382556,ABC-family protein mediated transport,TAS,Homo sapiens
1160,Erythromycin,12560,CHEBI:42355,R-HSA-9748784,Drug ADME,TAS,Homo sapiens
1160,Erythromycin,12560,CHEBI:42355,R-HSA-9757110,Prednisone ADME,TAS,Homo sapiens
1166,Esmolol,59768,CHEBI:88206,R-HSA-162582,Signal Transduction,TAS,Homo sapiens
1166,Esmolol,59768,CHEBI:88206,R-HSA-372790,Signaling by GPCR,TAS,Homo sapiens
1166,Esmolol,59768,CHEBI:88206,R-HSA-373076,Class A/1 (Rhodopsin-like receptors),TAS,Homo sapiens
1166,Esmolol,59768,CHEBI:88206,R-HSA-375280,Amine ligand-binding receptors,TAS,Homo sapiens
1166,Esmolol,59768,CHEBI:88206,R-HSA-390696,Adrenoceptors,TAS,Homo sapiens
1166,Esmolol,59768,CHEBI:88206,R-HSA-500792,GPCR ligand binding,TAS,Homo sapiens
1167,Esomeprazole,9568614,CHEBI:50275,R-HSA-382551,Transport of small molecules,TAS,Homo sapiens
1167,Esomeprazole,9568614,CHEBI:50275,R-HSA-936837,Ion transport by P-type ATPases,TAS,Homo sapiens
1167,Esomeprazole,9568614,CHEBI:50275,R-HSA-983712,Ion channel transport,TAS,Homo sapiens
1170,Estetrol,27125,CHEBI:142773,R-HSA-162582,Signal Transduction,TAS,Homo sapiens
1170,Estetrol,27125,CHEBI:142773,R-HSA-8939211,ESR-mediated signaling,TAS,Homo sapiens
1170,Estetrol,27125,CHEBI:142773,R-HSA-9006931,Signaling by Nuclear Receptors,TAS,Homo sapiens
1170,Estetrol,27125,CHEBI:142773,R-HSA-9018519,Estrogen-dependent gene expression,TAS,Homo sapiens
1171,Estradiol,5757,CHEBI:16469,R-HSA-1430728,Metabolism,TAS,Homo sapiens
1171,Estradiol,5757,CHEBI:16469,R-HSA-156580,Phase II - Conjugation of compounds,TAS,Homo sapiens
1171,Estradiol,5757,CHEBI:16469,R-HSA-156584,Cytosolic sulfonation of small molecules,TAS,Homo sapiens
1171,Estradiol,5757,CHEBI:16469,R-HSA-162582,Signal Transduction,TAS,Homo sapiens
1171,Estradiol,5757,CHEBI:16469,R-HSA-1643685,Disease,TAS,Homo sapiens
1171,Estradiol,5757,CHEBI:16469,R-HSA-193144,Estrogen biosynthesis,TAS,Homo sapiens
1171,Estradiol,5757,CHEBI:16469,R-HSA-196071,Metabolism of steroid hormones,TAS,Homo sapiens
1171,Estradiol,5757,CHEBI:16469,R-HSA-211859,Biological oxidations,TAS,Homo sapiens
1171,Estradiol,5757,CHEBI:16469,R-HSA-211897,Cytochrome P450 - arranged by substrate type,TAS,Homo sapiens
1171,Estradiol,5757,CHEBI:16469,R-HSA-211945,Phase I - Functionalization of compounds,TAS,Homo sapiens
1171,Estradiol,5757,CHEBI:16469,R-HSA-211976,Endogenous sterols,TAS,Homo sapiens
1171,Estradiol,5757,CHEBI:16469,R-HSA-556833,Metabolism of lipids,TAS,Homo sapiens
1171,Estradiol,5757,CHEBI:16469,R-HSA-5579000,Defective CYP1B1 causes Glaucoma,TAS,Homo sapiens
1171,Estradiol,5757,CHEBI:16469,R-HSA-5579029,Metabolic disorders of biological oxidation enzymes,TAS,Homo sapiens
1171,Estradiol,5757,CHEBI:16469,R-HSA-5668914,Diseases of metabolism,TAS,Homo sapiens
1171,Estradiol,5757,CHEBI:16469,R-HSA-8939211,ESR-mediated signaling,TAS,Homo sapiens
1171,Estradiol,5757,CHEBI:16469,R-HSA-8957322,Metabolism of steroids,TAS,Homo sapiens
1171,Estradiol,5757,CHEBI:16469,R-HSA-9006931,Signaling by Nuclear Receptors,TAS,Homo sapiens
1171,Estradiol,5757,CHEBI:16469,R-HSA-9018519,Estrogen-dependent gene expression,TAS,Homo sapiens
1179,Estrone,5870,CHEBI:17263,R-HSA-1430728,Metabolism,TAS,Homo sapiens
1179,Estrone,5870,CHEBI:17263,R-HSA-156580,Phase II - Conjugation of compounds,TAS,Homo sapiens
1179,Estrone,5870,CHEBI:17263,R-HSA-156584,Cytosolic sulfonation of small molecules,TAS,Homo sapiens
1179,Estrone,5870,CHEBI:17263,R-HSA-162582,Signal Transduction,TAS,Homo sapiens
1179,Estrone,5870,CHEBI:17263,R-HSA-193144,Estrogen biosynthesis,TAS,Homo sapiens
1179,Estrone,5870,CHEBI:17263,R-HSA-196071,Metabolism of steroid hormones,TAS,Homo sapiens
1179,Estrone,5870,CHEBI:17263,R-HSA-211859,Biological oxidations,TAS,Homo sapiens
1179,Estrone,5870,CHEBI:17263,R-HSA-211897,Cytochrome P450 - arranged by substrate type,TAS,Homo sapiens
1179,Estrone,5870,CHEBI:17263,R-HSA-211945,Phase I - Functionalization of compounds,TAS,Homo sapiens
1179,Estrone,5870,CHEBI:17263,R-HSA-211976,Endogenous sterols,TAS,Homo sapiens
1179,Estrone,5870,CHEBI:17263,R-HSA-556833,Metabolism of lipids,TAS,Homo sapiens
1179,Estrone,5870,CHEBI:17263,R-HSA-8939211,ESR-mediated signaling,TAS,Homo sapiens
1179,Estrone,5870,CHEBI:17263,R-HSA-8957322,Metabolism of steroids,TAS,Homo sapiens
1179,Estrone,5870,CHEBI:17263,R-HSA-9006931,Signaling by Nuclear Receptors,TAS,Homo sapiens
1179,Estrone,5870,CHEBI:17263,R-HSA-9018519,Estrogen-dependent gene expression,TAS,Homo sapiens
1189,Ethanol,702,CHEBI:16236,R-HSA-1430728,Metabolism,TAS,Homo sapiens
1189,Ethanol,702,CHEBI:16236,R-HSA-211859,Biological oxidations,TAS,Homo sapiens
1189,Ethanol,702,CHEBI:16236,R-HSA-211897,Cytochrome P450 - arranged by substrate type,TAS,Homo sapiens
1189,Ethanol,702,CHEBI:16236,R-HSA-211945,Phase I - Functionalization of compounds,TAS,Homo sapiens
1189,Ethanol,702,CHEBI:16236,R-HSA-211981,Xenobiotics,TAS,Homo sapiens
1189,Ethanol,702,CHEBI:16236,R-HSA-211999,CYP2E1 reactions,TAS,Homo sapiens
1189,Ethanol,702,CHEBI:16236,R-HSA-397014,Muscle contraction,TAS,Homo sapiens
1189,Ethanol,702,CHEBI:16236,R-HSA-5576891,Cardiac conduction,TAS,Homo sapiens
1189,Ethanol,702,CHEBI:16236,R-HSA-5578768,Physiological factors,TAS,Homo sapiens
1189,Ethanol,702,CHEBI:16236,R-HSA-71384,Ethanol oxidation,TAS,Homo sapiens
1192,Ethinylestradiol,5991,CHEBI:4903,R-HSA-162582,Signal Transduction,TAS,Homo sapiens
1192,Ethinylestradiol,5991,CHEBI:4903,R-HSA-8939211,ESR-mediated signaling,TAS,Homo sapiens
1192,Ethinylestradiol,5991,CHEBI:4903,R-HSA-9006931,Signaling by Nuclear Receptors,TAS,Homo sapiens
1194,Ethosuximide,3291,CHEBI:4887,R-HSA-397014,Muscle contraction,TAS,Homo sapiens
1194,Ethosuximide,3291,CHEBI:4887,R-HSA-445355,Smooth Muscle Contraction,TAS,Homo sapiens
1196,Ethoxzolamide,3295,CHEBI:101096,R-HSA-1237044,Erythrocytes take up carbon dioxide and release oxygen,TAS,Homo sapiens
1196,Ethoxzolamide,3295,CHEBI:101096,R-HSA-1480926,O2/CO2 exchange in erythrocytes,TAS,Homo sapiens
1196,Ethoxzolamide,3295,CHEBI:101096,R-HSA-382551,Transport of small molecules,TAS,Homo sapiens
1216,Etoposide,36462,CHEBI:4911,R-HSA-382551,Transport of small molecules,TAS,Homo sapiens
1216,Etoposide,36462,CHEBI:4911,R-HSA-382556,ABC-family protein mediated transport,TAS,Homo sapiens
1216,Etoposide,36462,CHEBI:4911,R-HSA-9748784,Drug ADME,TAS,Homo sapiens
1216,Etoposide,36462,CHEBI:4911,R-HSA-9757110,Prednisone ADME,TAS,Homo sapiens
1217,Etoricoxib,123619,CHEBI:6339,R-HSA-1430728,Metabolism,TAS,Homo sapiens
1217,Etoricoxib,123619,CHEBI:6339,R-HSA-2142753,Arachidonate metabolism,TAS,Homo sapiens
1217,Etoricoxib,123619,CHEBI:6339,R-HSA-2162123,Synthesis of Prostaglandins (PG) and Thromboxanes (TX),TAS,Homo sapiens
1217,Etoricoxib,123619,CHEBI:6339,R-HSA-556833,Metabolism of lipids,TAS,Homo sapiens
1217,Etoricoxib,123619,CHEBI:6339,R-HSA-8978868,Fatty acid metabolism,TAS,Homo sapiens
1227,Exemestane,60198,CHEBI:4953,R-HSA-1430728,Metabolism,TAS,Homo sapiens
1227,Exemestane,60198,CHEBI:4953,R-HSA-193144,Estrogen biosynthesis,TAS,Homo sapiens
1227,Exemestane,60198,CHEBI:4953,R-HSA-196071,Metabolism of steroid hormones,TAS,Homo sapiens
1227,Exemestane,60198,CHEBI:4953,R-HSA-556833,Metabolism of lipids,TAS,Homo sapiens
1227,Exemestane,60198,CHEBI:4953,R-HSA-8957322,Metabolism of steroids,TAS,Homo sapiens
1229,Ezetimibe,150311,CHEBI:49040,R-HSA-8963676,Intestinal absorption,TAS,Homo sapiens
1229,Ezetimibe,150311,CHEBI:49040,R-HSA-8963676,Intestinal absorption,IEA,Homo sapiens
1229,Ezetimibe,150311,CHEBI:49040,R-HSA-8963678,Intestinal lipid absorption,TAS,Homo sapiens
1229,Ezetimibe,150311,CHEBI:49040,R-HSA-8963678,Intestinal lipid absorption,IEA,Homo sapiens
1229,Ezetimibe,150311,CHEBI:49040,R-HSA-8963743,Digestion and absorption,TAS,Homo sapiens
1229,Ezetimibe,150311,CHEBI:49040,R-HSA-8963743,Digestion and absorption,IEA,Homo sapiens
1243,Fedratinib,16722836,CHEBI:91408,R-HSA-1643685,Disease,TAS,Homo sapiens
1243,Fedratinib,16722836,CHEBI:91408,R-HSA-5663205,Infectious disease,TAS,Homo sapiens
1243,Fedratinib,16722836,CHEBI:91408,R-HSA-9679191,Potential therapeutics for SARS,TAS,Homo sapiens
1243,Fedratinib,16722836,CHEBI:91408,R-HSA-9679506,SARS-CoV Infections,TAS,Homo sapiens
1243,Fedratinib,16722836,CHEBI:91408,R-HSA-9824446,Viral Infection Pathways,TAS,Homo sapiens
1247,Felodipine,3333,CHEBI:585948,R-HSA-397014,Muscle contraction,TAS,Homo sapiens
1247,Felodipine,3333,CHEBI:585948,R-HSA-445355,Smooth Muscle Contraction,TAS,Homo sapiens
1247,Felodipine,3333,CHEBI:585948,R-HSA-5576891,Cardiac conduction,TAS,Homo sapiens
1247,Felodipine,3333,CHEBI:585948,R-HSA-5576892,Phase 0 - rapid depolarisation,TAS,Homo sapiens
1247,Felodipine,3333,CHEBI:585948,R-HSA-5576893,Phase 2 - plateau phase,TAS,Homo sapiens
1252,Fenofibrate,3339,CHEBI:5001,R-HSA-1430728,Metabolism,TAS,Homo sapiens
1252,Fenofibrate,3339,CHEBI:5001,R-HSA-400206,Regulation of lipid metabolism by PPARalpha,TAS,Homo sapiens
1252,Fenofibrate,3339,CHEBI:5001,R-HSA-556833,Metabolism of lipids,TAS,Homo sapiens
1255,Fenoprofen,3342,CHEBI:5004,R-HSA-1430728,Metabolism,TAS,Homo sapiens
1255,Fenoprofen,3342,CHEBI:5004,R-HSA-2142753,Arachidonate metabolism,TAS,Homo sapiens
1255,Fenoprofen,3342,CHEBI:5004,R-HSA-2162123,Synthesis of Prostaglandins (PG) and Thromboxanes (TX),TAS,Homo sapiens
1255,Fenoprofen,3342,CHEBI:5004,R-HSA-556833,Metabolism of lipids,TAS,Homo sapiens
1255,Fenoprofen,3342,CHEBI:5004,R-HSA-8978868,Fatty acid metabolism,TAS,Homo sapiens
1268,Ferric cation,29936,CHEBI:29034,R-HSA-111885,Opioid Signalling,IEA,Homo sapiens
1268,Ferric cation,29936,CHEBI:29034,R-HSA-1168372,Downstream signaling events of B Cell Receptor (BCR),TAS,Homo sapiens
1268,Ferric cation,29936,CHEBI:29034,R-HSA-1168372,Downstream signaling events of B Cell Receptor (BCR),IEA,Homo sapiens
1268,Ferric cation,29936,CHEBI:29034,R-HSA-1222449,Mtb iron assimilation by chelation,TAS,Homo sapiens
1268,Ferric cation,29936,CHEBI:29034,R-HSA-1222449,Mtb iron assimilation by chelation,IEA,Homo sapiens
1268,Ferric cation,29936,CHEBI:29034,R-HSA-1222499,Latent infection - Other responses of Mtb to phagocytosis,TAS,Homo sapiens
1268,Ferric cation,29936,CHEBI:29034,R-HSA-1222499,Latent infection - Other responses of Mtb to phagocytosis,IEA,Homo sapiens
1268,Ferric cation,29936,CHEBI:29034,R-HSA-1222556,ROS and RNS production in phagocytes,TAS,Homo sapiens
1268,Ferric cation,29936,CHEBI:29034,R-HSA-1280218,Adaptive Immune System,TAS,Homo sapiens
1268,Ferric cation,29936,CHEBI:29034,R-HSA-1280218,Adaptive Immune System,IEA,Homo sapiens
1268,Ferric cation,29936,CHEBI:29034,R-HSA-1430728,Metabolism,TAS,Homo sapiens
1268,Ferric cation,29936,CHEBI:29034,R-HSA-1474151,"Tetrahydrobiopterin (BH4) synthesis, recycling, salvage and regulation",TAS,Homo sapiens
1268,Ferric cation,29936,CHEBI:29034,R-HSA-15869,Metabolism of nucleotides,TAS,Homo sapiens
1268,Ferric cation,29936,CHEBI:29034,R-HSA-162582,Signal Transduction,IEA,Homo sapiens
1268,Ferric cation,29936,CHEBI:29034,R-HSA-162582,Signal Transduction,TAS,Homo sapiens
1268,Ferric cation,29936,CHEBI:29034,R-HSA-1643685,Disease,TAS,Homo sapiens
1268,Ferric cation,29936,CHEBI:29034,R-HSA-1643685,Disease,IEA,Homo sapiens
1268,Ferric cation,29936,CHEBI:29034,R-HSA-1660661,Sphingolipid de novo biosynthesis,TAS,Homo sapiens
1268,Ferric cation,29936,CHEBI:29034,R-HSA-168249,Innate Immune System,TAS,Homo sapiens
1268,Ferric cation,29936,CHEBI:29034,R-HSA-168256,Immune System,TAS,Homo sapiens
1268,Ferric cation,29936,CHEBI:29034,R-HSA-168256,Immune System,IEA,Homo sapiens
1268,Ferric cation,29936,CHEBI:29034,R-HSA-180024,DARPP-32 events,IEA,Homo sapiens
1268,Ferric cation,29936,CHEBI:29034,R-HSA-195721,Signaling by WNT,TAS,Homo sapiens
1268,Ferric cation,29936,CHEBI:29034,R-HSA-196854,Metabolism of vitamins and cofactors,TAS,Homo sapiens
1268,Ferric cation,29936,CHEBI:29034,R-HSA-199991,Membrane Trafficking,TAS,Homo sapiens
1268,Ferric cation,29936,CHEBI:29034,R-HSA-2025928,Calcineurin activates NFAT,TAS,Homo sapiens
1268,Ferric cation,29936,CHEBI:29034,R-HSA-2025928,Calcineurin activates NFAT,IEA,Homo sapiens
1268,Ferric cation,29936,CHEBI:29034,R-HSA-2173782,Binding and Uptake of Ligands by Scavenger Receptors,IEA,Homo sapiens
1268,Ferric cation,29936,CHEBI:29034,R-HSA-2454202,Fc epsilon receptor (FCERI) signaling,TAS,Homo sapiens
1268,Ferric cation,29936,CHEBI:29034,R-HSA-2871809,FCERI mediated Ca+2 mobilization,TAS,Homo sapiens
1268,Ferric cation,29936,CHEBI:29034,R-HSA-3000480,Scavenging by Class A Receptors,IEA,Homo sapiens
1268,Ferric cation,29936,CHEBI:29034,R-HSA-372790,Signaling by GPCR,IEA,Homo sapiens
1268,Ferric cation,29936,CHEBI:29034,R-HSA-382551,Transport of small molecules,TAS,Homo sapiens
1268,Ferric cation,29936,CHEBI:29034,R-HSA-382551,Transport of small molecules,IEA,Homo sapiens
1268,Ferric cation,29936,CHEBI:29034,R-HSA-3858494,Beta-catenin independent WNT signaling,TAS,Homo sapiens
1268,Ferric cation,29936,CHEBI:29034,R-HSA-388396,GPCR downstream signalling,IEA,Homo sapiens
1268,Ferric cation,29936,CHEBI:29034,R-HSA-392499,Metabolism of proteins,TAS,Homo sapiens
1268,Ferric cation,29936,CHEBI:29034,R-HSA-4086398,Ca2+ pathway,TAS,Homo sapiens
1268,Ferric cation,29936,CHEBI:29034,R-HSA-418594,G alpha (i) signalling events,IEA,Homo sapiens
1268,Ferric cation,29936,CHEBI:29034,R-HSA-428157,Sphingolipid metabolism,TAS,Homo sapiens
1268,Ferric cation,29936,CHEBI:29034,R-HSA-499943,Interconversion of nucleotide di- and triphosphates,TAS,Homo sapiens
1268,Ferric cation,29936,CHEBI:29034,R-HSA-556833,Metabolism of lipids,TAS,Homo sapiens
1268,Ferric cation,29936,CHEBI:29034,R-HSA-5607763,CLEC7A (Dectin-1) induces NFAT activation,TAS,Homo sapiens
1268,Ferric cation,29936,CHEBI:29034,R-HSA-5607764,CLEC7A (Dectin-1) signaling,TAS,Homo sapiens
1268,Ferric cation,29936,CHEBI:29034,R-HSA-5619102,SLC transporter disorders,TAS,Homo sapiens
1268,Ferric cation,29936,CHEBI:29034,R-HSA-5619115,Disorders of transmembrane transporters,TAS,Homo sapiens
1268,Ferric cation,29936,CHEBI:29034,R-HSA-5621481,C-type lectin receptors (CLRs),TAS,Homo sapiens
1268,Ferric cation,29936,CHEBI:29034,R-HSA-5653656,Vesicle-mediated transport,TAS,Homo sapiens
1268,Ferric cation,29936,CHEBI:29034,R-HSA-5653656,Vesicle-mediated transport,IEA,Homo sapiens
1268,Ferric cation,29936,CHEBI:29034,R-HSA-5655799,Defective SLC40A1 causes hemochromatosis 4 (HFE4) (duodenum),TAS,Homo sapiens
1268,Ferric cation,29936,CHEBI:29034,R-HSA-5663205,Infectious disease,TAS,Homo sapiens
1268,Ferric cation,29936,CHEBI:29034,R-HSA-5663205,Infectious disease,IEA,Homo sapiens
1268,Ferric cation,29936,CHEBI:29034,R-HSA-597592,Post-translational protein modification,TAS,Homo sapiens
1268,Ferric cation,29936,CHEBI:29034,R-HSA-6799990,Metal sequestration by antimicrobial proteins,TAS,Homo sapiens
1268,Ferric cation,29936,CHEBI:29034,R-HSA-6803157,Antimicrobial peptides,TAS,Homo sapiens
1268,Ferric cation,29936,CHEBI:29034,R-HSA-8856825,Cargo recognition for clathrin-mediated endocytosis,TAS,Homo sapiens
1268,Ferric cation,29936,CHEBI:29034,R-HSA-8856828,Clathrin-mediated endocytosis,TAS,Homo sapiens
1268,Ferric cation,29936,CHEBI:29034,R-HSA-8978934,Metabolism of cofactors,TAS,Homo sapiens
1268,Ferric cation,29936,CHEBI:29034,R-HSA-917937,Iron uptake and transport,TAS,Homo sapiens
1268,Ferric cation,29936,CHEBI:29034,R-HSA-917937,Iron uptake and transport,IEA,Homo sapiens
1268,Ferric cation,29936,CHEBI:29034,R-HSA-917977,Transferrin endocytosis and recycling,TAS,Homo sapiens
1268,Ferric cation,29936,CHEBI:29034,R-HSA-9635486,Infection with Mycobacterium tuberculosis,TAS,Homo sapiens
1268,Ferric cation,29936,CHEBI:29034,R-HSA-9635486,Infection with Mycobacterium tuberculosis,IEA,Homo sapiens
1268,Ferric cation,29936,CHEBI:29034,R-HSA-9638334,Iron assimilation using enterobactin,TAS,Homo sapiens
1268,Ferric cation,29936,CHEBI:29034,R-HSA-9638482,Metal ion assimilation from the host,TAS,Homo sapiens
1268,Ferric cation,29936,CHEBI:29034,R-HSA-9640148,Infection with Enterobacteria,TAS,Homo sapiens
1268,Ferric cation,29936,CHEBI:29034,R-HSA-9824439,Bacterial Infection Pathways,TAS,Homo sapiens
1268,Ferric cation,29936,CHEBI:29034,R-HSA-9824439,Bacterial Infection Pathways,IEA,Homo sapiens
1268,Ferric cation,29936,CHEBI:29034,R-HSA-983705,Signaling by the B Cell Receptor (BCR),TAS,Homo sapiens
1268,Ferric cation,29936,CHEBI:29034,R-HSA-983705,Signaling by the B Cell Receptor (BCR),IEA,Homo sapiens
1268,Ferric cation,29936,CHEBI:29034,R-HSA-9857492,Protein lipoylation,TAS,Homo sapiens
1272,Ferrous cation,27284,CHEBI:29033,R-HSA-111885,Opioid Signalling,TAS,Homo sapiens
1272,Ferrous cation,27284,CHEBI:29033,R-HSA-112122,ALKBH2 mediated reversal of alkylation damage,TAS,Homo sapiens
1272,Ferrous cation,27284,CHEBI:29033,R-HSA-112126,ALKBH3 mediated reversal of alkylation damage,TAS,Homo sapiens
1272,Ferrous cation,27284,CHEBI:29033,R-HSA-1222387,Tolerance of reactive oxygen produced by macrophages,TAS,Homo sapiens
1272,Ferrous cation,27284,CHEBI:29033,R-HSA-1222449,Mtb iron assimilation by chelation,IEA,Homo sapiens
1272,Ferrous cation,27284,CHEBI:29033,R-HSA-1222449,Mtb iron assimilation by chelation,TAS,Homo sapiens
1272,Ferrous cation,27284,CHEBI:29033,R-HSA-1222499,Latent infection - Other responses of Mtb to phagocytosis,IEA,Homo sapiens
1272,Ferrous cation,27284,CHEBI:29033,R-HSA-1222499,Latent infection - Other responses of Mtb to phagocytosis,TAS,Homo sapiens
1272,Ferrous cation,27284,CHEBI:29033,R-HSA-1222556,ROS and RNS production in phagocytes,TAS,Homo sapiens
1272,Ferrous cation,27284,CHEBI:29033,R-HSA-1234174,Cellular response to hypoxia,TAS,Homo sapiens
1272,Ferrous cation,27284,CHEBI:29033,R-HSA-1234174,Cellular response to hypoxia,IEA,Homo sapiens
1272,Ferrous cation,27284,CHEBI:29033,R-HSA-1234176,Oxygen-dependent proline hydroxylation of Hypoxia-inducible Factor Alpha,TAS,Homo sapiens
1272,Ferrous cation,27284,CHEBI:29033,R-HSA-1234176,Oxygen-dependent proline hydroxylation of Hypoxia-inducible Factor Alpha,IEA,Homo sapiens
1272,Ferrous cation,27284,CHEBI:29033,R-HSA-1237112,Methionine salvage pathway,TAS,Homo sapiens
1272,Ferrous cation,27284,CHEBI:29033,R-HSA-1266738,Developmental Biology,IEA,Homo sapiens
1272,Ferrous cation,27284,CHEBI:29033,R-HSA-1362409,Mitochondrial iron-sulfur cluster biogenesis,IEA,Homo sapiens
1272,Ferrous cation,27284,CHEBI:29033,R-HSA-1362409,Mitochondrial iron-sulfur cluster biogenesis,TAS,Homo sapiens
1272,Ferrous cation,27284,CHEBI:29033,R-HSA-1428517,Aerobic respiration and respiratory electron transport,TAS,Homo sapiens
1272,Ferrous cation,27284,CHEBI:29033,R-HSA-1430728,Metabolism,TAS,Homo sapiens
1272,Ferrous cation,27284,CHEBI:29033,R-HSA-1430728,Metabolism,IEA,Homo sapiens
1272,Ferrous cation,27284,CHEBI:29033,R-HSA-1474151,"Tetrahydrobiopterin (BH4) synthesis, recycling, salvage and regulation",TAS,Homo sapiens
1272,Ferrous cation,27284,CHEBI:29033,R-HSA-1474244,Extracellular matrix organization,TAS,Homo sapiens
1272,Ferrous cation,27284,CHEBI:29033,R-HSA-1474290,Collagen formation,TAS,Homo sapiens
1272,Ferrous cation,27284,CHEBI:29033,R-HSA-1483249,Inositol phosphate metabolism,TAS,Homo sapiens
1272,Ferrous cation,27284,CHEBI:29033,R-HSA-15869,Metabolism of nucleotides,TAS,Homo sapiens
1272,Ferrous cation,27284,CHEBI:29033,R-HSA-1614558,Degradation of cysteine and homocysteine,TAS,Homo sapiens
1272,Ferrous cation,27284,CHEBI:29033,R-HSA-1614635,Sulfur amino acid metabolism,TAS,Homo sapiens
1272,Ferrous cation,27284,CHEBI:29033,R-HSA-162582,Signal Transduction,TAS,Homo sapiens
1272,Ferrous cation,27284,CHEBI:29033,R-HSA-163841,"Gamma carboxylation, hypusinylation, hydroxylation, and arylsulfatase activation",TAS,Homo sapiens
1272,Ferrous cation,27284,CHEBI:29033,R-HSA-163841,"Gamma carboxylation, hypusinylation, hydroxylation, and arylsulfatase activation",IEA,Homo sapiens
1272,Ferrous cation,27284,CHEBI:29033,R-HSA-1640170,Cell Cycle,TAS,Homo sapiens
1272,Ferrous cation,27284,CHEBI:29033,R-HSA-1643685,Disease,IEA,Homo sapiens
1272,Ferrous cation,27284,CHEBI:29033,R-HSA-1643685,Disease,TAS,Homo sapiens
1272,Ferrous cation,27284,CHEBI:29033,R-HSA-1650814,Collagen biosynthesis and modifying enzymes,TAS,Homo sapiens
1272,Ferrous cation,27284,CHEBI:29033,R-HSA-1660661,Sphingolipid de novo biosynthesis,TAS,Homo sapiens
1272,Ferrous cation,27284,CHEBI:29033,R-HSA-168249,Innate Immune System,TAS,Homo sapiens
1272,Ferrous cation,27284,CHEBI:29033,R-HSA-168256,Immune System,TAS,Homo sapiens
1272,Ferrous cation,27284,CHEBI:29033,R-HSA-180024,DARPP-32 events,TAS,Homo sapiens
1272,Ferrous cation,27284,CHEBI:29033,R-HSA-1855183,"Synthesis of IP2, IP, and Ins in the cytosol",TAS,Homo sapiens
1272,Ferrous cation,27284,CHEBI:29033,R-HSA-189445,Metabolism of porphyrins,TAS,Homo sapiens
1272,Ferrous cation,27284,CHEBI:29033,R-HSA-189451,Heme biosynthesis,TAS,Homo sapiens
1272,Ferrous cation,27284,CHEBI:29033,R-HSA-189483,Heme degradation,TAS,Homo sapiens
1272,Ferrous cation,27284,CHEBI:29033,R-HSA-192105,Synthesis of bile acids and bile salts,TAS,Homo sapiens
1272,Ferrous cation,27284,CHEBI:29033,R-HSA-194068,Bile acid and bile salt metabolism,TAS,Homo sapiens
1272,Ferrous cation,27284,CHEBI:29033,R-HSA-196854,Metabolism of vitamins and cofactors,TAS,Homo sapiens
1272,Ferrous cation,27284,CHEBI:29033,R-HSA-204626,Hypusine synthesis from eIF5A-lysine,TAS,Homo sapiens
1272,Ferrous cation,27284,CHEBI:29033,R-HSA-209776,Metabolism of amine-derived hormones,TAS,Homo sapiens
1272,Ferrous cation,27284,CHEBI:29033,R-HSA-209905,Catecholamine biosynthesis,TAS,Homo sapiens
1272,Ferrous cation,27284,CHEBI:29033,R-HSA-209931,Serotonin and melatonin biosynthesis,TAS,Homo sapiens
1272,Ferrous cation,27284,CHEBI:29033,R-HSA-212165,Epigenetic regulation of gene expression,IEA,Homo sapiens
1272,Ferrous cation,27284,CHEBI:29033,R-HSA-2142688,Synthesis of 5-eicosatetraenoic acids,TAS,Homo sapiens
1272,Ferrous cation,27284,CHEBI:29033,R-HSA-2142691,Synthesis of Leukotrienes (LT) and Eoxins (EX),TAS,Homo sapiens
1272,Ferrous cation,27284,CHEBI:29033,R-HSA-2142696,Synthesis of Hepoxilins (HX) and Trioxilins (TrX),TAS,Homo sapiens
1272,Ferrous cation,27284,CHEBI:29033,R-HSA-2142700,Biosynthesis of Lipoxins (LX),TAS,Homo sapiens
1272,Ferrous cation,27284,CHEBI:29033,R-HSA-2142712,Synthesis of 12-eicosatetraenoic acid derivatives,TAS,Homo sapiens
1272,Ferrous cation,27284,CHEBI:29033,R-HSA-2142753,Arachidonate metabolism,TAS,Homo sapiens
1272,Ferrous cation,27284,CHEBI:29033,R-HSA-2142770,Synthesis of 15-eicosatetraenoic acid derivatives,TAS,Homo sapiens
1272,Ferrous cation,27284,CHEBI:29033,R-HSA-2142789,Ubiquinol biosynthesis,TAS,Homo sapiens
1272,Ferrous cation,27284,CHEBI:29033,R-HSA-2160456,Phenylketonuria,TAS,Homo sapiens
1272,Ferrous cation,27284,CHEBI:29033,R-HSA-2187338,Visual phototransduction,TAS,Homo sapiens
1272,Ferrous cation,27284,CHEBI:29033,R-HSA-2262752,Cellular responses to stress,TAS,Homo sapiens
1272,Ferrous cation,27284,CHEBI:29033,R-HSA-2262752,Cellular responses to stress,IEA,Homo sapiens
1272,Ferrous cation,27284,CHEBI:29033,R-HSA-2299718,Condensation of Prophase Chromosomes,TAS,Homo sapiens
1272,Ferrous cation,27284,CHEBI:29033,R-HSA-2559580,Oxidative Stress Induced Senescence,TAS,Homo sapiens
1272,Ferrous cation,27284,CHEBI:29033,R-HSA-2559583,Cellular Senescence,TAS,Homo sapiens
1272,Ferrous cation,27284,CHEBI:29033,R-HSA-372790,Signaling by GPCR,TAS,Homo sapiens
1272,Ferrous cation,27284,CHEBI:29033,R-HSA-382551,Transport of small molecules,TAS,Homo sapiens
1272,Ferrous cation,27284,CHEBI:29033,R-HSA-388396,GPCR downstream signalling,TAS,Homo sapiens
1272,Ferrous cation,27284,CHEBI:29033,R-HSA-389599,Alpha-oxidation of phytanate,TAS,Homo sapiens
1272,Ferrous cation,27284,CHEBI:29033,R-HSA-390918,Peroxisomal lipid metabolism,TAS,Homo sapiens
1272,Ferrous cation,27284,CHEBI:29033,R-HSA-392499,Metabolism of proteins,TAS,Homo sapiens
1272,Ferrous cation,27284,CHEBI:29033,R-HSA-392499,Metabolism of proteins,IEA,Homo sapiens
1272,Ferrous cation,27284,CHEBI:29033,R-HSA-418594,G alpha (i) signalling events,TAS,Homo sapiens
1272,Ferrous cation,27284,CHEBI:29033,R-HSA-425407,SLC-mediated transmembrane transport,TAS,Homo sapiens
1272,Ferrous cation,27284,CHEBI:29033,R-HSA-425410,Metal ion SLC transporters,TAS,Homo sapiens
1272,Ferrous cation,27284,CHEBI:29033,R-HSA-428157,Sphingolipid metabolism,TAS,Homo sapiens
1272,Ferrous cation,27284,CHEBI:29033,R-HSA-5221030,"TET1,2,3 and TDG demethylate DNA",IEA,Homo sapiens
1272,Ferrous cation,27284,CHEBI:29033,R-HSA-556833,Metabolism of lipids,TAS,Homo sapiens
1272,Ferrous cation,27284,CHEBI:29033,R-HSA-5619048,"Defective SLC11A2 causes hypochromic microcytic anemia, with iron overload 1 (AHMIO1)",TAS,Homo sapiens
1272,Ferrous cation,27284,CHEBI:29033,R-HSA-5619049,Defective SLC40A1 causes hemochromatosis 4 (HFE4) (macrophages),TAS,Homo sapiens
1272,Ferrous cation,27284,CHEBI:29033,R-HSA-5619060,Defective CP causes aceruloplasminemia (ACERULOP),TAS,Homo sapiens
1272,Ferrous cation,27284,CHEBI:29033,R-HSA-5619102,SLC transporter disorders,TAS,Homo sapiens
1272,Ferrous cation,27284,CHEBI:29033,R-HSA-5619115,Disorders of transmembrane transporters,TAS,Homo sapiens
1272,Ferrous cation,27284,CHEBI:29033,R-HSA-5663205,Infectious disease,IEA,Homo sapiens
1272,Ferrous cation,27284,CHEBI:29033,R-HSA-5663205,Infectious disease,TAS,Homo sapiens
1272,Ferrous cation,27284,CHEBI:29033,R-HSA-5668914,Diseases of metabolism,TAS,Homo sapiens
1272,Ferrous cation,27284,CHEBI:29033,R-HSA-597592,Post-translational protein modification,TAS,Homo sapiens
1272,Ferrous cation,27284,CHEBI:29033,R-HSA-597592,Post-translational protein modification,IEA,Homo sapiens
1272,Ferrous cation,27284,CHEBI:29033,R-HSA-6782315,tRNA modification in the nucleus and cytosol,IEA,Homo sapiens
1272,Ferrous cation,27284,CHEBI:29033,R-HSA-6782315,tRNA modification in the nucleus and cytosol,TAS,Homo sapiens
1272,Ferrous cation,27284,CHEBI:29033,R-HSA-6782861,Synthesis of wybutosine at G37 of tRNA(Phe),TAS,Homo sapiens
1272,Ferrous cation,27284,CHEBI:29033,R-HSA-6803157,Antimicrobial peptides,TAS,Homo sapiens
1272,Ferrous cation,27284,CHEBI:29033,R-HSA-6803544,Ion influx/efflux at host-pathogen interface,TAS,Homo sapiens
1272,Ferrous cation,27284,CHEBI:29033,R-HSA-6806667,Metabolism of fat-soluble vitamins,TAS,Homo sapiens
1272,Ferrous cation,27284,CHEBI:29033,R-HSA-68875,Mitotic Prophase,TAS,Homo sapiens
1272,Ferrous cation,27284,CHEBI:29033,R-HSA-68886,M Phase,TAS,Homo sapiens
1272,Ferrous cation,27284,CHEBI:29033,R-HSA-69278,"Cell Cycle, Mitotic",TAS,Homo sapiens
1272,Ferrous cation,27284,CHEBI:29033,R-HSA-71240,Tryptophan catabolism,TAS,Homo sapiens
1272,Ferrous cation,27284,CHEBI:29033,R-HSA-71262,Carnitine synthesis,TAS,Homo sapiens
1272,Ferrous cation,27284,CHEBI:29033,R-HSA-71291,Metabolism of amino acids and derivatives,TAS,Homo sapiens
1272,Ferrous cation,27284,CHEBI:29033,R-HSA-71336,Pentose phosphate pathway,TAS,Homo sapiens
1272,Ferrous cation,27284,CHEBI:29033,R-HSA-71387,Metabolism of carbohydrates and carbohydrate derivatives,TAS,Homo sapiens
1272,Ferrous cation,27284,CHEBI:29033,R-HSA-71403,Citric acid cycle (TCA cycle),TAS,Homo sapiens
1272,Ferrous cation,27284,CHEBI:29033,R-HSA-72306,tRNA processing,IEA,Homo sapiens
1272,Ferrous cation,27284,CHEBI:29033,R-HSA-72306,tRNA processing,TAS,Homo sapiens
1272,Ferrous cation,27284,CHEBI:29033,R-HSA-73817,Purine ribonucleoside monophosphate biosynthesis,TAS,Homo sapiens
1272,Ferrous cation,27284,CHEBI:29033,R-HSA-73894,DNA Repair,TAS,Homo sapiens
1272,Ferrous cation,27284,CHEBI:29033,R-HSA-73942,DNA Damage Reversal,TAS,Homo sapiens
1272,Ferrous cation,27284,CHEBI:29033,R-HSA-73943,Reversal of alkylation damage by DNA dioxygenases,TAS,Homo sapiens
1272,Ferrous cation,27284,CHEBI:29033,R-HSA-74160,Gene expression (Transcription),IEA,Homo sapiens
1272,Ferrous cation,27284,CHEBI:29033,R-HSA-8941413,Events associated with phagocytolytic activity of PMN cells,TAS,Homo sapiens
1272,Ferrous cation,27284,CHEBI:29033,R-HSA-8953854,Metabolism of RNA,IEA,Homo sapiens
1272,Ferrous cation,27284,CHEBI:29033,R-HSA-8953854,Metabolism of RNA,TAS,Homo sapiens
1272,Ferrous cation,27284,CHEBI:29033,R-HSA-8953897,Cellular responses to stimuli,TAS,Homo sapiens
1272,Ferrous cation,27284,CHEBI:29033,R-HSA-8953897,Cellular responses to stimuli,IEA,Homo sapiens
1272,Ferrous cation,27284,CHEBI:29033,R-HSA-8956320,Nucleotide biosynthesis,TAS,Homo sapiens
1272,Ferrous cation,27284,CHEBI:29033,R-HSA-8957322,Metabolism of steroids,TAS,Homo sapiens
1272,Ferrous cation,27284,CHEBI:29033,R-HSA-8963684,Tyrosine catabolism,TAS,Homo sapiens
1272,Ferrous cation,27284,CHEBI:29033,R-HSA-8963691,Phenylalanine and tyrosine metabolism,TAS,Homo sapiens
1272,Ferrous cation,27284,CHEBI:29033,R-HSA-8964208,Phenylalanine metabolism,TAS,Homo sapiens
1272,Ferrous cation,27284,CHEBI:29033,R-HSA-8978868,Fatty acid metabolism,TAS,Homo sapiens
1272,Ferrous cation,27284,CHEBI:29033,R-HSA-8978934,Metabolism of cofactors,TAS,Homo sapiens
1272,Ferrous cation,27284,CHEBI:29033,R-HSA-9018677,Biosynthesis of DHA-derived SPMs,TAS,Homo sapiens
1272,Ferrous cation,27284,CHEBI:29033,R-HSA-9018678,Biosynthesis of specialized proresolving mediators (SPMs),TAS,Homo sapiens
1272,Ferrous cation,27284,CHEBI:29033,R-HSA-9018683,Biosynthesis of DPA-derived SPMs,TAS,Homo sapiens
1272,Ferrous cation,27284,CHEBI:29033,R-HSA-9025094,Biosynthesis of DPAn-3 SPMs,TAS,Homo sapiens
1272,Ferrous cation,27284,CHEBI:29033,R-HSA-9025106,Biosynthesis of DPAn-6 SPMs,TAS,Homo sapiens
1272,Ferrous cation,27284,CHEBI:29033,R-HSA-9026290,Biosynthesis of DPAn-3-derived maresins,TAS,Homo sapiens
1272,Ferrous cation,27284,CHEBI:29033,R-HSA-917937,Iron uptake and transport,TAS,Homo sapiens
1272,Ferrous cation,27284,CHEBI:29033,R-HSA-917977,Transferrin endocytosis and recycling,TAS,Homo sapiens
1272,Ferrous cation,27284,CHEBI:29033,R-HSA-9629569,Protein hydroxylation,TAS,Homo sapiens
1272,Ferrous cation,27284,CHEBI:29033,R-HSA-9629569,Protein hydroxylation,IEA,Homo sapiens
1272,Ferrous cation,27284,CHEBI:29033,R-HSA-9635486,Infection with Mycobacterium tuberculosis,IEA,Homo sapiens
1272,Ferrous cation,27284,CHEBI:29033,R-HSA-9635486,Infection with Mycobacterium tuberculosis,TAS,Homo sapiens
1272,Ferrous cation,27284,CHEBI:29033,R-HSA-9638334,Iron assimilation using enterobactin,TAS,Homo sapiens
1272,Ferrous cation,27284,CHEBI:29033,R-HSA-9638482,Metal ion assimilation from the host,TAS,Homo sapiens
1272,Ferrous cation,27284,CHEBI:29033,R-HSA-9640148,Infection with Enterobacteria,TAS,Homo sapiens
1272,Ferrous cation,27284,CHEBI:29033,R-HSA-9707564,Cytoprotection by HMOX1,TAS,Homo sapiens
1272,Ferrous cation,27284,CHEBI:29033,R-HSA-9709957,Sensory Perception,TAS,Homo sapiens
1272,Ferrous cation,27284,CHEBI:29033,R-HSA-9711123,Cellular response to chemical stress,TAS,Homo sapiens
1272,Ferrous cation,27284,CHEBI:29033,R-HSA-975634,Retinoid metabolism and transport,TAS,Homo sapiens
1272,Ferrous cation,27284,CHEBI:29033,R-HSA-9816359,Maternal to zygotic transition (MZT),IEA,Homo sapiens
1272,Ferrous cation,27284,CHEBI:29033,R-HSA-9821002,Chromatin modifications during the maternal to zygotic transition (MZT),IEA,Homo sapiens
1272,Ferrous cation,27284,CHEBI:29033,R-HSA-9824439,Bacterial Infection Pathways,IEA,Homo sapiens
1272,Ferrous cation,27284,CHEBI:29033,R-HSA-9824439,Bacterial Infection Pathways,TAS,Homo sapiens
1272,Ferrous cation,27284,CHEBI:29033,R-HSA-9824446,Viral Infection Pathways,TAS,Homo sapiens
1272,Ferrous cation,27284,CHEBI:29033,R-HSA-9839923,Dengue Virus Infection,TAS,Homo sapiens
1272,Ferrous cation,27284,CHEBI:29033,R-HSA-9854311,Maturation of TCA enzymes and regulation of TCA cycle,TAS,Homo sapiens
1272,Ferrous cation,27284,CHEBI:29033,R-HSA-9918432,Maturation of DENV proteins,TAS,Homo sapiens
1272,Ferrous cation,27284,CHEBI:29033,R-HSA-9918487,Dengue Virus Genome Translation and Replication,TAS,Homo sapiens
1278,Fexofenadine,3348,CHEBI:5050,R-HSA-162582,Signal Transduction,TAS,Homo sapiens
1278,Fexofenadine,3348,CHEBI:5050,R-HSA-372790,Signaling by GPCR,TAS,Homo sapiens
1278,Fexofenadine,3348,CHEBI:5050,R-HSA-373076,Class A/1 (Rhodopsin-like receptors),TAS,Homo sapiens
1278,Fexofenadine,3348,CHEBI:5050,R-HSA-375280,Amine ligand-binding receptors,TAS,Homo sapiens
1278,Fexofenadine,3348,CHEBI:5050,R-HSA-390650,Histamine receptors,TAS,Homo sapiens
1278,Fexofenadine,3348,CHEBI:5050,R-HSA-500792,GPCR ligand binding,TAS,Homo sapiens
1287,Finasteride,57363,CHEBI:5062,R-HSA-1430728,Metabolism,TAS,Homo sapiens
1287,Finasteride,57363,CHEBI:5062,R-HSA-193048,Androgen biosynthesis,TAS,Homo sapiens
1287,Finasteride,57363,CHEBI:5062,R-HSA-196071,Metabolism of steroid hormones,TAS,Homo sapiens
1287,Finasteride,57363,CHEBI:5062,R-HSA-556833,Metabolism of lipids,TAS,Homo sapiens
1287,Finasteride,57363,CHEBI:5062,R-HSA-8957322,Metabolism of steroids,TAS,Homo sapiens
1289,Fingolimod,107970,CHEBI:63115,R-HSA-162582,Signal Transduction,TAS,Homo sapiens
1289,Fingolimod,107970,CHEBI:63115,R-HSA-1643685,Disease,TAS,Homo sapiens
1289,Fingolimod,107970,CHEBI:63115,R-HSA-372790,Signaling by GPCR,TAS,Homo sapiens
1289,Fingolimod,107970,CHEBI:63115,R-HSA-373076,Class A/1 (Rhodopsin-like receptors),TAS,Homo sapiens
1289,Fingolimod,107970,CHEBI:63115,R-HSA-419408,Lysosphingolipid and LPA receptors,TAS,Homo sapiens
1289,Fingolimod,107970,CHEBI:63115,R-HSA-500792,GPCR ligand binding,TAS,Homo sapiens
1289,Fingolimod,107970,CHEBI:63115,R-HSA-5663205,Infectious disease,TAS,Homo sapiens
1289,Fingolimod,107970,CHEBI:63115,R-HSA-9679191,Potential therapeutics for SARS,TAS,Homo sapiens
1289,Fingolimod,107970,CHEBI:63115,R-HSA-9679506,SARS-CoV Infections,TAS,Homo sapiens
1289,Fingolimod,107970,CHEBI:63115,R-HSA-9824446,Viral Infection Pathways,TAS,Homo sapiens
1292,Flecainide,3356,CHEBI:75984,R-HSA-397014,Muscle contraction,TAS,Homo sapiens
1292,Flecainide,3356,CHEBI:75984,R-HSA-5576891,Cardiac conduction,TAS,Homo sapiens
1292,Flecainide,3356,CHEBI:75984,R-HSA-5576892,Phase 0 - rapid depolarisation,TAS,Homo sapiens
1294,Flibanserin,6918248,CHEBI:90865,R-HSA-162582,Signal Transduction,TAS,Homo sapiens
1294,Flibanserin,6918248,CHEBI:90865,R-HSA-372790,Signaling by GPCR,TAS,Homo sapiens
1294,Flibanserin,6918248,CHEBI:90865,R-HSA-373076,Class A/1 (Rhodopsin-like receptors),TAS,Homo sapiens
1294,Flibanserin,6918248,CHEBI:90865,R-HSA-375280,Amine ligand-binding receptors,TAS,Homo sapiens
1294,Flibanserin,6918248,CHEBI:90865,R-HSA-390666,Serotonin receptors,TAS,Homo sapiens
1294,Flibanserin,6918248,CHEBI:90865,R-HSA-500792,GPCR ligand binding,TAS,Homo sapiens
1309,Fludrocortisone,31378,CHEBI:50885,R-HSA-2262752,Cellular responses to stress,TAS,Homo sapiens
1309,Fludrocortisone,31378,CHEBI:50885,R-HSA-3371497,HSP90 chaperone cycle for steroid hormone receptors (SHR) in the presence of ligand,TAS,Homo sapiens
1309,Fludrocortisone,31378,CHEBI:50885,R-HSA-8953897,Cellular responses to stimuli,TAS,Homo sapiens
1314,Flunarizine,941361,CHEBI:135652,R-HSA-397014,Muscle contraction,TAS,Homo sapiens
1314,Flunarizine,941361,CHEBI:135652,R-HSA-445355,Smooth Muscle Contraction,TAS,Homo sapiens
1315,Flunisolide,82153,CHEBI:5106,R-HSA-1643685,Disease,TAS,Homo sapiens
1315,Flunisolide,82153,CHEBI:5106,R-HSA-2262752,Cellular responses to stress,TAS,Homo sapiens
1315,Flunisolide,82153,CHEBI:5106,R-HSA-3371497,HSP90 chaperone cycle for steroid hormone receptors (SHR) in the presence of ligand,TAS,Homo sapiens
1315,Flunisolide,82153,CHEBI:5106,R-HSA-5663205,Infectious disease,TAS,Homo sapiens
1315,Flunisolide,82153,CHEBI:5106,R-HSA-8953897,Cellular responses to stimuli,TAS,Homo sapiens
1315,Flunisolide,82153,CHEBI:5106,R-HSA-9679191,Potential therapeutics for SARS,TAS,Homo sapiens
1315,Flunisolide,82153,CHEBI:5106,R-HSA-9679506,SARS-CoV Infections,TAS,Homo sapiens
1315,Flunisolide,82153,CHEBI:5106,R-HSA-9824446,Viral Infection Pathways,TAS,Homo sapiens
1319,Fluocinolone acetonide,6215,CHEBI:31623,R-HSA-1643685,Disease,TAS,Homo sapiens
1319,Fluocinolone acetonide,6215,CHEBI:31623,R-HSA-2262752,Cellular responses to stress,TAS,Homo sapiens
1319,Fluocinolone acetonide,6215,CHEBI:31623,R-HSA-3371497,HSP90 chaperone cycle for steroid hormone receptors (SHR) in the presence of ligand,TAS,Homo sapiens
1319,Fluocinolone acetonide,6215,CHEBI:31623,R-HSA-5663205,Infectious disease,TAS,Homo sapiens
1319,Fluocinolone acetonide,6215,CHEBI:31623,R-HSA-8953897,Cellular responses to stimuli,TAS,Homo sapiens
1319,Fluocinolone acetonide,6215,CHEBI:31623,R-HSA-9679191,Potential therapeutics for SARS,TAS,Homo sapiens
1319,Fluocinolone acetonide,6215,CHEBI:31623,R-HSA-9679506,SARS-CoV Infections,TAS,Homo sapiens
1319,Fluocinolone acetonide,6215,CHEBI:31623,R-HSA-9824446,Viral Infection Pathways,TAS,Homo sapiens
1320,Fluocinonide,9642,CHEBI:5109,R-HSA-1643685,Disease,TAS,Homo sapiens
1320,Fluocinonide,9642,CHEBI:5109,R-HSA-2262752,Cellular responses to stress,TAS,Homo sapiens
1320,Fluocinonide,9642,CHEBI:5109,R-HSA-3371497,HSP90 chaperone cycle for steroid hormone receptors (SHR) in the presence of ligand,TAS,Homo sapiens
1320,Fluocinonide,9642,CHEBI:5109,R-HSA-5663205,Infectious disease,TAS,Homo sapiens
1320,Fluocinonide,9642,CHEBI:5109,R-HSA-8953897,Cellular responses to stimuli,TAS,Homo sapiens
1320,Fluocinonide,9642,CHEBI:5109,R-HSA-9679191,Potential therapeutics for SARS,TAS,Homo sapiens
1320,Fluocinonide,9642,CHEBI:5109,R-HSA-9679506,SARS-CoV Infections,TAS,Homo sapiens
1320,Fluocinonide,9642,CHEBI:5109,R-HSA-9824446,Viral Infection Pathways,TAS,Homo sapiens
1327,Fluorometholone,9878,CHEBI:31625,R-HSA-1643685,Disease,TAS,Homo sapiens
1327,Fluorometholone,9878,CHEBI:31625,R-HSA-2262752,Cellular responses to stress,TAS,Homo sapiens
1327,Fluorometholone,9878,CHEBI:31625,R-HSA-3371497,HSP90 chaperone cycle for steroid hormone receptors (SHR) in the presence of ligand,TAS,Homo sapiens
1327,Fluorometholone,9878,CHEBI:31625,R-HSA-5663205,Infectious disease,TAS,Homo sapiens
1327,Fluorometholone,9878,CHEBI:31625,R-HSA-8953897,Cellular responses to stimuli,TAS,Homo sapiens
1327,Fluorometholone,9878,CHEBI:31625,R-HSA-9679191,Potential therapeutics for SARS,TAS,Homo sapiens
1327,Fluorometholone,9878,CHEBI:31625,R-HSA-9679506,SARS-CoV Infections,TAS,Homo sapiens
1327,Fluorometholone,9878,CHEBI:31625,R-HSA-9824446,Viral Infection Pathways,TAS,Homo sapiens
1329,Fluoxymesterone,6446,CHEBI:5120,R-HSA-2262752,Cellular responses to stress,TAS,Homo sapiens
1329,Fluoxymesterone,6446,CHEBI:5120,R-HSA-3371497,HSP90 chaperone cycle for steroid hormone receptors (SHR) in the presence of ligand,TAS,Homo sapiens
1329,Fluoxymesterone,6446,CHEBI:5120,R-HSA-8953897,Cellular responses to stimuli,TAS,Homo sapiens
1330,Flupentixol,5281881,CHEBI:10454,R-HSA-162582,Signal Transduction,TAS,Homo sapiens
1330,Flupentixol,5281881,CHEBI:10454,R-HSA-372790,Signaling by GPCR,TAS,Homo sapiens
1330,Flupentixol,5281881,CHEBI:10454,R-HSA-373076,Class A/1 (Rhodopsin-like receptors),TAS,Homo sapiens
1330,Flupentixol,5281881,CHEBI:10454,R-HSA-375280,Amine ligand-binding receptors,TAS,Homo sapiens
1330,Flupentixol,5281881,CHEBI:10454,R-HSA-390651,Dopamine receptors,TAS,Homo sapiens
1330,Flupentixol,5281881,CHEBI:10454,R-HSA-500792,GPCR ligand binding,TAS,Homo sapiens
1332,Fluphenazine,3372,CHEBI:5123,R-HSA-162582,Signal Transduction,TAS,Homo sapiens
1332,Fluphenazine,3372,CHEBI:5123,R-HSA-372790,Signaling by GPCR,TAS,Homo sapiens
1332,Fluphenazine,3372,CHEBI:5123,R-HSA-373076,Class A/1 (Rhodopsin-like receptors),TAS,Homo sapiens
1332,Fluphenazine,3372,CHEBI:5123,R-HSA-375280,Amine ligand-binding receptors,TAS,Homo sapiens
1332,Fluphenazine,3372,CHEBI:5123,R-HSA-390650,Histamine receptors,TAS,Homo sapiens
1332,Fluphenazine,3372,CHEBI:5123,R-HSA-390651,Dopamine receptors,TAS,Homo sapiens
1332,Fluphenazine,3372,CHEBI:5123,R-HSA-500792,GPCR ligand binding,TAS,Homo sapiens
1337,Fluprostenol,5311100,CHEBI:60782,R-HSA-162582,Signal Transduction,TAS,Homo sapiens
1337,Fluprostenol,5311100,CHEBI:60782,R-HSA-372790,Signaling by GPCR,TAS,Homo sapiens
1337,Fluprostenol,5311100,CHEBI:60782,R-HSA-373076,Class A/1 (Rhodopsin-like receptors),TAS,Homo sapiens
1337,Fluprostenol,5311100,CHEBI:60782,R-HSA-391903,Eicosanoid ligand-binding receptors,TAS,Homo sapiens
1337,Fluprostenol,5311100,CHEBI:60782,R-HSA-391908,Prostanoid ligand receptors,TAS,Homo sapiens
1337,Fluprostenol,5311100,CHEBI:60782,R-HSA-500792,GPCR ligand binding,TAS,Homo sapiens
1342,Fluspirilene,3396,CHEBI:93369,R-HSA-162582,Signal Transduction,TAS,Homo sapiens
1342,Fluspirilene,3396,CHEBI:93369,R-HSA-372790,Signaling by GPCR,TAS,Homo sapiens
1342,Fluspirilene,3396,CHEBI:93369,R-HSA-373076,Class A/1 (Rhodopsin-like receptors),TAS,Homo sapiens
1342,Fluspirilene,3396,CHEBI:93369,R-HSA-375280,Amine ligand-binding receptors,TAS,Homo sapiens
1342,Fluspirilene,3396,CHEBI:93369,R-HSA-390650,Histamine receptors,TAS,Homo sapiens
1342,Fluspirilene,3396,CHEBI:93369,R-HSA-390666,Serotonin receptors,TAS,Homo sapiens
1342,Fluspirilene,3396,CHEBI:93369,R-HSA-500792,GPCR ligand binding,TAS,Homo sapiens
1343,Flutamide,3397,CHEBI:5132,R-HSA-2262752,Cellular responses to stress,TAS,Homo sapiens
1343,Flutamide,3397,CHEBI:5132,R-HSA-3371497,HSP90 chaperone cycle for steroid hormone receptors (SHR) in the presence of ligand,TAS,Homo sapiens
1343,Flutamide,3397,CHEBI:5132,R-HSA-8953897,Cellular responses to stimuli,TAS,Homo sapiens
1346,Fluticasone propionate,444036,CHEBI:31441,R-HSA-1643685,Disease,TAS,Homo sapiens
1346,Fluticasone propionate,444036,CHEBI:31441,R-HSA-2262752,Cellular responses to stress,TAS,Homo sapiens
1346,Fluticasone propionate,444036,CHEBI:31441,R-HSA-3371497,HSP90 chaperone cycle for steroid hormone receptors (SHR) in the presence of ligand,TAS,Homo sapiens
1346,Fluticasone propionate,444036,CHEBI:31441,R-HSA-5663205,Infectious disease,TAS,Homo sapiens
1346,Fluticasone propionate,444036,CHEBI:31441,R-HSA-8953897,Cellular responses to stimuli,TAS,Homo sapiens
1346,Fluticasone propionate,444036,CHEBI:31441,R-HSA-9679191,Potential therapeutics for SARS,TAS,Homo sapiens
1346,Fluticasone propionate,444036,CHEBI:31441,R-HSA-9679506,SARS-CoV Infections,TAS,Homo sapiens
1346,Fluticasone propionate,444036,CHEBI:31441,R-HSA-9824446,Viral Infection Pathways,TAS,Homo sapiens
1348,Fluvoxamine,5324346,CHEBI:5138,R-HSA-112311,Neurotransmitter clearance,TAS,Homo sapiens
1348,Fluvoxamine,5324346,CHEBI:5138,R-HSA-112315,Transmission across Chemical Synapses,TAS,Homo sapiens
1348,Fluvoxamine,5324346,CHEBI:5138,R-HSA-112316,Neuronal System,TAS,Homo sapiens
1348,Fluvoxamine,5324346,CHEBI:5138,R-HSA-1643685,Disease,TAS,Homo sapiens
1348,Fluvoxamine,5324346,CHEBI:5138,R-HSA-380615,Serotonin clearance from the synaptic cleft,TAS,Homo sapiens
1348,Fluvoxamine,5324346,CHEBI:5138,R-HSA-5663205,Infectious disease,TAS,Homo sapiens
1348,Fluvoxamine,5324346,CHEBI:5138,R-HSA-9679191,Potential therapeutics for SARS,TAS,Homo sapiens
1348,Fluvoxamine,5324346,CHEBI:5138,R-HSA-9679506,SARS-CoV Infections,TAS,Homo sapiens
1348,Fluvoxamine,5324346,CHEBI:5138,R-HSA-9824446,Viral Infection Pathways,TAS,Homo sapiens
1351,Fondaparinux,5282448,CHEBI:61033,R-HSA-109582,Hemostasis,TAS,Homo sapiens
1351,Fondaparinux,5282448,CHEBI:61033,R-HSA-9769739,Regulation of clotting cascade,TAS,Homo sapiens
1351,Fondaparinux,5282448,CHEBI:61033,R-HSA-9769740,Coagulation pathway,TAS,Homo sapiens
1352,Forasartan,132706,CHEBI:141552,R-HSA-162582,Signal Transduction,TAS,Homo sapiens
1352,Forasartan,132706,CHEBI:141552,R-HSA-372790,Signaling by GPCR,TAS,Homo sapiens
1352,Forasartan,132706,CHEBI:141552,R-HSA-373076,Class A/1 (Rhodopsin-like receptors),TAS,Homo sapiens
1352,Forasartan,132706,CHEBI:141552,R-HSA-375276,Peptide ligand-binding receptors,TAS,Homo sapiens
1352,Forasartan,132706,CHEBI:141552,R-HSA-500792,GPCR ligand binding,TAS,Homo sapiens
1353,Foretinib,42642645,CHEBI:91418,R-HSA-162582,Signal Transduction,TAS,Homo sapiens
1353,Foretinib,42642645,CHEBI:91418,R-HSA-6806834,Signaling by MET,TAS,Homo sapiens
1353,Foretinib,42642645,CHEBI:91418,R-HSA-6806942,MET Receptor Activation,TAS,Homo sapiens
1353,Foretinib,42642645,CHEBI:91418,R-HSA-6807004,Negative regulation of MET activity,TAS,Homo sapiens
1353,Foretinib,42642645,CHEBI:91418,R-HSA-9006934,Signaling by Receptor Tyrosine Kinases,TAS,Homo sapiens
1353,Foretinib,42642645,CHEBI:91418,R-HSA-9734091,Drug-mediated inhibition of MET activation,TAS,Homo sapiens
1366,Fosinoprilat,62956,CHEBI:116962,R-HSA-2022377,Metabolism of Angiotensinogen to Angiotensins,TAS,Homo sapiens
1366,Fosinoprilat,62956,CHEBI:116962,R-HSA-2980736,Peptide hormone metabolism,TAS,Homo sapiens
1366,Fosinoprilat,62956,CHEBI:116962,R-HSA-392499,Metabolism of proteins,TAS,Homo sapiens
1375,Framycetin,8378,CHEBI:7508,R-HSA-1643685,Disease,TAS,Homo sapiens
1375,Framycetin,8378,CHEBI:7508,R-HSA-5663205,Infectious disease,TAS,Homo sapiens
1375,Framycetin,8378,CHEBI:7508,R-HSA-9638737,Action of antimicrobials and antimicrobial resistance,TAS,Homo sapiens
1375,Framycetin,8378,CHEBI:7508,R-HSA-9638771,Action of antimicrobials,TAS,Homo sapiens
1375,Framycetin,8378,CHEBI:7508,R-HSA-9640148,Infection with Enterobacteria,TAS,Homo sapiens
1375,Framycetin,8378,CHEBI:7508,R-HSA-9824439,Bacterial Infection Pathways,TAS,Homo sapiens
1375,Framycetin,8378,CHEBI:7508,R-HSA-9913143,Antimicrobial resistance,TAS,Homo sapiens
1376,Frovatriptan,77992,CHEBI:134991,R-HSA-162582,Signal Transduction,TAS,Homo sapiens
1376,Frovatriptan,77992,CHEBI:134991,R-HSA-372790,Signaling by GPCR,TAS,Homo sapiens
1376,Frovatriptan,77992,CHEBI:134991,R-HSA-373076,Class A/1 (Rhodopsin-like receptors),TAS,Homo sapiens
1376,Frovatriptan,77992,CHEBI:134991,R-HSA-375280,Amine ligand-binding receptors,TAS,Homo sapiens
1376,Frovatriptan,77992,CHEBI:134991,R-HSA-390666,Serotonin receptors,TAS,Homo sapiens
1376,Frovatriptan,77992,CHEBI:134991,R-HSA-500792,GPCR ligand binding,TAS,Homo sapiens
1378,Fulvestrant,104741,CHEBI:31638,R-HSA-162582,Signal Transduction,TAS,Homo sapiens
1378,Fulvestrant,104741,CHEBI:31638,R-HSA-8939211,ESR-mediated signaling,TAS,Homo sapiens
1378,Fulvestrant,104741,CHEBI:31638,R-HSA-9006931,Signaling by Nuclear Receptors,TAS,Homo sapiens
1406,Galantamine,9651,CHEBI:42944,R-HSA-112311,Neurotransmitter clearance,TAS,Homo sapiens
1406,Galantamine,9651,CHEBI:42944,R-HSA-112315,Transmission across Chemical Synapses,TAS,Homo sapiens
1406,Galantamine,9651,CHEBI:42944,R-HSA-112316,Neuronal System,TAS,Homo sapiens
1406,Galantamine,9651,CHEBI:42944,R-HSA-1430728,Metabolism,TAS,Homo sapiens
1406,Galantamine,9651,CHEBI:42944,R-HSA-1483191,Synthesis of PC,TAS,Homo sapiens
1406,Galantamine,9651,CHEBI:42944,R-HSA-1483206,Glycerophospholipid biosynthesis,TAS,Homo sapiens
1406,Galantamine,9651,CHEBI:42944,R-HSA-1483257,Phospholipid metabolism,TAS,Homo sapiens
1406,Galantamine,9651,CHEBI:42944,R-HSA-556833,Metabolism of lipids,TAS,Homo sapiens
1411,Gamolenic acid,5280933,CHEBI:28661,R-HSA-162582,Signal Transduction,TAS,Homo sapiens
1411,Gamolenic acid,5280933,CHEBI:28661,R-HSA-162582,Signal Transduction,IEA,Homo sapiens
1411,Gamolenic acid,5280933,CHEBI:28661,R-HSA-2980736,Peptide hormone metabolism,TAS,Homo sapiens
1411,Gamolenic acid,5280933,CHEBI:28661,R-HSA-372790,Signaling by GPCR,TAS,Homo sapiens
1411,Gamolenic acid,5280933,CHEBI:28661,R-HSA-372790,Signaling by GPCR,IEA,Homo sapiens
1411,Gamolenic acid,5280933,CHEBI:28661,R-HSA-373076,Class A/1 (Rhodopsin-like receptors),IEA,Homo sapiens
1411,Gamolenic acid,5280933,CHEBI:28661,R-HSA-381771,"Synthesis, secretion, and inactivation of Glucagon-like Peptide-1 (GLP-1)",TAS,Homo sapiens
1411,Gamolenic acid,5280933,CHEBI:28661,R-HSA-388396,GPCR downstream signalling,TAS,Homo sapiens
1411,Gamolenic acid,5280933,CHEBI:28661,R-HSA-392499,Metabolism of proteins,TAS,Homo sapiens
1411,Gamolenic acid,5280933,CHEBI:28661,R-HSA-400508,"Incretin synthesis, secretion, and inactivation",TAS,Homo sapiens
1411,Gamolenic acid,5280933,CHEBI:28661,R-HSA-416476,G alpha (q) signalling events,TAS,Homo sapiens
1411,Gamolenic acid,5280933,CHEBI:28661,R-HSA-444209,Free fatty acid receptors,IEA,Homo sapiens
1411,Gamolenic acid,5280933,CHEBI:28661,R-HSA-500792,GPCR ligand binding,IEA,Homo sapiens
1420,Gefitinib,123631,CHEBI:49668,R-HSA-1227990,Signaling by ERBB2 in Cancer,TAS,Homo sapiens
1420,Gefitinib,123631,CHEBI:49668,R-HSA-1236382,Constitutive Signaling by Ligand-Responsive EGFR Cancer Variants,TAS,Homo sapiens
1420,Gefitinib,123631,CHEBI:49668,R-HSA-1643685,Disease,TAS,Homo sapiens
1420,Gefitinib,123631,CHEBI:49668,R-HSA-1643713,Signaling by EGFR in Cancer,TAS,Homo sapiens
1420,Gefitinib,123631,CHEBI:49668,R-HSA-5637815,Signaling by Ligand-Responsive EGFR Variants in Cancer,TAS,Homo sapiens
1420,Gefitinib,123631,CHEBI:49668,R-HSA-5663202,Diseases of signal transduction by growth factor receptors and second messengers,TAS,Homo sapiens
1420,Gefitinib,123631,CHEBI:49668,R-HSA-9664565,Signaling by ERBB2 KD Mutants,TAS,Homo sapiens
1421,Geldanamycin,5288382,CHEBI:5292,R-HSA-1236382,Constitutive Signaling by Ligand-Responsive EGFR Cancer Variants,TAS,Homo sapiens
1421,Geldanamycin,5288382,CHEBI:5292,R-HSA-1643685,Disease,TAS,Homo sapiens
1421,Geldanamycin,5288382,CHEBI:5292,R-HSA-1643713,Signaling by EGFR in Cancer,TAS,Homo sapiens
1421,Geldanamycin,5288382,CHEBI:5292,R-HSA-5637810,Constitutive Signaling by EGFRvIII,TAS,Homo sapiens
1421,Geldanamycin,5288382,CHEBI:5292,R-HSA-5637812,Signaling by EGFRvIII in Cancer,TAS,Homo sapiens
1421,Geldanamycin,5288382,CHEBI:5292,R-HSA-5637815,Signaling by Ligand-Responsive EGFR Variants in Cancer,TAS,Homo sapiens
1421,Geldanamycin,5288382,CHEBI:5292,R-HSA-5663202,Diseases of signal transduction by growth factor receptors and second messengers,TAS,Homo sapiens
1423,Gemfibrozil,3463,CHEBI:5296,R-HSA-1430728,Metabolism,TAS,Homo sapiens
1423,Gemfibrozil,3463,CHEBI:5296,R-HSA-400206,Regulation of lipid metabolism by PPARalpha,TAS,Homo sapiens
1423,Gemfibrozil,3463,CHEBI:5296,R-HSA-556833,Metabolism of lipids,TAS,Homo sapiens
1425,Gemigliptin,11953153,CHEBI:134731,R-HSA-2980736,Peptide hormone metabolism,TAS,Homo sapiens
1425,Gemigliptin,11953153,CHEBI:134731,R-HSA-381771,"Synthesis, secretion, and inactivation of Glucagon-like Peptide-1 (GLP-1)",TAS,Homo sapiens
1425,Gemigliptin,11953153,CHEBI:134731,R-HSA-392499,Metabolism of proteins,TAS,Homo sapiens
1425,Gemigliptin,11953153,CHEBI:134731,R-HSA-400508,"Incretin synthesis, secretion, and inactivation",TAS,Homo sapiens
1433,Geranylgeranyl diphosphate,447277,CHEBI:48861,R-HSA-392499,Metabolism of proteins,TAS,Homo sapiens
1433,Geranylgeranyl diphosphate,447277,CHEBI:48861,R-HSA-597592,Post-translational protein modification,TAS,Homo sapiens
1433,Geranylgeranyl diphosphate,447277,CHEBI:48861,R-HSA-8873719,RAB geranylgeranylation,TAS,Homo sapiens
1437,Gilteritinib,49803313,CHEBI:145372,R-HSA-1280215,Cytokine Signaling in Immune system,TAS,Homo sapiens
1437,Gilteritinib,49803313,CHEBI:145372,R-HSA-1643685,Disease,TAS,Homo sapiens
1437,Gilteritinib,49803313,CHEBI:145372,R-HSA-168256,Immune System,TAS,Homo sapiens
1437,Gilteritinib,49803313,CHEBI:145372,R-HSA-5663202,Diseases of signal transduction by growth factor receptors and second messengers,TAS,Homo sapiens
1437,Gilteritinib,49803313,CHEBI:145372,R-HSA-9607240,FLT3 Signaling,TAS,Homo sapiens
1437,Gilteritinib,49803313,CHEBI:145372,R-HSA-9682385,FLT3 signaling in disease,TAS,Homo sapiens
1437,Gilteritinib,49803313,CHEBI:145372,R-HSA-9702506,Drug resistance of FLT3 mutants,TAS,Homo sapiens
1437,Gilteritinib,49803313,CHEBI:145372,R-HSA-9702509,FLT3 mutants bind TKIs,TAS,Homo sapiens
1437,Gilteritinib,49803313,CHEBI:145372,R-HSA-9702590,gilteritinib-resistant FLT3 mutants,TAS,Homo sapiens
1447,Gliclazide,3475,CHEBI:31654,R-HSA-1430728,Metabolism,TAS,Homo sapiens
1447,Gliclazide,3475,CHEBI:31654,R-HSA-163685,Integration of energy metabolism,TAS,Homo sapiens
1447,Gliclazide,3475,CHEBI:31654,R-HSA-422356,Regulation of insulin secretion,TAS,Homo sapiens
1448,Glimepiride,3476,CHEBI:5383,R-HSA-1430728,Metabolism,TAS,Homo sapiens
1448,Glimepiride,3476,CHEBI:5383,R-HSA-163685,Integration of energy metabolism,TAS,Homo sapiens
1448,Glimepiride,3476,CHEBI:5383,R-HSA-422356,Regulation of insulin secretion,TAS,Homo sapiens
1449,Glipizide,3478,CHEBI:5384,R-HSA-1430728,Metabolism,TAS,Homo sapiens
1449,Glipizide,3478,CHEBI:5384,R-HSA-163685,Integration of energy metabolism,TAS,Homo sapiens
1449,Glipizide,3478,CHEBI:5384,R-HSA-422356,Regulation of insulin secretion,TAS,Homo sapiens
1454,Glyburide,3488,CHEBI:5441,R-HSA-1430728,Metabolism,TAS,Homo sapiens
1454,Glyburide,3488,CHEBI:5441,R-HSA-163685,Integration of energy metabolism,TAS,Homo sapiens
1454,Glyburide,3488,CHEBI:5441,R-HSA-422356,Regulation of insulin secretion,TAS,Homo sapiens
1455,Glycerin,753,CHEBI:17754,R-HSA-109582,Hemostasis,TAS,Homo sapiens
1455,Glycerin,753,CHEBI:17754,R-HSA-114508,Effects of PIP2 hydrolysis,TAS,Homo sapiens
1455,Glycerin,753,CHEBI:17754,R-HSA-1430728,Metabolism,TAS,Homo sapiens
1455,Glycerin,753,CHEBI:17754,R-HSA-1430728,Metabolism,IEA,Homo sapiens
1455,Glycerin,753,CHEBI:17754,R-HSA-1482883,Acyl chain remodeling of DAG and TAG,TAS,Homo sapiens
1455,Glycerin,753,CHEBI:17754,R-HSA-1483148,Synthesis of PG,IEA,Homo sapiens
1455,Glycerin,753,CHEBI:17754,R-HSA-1483206,Glycerophospholipid biosynthesis,TAS,Homo sapiens
1455,Glycerin,753,CHEBI:17754,R-HSA-1483206,Glycerophospholipid biosynthesis,IEA,Homo sapiens
1455,Glycerin,753,CHEBI:17754,R-HSA-1483257,Phospholipid metabolism,TAS,Homo sapiens
1455,Glycerin,753,CHEBI:17754,R-HSA-1483257,Phospholipid metabolism,IEA,Homo sapiens
1455,Glycerin,753,CHEBI:17754,R-HSA-162582,Signal Transduction,TAS,Homo sapiens
1455,Glycerin,753,CHEBI:17754,R-HSA-163560,Triglyceride catabolism,IEA,Homo sapiens
1455,Glycerin,753,CHEBI:17754,R-HSA-192456,Digestion of dietary lipid,TAS,Homo sapiens
1455,Glycerin,753,CHEBI:17754,R-HSA-372790,Signaling by GPCR,TAS,Homo sapiens
1455,Glycerin,753,CHEBI:17754,R-HSA-382551,Transport of small molecules,TAS,Homo sapiens
1455,Glycerin,753,CHEBI:17754,R-HSA-388396,GPCR downstream signalling,TAS,Homo sapiens
1455,Glycerin,753,CHEBI:17754,R-HSA-416476,G alpha (q) signalling events,TAS,Homo sapiens
1455,Glycerin,753,CHEBI:17754,R-HSA-426048,Arachidonate production from DAG,TAS,Homo sapiens
1455,Glycerin,753,CHEBI:17754,R-HSA-432030,Transport of glycerol from adipocytes to the liver by Aquaporins,TAS,Homo sapiens
1455,Glycerin,753,CHEBI:17754,R-HSA-432047,Passive transport by Aquaporins,TAS,Homo sapiens
1455,Glycerin,753,CHEBI:17754,R-HSA-445717,Aquaporin-mediated transport,TAS,Homo sapiens
1455,Glycerin,753,CHEBI:17754,R-HSA-556833,Metabolism of lipids,TAS,Homo sapiens
1455,Glycerin,753,CHEBI:17754,R-HSA-556833,Metabolism of lipids,IEA,Homo sapiens
1455,Glycerin,753,CHEBI:17754,R-HSA-75109,Triglyceride biosynthesis,TAS,Homo sapiens
1455,Glycerin,753,CHEBI:17754,R-HSA-76002,"Platelet activation, signaling and aggregation",TAS,Homo sapiens
1455,Glycerin,753,CHEBI:17754,R-HSA-8935690,Digestion,TAS,Homo sapiens
1455,Glycerin,753,CHEBI:17754,R-HSA-8963743,Digestion and absorption,TAS,Homo sapiens
1455,Glycerin,753,CHEBI:17754,R-HSA-8979227,Triglyceride metabolism,TAS,Homo sapiens
1455,Glycerin,753,CHEBI:17754,R-HSA-8979227,Triglyceride metabolism,IEA,Homo sapiens
1459,Glycopyrronium,3494,CHEBI:94449,R-HSA-162582,Signal Transduction,TAS,Homo sapiens
1459,Glycopyrronium,3494,CHEBI:94449,R-HSA-372790,Signaling by GPCR,TAS,Homo sapiens
1459,Glycopyrronium,3494,CHEBI:94449,R-HSA-373076,Class A/1 (Rhodopsin-like receptors),TAS,Homo sapiens
1459,Glycopyrronium,3494,CHEBI:94449,R-HSA-375280,Amine ligand-binding receptors,TAS,Homo sapiens
1459,Glycopyrronium,3494,CHEBI:94449,R-HSA-390648,Muscarinic acetylcholine receptors,TAS,Homo sapiens
1459,Glycopyrronium,3494,CHEBI:94449,R-HSA-500792,GPCR ligand binding,TAS,Homo sapiens
1462,Goserelin,5311128,CHEBI:5523,R-HSA-162582,Signal Transduction,TAS,Homo sapiens
1462,Goserelin,5311128,CHEBI:5523,R-HSA-372790,Signaling by GPCR,TAS,Homo sapiens
1462,Goserelin,5311128,CHEBI:5523,R-HSA-373076,Class A/1 (Rhodopsin-like receptors),TAS,Homo sapiens
1462,Goserelin,5311128,CHEBI:5523,R-HSA-375281,Hormone ligand-binding receptors,TAS,Homo sapiens
1462,Goserelin,5311128,CHEBI:5523,R-HSA-500792,GPCR ligand binding,TAS,Homo sapiens
1463,Gosogliptin,11516136,CHEBI:177858,R-HSA-2980736,Peptide hormone metabolism,TAS,Homo sapiens
1463,Gosogliptin,11516136,CHEBI:177858,R-HSA-381771,"Synthesis, secretion, and inactivation of Glucagon-like Peptide-1 (GLP-1)",TAS,Homo sapiens
1463,Gosogliptin,11516136,CHEBI:177858,R-HSA-392499,Metabolism of proteins,TAS,Homo sapiens
1463,Gosogliptin,11516136,CHEBI:177858,R-HSA-400508,"Incretin synthesis, secretion, and inactivation",TAS,Homo sapiens
1465,Granisetron,5284566,CHEBI:5537,R-HSA-112314,Neurotransmitter receptors and postsynaptic signal transmission,TAS,Homo sapiens
1465,Granisetron,5284566,CHEBI:5537,R-HSA-112315,Transmission across Chemical Synapses,TAS,Homo sapiens
1465,Granisetron,5284566,CHEBI:5537,R-HSA-112316,Neuronal System,TAS,Homo sapiens
1467,Grazoprevir,44603531,CHEBI:132975,R-HSA-1643685,Disease,TAS,Homo sapiens
1467,Grazoprevir,44603531,CHEBI:132975,R-HSA-5663205,Infectious disease,TAS,Homo sapiens
1467,Grazoprevir,44603531,CHEBI:132975,R-HSA-9679506,SARS-CoV Infections,TAS,Homo sapiens
1467,Grazoprevir,44603531,CHEBI:132975,R-HSA-9694301,Maturation of replicase proteins,TAS,Homo sapiens
1467,Grazoprevir,44603531,CHEBI:132975,R-HSA-9694516,SARS-CoV-2 Infection,TAS,Homo sapiens
1467,Grazoprevir,44603531,CHEBI:132975,R-HSA-9694676,Translation of Replicase and Assembly of the Replication Transcription Complex,TAS,Homo sapiens
1467,Grazoprevir,44603531,CHEBI:132975,R-HSA-9772572,Early SARS-CoV-2 Infection Events,TAS,Homo sapiens
1467,Grazoprevir,44603531,CHEBI:132975,R-HSA-9824446,Viral Infection Pathways,TAS,Homo sapiens
1472,Guanabenz,5702063,CHEBI:5553,R-HSA-162582,Signal Transduction,TAS,Homo sapiens
1472,Guanabenz,5702063,CHEBI:5553,R-HSA-372790,Signaling by GPCR,TAS,Homo sapiens
1472,Guanabenz,5702063,CHEBI:5553,R-HSA-373076,Class A/1 (Rhodopsin-like receptors),TAS,Homo sapiens
1472,Guanabenz,5702063,CHEBI:5553,R-HSA-375280,Amine ligand-binding receptors,TAS,Homo sapiens
1472,Guanabenz,5702063,CHEBI:5553,R-HSA-390696,Adrenoceptors,TAS,Homo sapiens
1472,Guanabenz,5702063,CHEBI:5553,R-HSA-500792,GPCR ligand binding,TAS,Homo sapiens
1476,Guanfacine,3519,CHEBI:5558,R-HSA-162582,Signal Transduction,TAS,Homo sapiens
1476,Guanfacine,3519,CHEBI:5558,R-HSA-372790,Signaling by GPCR,TAS,Homo sapiens
1476,Guanfacine,3519,CHEBI:5558,R-HSA-373076,Class A/1 (Rhodopsin-like receptors),TAS,Homo sapiens
1476,Guanfacine,3519,CHEBI:5558,R-HSA-375280,Amine ligand-binding receptors,TAS,Homo sapiens
1476,Guanfacine,3519,CHEBI:5558,R-HSA-390696,Adrenoceptors,TAS,Homo sapiens
1476,Guanfacine,3519,CHEBI:5558,R-HSA-500792,GPCR ligand binding,TAS,Homo sapiens
1478,Guanine,135398634,CHEBI:16235,R-HSA-1430728,Metabolism,TAS,Homo sapiens
1478,Guanine,135398634,CHEBI:16235,R-HSA-15869,Metabolism of nucleotides,TAS,Homo sapiens
1478,Guanine,135398634,CHEBI:16235,R-HSA-1643685,Disease,TAS,Homo sapiens
1478,Guanine,135398634,CHEBI:16235,R-HSA-382551,Transport of small molecules,TAS,Homo sapiens
1478,Guanine,135398634,CHEBI:16235,R-HSA-425397,"Transport of vitamins, nucleosides, and related molecules",TAS,Homo sapiens
1478,Guanine,135398634,CHEBI:16235,R-HSA-425407,SLC-mediated transmembrane transport,TAS,Homo sapiens
1478,Guanine,135398634,CHEBI:16235,R-HSA-5668914,Diseases of metabolism,TAS,Homo sapiens
1478,Guanine,135398634,CHEBI:16235,R-HSA-6782315,tRNA modification in the nucleus and cytosol,TAS,Homo sapiens
1478,Guanine,135398634,CHEBI:16235,R-HSA-72306,tRNA processing,TAS,Homo sapiens
1478,Guanine,135398634,CHEBI:16235,R-HSA-74217,Purine salvage,TAS,Homo sapiens
1478,Guanine,135398634,CHEBI:16235,R-HSA-74259,Purine catabolism,TAS,Homo sapiens
1478,Guanine,135398634,CHEBI:16235,R-HSA-83936,Transport of nucleosides and free purine and pyrimidine bases across the plasma membrane,TAS,Homo sapiens
1478,Guanine,135398634,CHEBI:16235,R-HSA-8953854,Metabolism of RNA,TAS,Homo sapiens
1478,Guanine,135398634,CHEBI:16235,R-HSA-8956319,Nucleotide catabolism,TAS,Homo sapiens
1478,Guanine,135398634,CHEBI:16235,R-HSA-8956321,Nucleotide salvage,TAS,Homo sapiens
1478,Guanine,135398634,CHEBI:16235,R-HSA-9734207,Nucleotide salvage defects,TAS,Homo sapiens
1478,Guanine,135398634,CHEBI:16235,R-HSA-9734281,Defective HPRT1 disrupts guanine and hypoxanthine salvage,TAS,Homo sapiens
1478,Guanine,135398634,CHEBI:16235,R-HSA-9735804,Diseases of nucleotide metabolism,TAS,Homo sapiens
1489,Haloperidol,3559,CHEBI:5613,R-HSA-162582,Signal Transduction,TAS,Homo sapiens
1489,Haloperidol,3559,CHEBI:5613,R-HSA-372790,Signaling by GPCR,TAS,Homo sapiens
1489,Haloperidol,3559,CHEBI:5613,R-HSA-373076,Class A/1 (Rhodopsin-like receptors),TAS,Homo sapiens
1489,Haloperidol,3559,CHEBI:5613,R-HSA-375280,Amine ligand-binding receptors,TAS,Homo sapiens
1489,Haloperidol,3559,CHEBI:5613,R-HSA-390650,Histamine receptors,TAS,Homo sapiens
1489,Haloperidol,3559,CHEBI:5613,R-HSA-390651,Dopamine receptors,TAS,Homo sapiens
1489,Haloperidol,3559,CHEBI:5613,R-HSA-390666,Serotonin receptors,TAS,Homo sapiens
1489,Haloperidol,3559,CHEBI:5613,R-HSA-500792,GPCR ligand binding,TAS,Homo sapiens
1489,Haloperidol,3559,CHEBI:5613,R-HSA-9709957,Sensory Perception,IEA,Homo sapiens
1489,Haloperidol,3559,CHEBI:5613,R-HSA-9709957,Sensory Perception,TAS,Homo sapiens
1489,Haloperidol,3559,CHEBI:5613,R-HSA-9717189,Sensory perception of taste,IEA,Homo sapiens
1489,Haloperidol,3559,CHEBI:5613,R-HSA-9717189,Sensory perception of taste,TAS,Homo sapiens
1489,Haloperidol,3559,CHEBI:5613,R-HSA-9717207,"Sensory perception of sweet, bitter, and umami (glutamate) taste",IEA,Homo sapiens
1489,Haloperidol,3559,CHEBI:5613,R-HSA-9717207,"Sensory perception of sweet, bitter, and umami (glutamate) taste",TAS,Homo sapiens
1490,Halothane,3562,CHEBI:5615,R-HSA-1430728,Metabolism,TAS,Homo sapiens
1490,Halothane,3562,CHEBI:5615,R-HSA-211859,Biological oxidations,TAS,Homo sapiens
1490,Halothane,3562,CHEBI:5615,R-HSA-211897,Cytochrome P450 - arranged by substrate type,TAS,Homo sapiens
1490,Halothane,3562,CHEBI:5615,R-HSA-211945,Phase I - Functionalization of compounds,TAS,Homo sapiens
1490,Halothane,3562,CHEBI:5615,R-HSA-211981,Xenobiotics,TAS,Homo sapiens
1490,Halothane,3562,CHEBI:5615,R-HSA-211999,CYP2E1 reactions,TAS,Homo sapiens
1507,Histrelin,25077993,CHEBI:5739,R-HSA-162582,Signal Transduction,TAS,Homo sapiens
1507,Histrelin,25077993,CHEBI:5739,R-HSA-372790,Signaling by GPCR,TAS,Homo sapiens
1507,Histrelin,25077993,CHEBI:5739,R-HSA-373076,Class A/1 (Rhodopsin-like receptors),TAS,Homo sapiens
1507,Histrelin,25077993,CHEBI:5739,R-HSA-375281,Hormone ligand-binding receptors,TAS,Homo sapiens
1507,Histrelin,25077993,CHEBI:5739,R-HSA-500792,GPCR ligand binding,TAS,Homo sapiens
1513,Hydrochlorothiazide,3639,CHEBI:5778,R-HSA-382551,Transport of small molecules,TAS,Homo sapiens
1513,Hydrochlorothiazide,3639,CHEBI:5778,R-HSA-425407,SLC-mediated transmembrane transport,TAS,Homo sapiens
1513,Hydrochlorothiazide,3639,CHEBI:5778,R-HSA-426117,Cation-coupled Chloride cotransporters,TAS,Homo sapiens
1513,Hydrochlorothiazide,3639,CHEBI:5778,R-HSA-9958790,SLC-mediated transport of inorganic anions,TAS,Homo sapiens
1516,Hydrocortisone,5754,CHEBI:17650,R-HSA-1430728,Metabolism,TAS,Homo sapiens
1516,Hydrocortisone,5754,CHEBI:17650,R-HSA-162582,Signal Transduction,TAS,Homo sapiens
1516,Hydrocortisone,5754,CHEBI:17650,R-HSA-1643685,Disease,TAS,Homo sapiens
1516,Hydrocortisone,5754,CHEBI:17650,R-HSA-194002,Glucocorticoid biosynthesis,TAS,Homo sapiens
1516,Hydrocortisone,5754,CHEBI:17650,R-HSA-196071,Metabolism of steroid hormones,TAS,Homo sapiens
1516,Hydrocortisone,5754,CHEBI:17650,R-HSA-211859,Biological oxidations,TAS,Homo sapiens
1516,Hydrocortisone,5754,CHEBI:17650,R-HSA-211897,Cytochrome P450 - arranged by substrate type,TAS,Homo sapiens
1516,Hydrocortisone,5754,CHEBI:17650,R-HSA-211945,Phase I - Functionalization of compounds,TAS,Homo sapiens
1516,Hydrocortisone,5754,CHEBI:17650,R-HSA-211976,Endogenous sterols,TAS,Homo sapiens
1516,Hydrocortisone,5754,CHEBI:17650,R-HSA-212436,Generic Transcription Pathway,IEA,Homo sapiens
1516,Hydrocortisone,5754,CHEBI:17650,R-HSA-2262752,Cellular responses to stress,TAS,Homo sapiens
1516,Hydrocortisone,5754,CHEBI:17650,R-HSA-2990846,SUMOylation,TAS,Homo sapiens
1516,Hydrocortisone,5754,CHEBI:17650,R-HSA-3108232,SUMO E3 ligases SUMOylate target proteins,TAS,Homo sapiens
1516,Hydrocortisone,5754,CHEBI:17650,R-HSA-3371497,HSP90 chaperone cycle for steroid hormone receptors (SHR) in the presence of ligand,TAS,Homo sapiens
1516,Hydrocortisone,5754,CHEBI:17650,R-HSA-392499,Metabolism of proteins,TAS,Homo sapiens
1516,Hydrocortisone,5754,CHEBI:17650,R-HSA-4090294,SUMOylation of intracellular receptors,TAS,Homo sapiens
1516,Hydrocortisone,5754,CHEBI:17650,R-HSA-556833,Metabolism of lipids,TAS,Homo sapiens
1516,Hydrocortisone,5754,CHEBI:17650,R-HSA-5663205,Infectious disease,TAS,Homo sapiens
1516,Hydrocortisone,5754,CHEBI:17650,R-HSA-597592,Post-translational protein modification,TAS,Homo sapiens
1516,Hydrocortisone,5754,CHEBI:17650,R-HSA-73857,RNA Polymerase II Transcription,IEA,Homo sapiens
1516,Hydrocortisone,5754,CHEBI:17650,R-HSA-74160,Gene expression (Transcription),IEA,Homo sapiens
1516,Hydrocortisone,5754,CHEBI:17650,R-HSA-8848021,Signaling by PTK6,TAS,Homo sapiens
1516,Hydrocortisone,5754,CHEBI:17650,R-HSA-8849473,PTK6 Expression,TAS,Homo sapiens
1516,Hydrocortisone,5754,CHEBI:17650,R-HSA-8878166,Transcriptional regulation by RUNX2,IEA,Homo sapiens
1516,Hydrocortisone,5754,CHEBI:17650,R-HSA-8939902,Regulation of RUNX2 expression and activity,IEA,Homo sapiens
1516,Hydrocortisone,5754,CHEBI:17650,R-HSA-8953897,Cellular responses to stimuli,TAS,Homo sapiens
1516,Hydrocortisone,5754,CHEBI:17650,R-HSA-8957322,Metabolism of steroids,TAS,Homo sapiens
1516,Hydrocortisone,5754,CHEBI:17650,R-HSA-9006927,Signaling by Non-Receptor Tyrosine Kinases,TAS,Homo sapiens
1516,Hydrocortisone,5754,CHEBI:17650,R-HSA-9614085,FOXO-mediated transcription,IEA,Homo sapiens
1516,Hydrocortisone,5754,CHEBI:17650,R-HSA-9615017,"FOXO-mediated transcription of oxidative stress, metabolic and neuronal genes",IEA,Homo sapiens
1516,Hydrocortisone,5754,CHEBI:17650,R-HSA-9634815,Transcriptional Regulation by NPAS4,IEA,Homo sapiens
1516,Hydrocortisone,5754,CHEBI:17650,R-HSA-9679191,Potential therapeutics for SARS,TAS,Homo sapiens
1516,Hydrocortisone,5754,CHEBI:17650,R-HSA-9679506,SARS-CoV Infections,TAS,Homo sapiens
1516,Hydrocortisone,5754,CHEBI:17650,R-HSA-9768759,Regulation of NPAS4 gene expression,IEA,Homo sapiens
1516,Hydrocortisone,5754,CHEBI:17650,R-HSA-9768777,Regulation of NPAS4 gene transcription,IEA,Homo sapiens
1516,Hydrocortisone,5754,CHEBI:17650,R-HSA-9824446,Viral Infection Pathways,TAS,Homo sapiens
1533,Hydroxychloroquine,3652,CHEBI:5801,R-HSA-1643685,Disease,TAS,Homo sapiens
1533,Hydroxychloroquine,3652,CHEBI:5801,R-HSA-168138,Toll Like Receptor 9 (TLR9) Cascade,TAS,Homo sapiens
1533,Hydroxychloroquine,3652,CHEBI:5801,R-HSA-168181,Toll Like Receptor 7/8 (TLR7/8) Cascade,TAS,Homo sapiens
1533,Hydroxychloroquine,3652,CHEBI:5801,R-HSA-168249,Innate Immune System,TAS,Homo sapiens
1533,Hydroxychloroquine,3652,CHEBI:5801,R-HSA-168256,Immune System,TAS,Homo sapiens
1533,Hydroxychloroquine,3652,CHEBI:5801,R-HSA-168898,Toll-like Receptor Cascades,TAS,Homo sapiens
1533,Hydroxychloroquine,3652,CHEBI:5801,R-HSA-5663205,Infectious disease,TAS,Homo sapiens
1533,Hydroxychloroquine,3652,CHEBI:5801,R-HSA-9678108,SARS-CoV-1 Infection,TAS,Homo sapiens
1533,Hydroxychloroquine,3652,CHEBI:5801,R-HSA-9678110,Attachment and Entry,TAS,Homo sapiens
1533,Hydroxychloroquine,3652,CHEBI:5801,R-HSA-9679191,Potential therapeutics for SARS,TAS,Homo sapiens
1533,Hydroxychloroquine,3652,CHEBI:5801,R-HSA-9679506,SARS-CoV Infections,TAS,Homo sapiens
1533,Hydroxychloroquine,3652,CHEBI:5801,R-HSA-9692914,SARS-CoV-1-host interactions,TAS,Homo sapiens
1533,Hydroxychloroquine,3652,CHEBI:5801,R-HSA-9692916,SARS-CoV-1 activates/modulates innate immune responses,TAS,Homo sapiens
1533,Hydroxychloroquine,3652,CHEBI:5801,R-HSA-9694516,SARS-CoV-2 Infection,TAS,Homo sapiens
1533,Hydroxychloroquine,3652,CHEBI:5801,R-HSA-9705671,SARS-CoV-2 activates/modulates innate and adaptive immune responses,TAS,Homo sapiens
1533,Hydroxychloroquine,3652,CHEBI:5801,R-HSA-9705683,SARS-CoV-2-host interactions,TAS,Homo sapiens
1533,Hydroxychloroquine,3652,CHEBI:5801,R-HSA-9820952,Respiratory Syncytial Virus Infection Pathway,TAS,Homo sapiens
1533,Hydroxychloroquine,3652,CHEBI:5801,R-HSA-9824446,Viral Infection Pathways,TAS,Homo sapiens
1533,Hydroxychloroquine,3652,CHEBI:5801,R-HSA-9833110,RSV-host interactions,TAS,Homo sapiens
1535,Hydroxyprogesterone,6238,CHEBI:17252,R-HSA-1430728,Metabolism,TAS,Homo sapiens
1535,Hydroxyprogesterone,6238,CHEBI:17252,R-HSA-1643685,Disease,TAS,Homo sapiens
1535,Hydroxyprogesterone,6238,CHEBI:17252,R-HSA-193048,Androgen biosynthesis,TAS,Homo sapiens
1535,Hydroxyprogesterone,6238,CHEBI:17252,R-HSA-194002,Glucocorticoid biosynthesis,TAS,Homo sapiens
1535,Hydroxyprogesterone,6238,CHEBI:17252,R-HSA-196071,Metabolism of steroid hormones,TAS,Homo sapiens
1535,Hydroxyprogesterone,6238,CHEBI:17252,R-HSA-556833,Metabolism of lipids,TAS,Homo sapiens
1535,Hydroxyprogesterone,6238,CHEBI:17252,R-HSA-5579028,Defective CYP17A1 causes AH5,TAS,Homo sapiens
1535,Hydroxyprogesterone,6238,CHEBI:17252,R-HSA-5579029,Metabolic disorders of biological oxidation enzymes,TAS,Homo sapiens
1535,Hydroxyprogesterone,6238,CHEBI:17252,R-HSA-5668914,Diseases of metabolism,TAS,Homo sapiens
1535,Hydroxyprogesterone,6238,CHEBI:17252,R-HSA-8957322,Metabolism of steroids,TAS,Homo sapiens
1539,Hydroxyzine,3658,CHEBI:5818,R-HSA-162582,Signal Transduction,TAS,Homo sapiens
1539,Hydroxyzine,3658,CHEBI:5818,R-HSA-1643685,Disease,TAS,Homo sapiens
1539,Hydroxyzine,3658,CHEBI:5818,R-HSA-372790,Signaling by GPCR,TAS,Homo sapiens
1539,Hydroxyzine,3658,CHEBI:5818,R-HSA-373076,Class A/1 (Rhodopsin-like receptors),TAS,Homo sapiens
1539,Hydroxyzine,3658,CHEBI:5818,R-HSA-375280,Amine ligand-binding receptors,TAS,Homo sapiens
1539,Hydroxyzine,3658,CHEBI:5818,R-HSA-390650,Histamine receptors,TAS,Homo sapiens
1539,Hydroxyzine,3658,CHEBI:5818,R-HSA-500792,GPCR ligand binding,TAS,Homo sapiens
1539,Hydroxyzine,3658,CHEBI:5818,R-HSA-5663205,Infectious disease,TAS,Homo sapiens
1539,Hydroxyzine,3658,CHEBI:5818,R-HSA-9678108,SARS-CoV-1 Infection,TAS,Homo sapiens
1539,Hydroxyzine,3658,CHEBI:5818,R-HSA-9678110,Attachment and Entry,TAS,Homo sapiens
1539,Hydroxyzine,3658,CHEBI:5818,R-HSA-9679506,SARS-CoV Infections,TAS,Homo sapiens
1539,Hydroxyzine,3658,CHEBI:5818,R-HSA-9824446,Viral Infection Pathways,TAS,Homo sapiens
1545,Hypoxanthine,135398638,CHEBI:17368,R-HSA-110331,Cleavage of the damaged purine,TAS,Homo sapiens
1545,Hypoxanthine,135398638,CHEBI:17368,R-HSA-1430728,Metabolism,TAS,Homo sapiens
1545,Hypoxanthine,135398638,CHEBI:17368,R-HSA-15869,Metabolism of nucleotides,TAS,Homo sapiens
1545,Hypoxanthine,135398638,CHEBI:17368,R-HSA-1643685,Disease,TAS,Homo sapiens
1545,Hypoxanthine,135398638,CHEBI:17368,R-HSA-382551,Transport of small molecules,TAS,Homo sapiens
1545,Hypoxanthine,135398638,CHEBI:17368,R-HSA-425397,"Transport of vitamins, nucleosides, and related molecules",TAS,Homo sapiens
1545,Hypoxanthine,135398638,CHEBI:17368,R-HSA-425407,SLC-mediated transmembrane transport,TAS,Homo sapiens
1545,Hypoxanthine,135398638,CHEBI:17368,R-HSA-5668914,Diseases of metabolism,TAS,Homo sapiens
1545,Hypoxanthine,135398638,CHEBI:17368,R-HSA-73884,Base Excision Repair,TAS,Homo sapiens
1545,Hypoxanthine,135398638,CHEBI:17368,R-HSA-73894,DNA Repair,TAS,Homo sapiens
1545,Hypoxanthine,135398638,CHEBI:17368,R-HSA-73927,Depurination,TAS,Homo sapiens
1545,Hypoxanthine,135398638,CHEBI:17368,R-HSA-73929,"Base-Excision Repair, AP Site Formation",TAS,Homo sapiens
1545,Hypoxanthine,135398638,CHEBI:17368,R-HSA-74217,Purine salvage,TAS,Homo sapiens
1545,Hypoxanthine,135398638,CHEBI:17368,R-HSA-74259,Purine catabolism,TAS,Homo sapiens
1545,Hypoxanthine,135398638,CHEBI:17368,R-HSA-83936,Transport of nucleosides and free purine and pyrimidine bases across the plasma membrane,TAS,Homo sapiens
1545,Hypoxanthine,135398638,CHEBI:17368,R-HSA-8956319,Nucleotide catabolism,TAS,Homo sapiens
1545,Hypoxanthine,135398638,CHEBI:17368,R-HSA-8956321,Nucleotide salvage,TAS,Homo sapiens
1545,Hypoxanthine,135398638,CHEBI:17368,R-HSA-9734207,Nucleotide salvage defects,TAS,Homo sapiens
1545,Hypoxanthine,135398638,CHEBI:17368,R-HSA-9734281,Defective HPRT1 disrupts guanine and hypoxanthine salvage,TAS,Homo sapiens
1545,Hypoxanthine,135398638,CHEBI:17368,R-HSA-9735804,Diseases of nucleotide metabolism,TAS,Homo sapiens
1550,Ibrutinib,24821094,CHEBI:76612,R-HSA-1266695,Interleukin-7 signaling,TAS,Homo sapiens
1550,Ibrutinib,24821094,CHEBI:76612,R-HSA-1280215,Cytokine Signaling in Immune system,TAS,Homo sapiens
1550,Ibrutinib,24821094,CHEBI:76612,R-HSA-1280218,Adaptive Immune System,TAS,Homo sapiens
1550,Ibrutinib,24821094,CHEBI:76612,R-HSA-1643685,Disease,TAS,Homo sapiens
1550,Ibrutinib,24821094,CHEBI:76612,R-HSA-168256,Immune System,TAS,Homo sapiens
1550,Ibrutinib,24821094,CHEBI:76612,R-HSA-449147,Signaling by Interleukins,TAS,Homo sapiens
1550,Ibrutinib,24821094,CHEBI:76612,R-HSA-451927,Interleukin-2 family signaling,TAS,Homo sapiens
1550,Ibrutinib,24821094,CHEBI:76612,R-HSA-5663205,Infectious disease,TAS,Homo sapiens
1550,Ibrutinib,24821094,CHEBI:76612,R-HSA-6785807,Interleukin-4 and Interleukin-13 signaling,TAS,Homo sapiens
1550,Ibrutinib,24821094,CHEBI:76612,R-HSA-8985947,Interleukin-9 signaling,TAS,Homo sapiens
1550,Ibrutinib,24821094,CHEBI:76612,R-HSA-9020558,Interleukin-2 signaling,TAS,Homo sapiens
1550,Ibrutinib,24821094,CHEBI:76612,R-HSA-9679191,Potential therapeutics for SARS,TAS,Homo sapiens
1550,Ibrutinib,24821094,CHEBI:76612,R-HSA-9679506,SARS-CoV Infections,TAS,Homo sapiens
1550,Ibrutinib,24821094,CHEBI:76612,R-HSA-9824446,Viral Infection Pathways,TAS,Homo sapiens
1550,Ibrutinib,24821094,CHEBI:76612,R-HSA-983695,Antigen activates B Cell Receptor (BCR) leading to generation of second messengers,TAS,Homo sapiens
1550,Ibrutinib,24821094,CHEBI:76612,R-HSA-983705,Signaling by the B Cell Receptor (BCR),TAS,Homo sapiens
1551,Ibudilast,3671,CHEBI:31684,R-HSA-162582,Signal Transduction,TAS,Homo sapiens
1551,Ibudilast,3671,CHEBI:31684,R-HSA-372790,Signaling by GPCR,TAS,Homo sapiens
1551,Ibudilast,3671,CHEBI:31684,R-HSA-388396,GPCR downstream signalling,TAS,Homo sapiens
1551,Ibudilast,3671,CHEBI:31684,R-HSA-418555,G alpha (s) signalling events,TAS,Homo sapiens
1553,Ibutilide,60753,CHEBI:5856,R-HSA-397014,Muscle contraction,TAS,Homo sapiens
1553,Ibutilide,60753,CHEBI:5856,R-HSA-5576890,Phase 3 - rapid repolarisation,TAS,Homo sapiens
1553,Ibutilide,60753,CHEBI:5856,R-HSA-5576891,Cardiac conduction,TAS,Homo sapiens
1563,Ifenprodil,3689,CHEBI:93829,R-HSA-112314,Neurotransmitter receptors and postsynaptic signal transmission,TAS,Homo sapiens
1563,Ifenprodil,3689,CHEBI:93829,R-HSA-112315,Transmission across Chemical Synapses,TAS,Homo sapiens
1563,Ifenprodil,3689,CHEBI:93829,R-HSA-112316,Neuronal System,TAS,Homo sapiens
1563,Ifenprodil,3689,CHEBI:93829,R-HSA-438066,"Unblocking of NMDA receptors, glutamate binding and activation",TAS,Homo sapiens
1563,Ifenprodil,3689,CHEBI:93829,R-HSA-442755,Activation of NMDA receptors and postsynaptic events,TAS,Homo sapiens
1566,Ifosfamide,3690,CHEBI:5864,R-HSA-6783310,Fanconi Anemia Pathway,IEA,Homo sapiens
1566,Ifosfamide,3690,CHEBI:5864,R-HSA-73894,DNA Repair,IEA,Homo sapiens
1566,Ifosfamide,3690,CHEBI:5864,R-HSA-9750126,Drug-induced formation of DNA interstrand crosslinks,IEA,Homo sapiens
1567,Ilaprazole,214351,CHEBI:135544,R-HSA-382551,Transport of small molecules,TAS,Homo sapiens
1567,Ilaprazole,214351,CHEBI:135544,R-HSA-936837,Ion transport by P-type ATPases,TAS,Homo sapiens
1567,Ilaprazole,214351,CHEBI:135544,R-HSA-983712,Ion channel transport,TAS,Homo sapiens
1568,Iloperidone,71360,CHEBI:65173,R-HSA-162582,Signal Transduction,TAS,Homo sapiens
1568,Iloperidone,71360,CHEBI:65173,R-HSA-372790,Signaling by GPCR,TAS,Homo sapiens
1568,Iloperidone,71360,CHEBI:65173,R-HSA-373076,Class A/1 (Rhodopsin-like receptors),TAS,Homo sapiens
1568,Iloperidone,71360,CHEBI:65173,R-HSA-375280,Amine ligand-binding receptors,TAS,Homo sapiens
1568,Iloperidone,71360,CHEBI:65173,R-HSA-390666,Serotonin receptors,TAS,Homo sapiens
1568,Iloperidone,71360,CHEBI:65173,R-HSA-500792,GPCR ligand binding,TAS,Homo sapiens
1569,Iloprost,5311181,CHEBI:63916,R-HSA-109582,Hemostasis,TAS,Homo sapiens
1569,Iloprost,5311181,CHEBI:63916,R-HSA-392851,Prostacyclin signalling through prostacyclin receptor,TAS,Homo sapiens
1569,Iloprost,5311181,CHEBI:63916,R-HSA-418346,Platelet homeostasis,TAS,Homo sapiens
1572,Imatinib,5291,CHEBI:45783,R-HSA-1433557,Signaling by SCF-KIT,TAS,Homo sapiens
1572,Imatinib,5291,CHEBI:45783,R-HSA-162582,Signal Transduction,TAS,Homo sapiens
1572,Imatinib,5291,CHEBI:45783,R-HSA-1643685,Disease,TAS,Homo sapiens
1572,Imatinib,5291,CHEBI:45783,R-HSA-186797,Signaling by PDGF,TAS,Homo sapiens
1572,Imatinib,5291,CHEBI:45783,R-HSA-382551,Transport of small molecules,TAS,Homo sapiens
1572,Imatinib,5291,CHEBI:45783,R-HSA-382556,ABC-family protein mediated transport,TAS,Homo sapiens
1572,Imatinib,5291,CHEBI:45783,R-HSA-5663202,Diseases of signal transduction by growth factor receptors and second messengers,TAS,Homo sapiens
1572,Imatinib,5291,CHEBI:45783,R-HSA-9006934,Signaling by Receptor Tyrosine Kinases,TAS,Homo sapiens
1572,Imatinib,5291,CHEBI:45783,R-HSA-9669917,Imatinib-resistant KIT mutants,TAS,Homo sapiens
1572,Imatinib,5291,CHEBI:45783,R-HSA-9669921,KIT mutants bind TKIs,TAS,Homo sapiens
1572,Imatinib,5291,CHEBI:45783,R-HSA-9669937,Drug resistance of KIT mutants,TAS,Homo sapiens
1572,Imatinib,5291,CHEBI:45783,R-HSA-9669938,Signaling by KIT in disease,TAS,Homo sapiens
1572,Imatinib,5291,CHEBI:45783,R-HSA-9671555,Signaling by PDGFR in disease,TAS,Homo sapiens
1572,Imatinib,5291,CHEBI:45783,R-HSA-9674396,Imatinib-resistant PDGFR mutants,TAS,Homo sapiens
1572,Imatinib,5291,CHEBI:45783,R-HSA-9674415,Drug resistance of PDGFR mutants,TAS,Homo sapiens
1572,Imatinib,5291,CHEBI:45783,R-HSA-9674428,PDGFR mutants bind TKIs,TAS,Homo sapiens
1572,Imatinib,5291,CHEBI:45783,R-HSA-9748784,Drug ADME,TAS,Homo sapiens
1572,Imatinib,5291,CHEBI:45783,R-HSA-9757110,Prednisone ADME,TAS,Homo sapiens
1575,Imidapril,5464343,CHEBI:135654,R-HSA-2022377,Metabolism of Angiotensinogen to Angiotensins,TAS,Homo sapiens
1575,Imidapril,5464343,CHEBI:135654,R-HSA-2980736,Peptide hormone metabolism,TAS,Homo sapiens
1575,Imidapril,5464343,CHEBI:135654,R-HSA-392499,Metabolism of proteins,TAS,Homo sapiens
1578,Imipramine,3696,CHEBI:47499,R-HSA-112311,Neurotransmitter clearance,TAS,Homo sapiens
1578,Imipramine,3696,CHEBI:47499,R-HSA-112315,Transmission across Chemical Synapses,TAS,Homo sapiens
1578,Imipramine,3696,CHEBI:47499,R-HSA-112316,Neuronal System,TAS,Homo sapiens
1578,Imipramine,3696,CHEBI:47499,R-HSA-380615,Serotonin clearance from the synaptic cleft,TAS,Homo sapiens
1578,Imipramine,3696,CHEBI:47499,R-HSA-382551,Transport of small molecules,TAS,Homo sapiens
1578,Imipramine,3696,CHEBI:47499,R-HSA-425407,SLC-mediated transmembrane transport,TAS,Homo sapiens
1578,Imipramine,3696,CHEBI:47499,R-HSA-549127,SLC-mediated transport of organic cations,TAS,Homo sapiens
1580,Imiquimod,57469,CHEBI:36704,R-HSA-1643685,Disease,TAS,Homo sapiens
1580,Imiquimod,57469,CHEBI:36704,R-HSA-168138,Toll Like Receptor 9 (TLR9) Cascade,TAS,Homo sapiens
1580,Imiquimod,57469,CHEBI:36704,R-HSA-168181,Toll Like Receptor 7/8 (TLR7/8) Cascade,TAS,Homo sapiens
1580,Imiquimod,57469,CHEBI:36704,R-HSA-168249,Innate Immune System,TAS,Homo sapiens
1580,Imiquimod,57469,CHEBI:36704,R-HSA-168256,Immune System,TAS,Homo sapiens
1580,Imiquimod,57469,CHEBI:36704,R-HSA-168898,Toll-like Receptor Cascades,TAS,Homo sapiens
1580,Imiquimod,57469,CHEBI:36704,R-HSA-5663205,Infectious disease,TAS,Homo sapiens
1580,Imiquimod,57469,CHEBI:36704,R-HSA-9678108,SARS-CoV-1 Infection,TAS,Homo sapiens
1580,Imiquimod,57469,CHEBI:36704,R-HSA-9679506,SARS-CoV Infections,TAS,Homo sapiens
1580,Imiquimod,57469,CHEBI:36704,R-HSA-9692914,SARS-CoV-1-host interactions,TAS,Homo sapiens
1580,Imiquimod,57469,CHEBI:36704,R-HSA-9692916,SARS-CoV-1 activates/modulates innate immune responses,TAS,Homo sapiens
1580,Imiquimod,57469,CHEBI:36704,R-HSA-975110,TRAF6 mediated IRF7 activation in TLR7/8 or 9 signaling,TAS,Homo sapiens
1580,Imiquimod,57469,CHEBI:36704,R-HSA-975138,TRAF6 mediated induction of NFkB and MAP kinases upon TLR7/8 or 9 activation,TAS,Homo sapiens
1580,Imiquimod,57469,CHEBI:36704,R-HSA-975155,MyD88 dependent cascade initiated on endosome,TAS,Homo sapiens
1580,Imiquimod,57469,CHEBI:36704,R-HSA-9824446,Viral Infection Pathways,TAS,Homo sapiens
1582,Indacaterol,6918554,CHEBI:68575,R-HSA-162582,Signal Transduction,TAS,Homo sapiens
1582,Indacaterol,6918554,CHEBI:68575,R-HSA-372790,Signaling by GPCR,TAS,Homo sapiens
1582,Indacaterol,6918554,CHEBI:68575,R-HSA-373076,Class A/1 (Rhodopsin-like receptors),TAS,Homo sapiens
1582,Indacaterol,6918554,CHEBI:68575,R-HSA-375280,Amine ligand-binding receptors,TAS,Homo sapiens
1582,Indacaterol,6918554,CHEBI:68575,R-HSA-390696,Adrenoceptors,TAS,Homo sapiens
1582,Indacaterol,6918554,CHEBI:68575,R-HSA-500792,GPCR ligand binding,TAS,Homo sapiens
1594,Indomethacin,3715,CHEBI:49662,R-HSA-1430728,Metabolism,TAS,Homo sapiens
1594,Indomethacin,3715,CHEBI:49662,R-HSA-2142753,Arachidonate metabolism,TAS,Homo sapiens
1594,Indomethacin,3715,CHEBI:49662,R-HSA-2162123,Synthesis of Prostaglandins (PG) and Thromboxanes (TX),TAS,Homo sapiens
1594,Indomethacin,3715,CHEBI:49662,R-HSA-556833,Metabolism of lipids,TAS,Homo sapiens
1594,Indomethacin,3715,CHEBI:49662,R-HSA-8978868,Fatty acid metabolism,TAS,Homo sapiens
1598,Infigratinib,53235510,CHEBI:63451,R-HSA-1226099,Signaling by FGFR in disease,TAS,Homo sapiens
1598,Infigratinib,53235510,CHEBI:63451,R-HSA-1643685,Disease,TAS,Homo sapiens
1598,Infigratinib,53235510,CHEBI:63451,R-HSA-1839120,Signaling by FGFR1 amplification mutants,TAS,Homo sapiens
1598,Infigratinib,53235510,CHEBI:63451,R-HSA-1839124,FGFR1 mutant receptor activation,TAS,Homo sapiens
1598,Infigratinib,53235510,CHEBI:63451,R-HSA-1839126,FGFR2 mutant receptor activation,TAS,Homo sapiens
1598,Infigratinib,53235510,CHEBI:63451,R-HSA-2023837,Signaling by FGFR2 amplification mutants,TAS,Homo sapiens
1598,Infigratinib,53235510,CHEBI:63451,R-HSA-2033519,Activated point mutants of FGFR2,TAS,Homo sapiens
1598,Infigratinib,53235510,CHEBI:63451,R-HSA-5655253,Signaling by FGFR2 in disease,TAS,Homo sapiens
1598,Infigratinib,53235510,CHEBI:63451,R-HSA-5655302,Signaling by FGFR1 in disease,TAS,Homo sapiens
1598,Infigratinib,53235510,CHEBI:63451,R-HSA-5655332,Signaling by FGFR3 in disease,TAS,Homo sapiens
1598,Infigratinib,53235510,CHEBI:63451,R-HSA-5663202,Diseases of signal transduction by growth factor receptors and second messengers,TAS,Homo sapiens
1599,Inosine,135398641,CHEBI:17596,R-HSA-1430728,Metabolism,TAS,Homo sapiens
1599,Inosine,135398641,CHEBI:17596,R-HSA-15869,Metabolism of nucleotides,TAS,Homo sapiens
1599,Inosine,135398641,CHEBI:17596,R-HSA-1643685,Disease,TAS,Homo sapiens
1599,Inosine,135398641,CHEBI:17596,R-HSA-2161522,Abacavir ADME,TAS,Homo sapiens
1599,Inosine,135398641,CHEBI:17596,R-HSA-2161541,Abacavir metabolism,TAS,Homo sapiens
1599,Inosine,135398641,CHEBI:17596,R-HSA-382551,Transport of small molecules,TAS,Homo sapiens
1599,Inosine,135398641,CHEBI:17596,R-HSA-392499,Metabolism of proteins,TAS,Homo sapiens
1599,Inosine,135398641,CHEBI:17596,R-HSA-425397,"Transport of vitamins, nucleosides, and related molecules",TAS,Homo sapiens
1599,Inosine,135398641,CHEBI:17596,R-HSA-425407,SLC-mediated transmembrane transport,TAS,Homo sapiens
1599,Inosine,135398641,CHEBI:17596,R-HSA-5619063,Defective SLC29A3 causes histiocytosis-lymphadenopathy plus syndrome (HLAS),TAS,Homo sapiens
1599,Inosine,135398641,CHEBI:17596,R-HSA-5619102,SLC transporter disorders,TAS,Homo sapiens
1599,Inosine,135398641,CHEBI:17596,R-HSA-5619115,Disorders of transmembrane transporters,TAS,Homo sapiens
1599,Inosine,135398641,CHEBI:17596,R-HSA-5668914,Diseases of metabolism,TAS,Homo sapiens
1599,Inosine,135398641,CHEBI:17596,R-HSA-5683826,Surfactant metabolism,TAS,Homo sapiens
1599,Inosine,135398641,CHEBI:17596,R-HSA-74217,Purine salvage,TAS,Homo sapiens
1599,Inosine,135398641,CHEBI:17596,R-HSA-74259,Purine catabolism,TAS,Homo sapiens
1599,Inosine,135398641,CHEBI:17596,R-HSA-83936,Transport of nucleosides and free purine and pyrimidine bases across the plasma membrane,TAS,Homo sapiens
1599,Inosine,135398641,CHEBI:17596,R-HSA-8956319,Nucleotide catabolism,TAS,Homo sapiens
1599,Inosine,135398641,CHEBI:17596,R-HSA-8956321,Nucleotide salvage,TAS,Homo sapiens
1599,Inosine,135398641,CHEBI:17596,R-HSA-9735763,Defective PNP disrupts phosphorolysis of (deoxy)guanosine and (deoxy)inosine,TAS,Homo sapiens
1599,Inosine,135398641,CHEBI:17596,R-HSA-9735786,Nucleotide catabolism defects,TAS,Homo sapiens
1599,Inosine,135398641,CHEBI:17596,R-HSA-9735804,Diseases of nucleotide metabolism,TAS,Homo sapiens
1599,Inosine,135398641,CHEBI:17596,R-HSA-9748784,Drug ADME,TAS,Homo sapiens
1599,Inosine,135398641,CHEBI:17596,R-HSA-9755088,Ribavirin ADME,TAS,Homo sapiens
1610,Ipragliflozin,10453870,CHEBI:134724,R-HSA-189200,Cellular hexose transport,TAS,Homo sapiens
1610,Ipragliflozin,10453870,CHEBI:134724,R-HSA-382551,Transport of small molecules,TAS,Homo sapiens
1610,Ipragliflozin,10453870,CHEBI:134724,R-HSA-425407,SLC-mediated transmembrane transport,TAS,Homo sapiens
1617,Irbesartan,3749,CHEBI:5959,R-HSA-162582,Signal Transduction,TAS,Homo sapiens
1617,Irbesartan,3749,CHEBI:5959,R-HSA-372790,Signaling by GPCR,TAS,Homo sapiens
1617,Irbesartan,3749,CHEBI:5959,R-HSA-373076,Class A/1 (Rhodopsin-like receptors),TAS,Homo sapiens
1617,Irbesartan,3749,CHEBI:5959,R-HSA-375276,Peptide ligand-binding receptors,TAS,Homo sapiens
1617,Irbesartan,3749,CHEBI:5959,R-HSA-500792,GPCR ligand binding,TAS,Homo sapiens
1618,Irinotecan,60838,CHEBI:80630,R-HSA-382551,Transport of small molecules,TAS,Homo sapiens
1618,Irinotecan,60838,CHEBI:80630,R-HSA-382556,ABC-family protein mediated transport,TAS,Homo sapiens
1618,Irinotecan,60838,CHEBI:80630,R-HSA-9748784,Drug ADME,TAS,Homo sapiens
1618,Irinotecan,60838,CHEBI:80630,R-HSA-9757110,Prednisone ADME,TAS,Homo sapiens
1620,Iron,23925,CHEBI:18248,R-HSA-1430728,Metabolism,IEA,Homo sapiens
1620,Iron,23925,CHEBI:18248,R-HSA-2564830,Cytosolic iron-sulfur cluster assembly,IEA,Homo sapiens
1627,Isocarboxazid,3759,CHEBI:93635,R-HSA-112311,Neurotransmitter clearance,TAS,Homo sapiens
1627,Isocarboxazid,3759,CHEBI:93635,R-HSA-112315,Transmission across Chemical Synapses,TAS,Homo sapiens
1627,Isocarboxazid,3759,CHEBI:93635,R-HSA-112316,Neuronal System,TAS,Homo sapiens
1627,Isocarboxazid,3759,CHEBI:93635,R-HSA-140179,Amine Oxidase reactions,TAS,Homo sapiens
1627,Isocarboxazid,3759,CHEBI:93635,R-HSA-141333,Biogenic amines are oxidatively deaminated to aldehydes by MAOA and MAOB,TAS,Homo sapiens
1627,Isocarboxazid,3759,CHEBI:93635,R-HSA-1430728,Metabolism,TAS,Homo sapiens
1627,Isocarboxazid,3759,CHEBI:93635,R-HSA-211859,Biological oxidations,TAS,Homo sapiens
1627,Isocarboxazid,3759,CHEBI:93635,R-HSA-211945,Phase I - Functionalization of compounds,TAS,Homo sapiens
1627,Isocarboxazid,3759,CHEBI:93635,R-HSA-379401,Dopamine clearance from the synaptic cleft,TAS,Homo sapiens
1632,Isoniazid,3767,CHEBI:6030,R-HSA-1430728,Metabolism,TAS,Homo sapiens
1632,Isoniazid,3767,CHEBI:6030,R-HSA-156580,Phase II - Conjugation of compounds,TAS,Homo sapiens
1632,Isoniazid,3767,CHEBI:6030,R-HSA-156582,Acetylation,TAS,Homo sapiens
1632,Isoniazid,3767,CHEBI:6030,R-HSA-1643685,Disease,TAS,Homo sapiens
1632,Isoniazid,3767,CHEBI:6030,R-HSA-211859,Biological oxidations,TAS,Homo sapiens
1632,Isoniazid,3767,CHEBI:6030,R-HSA-5663205,Infectious disease,TAS,Homo sapiens
1632,Isoniazid,3767,CHEBI:6030,R-HSA-9678108,SARS-CoV-1 Infection,TAS,Homo sapiens
1632,Isoniazid,3767,CHEBI:6030,R-HSA-9678110,Attachment and Entry,TAS,Homo sapiens
1632,Isoniazid,3767,CHEBI:6030,R-HSA-9679506,SARS-CoV Infections,TAS,Homo sapiens
1632,Isoniazid,3767,CHEBI:6030,R-HSA-9694516,SARS-CoV-2 Infection,TAS,Homo sapiens
1632,Isoniazid,3767,CHEBI:6030,R-HSA-9694614,Attachment and Entry,TAS,Homo sapiens
1632,Isoniazid,3767,CHEBI:6030,R-HSA-9748784,Drug ADME,TAS,Homo sapiens
1632,Isoniazid,3767,CHEBI:6030,R-HSA-9753281,Paracetamol ADME,TAS,Homo sapiens
1632,Isoniazid,3767,CHEBI:6030,R-HSA-9772572,Early SARS-CoV-2 Infection Events,TAS,Homo sapiens
1632,Isoniazid,3767,CHEBI:6030,R-HSA-9824446,Viral Infection Pathways,TAS,Homo sapiens
1633,Isoprenaline,3779,CHEBI:64317,R-HSA-162582,Signal Transduction,TAS,Homo sapiens
1633,Isoprenaline,3779,CHEBI:64317,R-HSA-372790,Signaling by GPCR,TAS,Homo sapiens
1633,Isoprenaline,3779,CHEBI:64317,R-HSA-373076,Class A/1 (Rhodopsin-like receptors),TAS,Homo sapiens
1633,Isoprenaline,3779,CHEBI:64317,R-HSA-375280,Amine ligand-binding receptors,TAS,Homo sapiens
1633,Isoprenaline,3779,CHEBI:64317,R-HSA-390696,Adrenoceptors,TAS,Homo sapiens
1633,Isoprenaline,3779,CHEBI:64317,R-HSA-500792,GPCR ligand binding,TAS,Homo sapiens
1642,Isradipine,3784,CHEBI:6073,R-HSA-397014,Muscle contraction,TAS,Homo sapiens
1642,Isradipine,3784,CHEBI:6073,R-HSA-5576891,Cardiac conduction,TAS,Homo sapiens
1642,Isradipine,3784,CHEBI:6073,R-HSA-5576892,Phase 0 - rapid depolarisation,TAS,Homo sapiens
1642,Isradipine,3784,CHEBI:6073,R-HSA-5576893,Phase 2 - plateau phase,TAS,Homo sapiens
1645,Ivabradine,132999,CHEBI:85966,R-HSA-112316,Neuronal System,TAS,Homo sapiens
1645,Ivabradine,132999,CHEBI:85966,R-HSA-1296061,HCN channels,TAS,Homo sapiens
1645,Ivabradine,132999,CHEBI:85966,R-HSA-1296071,Potassium Channels,TAS,Homo sapiens
1658,Ketanserin,3822,CHEBI:6123,R-HSA-162582,Signal Transduction,TAS,Homo sapiens
1658,Ketanserin,3822,CHEBI:6123,R-HSA-372790,Signaling by GPCR,TAS,Homo sapiens
1658,Ketanserin,3822,CHEBI:6123,R-HSA-373076,Class A/1 (Rhodopsin-like receptors),TAS,Homo sapiens
1658,Ketanserin,3822,CHEBI:6123,R-HSA-375280,Amine ligand-binding receptors,TAS,Homo sapiens
1658,Ketanserin,3822,CHEBI:6123,R-HSA-390666,Serotonin receptors,TAS,Homo sapiens
1658,Ketanserin,3822,CHEBI:6123,R-HSA-500792,GPCR ligand binding,TAS,Homo sapiens
1662,Ketorolac,3826,CHEBI:6129,R-HSA-1430728,Metabolism,TAS,Homo sapiens
1662,Ketorolac,3826,CHEBI:6129,R-HSA-2142753,Arachidonate metabolism,TAS,Homo sapiens
1662,Ketorolac,3826,CHEBI:6129,R-HSA-2162123,Synthesis of Prostaglandins (PG) and Thromboxanes (TX),TAS,Homo sapiens
1662,Ketorolac,3826,CHEBI:6129,R-HSA-556833,Metabolism of lipids,TAS,Homo sapiens
1662,Ketorolac,3826,CHEBI:6129,R-HSA-8978868,Fatty acid metabolism,TAS,Homo sapiens
1663,Ketotifen,3827,CHEBI:92511,R-HSA-162582,Signal Transduction,TAS,Homo sapiens
1663,Ketotifen,3827,CHEBI:92511,R-HSA-372790,Signaling by GPCR,TAS,Homo sapiens
1663,Ketotifen,3827,CHEBI:92511,R-HSA-373076,Class A/1 (Rhodopsin-like receptors),TAS,Homo sapiens
1663,Ketotifen,3827,CHEBI:92511,R-HSA-375280,Amine ligand-binding receptors,TAS,Homo sapiens
1663,Ketotifen,3827,CHEBI:92511,R-HSA-390650,Histamine receptors,TAS,Homo sapiens
1663,Ketotifen,3827,CHEBI:92511,R-HSA-500792,GPCR ligand binding,TAS,Homo sapiens
1667,Labetalol,3869,CHEBI:6343,R-HSA-162582,Signal Transduction,TAS,Homo sapiens
1667,Labetalol,3869,CHEBI:6343,R-HSA-372790,Signaling by GPCR,TAS,Homo sapiens
1667,Labetalol,3869,CHEBI:6343,R-HSA-373076,Class A/1 (Rhodopsin-like receptors),TAS,Homo sapiens
1667,Labetalol,3869,CHEBI:6343,R-HSA-375280,Amine ligand-binding receptors,TAS,Homo sapiens
1667,Labetalol,3869,CHEBI:6343,R-HSA-390696,Adrenoceptors,TAS,Homo sapiens
1667,Labetalol,3869,CHEBI:6343,R-HSA-500792,GPCR ligand binding,TAS,Homo sapiens
1668,Lacidipine,5311217,CHEBI:135737,R-HSA-397014,Muscle contraction,TAS,Homo sapiens
1668,Lacidipine,5311217,CHEBI:135737,R-HSA-5576891,Cardiac conduction,TAS,Homo sapiens
1668,Lacidipine,5311217,CHEBI:135737,R-HSA-5576892,Phase 0 - rapid depolarisation,TAS,Homo sapiens
1668,Lacidipine,5311217,CHEBI:135737,R-HSA-5576893,Phase 2 - plateau phase,TAS,Homo sapiens
1682,Lapatinib,208908,CHEBI:49603,R-HSA-1227986,Signaling by ERBB2,TAS,Homo sapiens
1682,Lapatinib,208908,CHEBI:49603,R-HSA-1227990,Signaling by ERBB2 in Cancer,TAS,Homo sapiens
1682,Lapatinib,208908,CHEBI:49603,R-HSA-1236382,Constitutive Signaling by Ligand-Responsive EGFR Cancer Variants,TAS,Homo sapiens
1682,Lapatinib,208908,CHEBI:49603,R-HSA-162582,Signal Transduction,TAS,Homo sapiens
1682,Lapatinib,208908,CHEBI:49603,R-HSA-1643685,Disease,TAS,Homo sapiens
1682,Lapatinib,208908,CHEBI:49603,R-HSA-1643713,Signaling by EGFR in Cancer,TAS,Homo sapiens
1682,Lapatinib,208908,CHEBI:49603,R-HSA-5637815,Signaling by Ligand-Responsive EGFR Variants in Cancer,TAS,Homo sapiens
1682,Lapatinib,208908,CHEBI:49603,R-HSA-5663202,Diseases of signal transduction by growth factor receptors and second messengers,TAS,Homo sapiens
1682,Lapatinib,208908,CHEBI:49603,R-HSA-9006934,Signaling by Receptor Tyrosine Kinases,TAS,Homo sapiens
1682,Lapatinib,208908,CHEBI:49603,R-HSA-9634285,Constitutive Signaling by Overexpressed ERBB2,TAS,Homo sapiens
1682,Lapatinib,208908,CHEBI:49603,R-HSA-9652282,Drug-mediated inhibition of ERBB2 signaling,TAS,Homo sapiens
1682,Lapatinib,208908,CHEBI:49603,R-HSA-9664565,Signaling by ERBB2 KD Mutants,TAS,Homo sapiens
1682,Lapatinib,208908,CHEBI:49603,R-HSA-9665230,Drug resistance in ERBB2 KD mutants,TAS,Homo sapiens
1682,Lapatinib,208908,CHEBI:49603,R-HSA-9665251,Resistance of ERBB2 KD mutants to lapatinib,TAS,Homo sapiens
1682,Lapatinib,208908,CHEBI:49603,R-HSA-9665348,Signaling by ERBB2 ECD mutants,TAS,Homo sapiens
1682,Lapatinib,208908,CHEBI:49603,R-HSA-9665686,Signaling by ERBB2 TMD/JMD mutants,TAS,Homo sapiens
1687,Latanoprostene bunod,11156438,CHEBI:177703,R-HSA-162582,Signal Transduction,TAS,Homo sapiens
1687,Latanoprostene bunod,11156438,CHEBI:177703,R-HSA-372790,Signaling by GPCR,TAS,Homo sapiens
1687,Latanoprostene bunod,11156438,CHEBI:177703,R-HSA-373076,Class A/1 (Rhodopsin-like receptors),TAS,Homo sapiens
1687,Latanoprostene bunod,11156438,CHEBI:177703,R-HSA-391903,Eicosanoid ligand-binding receptors,TAS,Homo sapiens
1687,Latanoprostene bunod,11156438,CHEBI:177703,R-HSA-391908,Prostanoid ligand receptors,TAS,Homo sapiens
1687,Latanoprostene bunod,11156438,CHEBI:177703,R-HSA-500792,GPCR ligand binding,TAS,Homo sapiens
1692,Leflunomide,3899,CHEBI:6402,R-HSA-1430728,Metabolism,TAS,Homo sapiens
1692,Leflunomide,3899,CHEBI:6402,R-HSA-15869,Metabolism of nucleotides,TAS,Homo sapiens
1692,Leflunomide,3899,CHEBI:6402,R-HSA-500753,Pyrimidine biosynthesis,TAS,Homo sapiens
1692,Leflunomide,3899,CHEBI:6402,R-HSA-8956320,Nucleotide biosynthesis,TAS,Homo sapiens
1696,Lenalidomide,216326,CHEBI:63791,R-HSA-1643685,Disease,TAS,Homo sapiens
1696,Lenalidomide,216326,CHEBI:63791,R-HSA-5663205,Infectious disease,TAS,Homo sapiens
1696,Lenalidomide,216326,CHEBI:63791,R-HSA-9679191,Potential therapeutics for SARS,TAS,Homo sapiens
1696,Lenalidomide,216326,CHEBI:63791,R-HSA-9679506,SARS-CoV Infections,TAS,Homo sapiens
1696,Lenalidomide,216326,CHEBI:63791,R-HSA-9824446,Viral Infection Pathways,TAS,Homo sapiens
1698,Lenvatinib,9823820,CHEBI:85994,R-HSA-1226099,Signaling by FGFR in disease,TAS,Homo sapiens
1698,Lenvatinib,9823820,CHEBI:85994,R-HSA-1433557,Signaling by SCF-KIT,TAS,Homo sapiens
1698,Lenvatinib,9823820,CHEBI:85994,R-HSA-162582,Signal Transduction,TAS,Homo sapiens
1698,Lenvatinib,9823820,CHEBI:85994,R-HSA-1643685,Disease,TAS,Homo sapiens
1698,Lenvatinib,9823820,CHEBI:85994,R-HSA-1839126,FGFR2 mutant receptor activation,TAS,Homo sapiens
1698,Lenvatinib,9823820,CHEBI:85994,R-HSA-186797,Signaling by PDGF,TAS,Homo sapiens
1698,Lenvatinib,9823820,CHEBI:85994,R-HSA-2033519,Activated point mutants of FGFR2,TAS,Homo sapiens
1698,Lenvatinib,9823820,CHEBI:85994,R-HSA-5655253,Signaling by FGFR2 in disease,TAS,Homo sapiens
1698,Lenvatinib,9823820,CHEBI:85994,R-HSA-5655332,Signaling by FGFR3 in disease,TAS,Homo sapiens
1698,Lenvatinib,9823820,CHEBI:85994,R-HSA-5663202,Diseases of signal transduction by growth factor receptors and second messengers,TAS,Homo sapiens
1698,Lenvatinib,9823820,CHEBI:85994,R-HSA-9006934,Signaling by Receptor Tyrosine Kinases,TAS,Homo sapiens
1698,Lenvatinib,9823820,CHEBI:85994,R-HSA-9669921,KIT mutants bind TKIs,TAS,Homo sapiens
1698,Lenvatinib,9823820,CHEBI:85994,R-HSA-9669938,Signaling by KIT in disease,TAS,Homo sapiens
1698,Lenvatinib,9823820,CHEBI:85994,R-HSA-9671555,Signaling by PDGFR in disease,TAS,Homo sapiens
1698,Lenvatinib,9823820,CHEBI:85994,R-HSA-9674428,PDGFR mutants bind TKIs,TAS,Homo sapiens
1699,Lercanidipine,65866,CHEBI:135930,R-HSA-397014,Muscle contraction,TAS,Homo sapiens
1699,Lercanidipine,65866,CHEBI:135930,R-HSA-5576891,Cardiac conduction,TAS,Homo sapiens
1699,Lercanidipine,65866,CHEBI:135930,R-HSA-5576892,Phase 0 - rapid depolarisation,TAS,Homo sapiens
1699,Lercanidipine,65866,CHEBI:135930,R-HSA-5576893,Phase 2 - plateau phase,TAS,Homo sapiens
1701,Lestaurtinib,126565,CHEBI:91471,R-HSA-1280215,Cytokine Signaling in Immune system,TAS,Homo sapiens
1701,Lestaurtinib,126565,CHEBI:91471,R-HSA-1643685,Disease,TAS,Homo sapiens
1701,Lestaurtinib,126565,CHEBI:91471,R-HSA-168256,Immune System,TAS,Homo sapiens
1701,Lestaurtinib,126565,CHEBI:91471,R-HSA-5663202,Diseases of signal transduction by growth factor receptors and second messengers,TAS,Homo sapiens
1701,Lestaurtinib,126565,CHEBI:91471,R-HSA-9607240,FLT3 Signaling,TAS,Homo sapiens
1701,Lestaurtinib,126565,CHEBI:91471,R-HSA-9682385,FLT3 signaling in disease,TAS,Homo sapiens
1701,Lestaurtinib,126565,CHEBI:91471,R-HSA-9702506,Drug resistance of FLT3 mutants,TAS,Homo sapiens
1701,Lestaurtinib,126565,CHEBI:91471,R-HSA-9702509,FLT3 mutants bind TKIs,TAS,Homo sapiens
1701,Lestaurtinib,126565,CHEBI:91471,R-HSA-9702596,lestaurtinib-resistant FLT3 mutants,TAS,Homo sapiens
1704,Letrozole,3902,CHEBI:6413,R-HSA-1430728,Metabolism,TAS,Homo sapiens
1704,Letrozole,3902,CHEBI:6413,R-HSA-193144,Estrogen biosynthesis,TAS,Homo sapiens
1704,Letrozole,3902,CHEBI:6413,R-HSA-196071,Metabolism of steroid hormones,TAS,Homo sapiens
1704,Letrozole,3902,CHEBI:6413,R-HSA-556833,Metabolism of lipids,TAS,Homo sapiens
1704,Letrozole,3902,CHEBI:6413,R-HSA-8957322,Metabolism of steroids,TAS,Homo sapiens
1707,Levobunolol,39468,CHEBI:6438,R-HSA-162582,Signal Transduction,TAS,Homo sapiens
1707,Levobunolol,39468,CHEBI:6438,R-HSA-372790,Signaling by GPCR,TAS,Homo sapiens
1707,Levobunolol,39468,CHEBI:6438,R-HSA-373076,Class A/1 (Rhodopsin-like receptors),TAS,Homo sapiens
1707,Levobunolol,39468,CHEBI:6438,R-HSA-375280,Amine ligand-binding receptors,TAS,Homo sapiens
1707,Levobunolol,39468,CHEBI:6438,R-HSA-390696,Adrenoceptors,TAS,Homo sapiens
1707,Levobunolol,39468,CHEBI:6438,R-HSA-500792,GPCR ligand binding,TAS,Homo sapiens
1711,Levomilnacipran,6917779,CHEBI:136040,R-HSA-112311,Neurotransmitter clearance,TAS,Homo sapiens
1711,Levomilnacipran,6917779,CHEBI:136040,R-HSA-112315,Transmission across Chemical Synapses,TAS,Homo sapiens
1711,Levomilnacipran,6917779,CHEBI:136040,R-HSA-112316,Neuronal System,TAS,Homo sapiens
1711,Levomilnacipran,6917779,CHEBI:136040,R-HSA-380615,Serotonin clearance from the synaptic cleft,TAS,Homo sapiens
1713,Levonorgestrel,13109,CHEBI:6443,R-HSA-2262752,Cellular responses to stress,TAS,Homo sapiens
1713,Levonorgestrel,13109,CHEBI:6443,R-HSA-3371497,HSP90 chaperone cycle for steroid hormone receptors (SHR) in the presence of ligand,TAS,Homo sapiens
1713,Levonorgestrel,13109,CHEBI:6443,R-HSA-8953897,Cellular responses to stimuli,TAS,Homo sapiens
1720,Lidocaine,3676,CHEBI:6456,R-HSA-397014,Muscle contraction,TAS,Homo sapiens
1720,Lidocaine,3676,CHEBI:6456,R-HSA-5576891,Cardiac conduction,TAS,Homo sapiens
1720,Lidocaine,3676,CHEBI:6456,R-HSA-5576892,Phase 0 - rapid depolarisation,TAS,Homo sapiens
1724,Linagliptin,10096344,CHEBI:68610,R-HSA-2980736,Peptide hormone metabolism,TAS,Homo sapiens
1724,Linagliptin,10096344,CHEBI:68610,R-HSA-381771,"Synthesis, secretion, and inactivation of Glucagon-like Peptide-1 (GLP-1)",TAS,Homo sapiens
1724,Linagliptin,10096344,CHEBI:68610,R-HSA-392499,Metabolism of proteins,TAS,Homo sapiens
1724,Linagliptin,10096344,CHEBI:68610,R-HSA-400508,"Incretin synthesis, secretion, and inactivation",TAS,Homo sapiens
1732,Lisinopril,5362119,CHEBI:43755,R-HSA-2022377,Metabolism of Angiotensinogen to Angiotensins,TAS,Homo sapiens
1732,Lisinopril,5362119,CHEBI:43755,R-HSA-2980736,Peptide hormone metabolism,TAS,Homo sapiens
1732,Lisinopril,5362119,CHEBI:43755,R-HSA-392499,Metabolism of proteins,TAS,Homo sapiens
1734,Lisuride,28864,CHEBI:51164,R-HSA-162582,Signal Transduction,TAS,Homo sapiens
1734,Lisuride,28864,CHEBI:51164,R-HSA-372790,Signaling by GPCR,TAS,Homo sapiens
1734,Lisuride,28864,CHEBI:51164,R-HSA-373076,Class A/1 (Rhodopsin-like receptors),TAS,Homo sapiens
1734,Lisuride,28864,CHEBI:51164,R-HSA-375280,Amine ligand-binding receptors,TAS,Homo sapiens
1734,Lisuride,28864,CHEBI:51164,R-HSA-390666,Serotonin receptors,TAS,Homo sapiens
1734,Lisuride,28864,CHEBI:51164,R-HSA-500792,GPCR ligand binding,TAS,Homo sapiens
1735,Lithium cation,28486,CHEBI:49713,R-HSA-1430728,Metabolism,TAS,Homo sapiens
1735,Lithium cation,28486,CHEBI:49713,R-HSA-156580,Phase II - Conjugation of compounds,TAS,Homo sapiens
1735,Lithium cation,28486,CHEBI:49713,R-HSA-156584,Cytosolic sulfonation of small molecules,TAS,Homo sapiens
1735,Lithium cation,28486,CHEBI:49713,R-HSA-1643685,Disease,TAS,Homo sapiens
1735,Lithium cation,28486,CHEBI:49713,R-HSA-211859,Biological oxidations,TAS,Homo sapiens
1735,Lithium cation,28486,CHEBI:49713,R-HSA-382551,Transport of small molecules,TAS,Homo sapiens
1735,Lithium cation,28486,CHEBI:49713,R-HSA-425407,SLC-mediated transmembrane transport,TAS,Homo sapiens
1735,Lithium cation,28486,CHEBI:49713,R-HSA-425410,Metal ion SLC transporters,TAS,Homo sapiens
1735,Lithium cation,28486,CHEBI:49713,R-HSA-425561,Sodium/Calcium exchangers,TAS,Homo sapiens
1735,Lithium cation,28486,CHEBI:49713,R-HSA-5663205,Infectious disease,TAS,Homo sapiens
1735,Lithium cation,28486,CHEBI:49713,R-HSA-9678108,SARS-CoV-1 Infection,TAS,Homo sapiens
1735,Lithium cation,28486,CHEBI:49713,R-HSA-9679506,SARS-CoV Infections,TAS,Homo sapiens
1735,Lithium cation,28486,CHEBI:49713,R-HSA-9683610,Maturation of nucleoprotein,TAS,Homo sapiens
1735,Lithium cation,28486,CHEBI:49713,R-HSA-9683701,Translation of Structural Proteins,TAS,Homo sapiens
1735,Lithium cation,28486,CHEBI:49713,R-HSA-9694516,SARS-CoV-2 Infection,TAS,Homo sapiens
1735,Lithium cation,28486,CHEBI:49713,R-HSA-9694631,Maturation of nucleoprotein,TAS,Homo sapiens
1735,Lithium cation,28486,CHEBI:49713,R-HSA-9694635,Translation of Structural Proteins,TAS,Homo sapiens
1735,Lithium cation,28486,CHEBI:49713,R-HSA-9772573,Late SARS-CoV-2 Infection Events,TAS,Homo sapiens
1735,Lithium cation,28486,CHEBI:49713,R-HSA-9824446,Viral Infection Pathways,TAS,Homo sapiens
1740,Lofepramine,3947,CHEBI:47782,R-HSA-112311,Neurotransmitter clearance,TAS,Homo sapiens
1740,Lofepramine,3947,CHEBI:47782,R-HSA-112315,Transmission across Chemical Synapses,TAS,Homo sapiens
1740,Lofepramine,3947,CHEBI:47782,R-HSA-112316,Neuronal System,TAS,Homo sapiens
1740,Lofepramine,3947,CHEBI:47782,R-HSA-380615,Serotonin clearance from the synaptic cleft,TAS,Homo sapiens
1746,Lomitapide,9853053,CHEBI:72297,R-HSA-174824,"Plasma lipoprotein assembly, remodeling, and clearance",TAS,Homo sapiens
1746,Lomitapide,9853053,CHEBI:72297,R-HSA-382551,Transport of small molecules,TAS,Homo sapiens
1746,Lomitapide,9853053,CHEBI:72297,R-HSA-8866423,VLDL assembly,TAS,Homo sapiens
1746,Lomitapide,9853053,CHEBI:72297,R-HSA-8963898,Plasma lipoprotein assembly,TAS,Homo sapiens
1746,Lomitapide,9853053,CHEBI:72297,R-HSA-8963899,Plasma lipoprotein remodeling,TAS,Homo sapiens
1746,Lomitapide,9853053,CHEBI:72297,R-HSA-8964041,LDL remodeling,TAS,Homo sapiens
1747,Lomustine,3950,CHEBI:6520,R-HSA-6783310,Fanconi Anemia Pathway,IEA,Homo sapiens
1747,Lomustine,3950,CHEBI:6520,R-HSA-73894,DNA Repair,IEA,Homo sapiens
1747,Lomustine,3950,CHEBI:6520,R-HSA-9750126,Drug-induced formation of DNA interstrand crosslinks,IEA,Homo sapiens
1748,Lonafarnib,148195,CHEBI:47097,R-HSA-162582,Signal Transduction,TAS,Homo sapiens
1748,Lonafarnib,148195,CHEBI:47097,R-HSA-1643685,Disease,TAS,Homo sapiens
1748,Lonafarnib,148195,CHEBI:47097,R-HSA-5663205,Infectious disease,TAS,Homo sapiens
1748,Lonafarnib,148195,CHEBI:47097,R-HSA-5673001,RAF/MAP kinase cascade,TAS,Homo sapiens
1748,Lonafarnib,148195,CHEBI:47097,R-HSA-5683057,MAPK family signaling cascades,TAS,Homo sapiens
1748,Lonafarnib,148195,CHEBI:47097,R-HSA-5684996,MAPK1/MAPK3 signaling,TAS,Homo sapiens
1748,Lonafarnib,148195,CHEBI:47097,R-HSA-9648002,RAS processing,TAS,Homo sapiens
1748,Lonafarnib,148195,CHEBI:47097,R-HSA-9679191,Potential therapeutics for SARS,TAS,Homo sapiens
1748,Lonafarnib,148195,CHEBI:47097,R-HSA-9679506,SARS-CoV Infections,TAS,Homo sapiens
1748,Lonafarnib,148195,CHEBI:47097,R-HSA-9824446,Viral Infection Pathways,TAS,Homo sapiens
1751,Loperamide,3955,CHEBI:6532,R-HSA-1430728,Metabolism,TAS,Homo sapiens
1751,Loperamide,3955,CHEBI:6532,R-HSA-211859,Biological oxidations,TAS,Homo sapiens
1751,Loperamide,3955,CHEBI:6532,R-HSA-211897,Cytochrome P450 - arranged by substrate type,TAS,Homo sapiens
1751,Loperamide,3955,CHEBI:6532,R-HSA-211945,Phase I - Functionalization of compounds,TAS,Homo sapiens
1751,Loperamide,3955,CHEBI:6532,R-HSA-211981,Xenobiotics,TAS,Homo sapiens
1755,Loratadine,3957,CHEBI:6538,R-HSA-162582,Signal Transduction,TAS,Homo sapiens
1755,Loratadine,3957,CHEBI:6538,R-HSA-1643685,Disease,TAS,Homo sapiens
1755,Loratadine,3957,CHEBI:6538,R-HSA-372790,Signaling by GPCR,TAS,Homo sapiens
1755,Loratadine,3957,CHEBI:6538,R-HSA-373076,Class A/1 (Rhodopsin-like receptors),TAS,Homo sapiens
1755,Loratadine,3957,CHEBI:6538,R-HSA-375280,Amine ligand-binding receptors,TAS,Homo sapiens
1755,Loratadine,3957,CHEBI:6538,R-HSA-390650,Histamine receptors,TAS,Homo sapiens
1755,Loratadine,3957,CHEBI:6538,R-HSA-500792,GPCR ligand binding,TAS,Homo sapiens
1755,Loratadine,3957,CHEBI:6538,R-HSA-5663205,Infectious disease,TAS,Homo sapiens
1755,Loratadine,3957,CHEBI:6538,R-HSA-9678108,SARS-CoV-1 Infection,TAS,Homo sapiens
1755,Loratadine,3957,CHEBI:6538,R-HSA-9678110,Attachment and Entry,TAS,Homo sapiens
1755,Loratadine,3957,CHEBI:6538,R-HSA-9679506,SARS-CoV Infections,TAS,Homo sapiens
1755,Loratadine,3957,CHEBI:6538,R-HSA-9824446,Viral Infection Pathways,TAS,Homo sapiens
1759,Lorlatinib,71731823,CHEBI:143117,R-HSA-162582,Signal Transduction,TAS,Homo sapiens
1759,Lorlatinib,71731823,CHEBI:143117,R-HSA-1643685,Disease,TAS,Homo sapiens
1759,Lorlatinib,71731823,CHEBI:143117,R-HSA-201556,Signaling by ALK,TAS,Homo sapiens
1759,Lorlatinib,71731823,CHEBI:143117,R-HSA-5663202,Diseases of signal transduction by growth factor receptors and second messengers,TAS,Homo sapiens
1759,Lorlatinib,71731823,CHEBI:143117,R-HSA-9006934,Signaling by Receptor Tyrosine Kinases,TAS,Homo sapiens
1759,Lorlatinib,71731823,CHEBI:143117,R-HSA-9700206,Signaling by ALK in cancer,TAS,Homo sapiens
1759,Lorlatinib,71731823,CHEBI:143117,R-HSA-9700645,ALK mutants bind TKIs,TAS,Homo sapiens
1759,Lorlatinib,71731823,CHEBI:143117,R-HSA-9700649,Drug resistance of ALK mutants,TAS,Homo sapiens
1759,Lorlatinib,71731823,CHEBI:143117,R-HSA-9717329,lorlatinib-resistant ALK mutants,TAS,Homo sapiens
1764,Losartan,3961,CHEBI:6541,R-HSA-162582,Signal Transduction,TAS,Homo sapiens
1764,Losartan,3961,CHEBI:6541,R-HSA-372790,Signaling by GPCR,TAS,Homo sapiens
1764,Losartan,3961,CHEBI:6541,R-HSA-373076,Class A/1 (Rhodopsin-like receptors),TAS,Homo sapiens
1764,Losartan,3961,CHEBI:6541,R-HSA-375276,Peptide ligand-binding receptors,TAS,Homo sapiens
1764,Losartan,3961,CHEBI:6541,R-HSA-500792,GPCR ligand binding,TAS,Homo sapiens
1766,Lovastatin,53232,CHEBI:40303,R-HSA-1430728,Metabolism,TAS,Homo sapiens
1766,Lovastatin,53232,CHEBI:40303,R-HSA-191273,Cholesterol biosynthesis,TAS,Homo sapiens
1766,Lovastatin,53232,CHEBI:40303,R-HSA-556833,Metabolism of lipids,TAS,Homo sapiens
1766,Lovastatin,53232,CHEBI:40303,R-HSA-8957322,Metabolism of steroids,TAS,Homo sapiens
1766,Lovastatin,53232,CHEBI:40303,R-HSA-9969896,Lanosterol biosynthesis,TAS,Homo sapiens
1767,Loxapine,3964,CHEBI:50841,R-HSA-162582,Signal Transduction,TAS,Homo sapiens
1767,Loxapine,3964,CHEBI:50841,R-HSA-372790,Signaling by GPCR,TAS,Homo sapiens
1767,Loxapine,3964,CHEBI:50841,R-HSA-373076,Class A/1 (Rhodopsin-like receptors),TAS,Homo sapiens
1767,Loxapine,3964,CHEBI:50841,R-HSA-375280,Amine ligand-binding receptors,TAS,Homo sapiens
1767,Loxapine,3964,CHEBI:50841,R-HSA-390650,Histamine receptors,TAS,Homo sapiens
1767,Loxapine,3964,CHEBI:50841,R-HSA-390651,Dopamine receptors,TAS,Homo sapiens
1767,Loxapine,3964,CHEBI:50841,R-HSA-500792,GPCR ligand binding,TAS,Homo sapiens
1771,Lumacaftor,16678941,CHEBI:90951,R-HSA-1643685,Disease,TAS,Homo sapiens
1771,Lumacaftor,16678941,CHEBI:90951,R-HSA-5619084,ABC transporter disorders,TAS,Homo sapiens
1771,Lumacaftor,16678941,CHEBI:90951,R-HSA-5619115,Disorders of transmembrane transporters,TAS,Homo sapiens
1771,Lumacaftor,16678941,CHEBI:90951,R-HSA-5678895,Defective CFTR causes cystic fibrosis,TAS,Homo sapiens
1774,Lumiracoxib,151166,CHEBI:73044,R-HSA-1430728,Metabolism,TAS,Homo sapiens
1774,Lumiracoxib,151166,CHEBI:73044,R-HSA-2142753,Arachidonate metabolism,TAS,Homo sapiens
1774,Lumiracoxib,151166,CHEBI:73044,R-HSA-2162123,Synthesis of Prostaglandins (PG) and Thromboxanes (TX),TAS,Homo sapiens
1774,Lumiracoxib,151166,CHEBI:73044,R-HSA-556833,Metabolism of lipids,TAS,Homo sapiens
1774,Lumiracoxib,151166,CHEBI:73044,R-HSA-8978868,Fatty acid metabolism,TAS,Homo sapiens
1790,Macitentan,16004692,CHEBI:76607,R-HSA-162582,Signal Transduction,TAS,Homo sapiens
1790,Macitentan,16004692,CHEBI:76607,R-HSA-372790,Signaling by GPCR,TAS,Homo sapiens
1790,Macitentan,16004692,CHEBI:76607,R-HSA-373076,Class A/1 (Rhodopsin-like receptors),TAS,Homo sapiens
1790,Macitentan,16004692,CHEBI:76607,R-HSA-375276,Peptide ligand-binding receptors,TAS,Homo sapiens
1790,Macitentan,16004692,CHEBI:76607,R-HSA-500792,GPCR ligand binding,TAS,Homo sapiens
1794,Magnesium cation,888,CHEBI:18420,R-HSA-109582,Hemostasis,TAS,Homo sapiens
1794,Magnesium cation,888,CHEBI:18420,R-HSA-109582,Hemostasis,IEA,Homo sapiens
1794,Magnesium cation,888,CHEBI:18420,R-HSA-110313,Translesion synthesis by Y family DNA polymerases bypasses lesions on DNA template,TAS,Homo sapiens
1794,Magnesium cation,888,CHEBI:18420,R-HSA-111885,Opioid Signalling,TAS,Homo sapiens
1794,Magnesium cation,888,CHEBI:18420,R-HSA-111885,Opioid Signalling,IEA,Homo sapiens
1794,Magnesium cation,888,CHEBI:18420,R-HSA-111931,PKA-mediated phosphorylation of CREB,TAS,Homo sapiens
1794,Magnesium cation,888,CHEBI:18420,R-HSA-111933,Calmodulin induced events,TAS,Homo sapiens
1794,Magnesium cation,888,CHEBI:18420,R-HSA-111996,Ca-dependent events,TAS,Homo sapiens
1794,Magnesium cation,888,CHEBI:18420,R-HSA-111997,CaM pathway,TAS,Homo sapiens
1794,Magnesium cation,888,CHEBI:18420,R-HSA-112040,G-protein mediated events,TAS,Homo sapiens
1794,Magnesium cation,888,CHEBI:18420,R-HSA-112040,G-protein mediated events,IEA,Homo sapiens
1794,Magnesium cation,888,CHEBI:18420,R-HSA-112043,PLC beta mediated events,TAS,Homo sapiens
1794,Magnesium cation,888,CHEBI:18420,R-HSA-112314,Neurotransmitter receptors and postsynaptic signal transmission,IEA,Homo sapiens
1794,Magnesium cation,888,CHEBI:18420,R-HSA-112314,Neurotransmitter receptors and postsynaptic signal transmission,TAS,Homo sapiens
1794,Magnesium cation,888,CHEBI:18420,R-HSA-112315,Transmission across Chemical Synapses,IEA,Homo sapiens
1794,Magnesium cation,888,CHEBI:18420,R-HSA-112315,Transmission across Chemical Synapses,TAS,Homo sapiens
1794,Magnesium cation,888,CHEBI:18420,R-HSA-112316,Neuronal System,IEA,Homo sapiens
1794,Magnesium cation,888,CHEBI:18420,R-HSA-112316,Neuronal System,TAS,Homo sapiens
1794,Magnesium cation,888,CHEBI:18420,R-HSA-114608,Platelet degranulation ,TAS,Homo sapiens
1794,Magnesium cation,888,CHEBI:18420,R-HSA-1169410,Antimicrobial mechanism of IFN-stimulated genes,TAS,Homo sapiens
1794,Magnesium cation,888,CHEBI:18420,R-HSA-1237112,Methionine salvage pathway,TAS,Homo sapiens
1794,Magnesium cation,888,CHEBI:18420,R-HSA-1266738,Developmental Biology,IEA,Homo sapiens
1794,Magnesium cation,888,CHEBI:18420,R-HSA-1280215,Cytokine Signaling in Immune system,TAS,Homo sapiens
1794,Magnesium cation,888,CHEBI:18420,R-HSA-1280218,Adaptive Immune System,TAS,Homo sapiens
1794,Magnesium cation,888,CHEBI:18420,R-HSA-139853,Elevation of cytosolic Ca2+ levels,TAS,Homo sapiens
1794,Magnesium cation,888,CHEBI:18420,R-HSA-1428517,Aerobic respiration and respiratory electron transport,TAS,Homo sapiens
1794,Magnesium cation,888,CHEBI:18420,R-HSA-1430728,Metabolism,TAS,Homo sapiens
1794,Magnesium cation,888,CHEBI:18420,R-HSA-1430728,Metabolism,IEA,Homo sapiens
1794,Magnesium cation,888,CHEBI:18420,R-HSA-1474244,Extracellular matrix organization,TAS,Homo sapiens
1794,Magnesium cation,888,CHEBI:18420,R-HSA-1474244,Extracellular matrix organization,IEA,Homo sapiens
1794,Magnesium cation,888,CHEBI:18420,R-HSA-1483191,Synthesis of PC,TAS,Homo sapiens
1794,Magnesium cation,888,CHEBI:18420,R-HSA-1483206,Glycerophospholipid biosynthesis,TAS,Homo sapiens
1794,Magnesium cation,888,CHEBI:18420,R-HSA-1483213,Synthesis of PE,TAS,Homo sapiens
1794,Magnesium cation,888,CHEBI:18420,R-HSA-1483226,Synthesis of PI,TAS,Homo sapiens
1794,Magnesium cation,888,CHEBI:18420,R-HSA-1483249,Inositol phosphate metabolism,TAS,Homo sapiens
1794,Magnesium cation,888,CHEBI:18420,R-HSA-1483255,PI Metabolism,TAS,Homo sapiens
1794,Magnesium cation,888,CHEBI:18420,R-HSA-1483257,Phospholipid metabolism,TAS,Homo sapiens
1794,Magnesium cation,888,CHEBI:18420,R-HSA-1489509,DAG and IP3 signaling,TAS,Homo sapiens
1794,Magnesium cation,888,CHEBI:18420,R-HSA-156580,Phase II - Conjugation of compounds,TAS,Homo sapiens
1794,Magnesium cation,888,CHEBI:18420,R-HSA-156581,Methylation,TAS,Homo sapiens
1794,Magnesium cation,888,CHEBI:18420,R-HSA-156584,Cytosolic sulfonation of small molecules,TAS,Homo sapiens
1794,Magnesium cation,888,CHEBI:18420,R-HSA-156590,Glutathione conjugation,TAS,Homo sapiens
1794,Magnesium cation,888,CHEBI:18420,R-HSA-15869,Metabolism of nucleotides,TAS,Homo sapiens
1794,Magnesium cation,888,CHEBI:18420,R-HSA-15869,Metabolism of nucleotides,IEA,Homo sapiens
1794,Magnesium cation,888,CHEBI:18420,R-HSA-1614635,Sulfur amino acid metabolism,TAS,Homo sapiens
1794,Magnesium cation,888,CHEBI:18420,R-HSA-162582,Signal Transduction,TAS,Homo sapiens
1794,Magnesium cation,888,CHEBI:18420,R-HSA-162582,Signal Transduction,IEA,Homo sapiens
1794,Magnesium cation,888,CHEBI:18420,R-HSA-1630316,Glycosaminoglycan metabolism,TAS,Homo sapiens
1794,Magnesium cation,888,CHEBI:18420,R-HSA-163359,Glucagon signaling in metabolic regulation,TAS,Homo sapiens
1794,Magnesium cation,888,CHEBI:18420,R-HSA-163615,PKA activation,TAS,Homo sapiens
1794,Magnesium cation,888,CHEBI:18420,R-HSA-163685,Integration of energy metabolism,TAS,Homo sapiens
1794,Magnesium cation,888,CHEBI:18420,R-HSA-163754,Insulin effects increased synthesis of Xylulose-5-Phosphate,TAS,Homo sapiens
1794,Magnesium cation,888,CHEBI:18420,R-HSA-1643685,Disease,TAS,Homo sapiens
1794,Magnesium cation,888,CHEBI:18420,R-HSA-1643685,Disease,IEA,Homo sapiens
1794,Magnesium cation,888,CHEBI:18420,R-HSA-164378,PKA activation in glucagon signalling,TAS,Homo sapiens
1794,Magnesium cation,888,CHEBI:18420,R-HSA-165159,MTOR signalling,TAS,Homo sapiens
1794,Magnesium cation,888,CHEBI:18420,R-HSA-1660499,Synthesis of PIPs at the plasma membrane,TAS,Homo sapiens
1794,Magnesium cation,888,CHEBI:18420,R-HSA-1660514,Synthesis of PIPs at the Golgi membrane,TAS,Homo sapiens
1794,Magnesium cation,888,CHEBI:18420,R-HSA-1660516,Synthesis of PIPs at the early endosome membrane,TAS,Homo sapiens
1794,Magnesium cation,888,CHEBI:18420,R-HSA-1660517,Synthesis of PIPs at the late endosome membrane,TAS,Homo sapiens
1794,Magnesium cation,888,CHEBI:18420,R-HSA-1660662,Glycosphingolipid metabolism,TAS,Homo sapiens
1794,Magnesium cation,888,CHEBI:18420,R-HSA-166520,Signaling by NTRKs,IEA,Homo sapiens
1794,Magnesium cation,888,CHEBI:18420,R-HSA-166520,Signaling by NTRKs,TAS,Homo sapiens
1794,Magnesium cation,888,CHEBI:18420,R-HSA-167044,Signalling to RAS,IEA,Homo sapiens
1794,Magnesium cation,888,CHEBI:18420,R-HSA-167044,Signalling to RAS,TAS,Homo sapiens
1794,Magnesium cation,888,CHEBI:18420,R-HSA-168249,Innate Immune System,TAS,Homo sapiens
1794,Magnesium cation,888,CHEBI:18420,R-HSA-168256,Immune System,TAS,Homo sapiens
1794,Magnesium cation,888,CHEBI:18420,R-HSA-170660,Adenylate cyclase activating pathway,TAS,Homo sapiens
1794,Magnesium cation,888,CHEBI:18420,R-HSA-170670,Adenylate cyclase inhibitory pathway,TAS,Homo sapiens
1794,Magnesium cation,888,CHEBI:18420,R-HSA-170670,Adenylate cyclase inhibitory pathway,IEA,Homo sapiens
1794,Magnesium cation,888,CHEBI:18420,R-HSA-171007,p38MAPK events,IEA,Homo sapiens
1794,Magnesium cation,888,CHEBI:18420,R-HSA-171007,p38MAPK events,TAS,Homo sapiens
1794,Magnesium cation,888,CHEBI:18420,R-HSA-174403,Glutathione synthesis and recycling,TAS,Homo sapiens
1794,Magnesium cation,888,CHEBI:18420,R-HSA-1834949,Cytosolic sensors of pathogen-associated DNA ,TAS,Homo sapiens
1794,Magnesium cation,888,CHEBI:18420,R-HSA-1855167,Synthesis of pyrophosphates in the cytosol,TAS,Homo sapiens
1794,Magnesium cation,888,CHEBI:18420,R-HSA-1855183,"Synthesis of IP2, IP, and Ins in the cytosol",TAS,Homo sapiens
1794,Magnesium cation,888,CHEBI:18420,R-HSA-1855204,Synthesis of IP3 and IP4 in the cytosol,TAS,Homo sapiens
1794,Magnesium cation,888,CHEBI:18420,R-HSA-187037,Signaling by NTRK1 (TRKA),IEA,Homo sapiens
1794,Magnesium cation,888,CHEBI:18420,R-HSA-187037,Signaling by NTRK1 (TRKA),TAS,Homo sapiens
1794,Magnesium cation,888,CHEBI:18420,R-HSA-187687,Signalling to ERKs,IEA,Homo sapiens
1794,Magnesium cation,888,CHEBI:18420,R-HSA-187687,Signalling to ERKs,TAS,Homo sapiens
1794,Magnesium cation,888,CHEBI:18420,R-HSA-191273,Cholesterol biosynthesis,TAS,Homo sapiens
1794,Magnesium cation,888,CHEBI:18420,R-HSA-193681,Ceramide signalling,IEA,Homo sapiens
1794,Magnesium cation,888,CHEBI:18420,R-HSA-193704,p75 NTR receptor-mediated signalling,IEA,Homo sapiens
1794,Magnesium cation,888,CHEBI:18420,R-HSA-194138,Signaling by VEGF,TAS,Homo sapiens
1794,Magnesium cation,888,CHEBI:18420,R-HSA-194315,Signaling by Rho GTPases,TAS,Homo sapiens
1794,Magnesium cation,888,CHEBI:18420,R-HSA-195258,RHO GTPase Effectors,TAS,Homo sapiens
1794,Magnesium cation,888,CHEBI:18420,R-HSA-195721,Signaling by WNT,TAS,Homo sapiens
1794,Magnesium cation,888,CHEBI:18420,R-HSA-196807,Nicotinate metabolism,TAS,Homo sapiens
1794,Magnesium cation,888,CHEBI:18420,R-HSA-196819,Vitamin B1 (thiamin) metabolism,TAS,Homo sapiens
1794,Magnesium cation,888,CHEBI:18420,R-HSA-196843,Vitamin B2 (riboflavin) metabolism,TAS,Homo sapiens
1794,Magnesium cation,888,CHEBI:18420,R-HSA-196849,Metabolism of water-soluble vitamins and cofactors,TAS,Homo sapiens
1794,Magnesium cation,888,CHEBI:18420,R-HSA-196854,Metabolism of vitamins and cofactors,TAS,Homo sapiens
1794,Magnesium cation,888,CHEBI:18420,R-HSA-204174,Regulation of pyruvate dehydrogenase (PDH) complex,TAS,Homo sapiens
1794,Magnesium cation,888,CHEBI:18420,R-HSA-2046104,alpha-linolenic (omega3) and linoleic (omega6) acid metabolism,TAS,Homo sapiens
1794,Magnesium cation,888,CHEBI:18420,R-HSA-2046105,Linoleic acid (LA) metabolism,TAS,Homo sapiens
1794,Magnesium cation,888,CHEBI:18420,R-HSA-2046106,alpha-linolenic acid (ALA) metabolism,TAS,Homo sapiens
1794,Magnesium cation,888,CHEBI:18420,R-HSA-211859,Biological oxidations,TAS,Homo sapiens
1794,Magnesium cation,888,CHEBI:18420,R-HSA-211945,Phase I - Functionalization of compounds,TAS,Homo sapiens
1794,Magnesium cation,888,CHEBI:18420,R-HSA-212436,Generic Transcription Pathway,IEA,Homo sapiens
1794,Magnesium cation,888,CHEBI:18420,R-HSA-212436,Generic Transcription Pathway,TAS,Homo sapiens
1794,Magnesium cation,888,CHEBI:18420,R-HSA-2142670,Synthesis of epoxy (EET) and dihydroxyeicosatrienoic acids (DHET),TAS,Homo sapiens
1794,Magnesium cation,888,CHEBI:18420,R-HSA-2142753,Arachidonate metabolism,TAS,Homo sapiens
1794,Magnesium cation,888,CHEBI:18420,R-HSA-2142789,Ubiquinol biosynthesis,TAS,Homo sapiens
1794,Magnesium cation,888,CHEBI:18420,R-HSA-2142845,Hyaluronan metabolism,TAS,Homo sapiens
1794,Magnesium cation,888,CHEBI:18420,R-HSA-216083,Integrin cell surface interactions,TAS,Homo sapiens
1794,Magnesium cation,888,CHEBI:18420,R-HSA-216083,Integrin cell surface interactions,IEA,Homo sapiens
1794,Magnesium cation,888,CHEBI:18420,R-HSA-2161522,Abacavir ADME,TAS,Homo sapiens
1794,Magnesium cation,888,CHEBI:18420,R-HSA-2161541,Abacavir metabolism,TAS,Homo sapiens
1794,Magnesium cation,888,CHEBI:18420,R-HSA-217271,FMO oxidises nucleophiles,TAS,Homo sapiens
1794,Magnesium cation,888,CHEBI:18420,R-HSA-2187338,Visual phototransduction,TAS,Homo sapiens
1794,Magnesium cation,888,CHEBI:18420,R-HSA-2262752,Cellular responses to stress,TAS,Homo sapiens
1794,Magnesium cation,888,CHEBI:18420,R-HSA-2393930,Phosphate bond hydrolysis by NUDT proteins,TAS,Homo sapiens
1794,Magnesium cation,888,CHEBI:18420,R-HSA-2408508,"Metabolism of ingested SeMet, Sec, MeSec into H2Se",TAS,Homo sapiens
1794,Magnesium cation,888,CHEBI:18420,R-HSA-2408522,Selenoamino acid metabolism,TAS,Homo sapiens
1794,Magnesium cation,888,CHEBI:18420,R-HSA-2408522,Selenoamino acid metabolism,IEA,Homo sapiens
1794,Magnesium cation,888,CHEBI:18420,R-HSA-2408557,Selenocysteine synthesis,IEA,Homo sapiens
1794,Magnesium cation,888,CHEBI:18420,R-HSA-2514856,The phototransduction cascade,TAS,Homo sapiens
1794,Magnesium cation,888,CHEBI:18420,R-HSA-2514859,"Inactivation, recovery and regulation of the phototransduction cascade",TAS,Homo sapiens
1794,Magnesium cation,888,CHEBI:18420,R-HSA-3134975,Regulation of innate immune responses to cytosolic DNA,TAS,Homo sapiens
1794,Magnesium cation,888,CHEBI:18420,R-HSA-3229121,Glycogen storage diseases,TAS,Homo sapiens
1794,Magnesium cation,888,CHEBI:18420,R-HSA-3248023,Regulation by TREX1,TAS,Homo sapiens
1794,Magnesium cation,888,CHEBI:18420,R-HSA-3322077,Glycogen synthesis,TAS,Homo sapiens
1794,Magnesium cation,888,CHEBI:18420,R-HSA-354192,Integrin signaling,TAS,Homo sapiens
1794,Magnesium cation,888,CHEBI:18420,R-HSA-354194,GRB2:SOS provides linkage to MAPK signaling for Integrins ,TAS,Homo sapiens
1794,Magnesium cation,888,CHEBI:18420,R-HSA-3700989,Transcriptional Regulation by TP53,TAS,Homo sapiens
1794,Magnesium cation,888,CHEBI:18420,R-HSA-372708,p130Cas linkage to MAPK signaling for integrins,TAS,Homo sapiens
1794,Magnesium cation,888,CHEBI:18420,R-HSA-372790,Signaling by GPCR,IEA,Homo sapiens
1794,Magnesium cation,888,CHEBI:18420,R-HSA-372790,Signaling by GPCR,TAS,Homo sapiens
1794,Magnesium cation,888,CHEBI:18420,R-HSA-3781865,Diseases of glycosylation,TAS,Homo sapiens
1794,Magnesium cation,888,CHEBI:18420,R-HSA-3785653,Myoclonic epilepsy of Lafora,TAS,Homo sapiens
1794,Magnesium cation,888,CHEBI:18420,R-HSA-379716,Cytosolic tRNA aminoacylation,TAS,Homo sapiens
1794,Magnesium cation,888,CHEBI:18420,R-HSA-379724,tRNA Aminoacylation,TAS,Homo sapiens
1794,Magnesium cation,888,CHEBI:18420,R-HSA-379726,Mitochondrial tRNA aminoacylation,TAS,Homo sapiens
1794,Magnesium cation,888,CHEBI:18420,R-HSA-3814836,Glycogen storage disease type XV (GYG1),TAS,Homo sapiens
1794,Magnesium cation,888,CHEBI:18420,R-HSA-381753,Olfactory Signaling Pathway,IEA,Homo sapiens
1794,Magnesium cation,888,CHEBI:18420,R-HSA-382551,Transport of small molecules,TAS,Homo sapiens
1794,Magnesium cation,888,CHEBI:18420,R-HSA-382551,Transport of small molecules,IEA,Homo sapiens
1794,Magnesium cation,888,CHEBI:18420,R-HSA-3828062,Glycogen storage disease type 0 (muscle GYS1),TAS,Homo sapiens
1794,Magnesium cation,888,CHEBI:18420,R-HSA-3858494,Beta-catenin independent WNT signaling,TAS,Homo sapiens
1794,Magnesium cation,888,CHEBI:18420,R-HSA-3858516,Glycogen storage disease type 0 (liver GYS2),TAS,Homo sapiens
1794,Magnesium cation,888,CHEBI:18420,R-HSA-3878781,Glycogen storage disease type IV (GBE1),TAS,Homo sapiens
1794,Magnesium cation,888,CHEBI:18420,R-HSA-388396,GPCR downstream signalling,IEA,Homo sapiens
1794,Magnesium cation,888,CHEBI:18420,R-HSA-388396,GPCR downstream signalling,TAS,Homo sapiens
1794,Magnesium cation,888,CHEBI:18420,R-HSA-389599,Alpha-oxidation of phytanate,TAS,Homo sapiens
1794,Magnesium cation,888,CHEBI:18420,R-HSA-389661,Glyoxylate metabolism and glycine degradation,TAS,Homo sapiens
1794,Magnesium cation,888,CHEBI:18420,R-HSA-390918,Peroxisomal lipid metabolism,TAS,Homo sapiens
1794,Magnesium cation,888,CHEBI:18420,R-HSA-392154,Nitric oxide stimulates guanylate cyclase,IEA,Homo sapiens
1794,Magnesium cation,888,CHEBI:18420,R-HSA-392499,Metabolism of proteins,TAS,Homo sapiens
1794,Magnesium cation,888,CHEBI:18420,R-HSA-397014,Muscle contraction,IEA,Homo sapiens
1794,Magnesium cation,888,CHEBI:18420,R-HSA-397014,Muscle contraction,TAS,Homo sapiens
1794,Magnesium cation,888,CHEBI:18420,R-HSA-4085001,Sialic acid metabolism,TAS,Homo sapiens
1794,Magnesium cation,888,CHEBI:18420,R-HSA-4086400,PCP/CE pathway,TAS,Homo sapiens
1794,Magnesium cation,888,CHEBI:18420,R-HSA-418346,Platelet homeostasis,TAS,Homo sapiens
1794,Magnesium cation,888,CHEBI:18420,R-HSA-418346,Platelet homeostasis,IEA,Homo sapiens
1794,Magnesium cation,888,CHEBI:18420,R-HSA-418360,Platelet calcium homeostasis,TAS,Homo sapiens
1794,Magnesium cation,888,CHEBI:18420,R-HSA-418555,G alpha (s) signalling events,IEA,Homo sapiens
1794,Magnesium cation,888,CHEBI:18420,R-HSA-418555,G alpha (s) signalling events,TAS,Homo sapiens
1794,Magnesium cation,888,CHEBI:18420,R-HSA-418594,G alpha (i) signalling events,IEA,Homo sapiens
1794,Magnesium cation,888,CHEBI:18420,R-HSA-418594,G alpha (i) signalling events,TAS,Homo sapiens
1794,Magnesium cation,888,CHEBI:18420,R-HSA-418597,G alpha (z) signalling events,IEA,Homo sapiens
1794,Magnesium cation,888,CHEBI:18420,R-HSA-418597,G alpha (z) signalling events,TAS,Homo sapiens
1794,Magnesium cation,888,CHEBI:18420,R-HSA-422356,Regulation of insulin secretion,TAS,Homo sapiens
1794,Magnesium cation,888,CHEBI:18420,R-HSA-425407,SLC-mediated transmembrane transport,TAS,Homo sapiens
1794,Magnesium cation,888,CHEBI:18420,R-HSA-425410,Metal ion SLC transporters,TAS,Homo sapiens
1794,Magnesium cation,888,CHEBI:18420,R-HSA-428157,Sphingolipid metabolism,TAS,Homo sapiens
1794,Magnesium cation,888,CHEBI:18420,R-HSA-432040,Vasopressin regulates renal water homeostasis via Aquaporins,TAS,Homo sapiens
1794,Magnesium cation,888,CHEBI:18420,R-HSA-438066,"Unblocking of NMDA receptors, glutamate binding and activation",IEA,Homo sapiens
1794,Magnesium cation,888,CHEBI:18420,R-HSA-4420097,VEGFA-VEGFR2 Pathway,TAS,Homo sapiens
1794,Magnesium cation,888,CHEBI:18420,R-HSA-442755,Activation of NMDA receptors and postsynaptic events,IEA,Homo sapiens
1794,Magnesium cation,888,CHEBI:18420,R-HSA-445355,Smooth Muscle Contraction,IEA,Homo sapiens
1794,Magnesium cation,888,CHEBI:18420,R-HSA-445355,Smooth Muscle Contraction,TAS,Homo sapiens
1794,Magnesium cation,888,CHEBI:18420,R-HSA-445717,Aquaporin-mediated transport,TAS,Homo sapiens
1794,Magnesium cation,888,CHEBI:18420,R-HSA-446193,"Biosynthesis of the N-glycan precursor (dolichol lipid-linked oligosaccharide, LLO) and transfer to a nascent protein",TAS,Homo sapiens
1794,Magnesium cation,888,CHEBI:18420,R-HSA-446203,Asparagine N-linked glycosylation,TAS,Homo sapiens
1794,Magnesium cation,888,CHEBI:18420,R-HSA-446219,Synthesis of substrates in N-glycan biosythesis,TAS,Homo sapiens
1794,Magnesium cation,888,CHEBI:18420,R-HSA-450531,Regulation of mRNA stability by proteins that bind AU-rich elements,IEA,Homo sapiens
1794,Magnesium cation,888,CHEBI:18420,R-HSA-450604,KSRP (KHSRP) binds and destabilizes mRNA,IEA,Homo sapiens
1794,Magnesium cation,888,CHEBI:18420,R-HSA-499943,Interconversion of nucleotide di- and triphosphates,TAS,Homo sapiens
1794,Magnesium cation,888,CHEBI:18420,R-HSA-499943,Interconversion of nucleotide di- and triphosphates,IEA,Homo sapiens
1794,Magnesium cation,888,CHEBI:18420,R-HSA-5173105,O-linked glycosylation,TAS,Homo sapiens
1794,Magnesium cation,888,CHEBI:18420,R-HSA-5223345,Miscellaneous transport and binding events,TAS,Homo sapiens
1794,Magnesium cation,888,CHEBI:18420,R-HSA-5223345,Miscellaneous transport and binding events,IEA,Homo sapiens
1794,Magnesium cation,888,CHEBI:18420,R-HSA-5358351,Signaling by Hedgehog,TAS,Homo sapiens
1794,Magnesium cation,888,CHEBI:18420,R-HSA-5362517,Signaling by Retinoic Acid,TAS,Homo sapiens
1794,Magnesium cation,888,CHEBI:18420,R-HSA-556833,Metabolism of lipids,TAS,Homo sapiens
1794,Magnesium cation,888,CHEBI:18420,R-HSA-5579006,Defective GSS causes GSS deficiency,TAS,Homo sapiens
1794,Magnesium cation,888,CHEBI:18420,R-HSA-5579024,Defective MAT1A causes MATD,TAS,Homo sapiens
1794,Magnesium cation,888,CHEBI:18420,R-HSA-5579029,Metabolic disorders of biological oxidation enzymes,TAS,Homo sapiens
1794,Magnesium cation,888,CHEBI:18420,R-HSA-5609974,Defective PGM1 causes PGM1-CDG,TAS,Homo sapiens
1794,Magnesium cation,888,CHEBI:18420,R-HSA-5609975,Diseases associated with glycosylation precursor biosynthesis,TAS,Homo sapiens
1794,Magnesium cation,888,CHEBI:18420,R-HSA-5610787,Hedgehog 'off' state,TAS,Homo sapiens
1794,Magnesium cation,888,CHEBI:18420,R-HSA-5628897,TP53 Regulates Metabolic Genes,TAS,Homo sapiens
1794,Magnesium cation,888,CHEBI:18420,R-HSA-5652084,Fructose metabolism,TAS,Homo sapiens
1794,Magnesium cation,888,CHEBI:18420,R-HSA-5655862,Translesion synthesis by POLK,TAS,Homo sapiens
1794,Magnesium cation,888,CHEBI:18420,R-HSA-5656121,Translesion synthesis by POLI,TAS,Homo sapiens
1794,Magnesium cation,888,CHEBI:18420,R-HSA-5663084,Diseases of carbohydrate metabolism,TAS,Homo sapiens
1794,Magnesium cation,888,CHEBI:18420,R-HSA-5663202,Diseases of signal transduction by growth factor receptors and second messengers,TAS,Homo sapiens
1794,Magnesium cation,888,CHEBI:18420,R-HSA-5663205,Infectious disease,TAS,Homo sapiens
1794,Magnesium cation,888,CHEBI:18420,R-HSA-5663205,Infectious disease,IEA,Homo sapiens
1794,Magnesium cation,888,CHEBI:18420,R-HSA-5663220,RHO GTPases Activate Formins,TAS,Homo sapiens
1794,Magnesium cation,888,CHEBI:18420,R-HSA-5668914,Diseases of metabolism,TAS,Homo sapiens
1794,Magnesium cation,888,CHEBI:18420,R-HSA-5673001,RAF/MAP kinase cascade,TAS,Homo sapiens
1794,Magnesium cation,888,CHEBI:18420,R-HSA-5674135,MAP2K and MAPK activation,TAS,Homo sapiens
1794,Magnesium cation,888,CHEBI:18420,R-HSA-5683057,MAPK family signaling cascades,TAS,Homo sapiens
1794,Magnesium cation,888,CHEBI:18420,R-HSA-5684996,MAPK1/MAPK3 signaling,TAS,Homo sapiens
1794,Magnesium cation,888,CHEBI:18420,R-HSA-597592,Post-translational protein modification,TAS,Homo sapiens
1794,Magnesium cation,888,CHEBI:18420,R-HSA-611105,Respiratory electron transport,TAS,Homo sapiens
1794,Magnesium cation,888,CHEBI:18420,R-HSA-6783984,Glycine degradation,TAS,Homo sapiens
1794,Magnesium cation,888,CHEBI:18420,R-HSA-6802946,Signaling by moderate kinase activity BRAF mutants,TAS,Homo sapiens
1794,Magnesium cation,888,CHEBI:18420,R-HSA-6802948,Signaling by high-kinase activity BRAF mutants,TAS,Homo sapiens
1794,Magnesium cation,888,CHEBI:18420,R-HSA-6802949,Signaling by RAS mutants,TAS,Homo sapiens
1794,Magnesium cation,888,CHEBI:18420,R-HSA-6802952,Signaling by BRAF and RAF1 fusions,TAS,Homo sapiens
1794,Magnesium cation,888,CHEBI:18420,R-HSA-6802955,Paradoxical activation of RAF signaling by kinase inactive BRAF,TAS,Homo sapiens
1794,Magnesium cation,888,CHEBI:18420,R-HSA-6802957,Oncogenic MAPK signaling,TAS,Homo sapiens
1794,Magnesium cation,888,CHEBI:18420,R-HSA-69306,DNA Replication,TAS,Homo sapiens
1794,Magnesium cation,888,CHEBI:18420,R-HSA-70171,Glycolysis,TAS,Homo sapiens
1794,Magnesium cation,888,CHEBI:18420,R-HSA-70221,Glycogen breakdown (glycogenolysis),TAS,Homo sapiens
1794,Magnesium cation,888,CHEBI:18420,R-HSA-70263,Gluconeogenesis,TAS,Homo sapiens
1794,Magnesium cation,888,CHEBI:18420,R-HSA-70268,Pyruvate metabolism,TAS,Homo sapiens
1794,Magnesium cation,888,CHEBI:18420,R-HSA-70326,Glucose metabolism,TAS,Homo sapiens
1794,Magnesium cation,888,CHEBI:18420,R-HSA-70350,Fructose catabolism,TAS,Homo sapiens
1794,Magnesium cation,888,CHEBI:18420,R-HSA-70370,Galactose catabolism,TAS,Homo sapiens
1794,Magnesium cation,888,CHEBI:18420,R-HSA-71064,Lysine catabolism,TAS,Homo sapiens
1794,Magnesium cation,888,CHEBI:18420,R-HSA-71291,Metabolism of amino acids and derivatives,TAS,Homo sapiens
1794,Magnesium cation,888,CHEBI:18420,R-HSA-71291,Metabolism of amino acids and derivatives,IEA,Homo sapiens
1794,Magnesium cation,888,CHEBI:18420,R-HSA-71336,Pentose phosphate pathway,TAS,Homo sapiens
1794,Magnesium cation,888,CHEBI:18420,R-HSA-71387,Metabolism of carbohydrates and carbohydrate derivatives,TAS,Homo sapiens
1794,Magnesium cation,888,CHEBI:18420,R-HSA-71403,Citric acid cycle (TCA cycle),TAS,Homo sapiens
1794,Magnesium cation,888,CHEBI:18420,R-HSA-71737,Pyrophosphate hydrolysis,TAS,Homo sapiens
1794,Magnesium cation,888,CHEBI:18420,R-HSA-72163,mRNA Splicing - Major Pathway,TAS,Homo sapiens
1794,Magnesium cation,888,CHEBI:18420,R-HSA-72172,mRNA Splicing,TAS,Homo sapiens
1794,Magnesium cation,888,CHEBI:18420,R-HSA-72203,Processing of Capped Intron-Containing Pre-mRNA,TAS,Homo sapiens
1794,Magnesium cation,888,CHEBI:18420,R-HSA-72766,Translation,TAS,Homo sapiens
1794,Magnesium cation,888,CHEBI:18420,R-HSA-73614,Pyrimidine salvage,TAS,Homo sapiens
1794,Magnesium cation,888,CHEBI:18420,R-HSA-73621,Pyrimidine catabolism,TAS,Homo sapiens
1794,Magnesium cation,888,CHEBI:18420,R-HSA-73817,Purine ribonucleoside monophosphate biosynthesis,TAS,Homo sapiens
1794,Magnesium cation,888,CHEBI:18420,R-HSA-73843,5-Phosphoribose 1-diphosphate biosynthesis,TAS,Homo sapiens
1794,Magnesium cation,888,CHEBI:18420,R-HSA-73857,RNA Polymerase II Transcription,IEA,Homo sapiens
1794,Magnesium cation,888,CHEBI:18420,R-HSA-73857,RNA Polymerase II Transcription,TAS,Homo sapiens
1794,Magnesium cation,888,CHEBI:18420,R-HSA-73887,Death Receptor Signaling,IEA,Homo sapiens
1794,Magnesium cation,888,CHEBI:18420,R-HSA-73893,DNA Damage Bypass,TAS,Homo sapiens
1794,Magnesium cation,888,CHEBI:18420,R-HSA-73894,DNA Repair,TAS,Homo sapiens
1794,Magnesium cation,888,CHEBI:18420,R-HSA-74160,Gene expression (Transcription),IEA,Homo sapiens
1794,Magnesium cation,888,CHEBI:18420,R-HSA-74160,Gene expression (Transcription),TAS,Homo sapiens
1794,Magnesium cation,888,CHEBI:18420,R-HSA-74182,Ketone body metabolism,TAS,Homo sapiens
1794,Magnesium cation,888,CHEBI:18420,R-HSA-74217,Purine salvage,TAS,Homo sapiens
1794,Magnesium cation,888,CHEBI:18420,R-HSA-74259,Purine catabolism,TAS,Homo sapiens
1794,Magnesium cation,888,CHEBI:18420,R-HSA-75892,Platelet Adhesion to exposed collagen,IEA,Homo sapiens
1794,Magnesium cation,888,CHEBI:18420,R-HSA-76002,"Platelet activation, signaling and aggregation",TAS,Homo sapiens
1794,Magnesium cation,888,CHEBI:18420,R-HSA-76005,Response to elevated platelet cytosolic Ca2+,TAS,Homo sapiens
1794,Magnesium cation,888,CHEBI:18420,R-HSA-76009,Platelet Aggregation (Plug Formation),TAS,Homo sapiens
1794,Magnesium cation,888,CHEBI:18420,R-HSA-77111,Synthesis of Ketone Bodies,TAS,Homo sapiens
1794,Magnesium cation,888,CHEBI:18420,R-HSA-8850843,Phosphate bond hydrolysis by NTPDase proteins,TAS,Homo sapiens
1794,Magnesium cation,888,CHEBI:18420,R-HSA-8931838,DAG1 glycosylations,TAS,Homo sapiens
1794,Magnesium cation,888,CHEBI:18420,R-HSA-8953854,Metabolism of RNA,IEA,Homo sapiens
1794,Magnesium cation,888,CHEBI:18420,R-HSA-8953854,Metabolism of RNA,TAS,Homo sapiens
1794,Magnesium cation,888,CHEBI:18420,R-HSA-8953897,Cellular responses to stimuli,TAS,Homo sapiens
1794,Magnesium cation,888,CHEBI:18420,R-HSA-8953897,Cellular responses to stimuli,IEA,Homo sapiens
1794,Magnesium cation,888,CHEBI:18420,R-HSA-8956319,Nucleotide catabolism,TAS,Homo sapiens
1794,Magnesium cation,888,CHEBI:18420,R-HSA-8956320,Nucleotide biosynthesis,TAS,Homo sapiens
1794,Magnesium cation,888,CHEBI:18420,R-HSA-8956321,Nucleotide salvage,TAS,Homo sapiens
1794,Magnesium cation,888,CHEBI:18420,R-HSA-8957322,Metabolism of steroids,TAS,Homo sapiens
1794,Magnesium cation,888,CHEBI:18420,R-HSA-8963684,Tyrosine catabolism,TAS,Homo sapiens
1794,Magnesium cation,888,CHEBI:18420,R-HSA-8963691,Phenylalanine and tyrosine metabolism,TAS,Homo sapiens
1794,Magnesium cation,888,CHEBI:18420,R-HSA-8978868,Fatty acid metabolism,TAS,Homo sapiens
1794,Magnesium cation,888,CHEBI:18420,R-HSA-8978934,Metabolism of cofactors,TAS,Homo sapiens
1794,Magnesium cation,888,CHEBI:18420,R-HSA-8982491,Glycogen metabolism,TAS,Homo sapiens
1794,Magnesium cation,888,CHEBI:18420,R-HSA-9006925,Intracellular signaling by second messengers,TAS,Homo sapiens
1794,Magnesium cation,888,CHEBI:18420,R-HSA-9006931,Signaling by Nuclear Receptors,TAS,Homo sapiens
1794,Magnesium cation,888,CHEBI:18420,R-HSA-9006934,Signaling by Receptor Tyrosine Kinases,TAS,Homo sapiens
1794,Magnesium cation,888,CHEBI:18420,R-HSA-9006934,Signaling by Receptor Tyrosine Kinases,IEA,Homo sapiens
1794,Magnesium cation,888,CHEBI:18420,R-HSA-9018677,Biosynthesis of DHA-derived SPMs,TAS,Homo sapiens
1794,Magnesium cation,888,CHEBI:18420,R-HSA-9018678,Biosynthesis of specialized proresolving mediators (SPMs),TAS,Homo sapiens
1794,Magnesium cation,888,CHEBI:18420,R-HSA-9018682,Biosynthesis of maresins,TAS,Homo sapiens
1794,Magnesium cation,888,CHEBI:18420,R-HSA-913531,Interferon Signaling,TAS,Homo sapiens
1794,Magnesium cation,888,CHEBI:18420,R-HSA-936837,Ion transport by P-type ATPases,TAS,Homo sapiens
1794,Magnesium cation,888,CHEBI:18420,R-HSA-947581,Molybdenum cofactor biosynthesis,TAS,Homo sapiens
1794,Magnesium cation,888,CHEBI:18420,R-HSA-9634597,GPER1 signaling,IEA,Homo sapiens
1794,Magnesium cation,888,CHEBI:18420,R-HSA-9634597,GPER1 signaling,TAS,Homo sapiens
1794,Magnesium cation,888,CHEBI:18420,R-HSA-9634815,Transcriptional Regulation by NPAS4,IEA,Homo sapiens
1794,Magnesium cation,888,CHEBI:18420,R-HSA-9635486,Infection with Mycobacterium tuberculosis,TAS,Homo sapiens
1794,Magnesium cation,888,CHEBI:18420,R-HSA-9636383,Prevention of phagosomal-lysosomal fusion,TAS,Homo sapiens
1794,Magnesium cation,888,CHEBI:18420,R-HSA-9637687,Suppression of phagosomal maturation,TAS,Homo sapiens
1794,Magnesium cation,888,CHEBI:18420,R-HSA-9637690,Response of Mtb to phagocytosis,TAS,Homo sapiens
1794,Magnesium cation,888,CHEBI:18420,R-HSA-9638737,Action of antimicrobials and antimicrobial resistance,TAS,Homo sapiens
1794,Magnesium cation,888,CHEBI:18420,R-HSA-9638771,Action of antimicrobials,TAS,Homo sapiens
1794,Magnesium cation,888,CHEBI:18420,R-HSA-9640148,Infection with Enterobacteria,TAS,Homo sapiens
1794,Magnesium cation,888,CHEBI:18420,R-HSA-9649948,Signaling downstream of RAS mutants,TAS,Homo sapiens
1794,Magnesium cation,888,CHEBI:18420,R-HSA-9656223,Signaling by RAF1 mutants,TAS,Homo sapiens
1794,Magnesium cation,888,CHEBI:18420,R-HSA-9658195,Leishmania infection,TAS,Homo sapiens
1794,Magnesium cation,888,CHEBI:18420,R-HSA-9658195,Leishmania infection,IEA,Homo sapiens
1794,Magnesium cation,888,CHEBI:18420,R-HSA-9660821,ADORA2B mediated anti-inflammatory cytokines production,IEA,Homo sapiens
1794,Magnesium cation,888,CHEBI:18420,R-HSA-9660821,ADORA2B mediated anti-inflammatory cytokines production,TAS,Homo sapiens
1794,Magnesium cation,888,CHEBI:18420,R-HSA-9660826,Purinergic signaling in leishmaniasis infection,TAS,Homo sapiens
1794,Magnesium cation,888,CHEBI:18420,R-HSA-9662851,Anti-inflammatory response favouring Leishmania parasite infection,IEA,Homo sapiens
1794,Magnesium cation,888,CHEBI:18420,R-HSA-9662851,Anti-inflammatory response favouring Leishmania parasite infection,TAS,Homo sapiens
1794,Magnesium cation,888,CHEBI:18420,R-HSA-9664323,FCGR3A-mediated IL10 synthesis,TAS,Homo sapiens
1794,Magnesium cation,888,CHEBI:18420,R-HSA-9664424,Cell recruitment (pro-inflammatory response),TAS,Homo sapiens
1794,Magnesium cation,888,CHEBI:18420,R-HSA-9664433,Leishmania parasite growth and survival,IEA,Homo sapiens
1794,Magnesium cation,888,CHEBI:18420,R-HSA-9664433,Leishmania parasite growth and survival,TAS,Homo sapiens
1794,Magnesium cation,888,CHEBI:18420,R-HSA-9679506,SARS-CoV Infections,TAS,Homo sapiens
1794,Magnesium cation,888,CHEBI:18420,R-HSA-9679506,SARS-CoV Infections,IEA,Homo sapiens
1794,Magnesium cation,888,CHEBI:18420,R-HSA-9684482,IFIT antiviral response,TAS,Homo sapiens
1794,Magnesium cation,888,CHEBI:18420,R-HSA-9690722,Viral strategies to evade IFIT action,TAS,Homo sapiens
1794,Magnesium cation,888,CHEBI:18420,R-HSA-9694271,Assembly of the SARS-CoV-2 Replication-Transcription Complex (RTC),TAS,Homo sapiens
1794,Magnesium cation,888,CHEBI:18420,R-HSA-9694271,Assembly of the SARS-CoV-2 Replication-Transcription Complex (RTC),IEA,Homo sapiens
1794,Magnesium cation,888,CHEBI:18420,R-HSA-9694516,SARS-CoV-2 Infection,TAS,Homo sapiens
1794,Magnesium cation,888,CHEBI:18420,R-HSA-9694516,SARS-CoV-2 Infection,IEA,Homo sapiens
1794,Magnesium cation,888,CHEBI:18420,R-HSA-9694631,Maturation of nucleoprotein,TAS,Homo sapiens
1794,Magnesium cation,888,CHEBI:18420,R-HSA-9694635,Translation of Structural Proteins,TAS,Homo sapiens
1794,Magnesium cation,888,CHEBI:18420,R-HSA-9694676,Translation of Replicase and Assembly of the Replication Transcription Complex,TAS,Homo sapiens
1794,Magnesium cation,888,CHEBI:18420,R-HSA-9694676,Translation of Replicase and Assembly of the Replication Transcription Complex,IEA,Homo sapiens
1794,Magnesium cation,888,CHEBI:18420,R-HSA-9694682,SARS-CoV-2 Genome Replication and Transcription,TAS,Homo sapiens
1794,Magnesium cation,888,CHEBI:18420,R-HSA-9694682,SARS-CoV-2 Genome Replication and Transcription,IEA,Homo sapiens
1794,Magnesium cation,888,CHEBI:18420,R-HSA-9694686,Replication of the SARS-CoV-2 genome,IEA,Homo sapiens
1794,Magnesium cation,888,CHEBI:18420,R-HSA-9694686,Replication of the SARS-CoV-2 genome,TAS,Homo sapiens
1794,Magnesium cation,888,CHEBI:18420,R-HSA-9694786,Transcription of SARS-CoV-2 sgRNAs,TAS,Homo sapiens
1794,Magnesium cation,888,CHEBI:18420,R-HSA-9694786,Transcription of SARS-CoV-2 sgRNAs,IEA,Homo sapiens
1794,Magnesium cation,888,CHEBI:18420,R-HSA-9705671,SARS-CoV-2 activates/modulates innate and adaptive immune responses,TAS,Homo sapiens
1794,Magnesium cation,888,CHEBI:18420,R-HSA-9705683,SARS-CoV-2-host interactions,TAS,Homo sapiens
1794,Magnesium cation,888,CHEBI:18420,R-HSA-9707564,Cytoprotection by HMOX1,TAS,Homo sapiens
1794,Magnesium cation,888,CHEBI:18420,R-HSA-9709957,Sensory Perception,TAS,Homo sapiens
1794,Magnesium cation,888,CHEBI:18420,R-HSA-9709957,Sensory Perception,IEA,Homo sapiens
1794,Magnesium cation,888,CHEBI:18420,R-HSA-9711123,Cellular response to chemical stress,TAS,Homo sapiens
1794,Magnesium cation,888,CHEBI:18420,R-HSA-9716542,"Signaling by Rho GTPases, Miro GTPases and RHOBTB3",TAS,Homo sapiens
1794,Magnesium cation,888,CHEBI:18420,R-HSA-9734207,Nucleotide salvage defects,TAS,Homo sapiens
1794,Magnesium cation,888,CHEBI:18420,R-HSA-9734281,Defective HPRT1 disrupts guanine and hypoxanthine salvage,TAS,Homo sapiens
1794,Magnesium cation,888,CHEBI:18420,R-HSA-9735804,Diseases of nucleotide metabolism,TAS,Homo sapiens
1794,Magnesium cation,888,CHEBI:18420,R-HSA-9748784,Drug ADME,TAS,Homo sapiens
1794,Magnesium cation,888,CHEBI:18420,R-HSA-9748787,Azathioprine ADME,TAS,Homo sapiens
1794,Magnesium cation,888,CHEBI:18420,R-HSA-9755088,Ribavirin ADME,TAS,Homo sapiens
1794,Magnesium cation,888,CHEBI:18420,R-HSA-9755511,KEAP1-NFE2L2 pathway,TAS,Homo sapiens
1794,Magnesium cation,888,CHEBI:18420,R-HSA-9759194,Nuclear events mediated by NFE2L2,TAS,Homo sapiens
1794,Magnesium cation,888,CHEBI:18420,R-HSA-9768759,Regulation of NPAS4 gene expression,IEA,Homo sapiens
1794,Magnesium cation,888,CHEBI:18420,R-HSA-9768777,Regulation of NPAS4 gene transcription,IEA,Homo sapiens
1794,Magnesium cation,888,CHEBI:18420,R-HSA-9772572,Early SARS-CoV-2 Infection Events,TAS,Homo sapiens
1794,Magnesium cation,888,CHEBI:18420,R-HSA-9772572,Early SARS-CoV-2 Infection Events,IEA,Homo sapiens
1794,Magnesium cation,888,CHEBI:18420,R-HSA-9772573,Late SARS-CoV-2 Infection Events,TAS,Homo sapiens
1794,Magnesium cation,888,CHEBI:18420,R-HSA-977347,Serine metabolism,TAS,Homo sapiens
1794,Magnesium cation,888,CHEBI:18420,R-HSA-977443,GABA receptor activation,TAS,Homo sapiens
1794,Magnesium cation,888,CHEBI:18420,R-HSA-977443,GABA receptor activation,IEA,Homo sapiens
1794,Magnesium cation,888,CHEBI:18420,R-HSA-977444,GABA B receptor activation,TAS,Homo sapiens
1794,Magnesium cation,888,CHEBI:18420,R-HSA-977444,GABA B receptor activation,IEA,Homo sapiens
1794,Magnesium cation,888,CHEBI:18420,R-HSA-9816359,Maternal to zygotic transition (MZT),IEA,Homo sapiens
1794,Magnesium cation,888,CHEBI:18420,R-HSA-9818025,NFE2L2 regulating TCA cycle genes,TAS,Homo sapiens
1794,Magnesium cation,888,CHEBI:18420,R-HSA-9818028,NFE2L2 regulates pentose phosphate pathway genes,TAS,Homo sapiens
1794,Magnesium cation,888,CHEBI:18420,R-HSA-9820952,Respiratory Syncytial Virus Infection Pathway,TAS,Homo sapiens
1794,Magnesium cation,888,CHEBI:18420,R-HSA-9820960,Respiratory syncytial virus (RSV) attachment and entry,TAS,Homo sapiens
1794,Magnesium cation,888,CHEBI:18420,R-HSA-9820962,Assembly and release of respiratory syncytial virus (RSV) virions,TAS,Homo sapiens
1794,Magnesium cation,888,CHEBI:18420,R-HSA-9820965,"Respiratory syncytial virus (RSV) genome replication, transcription and translation",TAS,Homo sapiens
1794,Magnesium cation,888,CHEBI:18420,R-HSA-9821993,Replacement of protamines by nucleosomes in the male pronucleus,IEA,Homo sapiens
1794,Magnesium cation,888,CHEBI:18420,R-HSA-9824439,Bacterial Infection Pathways,TAS,Homo sapiens
1794,Magnesium cation,888,CHEBI:18420,R-HSA-9824443,Parasitic Infection Pathways,TAS,Homo sapiens
1794,Magnesium cation,888,CHEBI:18420,R-HSA-9824443,Parasitic Infection Pathways,IEA,Homo sapiens
1794,Magnesium cation,888,CHEBI:18420,R-HSA-9824446,Viral Infection Pathways,TAS,Homo sapiens
1794,Magnesium cation,888,CHEBI:18420,R-HSA-9824446,Viral Infection Pathways,IEA,Homo sapiens
1794,Magnesium cation,888,CHEBI:18420,R-HSA-9828642,Respiratory syncytial virus genome transcription,TAS,Homo sapiens
1794,Magnesium cation,888,CHEBI:18420,R-HSA-9828806,Maturation of hRSV A proteins,TAS,Homo sapiens
1794,Magnesium cation,888,CHEBI:18420,R-HSA-983168,Antigen processing: Ubiquitination & Proteasome degradation,TAS,Homo sapiens
1794,Magnesium cation,888,CHEBI:18420,R-HSA-983169,Class I MHC mediated antigen processing & presentation,TAS,Homo sapiens
1794,Magnesium cation,888,CHEBI:18420,R-HSA-9833110,RSV-host interactions,TAS,Homo sapiens
1794,Magnesium cation,888,CHEBI:18420,R-HSA-9834752,Respiratory syncytial virus genome replication,TAS,Homo sapiens
1794,Magnesium cation,888,CHEBI:18420,R-HSA-983712,Ion channel transport,TAS,Homo sapiens
1794,Magnesium cation,888,CHEBI:18420,R-HSA-9840310,Glycosphingolipid catabolism,TAS,Homo sapiens
1794,Magnesium cation,888,CHEBI:18420,R-HSA-9853506,OGDH complex synthesizes succinyl-CoA from 2-OG,TAS,Homo sapiens
1794,Magnesium cation,888,CHEBI:18420,R-HSA-9855142,Cellular responses to mechanical stimuli,IEA,Homo sapiens
1794,Magnesium cation,888,CHEBI:18420,R-HSA-9855142,Cellular responses to mechanical stimuli,TAS,Homo sapiens
1794,Magnesium cation,888,CHEBI:18420,R-HSA-9856530,High laminar flow shear stress activates signaling by PIEZO1 and PECAM1:CDH5:KDR in endothelial cells,TAS,Homo sapiens
1794,Magnesium cation,888,CHEBI:18420,R-HSA-9858328,OADH complex synthesizes glutaryl-CoA from 2-OA,TAS,Homo sapiens
1794,Magnesium cation,888,CHEBI:18420,R-HSA-9860927,"Turbulent (oscillatory, disturbed) flow shear stress activates signaling by PIEZO1 and integrins in endothelial cells",IEA,Homo sapiens
1794,Magnesium cation,888,CHEBI:18420,R-HSA-9860927,"Turbulent (oscillatory, disturbed) flow shear stress activates signaling by PIEZO1 and integrins in endothelial cells",TAS,Homo sapiens
1794,Magnesium cation,888,CHEBI:18420,R-HSA-9860931,Response of endothelial cells to shear stress,IEA,Homo sapiens
1794,Magnesium cation,888,CHEBI:18420,R-HSA-9860931,Response of endothelial cells to shear stress,TAS,Homo sapiens
1794,Magnesium cation,888,CHEBI:18420,R-HSA-9861559,PDH complex synthesizes acetyl-CoA from PYR,TAS,Homo sapiens
1794,Magnesium cation,888,CHEBI:18420,R-HSA-9861718,Regulation of pyruvate metabolism,TAS,Homo sapiens
1794,Magnesium cation,888,CHEBI:18420,R-HSA-9864848,Complex IV assembly,TAS,Homo sapiens
1794,Magnesium cation,888,CHEBI:18420,R-HSA-9913143,Antimicrobial resistance,TAS,Homo sapiens
1794,Magnesium cation,888,CHEBI:18420,R-HSA-9913635,Strand-asynchronous mitochondrial DNA replication,TAS,Homo sapiens
1794,Magnesium cation,888,CHEBI:18420,R-HSA-991365,Activation of GABAB receptors,TAS,Homo sapiens
1794,Magnesium cation,888,CHEBI:18420,R-HSA-991365,Activation of GABAB receptors,IEA,Homo sapiens
1794,Magnesium cation,888,CHEBI:18420,R-HSA-9930044,Nuclear RNA decay,IEA,Homo sapiens
1794,Magnesium cation,888,CHEBI:18420,R-HSA-9937008,Mitochondrial mRNA modification,TAS,Homo sapiens
1794,Magnesium cation,888,CHEBI:18420,R-HSA-9939291,Matriglycan biosynthesis on DAG1,TAS,Homo sapiens
1794,Magnesium cation,888,CHEBI:18420,R-HSA-9969896,Lanosterol biosynthesis,TAS,Homo sapiens
1802,Manidipine,4008,CHEBI:135849,R-HSA-397014,Muscle contraction,TAS,Homo sapiens
1802,Manidipine,4008,CHEBI:135849,R-HSA-445355,Smooth Muscle Contraction,TAS,Homo sapiens
1802,Manidipine,4008,CHEBI:135849,R-HSA-5576891,Cardiac conduction,TAS,Homo sapiens
1802,Manidipine,4008,CHEBI:135849,R-HSA-5576892,Phase 0 - rapid depolarisation,TAS,Homo sapiens
1802,Manidipine,4008,CHEBI:135849,R-HSA-5576893,Phase 2 - plateau phase,TAS,Homo sapiens
1812,Maxacalcitol,6398761,CHEBI:31801,R-HSA-1430728,Metabolism,TAS,Homo sapiens
1812,Maxacalcitol,6398761,CHEBI:31801,R-HSA-196791,Vitamin D (calciferol) metabolism,TAS,Homo sapiens
1812,Maxacalcitol,6398761,CHEBI:31801,R-HSA-556833,Metabolism of lipids,TAS,Homo sapiens
1812,Maxacalcitol,6398761,CHEBI:31801,R-HSA-8957322,Metabolism of steroids,TAS,Homo sapiens
1814,Mazindol,4020,CHEBI:6702,R-HSA-112311,Neurotransmitter clearance,TAS,Homo sapiens
1814,Mazindol,4020,CHEBI:6702,R-HSA-112315,Transmission across Chemical Synapses,TAS,Homo sapiens
1814,Mazindol,4020,CHEBI:6702,R-HSA-112316,Neuronal System,TAS,Homo sapiens
1814,Mazindol,4020,CHEBI:6702,R-HSA-379401,Dopamine clearance from the synaptic cleft,TAS,Homo sapiens
1822,Mechlorethamine,4033,CHEBI:28925,R-HSA-6783310,Fanconi Anemia Pathway,IEA,Homo sapiens
1822,Mechlorethamine,4033,CHEBI:28925,R-HSA-73894,DNA Repair,IEA,Homo sapiens
1822,Mechlorethamine,4033,CHEBI:28925,R-HSA-9750126,Drug-induced formation of DNA interstrand crosslinks,IEA,Homo sapiens
1825,Meclofenamic acid,4037,CHEBI:6710,R-HSA-1430728,Metabolism,TAS,Homo sapiens
1825,Meclofenamic acid,4037,CHEBI:6710,R-HSA-2142691,Synthesis of Leukotrienes (LT) and Eoxins (EX),TAS,Homo sapiens
1825,Meclofenamic acid,4037,CHEBI:6710,R-HSA-2142753,Arachidonate metabolism,TAS,Homo sapiens
1825,Meclofenamic acid,4037,CHEBI:6710,R-HSA-2162123,Synthesis of Prostaglandins (PG) and Thromboxanes (TX),TAS,Homo sapiens
1825,Meclofenamic acid,4037,CHEBI:6710,R-HSA-556833,Metabolism of lipids,TAS,Homo sapiens
1825,Meclofenamic acid,4037,CHEBI:6710,R-HSA-8978868,Fatty acid metabolism,TAS,Homo sapiens
1831,Mefenamic acid,4044,CHEBI:6717,R-HSA-1430728,Metabolism,TAS,Homo sapiens
1831,Mefenamic acid,4044,CHEBI:6717,R-HSA-2142753,Arachidonate metabolism,TAS,Homo sapiens
1831,Mefenamic acid,4044,CHEBI:6717,R-HSA-2162123,Synthesis of Prostaglandins (PG) and Thromboxanes (TX),TAS,Homo sapiens
1831,Mefenamic acid,4044,CHEBI:6717,R-HSA-556833,Metabolism of lipids,TAS,Homo sapiens
1831,Mefenamic acid,4044,CHEBI:6717,R-HSA-8978868,Fatty acid metabolism,TAS,Homo sapiens
1835,Melagatran,183797,CHEBI:43966,R-HSA-109582,Hemostasis,TAS,Homo sapiens
1835,Melagatran,183797,CHEBI:43966,R-HSA-9769733,Fibrin formation,TAS,Homo sapiens
1835,Melagatran,183797,CHEBI:43966,R-HSA-9769739,Regulation of clotting cascade,TAS,Homo sapiens
1835,Melagatran,183797,CHEBI:43966,R-HSA-9769740,Coagulation pathway,TAS,Homo sapiens
1835,Melagatran,183797,CHEBI:43966,R-HSA-9769743,Amplification and propagation of coagulation cascade,TAS,Homo sapiens
1836,Melatonin,896,CHEBI:16796,R-HSA-1430728,Metabolism,TAS,Homo sapiens
1836,Melatonin,896,CHEBI:16796,R-HSA-162582,Signal Transduction,TAS,Homo sapiens
1836,Melatonin,896,CHEBI:16796,R-HSA-209776,Metabolism of amine-derived hormones,TAS,Homo sapiens
1836,Melatonin,896,CHEBI:16796,R-HSA-209931,Serotonin and melatonin biosynthesis,TAS,Homo sapiens
1836,Melatonin,896,CHEBI:16796,R-HSA-211859,Biological oxidations,TAS,Homo sapiens
1836,Melatonin,896,CHEBI:16796,R-HSA-211945,Phase I - Functionalization of compounds,TAS,Homo sapiens
1836,Melatonin,896,CHEBI:16796,R-HSA-372790,Signaling by GPCR,TAS,Homo sapiens
1836,Melatonin,896,CHEBI:16796,R-HSA-373076,Class A/1 (Rhodopsin-like receptors),TAS,Homo sapiens
1836,Melatonin,896,CHEBI:16796,R-HSA-388396,GPCR downstream signalling,TAS,Homo sapiens
1836,Melatonin,896,CHEBI:16796,R-HSA-418594,G alpha (i) signalling events,TAS,Homo sapiens
1836,Melatonin,896,CHEBI:16796,R-HSA-500792,GPCR ligand binding,TAS,Homo sapiens
1836,Melatonin,896,CHEBI:16796,R-HSA-71291,Metabolism of amino acids and derivatives,TAS,Homo sapiens
1841,Meloxicam,54677470,CHEBI:6741,R-HSA-1430728,Metabolism,TAS,Homo sapiens
1841,Meloxicam,54677470,CHEBI:6741,R-HSA-2142753,Arachidonate metabolism,TAS,Homo sapiens
1841,Meloxicam,54677470,CHEBI:6741,R-HSA-2162123,Synthesis of Prostaglandins (PG) and Thromboxanes (TX),TAS,Homo sapiens
1841,Meloxicam,54677470,CHEBI:6741,R-HSA-556833,Metabolism of lipids,TAS,Homo sapiens
1841,Meloxicam,54677470,CHEBI:6741,R-HSA-8978868,Fatty acid metabolism,TAS,Homo sapiens
1843,Melphalan,460612,CHEBI:28876,R-HSA-382551,Transport of small molecules,TAS,Homo sapiens
1843,Melphalan,460612,CHEBI:28876,R-HSA-382556,ABC-family protein mediated transport,TAS,Homo sapiens
1843,Melphalan,460612,CHEBI:28876,R-HSA-6783310,Fanconi Anemia Pathway,IEA,Homo sapiens
1843,Melphalan,460612,CHEBI:28876,R-HSA-73894,DNA Repair,IEA,Homo sapiens
1843,Melphalan,460612,CHEBI:28876,R-HSA-9748784,Drug ADME,TAS,Homo sapiens
1843,Melphalan,460612,CHEBI:28876,R-HSA-9750126,Drug-induced formation of DNA interstrand crosslinks,IEA,Homo sapiens
1843,Melphalan,460612,CHEBI:28876,R-HSA-9757110,Prednisone ADME,TAS,Homo sapiens
1845,Menadione,4055,CHEBI:28869,R-HSA-1430728,Metabolism,TAS,Homo sapiens
1845,Menadione,4055,CHEBI:28869,R-HSA-196854,Metabolism of vitamins and cofactors,TAS,Homo sapiens
1845,Menadione,4055,CHEBI:28869,R-HSA-6806664,Metabolism of vitamin K,TAS,Homo sapiens
1845,Menadione,4055,CHEBI:28869,R-HSA-6806667,Metabolism of fat-soluble vitamins,TAS,Homo sapiens
1847,Mepenzolate,4057,CHEBI:94411,R-HSA-162582,Signal Transduction,TAS,Homo sapiens
1847,Mepenzolate,4057,CHEBI:94411,R-HSA-372790,Signaling by GPCR,TAS,Homo sapiens
1847,Mepenzolate,4057,CHEBI:94411,R-HSA-373076,Class A/1 (Rhodopsin-like receptors),TAS,Homo sapiens
1847,Mepenzolate,4057,CHEBI:94411,R-HSA-375280,Amine ligand-binding receptors,TAS,Homo sapiens
1847,Mepenzolate,4057,CHEBI:94411,R-HSA-390648,Muscarinic acetylcholine receptors,TAS,Homo sapiens
1847,Mepenzolate,4057,CHEBI:94411,R-HSA-500792,GPCR ligand binding,TAS,Homo sapiens
1859,Mepyramine,4992,CHEBI:6762,R-HSA-162582,Signal Transduction,TAS,Homo sapiens
1859,Mepyramine,4992,CHEBI:6762,R-HSA-372790,Signaling by GPCR,TAS,Homo sapiens
1859,Mepyramine,4992,CHEBI:6762,R-HSA-373076,Class A/1 (Rhodopsin-like receptors),TAS,Homo sapiens
1859,Mepyramine,4992,CHEBI:6762,R-HSA-375280,Amine ligand-binding receptors,TAS,Homo sapiens
1859,Mepyramine,4992,CHEBI:6762,R-HSA-390650,Histamine receptors,TAS,Homo sapiens
1859,Mepyramine,4992,CHEBI:6762,R-HSA-500792,GPCR ligand binding,TAS,Homo sapiens
1861,Mercaptopurine,667490,CHEBI:2208,R-HSA-1430728,Metabolism,TAS,Homo sapiens
1861,Mercaptopurine,667490,CHEBI:2208,R-HSA-156580,Phase II - Conjugation of compounds,TAS,Homo sapiens
1861,Mercaptopurine,667490,CHEBI:2208,R-HSA-156581,Methylation,TAS,Homo sapiens
1861,Mercaptopurine,667490,CHEBI:2208,R-HSA-1643685,Disease,TAS,Homo sapiens
1861,Mercaptopurine,667490,CHEBI:2208,R-HSA-211859,Biological oxidations,TAS,Homo sapiens
1861,Mercaptopurine,667490,CHEBI:2208,R-HSA-5578995,Defective TPMT causes TPMT deficiency,TAS,Homo sapiens
1861,Mercaptopurine,667490,CHEBI:2208,R-HSA-5579029,Metabolic disorders of biological oxidation enzymes,TAS,Homo sapiens
1861,Mercaptopurine,667490,CHEBI:2208,R-HSA-5668914,Diseases of metabolism,TAS,Homo sapiens
1861,Mercaptopurine,667490,CHEBI:2208,R-HSA-9748784,Drug ADME,TAS,Homo sapiens
1861,Mercaptopurine,667490,CHEBI:2208,R-HSA-9748787,Azathioprine ADME,TAS,Homo sapiens
1863,Meropenem,441130,CHEBI:43968,R-HSA-1643685,Disease,TAS,Homo sapiens
1863,Meropenem,441130,CHEBI:43968,R-HSA-5663205,Infectious disease,TAS,Homo sapiens
1863,Meropenem,441130,CHEBI:43968,R-HSA-9678108,SARS-CoV-1 Infection,TAS,Homo sapiens
1863,Meropenem,441130,CHEBI:43968,R-HSA-9678110,Attachment and Entry,TAS,Homo sapiens
1863,Meropenem,441130,CHEBI:43968,R-HSA-9679506,SARS-CoV Infections,TAS,Homo sapiens
1863,Meropenem,441130,CHEBI:43968,R-HSA-9824446,Viral Infection Pathways,TAS,Homo sapiens
1866,Mesoridazine,4078,CHEBI:6780,R-HSA-162582,Signal Transduction,TAS,Homo sapiens
1866,Mesoridazine,4078,CHEBI:6780,R-HSA-372790,Signaling by GPCR,TAS,Homo sapiens
1866,Mesoridazine,4078,CHEBI:6780,R-HSA-373076,Class A/1 (Rhodopsin-like receptors),TAS,Homo sapiens
1866,Mesoridazine,4078,CHEBI:6780,R-HSA-375280,Amine ligand-binding receptors,TAS,Homo sapiens
1866,Mesoridazine,4078,CHEBI:6780,R-HSA-390651,Dopamine receptors,TAS,Homo sapiens
1866,Mesoridazine,4078,CHEBI:6780,R-HSA-390666,Serotonin receptors,TAS,Homo sapiens
1866,Mesoridazine,4078,CHEBI:6780,R-HSA-500792,GPCR ligand binding,TAS,Homo sapiens
1873,Metamizole,3111,CHEBI:62088,R-HSA-2672351,Stimuli-sensing channels,TAS,Homo sapiens
1873,Metamizole,3111,CHEBI:62088,R-HSA-3295583,TRP channels,TAS,Homo sapiens
1873,Metamizole,3111,CHEBI:62088,R-HSA-382551,Transport of small molecules,TAS,Homo sapiens
1873,Metamizole,3111,CHEBI:62088,R-HSA-983712,Ion channel transport,TAS,Homo sapiens
1879,Metformin,4091,CHEBI:6801,R-HSA-1643685,Disease,TAS,Homo sapiens
1879,Metformin,4091,CHEBI:6801,R-HSA-5663205,Infectious disease,TAS,Homo sapiens
1879,Metformin,4091,CHEBI:6801,R-HSA-9824446,Viral Infection Pathways,TAS,Homo sapiens
1879,Metformin,4091,CHEBI:6801,R-HSA-9839923,Dengue Virus Infection,TAS,Homo sapiens
1879,Metformin,4091,CHEBI:6801,R-HSA-9918432,Maturation of DENV proteins,TAS,Homo sapiens
1879,Metformin,4091,CHEBI:6801,R-HSA-9918487,Dengue Virus Genome Translation and Replication,TAS,Homo sapiens
1887,Methazolamide,4100,CHEBI:6822,R-HSA-1237044,Erythrocytes take up carbon dioxide and release oxygen,TAS,Homo sapiens
1887,Methazolamide,4100,CHEBI:6822,R-HSA-1480926,O2/CO2 exchange in erythrocytes,TAS,Homo sapiens
1887,Methazolamide,4100,CHEBI:6822,R-HSA-382551,Transport of small molecules,TAS,Homo sapiens
1890,Methimazole,1349907,CHEBI:50673,R-HSA-1430728,Metabolism,TAS,Homo sapiens
1890,Methimazole,1349907,CHEBI:50673,R-HSA-211859,Biological oxidations,TAS,Homo sapiens
1890,Methimazole,1349907,CHEBI:50673,R-HSA-211945,Phase I - Functionalization of compounds,TAS,Homo sapiens
1890,Methimazole,1349907,CHEBI:50673,R-HSA-217271,FMO oxidises nucleophiles,TAS,Homo sapiens
1890,Methimazole,1349907,CHEBI:50673,R-HSA-9709957,Sensory Perception,IEA,Homo sapiens
1890,Methimazole,1349907,CHEBI:50673,R-HSA-9709957,Sensory Perception,TAS,Homo sapiens
1890,Methimazole,1349907,CHEBI:50673,R-HSA-9717189,Sensory perception of taste,IEA,Homo sapiens
1890,Methimazole,1349907,CHEBI:50673,R-HSA-9717189,Sensory perception of taste,TAS,Homo sapiens
1890,Methimazole,1349907,CHEBI:50673,R-HSA-9717207,"Sensory perception of sweet, bitter, and umami (glutamate) taste",IEA,Homo sapiens
1890,Methimazole,1349907,CHEBI:50673,R-HSA-9717207,"Sensory perception of sweet, bitter, and umami (glutamate) taste",TAS,Homo sapiens
1891,Methocarbamol,4107,CHEBI:77498,R-HSA-1237044,Erythrocytes take up carbon dioxide and release oxygen,TAS,Homo sapiens
1891,Methocarbamol,4107,CHEBI:77498,R-HSA-1480926,O2/CO2 exchange in erythrocytes,TAS,Homo sapiens
1891,Methocarbamol,4107,CHEBI:77498,R-HSA-382551,Transport of small molecules,TAS,Homo sapiens
1894,Methotrexate,126941,CHEBI:44185,R-HSA-1430728,Metabolism,TAS,Homo sapiens
1894,Methotrexate,126941,CHEBI:44185,R-HSA-196757,Metabolism of folate and pterines,TAS,Homo sapiens
1894,Methotrexate,126941,CHEBI:44185,R-HSA-196849,Metabolism of water-soluble vitamins and cofactors,TAS,Homo sapiens
1894,Methotrexate,126941,CHEBI:44185,R-HSA-196854,Metabolism of vitamins and cofactors,TAS,Homo sapiens
1896,Methoxamine,6082,CHEBI:6839,R-HSA-162582,Signal Transduction,TAS,Homo sapiens
1896,Methoxamine,6082,CHEBI:6839,R-HSA-372790,Signaling by GPCR,TAS,Homo sapiens
1896,Methoxamine,6082,CHEBI:6839,R-HSA-373076,Class A/1 (Rhodopsin-like receptors),TAS,Homo sapiens
1896,Methoxamine,6082,CHEBI:6839,R-HSA-375280,Amine ligand-binding receptors,TAS,Homo sapiens
1896,Methoxamine,6082,CHEBI:6839,R-HSA-390696,Adrenoceptors,TAS,Homo sapiens
1896,Methoxamine,6082,CHEBI:6839,R-HSA-500792,GPCR ligand binding,TAS,Homo sapiens
1897,Methoxsalen,4114,CHEBI:18358,R-HSA-6783310,Fanconi Anemia Pathway,TAS,Homo sapiens
1897,Methoxsalen,4114,CHEBI:18358,R-HSA-73894,DNA Repair,TAS,Homo sapiens
1897,Methoxsalen,4114,CHEBI:18358,R-HSA-9750126,Drug-induced formation of DNA interstrand crosslinks,TAS,Homo sapiens
1900,Methscopolamine,71183,CHEBI:135361,R-HSA-162582,Signal Transduction,TAS,Homo sapiens
1900,Methscopolamine,71183,CHEBI:135361,R-HSA-372790,Signaling by GPCR,TAS,Homo sapiens
1900,Methscopolamine,71183,CHEBI:135361,R-HSA-373076,Class A/1 (Rhodopsin-like receptors),TAS,Homo sapiens
1900,Methscopolamine,71183,CHEBI:135361,R-HSA-375280,Amine ligand-binding receptors,TAS,Homo sapiens
1900,Methscopolamine,71183,CHEBI:135361,R-HSA-390648,Muscarinic acetylcholine receptors,TAS,Homo sapiens
1900,Methscopolamine,71183,CHEBI:135361,R-HSA-500792,GPCR ligand binding,TAS,Homo sapiens
1901,Methsuximide,6476,CHEBI:6846,R-HSA-397014,Muscle contraction,TAS,Homo sapiens
1901,Methsuximide,6476,CHEBI:6846,R-HSA-445355,Smooth Muscle Contraction,TAS,Homo sapiens
1907,Methylene blue,6099,CHEBI:6872,R-HSA-1643685,Disease,TAS,Homo sapiens
1907,Methylene blue,6099,CHEBI:6872,R-HSA-5663205,Infectious disease,TAS,Homo sapiens
1907,Methylene blue,6099,CHEBI:6872,R-HSA-9824446,Viral Infection Pathways,TAS,Homo sapiens
1907,Methylene blue,6099,CHEBI:6872,R-HSA-9839923,Dengue Virus Infection,TAS,Homo sapiens
1907,Methylene blue,6099,CHEBI:6872,R-HSA-9918432,Maturation of DENV proteins,TAS,Homo sapiens
1907,Methylene blue,6099,CHEBI:6872,R-HSA-9918487,Dengue Virus Genome Translation and Replication,TAS,Homo sapiens
1915,Methylprednisolone,6741,CHEBI:6888,R-HSA-1643685,Disease,TAS,Homo sapiens
1915,Methylprednisolone,6741,CHEBI:6888,R-HSA-2262752,Cellular responses to stress,TAS,Homo sapiens
1915,Methylprednisolone,6741,CHEBI:6888,R-HSA-3371497,HSP90 chaperone cycle for steroid hormone receptors (SHR) in the presence of ligand,TAS,Homo sapiens
1915,Methylprednisolone,6741,CHEBI:6888,R-HSA-382551,Transport of small molecules,TAS,Homo sapiens
1915,Methylprednisolone,6741,CHEBI:6888,R-HSA-382556,ABC-family protein mediated transport,TAS,Homo sapiens
1915,Methylprednisolone,6741,CHEBI:6888,R-HSA-5663205,Infectious disease,TAS,Homo sapiens
1915,Methylprednisolone,6741,CHEBI:6888,R-HSA-8953897,Cellular responses to stimuli,TAS,Homo sapiens
1915,Methylprednisolone,6741,CHEBI:6888,R-HSA-9679191,Potential therapeutics for SARS,TAS,Homo sapiens
1915,Methylprednisolone,6741,CHEBI:6888,R-HSA-9679506,SARS-CoV Infections,TAS,Homo sapiens
1915,Methylprednisolone,6741,CHEBI:6888,R-HSA-9748784,Drug ADME,TAS,Homo sapiens
1915,Methylprednisolone,6741,CHEBI:6888,R-HSA-9757110,Prednisone ADME,TAS,Homo sapiens
1915,Methylprednisolone,6741,CHEBI:6888,R-HSA-9824446,Viral Infection Pathways,TAS,Homo sapiens
1921,Methyltestosterone,6010,CHEBI:27436,R-HSA-2262752,Cellular responses to stress,TAS,Homo sapiens
1921,Methyltestosterone,6010,CHEBI:27436,R-HSA-3371497,HSP90 chaperone cycle for steroid hormone receptors (SHR) in the presence of ligand,TAS,Homo sapiens
1921,Methyltestosterone,6010,CHEBI:27436,R-HSA-8953897,Cellular responses to stimuli,TAS,Homo sapiens
1922,Methylthiouracil,667493,CHEBI:82346,R-HSA-9709957,Sensory Perception,IEA,Homo sapiens
1922,Methylthiouracil,667493,CHEBI:82346,R-HSA-9709957,Sensory Perception,TAS,Homo sapiens
1922,Methylthiouracil,667493,CHEBI:82346,R-HSA-9717189,Sensory perception of taste,IEA,Homo sapiens
1922,Methylthiouracil,667493,CHEBI:82346,R-HSA-9717189,Sensory perception of taste,TAS,Homo sapiens
1922,Methylthiouracil,667493,CHEBI:82346,R-HSA-9717207,"Sensory perception of sweet, bitter, and umami (glutamate) taste",IEA,Homo sapiens
1922,Methylthiouracil,667493,CHEBI:82346,R-HSA-9717207,"Sensory perception of sweet, bitter, and umami (glutamate) taste",TAS,Homo sapiens
1933,Metolazone,4170,CHEBI:64354,R-HSA-382551,Transport of small molecules,TAS,Homo sapiens
1933,Metolazone,4170,CHEBI:64354,R-HSA-425407,SLC-mediated transmembrane transport,TAS,Homo sapiens
1933,Metolazone,4170,CHEBI:64354,R-HSA-426117,Cation-coupled Chloride cotransporters,TAS,Homo sapiens
1933,Metolazone,4170,CHEBI:64354,R-HSA-9958790,SLC-mediated transport of inorganic anions,TAS,Homo sapiens
1935,Metoprolol,4171,CHEBI:6904,R-HSA-162582,Signal Transduction,TAS,Homo sapiens
1935,Metoprolol,4171,CHEBI:6904,R-HSA-372790,Signaling by GPCR,TAS,Homo sapiens
1935,Metoprolol,4171,CHEBI:6904,R-HSA-373076,Class A/1 (Rhodopsin-like receptors),TAS,Homo sapiens
1935,Metoprolol,4171,CHEBI:6904,R-HSA-375280,Amine ligand-binding receptors,TAS,Homo sapiens
1935,Metoprolol,4171,CHEBI:6904,R-HSA-390696,Adrenoceptors,TAS,Homo sapiens
1935,Metoprolol,4171,CHEBI:6904,R-HSA-500792,GPCR ligand binding,TAS,Homo sapiens
1941,Mezlocillin,656511,CHEBI:6919,R-HSA-1643685,Disease,TAS,Homo sapiens
1941,Mezlocillin,656511,CHEBI:6919,R-HSA-5663205,Infectious disease,TAS,Homo sapiens
1941,Mezlocillin,656511,CHEBI:6919,R-HSA-9678108,SARS-CoV-1 Infection,TAS,Homo sapiens
1941,Mezlocillin,656511,CHEBI:6919,R-HSA-9678110,Attachment and Entry,TAS,Homo sapiens
1941,Mezlocillin,656511,CHEBI:6919,R-HSA-9679506,SARS-CoV Infections,TAS,Homo sapiens
1941,Mezlocillin,656511,CHEBI:6919,R-HSA-9824446,Viral Infection Pathways,TAS,Homo sapiens
1943,Mibefradil,60663,CHEBI:6920,R-HSA-397014,Muscle contraction,TAS,Homo sapiens
1943,Mibefradil,60663,CHEBI:6920,R-HSA-445355,Smooth Muscle Contraction,TAS,Homo sapiens
1945,Micafungin,477468,CHEBI:600520,R-HSA-1643685,Disease,TAS,Homo sapiens
1945,Micafungin,477468,CHEBI:600520,R-HSA-5663205,Infectious disease,TAS,Homo sapiens
1945,Micafungin,477468,CHEBI:600520,R-HSA-9824446,Viral Infection Pathways,TAS,Homo sapiens
1945,Micafungin,477468,CHEBI:600520,R-HSA-9839923,Dengue Virus Infection,TAS,Homo sapiens
1945,Micafungin,477468,CHEBI:600520,R-HSA-9918487,Dengue Virus Genome Translation and Replication,TAS,Homo sapiens
1952,Midostaurin,9829523,CHEBI:63452,R-HSA-1226099,Signaling by FGFR in disease,TAS,Homo sapiens
1952,Midostaurin,9829523,CHEBI:63452,R-HSA-1280215,Cytokine Signaling in Immune system,TAS,Homo sapiens
1952,Midostaurin,9829523,CHEBI:63452,R-HSA-1433557,Signaling by SCF-KIT,TAS,Homo sapiens
1952,Midostaurin,9829523,CHEBI:63452,R-HSA-162582,Signal Transduction,TAS,Homo sapiens
1952,Midostaurin,9829523,CHEBI:63452,R-HSA-1643685,Disease,TAS,Homo sapiens
1952,Midostaurin,9829523,CHEBI:63452,R-HSA-168256,Immune System,TAS,Homo sapiens
1952,Midostaurin,9829523,CHEBI:63452,R-HSA-1839117,Signaling by cytosolic FGFR1 fusion mutants,TAS,Homo sapiens
1952,Midostaurin,9829523,CHEBI:63452,R-HSA-1839124,FGFR1 mutant receptor activation,TAS,Homo sapiens
1952,Midostaurin,9829523,CHEBI:63452,R-HSA-5655302,Signaling by FGFR1 in disease,TAS,Homo sapiens
1952,Midostaurin,9829523,CHEBI:63452,R-HSA-5655332,Signaling by FGFR3 in disease,TAS,Homo sapiens
1952,Midostaurin,9829523,CHEBI:63452,R-HSA-5663202,Diseases of signal transduction by growth factor receptors and second messengers,TAS,Homo sapiens
1952,Midostaurin,9829523,CHEBI:63452,R-HSA-9006934,Signaling by Receptor Tyrosine Kinases,TAS,Homo sapiens
1952,Midostaurin,9829523,CHEBI:63452,R-HSA-9607240,FLT3 Signaling,TAS,Homo sapiens
1952,Midostaurin,9829523,CHEBI:63452,R-HSA-9669921,KIT mutants bind TKIs,TAS,Homo sapiens
1952,Midostaurin,9829523,CHEBI:63452,R-HSA-9669938,Signaling by KIT in disease,TAS,Homo sapiens
1952,Midostaurin,9829523,CHEBI:63452,R-HSA-9682385,FLT3 signaling in disease,TAS,Homo sapiens
1952,Midostaurin,9829523,CHEBI:63452,R-HSA-9702506,Drug resistance of FLT3 mutants,TAS,Homo sapiens
1952,Midostaurin,9829523,CHEBI:63452,R-HSA-9702509,FLT3 mutants bind TKIs,TAS,Homo sapiens
1952,Midostaurin,9829523,CHEBI:63452,R-HSA-9702600,midostaurin-resistant FLT3 mutants,TAS,Homo sapiens
1954,Mifepristone,55245,CHEBI:50692,R-HSA-2262752,Cellular responses to stress,TAS,Homo sapiens
1954,Mifepristone,55245,CHEBI:50692,R-HSA-3371497,HSP90 chaperone cycle for steroid hormone receptors (SHR) in the presence of ligand,TAS,Homo sapiens
1954,Mifepristone,55245,CHEBI:50692,R-HSA-8953897,Cellular responses to stimuli,TAS,Homo sapiens
1955,Miglitol,441314,CHEBI:6935,R-HSA-1643685,Disease,TAS,Homo sapiens
1955,Miglitol,441314,CHEBI:6935,R-HSA-5663205,Infectious disease,TAS,Homo sapiens
1955,Miglitol,441314,CHEBI:6935,R-HSA-9678108,SARS-CoV-1 Infection,TAS,Homo sapiens
1955,Miglitol,441314,CHEBI:6935,R-HSA-9679506,SARS-CoV Infections,TAS,Homo sapiens
1955,Miglitol,441314,CHEBI:6935,R-HSA-9683686,Maturation of spike protein,TAS,Homo sapiens
1955,Miglitol,441314,CHEBI:6935,R-HSA-9683701,Translation of Structural Proteins,TAS,Homo sapiens
1955,Miglitol,441314,CHEBI:6935,R-HSA-9694516,SARS-CoV-2 Infection,TAS,Homo sapiens
1955,Miglitol,441314,CHEBI:6935,R-HSA-9694548,Maturation of spike protein,TAS,Homo sapiens
1955,Miglitol,441314,CHEBI:6935,R-HSA-9694635,Translation of Structural Proteins,TAS,Homo sapiens
1955,Miglitol,441314,CHEBI:6935,R-HSA-9772573,Late SARS-CoV-2 Infection Events,TAS,Homo sapiens
1955,Miglitol,441314,CHEBI:6935,R-HSA-9824446,Viral Infection Pathways,TAS,Homo sapiens
1956,Milrinone,4197,CHEBI:50693,R-HSA-162582,Signal Transduction,TAS,Homo sapiens
1956,Milrinone,4197,CHEBI:50693,R-HSA-372790,Signaling by GPCR,TAS,Homo sapiens
1956,Milrinone,4197,CHEBI:50693,R-HSA-388396,GPCR downstream signalling,TAS,Homo sapiens
1956,Milrinone,4197,CHEBI:50693,R-HSA-418555,G alpha (s) signalling events,TAS,Homo sapiens
1961,Mirabegron,9865528,CHEBI:65349,R-HSA-162582,Signal Transduction,TAS,Homo sapiens
1961,Mirabegron,9865528,CHEBI:65349,R-HSA-372790,Signaling by GPCR,TAS,Homo sapiens
1961,Mirabegron,9865528,CHEBI:65349,R-HSA-373076,Class A/1 (Rhodopsin-like receptors),TAS,Homo sapiens
1961,Mirabegron,9865528,CHEBI:65349,R-HSA-375280,Amine ligand-binding receptors,TAS,Homo sapiens
1961,Mirabegron,9865528,CHEBI:65349,R-HSA-390696,Adrenoceptors,TAS,Homo sapiens
1961,Mirabegron,9865528,CHEBI:65349,R-HSA-500792,GPCR ligand binding,TAS,Homo sapiens
1962,Mirodenafil,135497803,CHEBI:136049,R-HSA-397014,Muscle contraction,TAS,Homo sapiens
1962,Mirodenafil,135497803,CHEBI:136049,R-HSA-445355,Smooth Muscle Contraction,TAS,Homo sapiens
1966,Mitiglinide,121891,CHEBI:135349,R-HSA-1430728,Metabolism,TAS,Homo sapiens
1966,Mitiglinide,121891,CHEBI:135349,R-HSA-163685,Integration of energy metabolism,TAS,Homo sapiens
1966,Mitiglinide,121891,CHEBI:135349,R-HSA-422356,Regulation of insulin secretion,TAS,Homo sapiens
1969,Mitomycin,5746,CHEBI:27504,R-HSA-6783310,Fanconi Anemia Pathway,IEA,Homo sapiens
1969,Mitomycin,5746,CHEBI:27504,R-HSA-73894,DNA Repair,IEA,Homo sapiens
1969,Mitomycin,5746,CHEBI:27504,R-HSA-9750126,Drug-induced formation of DNA interstrand crosslinks,IEA,Homo sapiens
1971,Mitoxantrone,4212,CHEBI:50729,R-HSA-1643685,Disease,TAS,Homo sapiens
1971,Mitoxantrone,4212,CHEBI:50729,R-HSA-5663205,Infectious disease,TAS,Homo sapiens
1971,Mitoxantrone,4212,CHEBI:50729,R-HSA-9679506,SARS-CoV Infections,TAS,Homo sapiens
1971,Mitoxantrone,4212,CHEBI:50729,R-HSA-9694516,SARS-CoV-2 Infection,TAS,Homo sapiens
1971,Mitoxantrone,4212,CHEBI:50729,R-HSA-9694614,Attachment and Entry,TAS,Homo sapiens
1971,Mitoxantrone,4212,CHEBI:50729,R-HSA-9772572,Early SARS-CoV-2 Infection Events,TAS,Homo sapiens
1971,Mitoxantrone,4212,CHEBI:50729,R-HSA-9824446,Viral Infection Pathways,TAS,Homo sapiens
1973,Mizolastine,65906,CHEBI:31857,R-HSA-162582,Signal Transduction,TAS,Homo sapiens
1973,Mizolastine,65906,CHEBI:31857,R-HSA-372790,Signaling by GPCR,TAS,Homo sapiens
1973,Mizolastine,65906,CHEBI:31857,R-HSA-373076,Class A/1 (Rhodopsin-like receptors),TAS,Homo sapiens
1973,Mizolastine,65906,CHEBI:31857,R-HSA-375280,Amine ligand-binding receptors,TAS,Homo sapiens
1973,Mizolastine,65906,CHEBI:31857,R-HSA-390650,Histamine receptors,TAS,Homo sapiens
1973,Mizolastine,65906,CHEBI:31857,R-HSA-500792,GPCR ligand binding,TAS,Homo sapiens
1977,Moclobemide,4235,CHEBI:83531,R-HSA-112311,Neurotransmitter clearance,TAS,Homo sapiens
1977,Moclobemide,4235,CHEBI:83531,R-HSA-112315,Transmission across Chemical Synapses,TAS,Homo sapiens
1977,Moclobemide,4235,CHEBI:83531,R-HSA-112316,Neuronal System,TAS,Homo sapiens
1977,Moclobemide,4235,CHEBI:83531,R-HSA-140179,Amine Oxidase reactions,TAS,Homo sapiens
1977,Moclobemide,4235,CHEBI:83531,R-HSA-141333,Biogenic amines are oxidatively deaminated to aldehydes by MAOA and MAOB,TAS,Homo sapiens
1977,Moclobemide,4235,CHEBI:83531,R-HSA-1430728,Metabolism,TAS,Homo sapiens
1977,Moclobemide,4235,CHEBI:83531,R-HSA-211859,Biological oxidations,TAS,Homo sapiens
1977,Moclobemide,4235,CHEBI:83531,R-HSA-211945,Phase I - Functionalization of compounds,TAS,Homo sapiens
1977,Moclobemide,4235,CHEBI:83531,R-HSA-379401,Dopamine clearance from the synaptic cleft,TAS,Homo sapiens
1978,Moexipril,91270,CHEBI:6960,R-HSA-2022377,Metabolism of Angiotensinogen to Angiotensins,TAS,Homo sapiens
1978,Moexipril,91270,CHEBI:6960,R-HSA-2980736,Peptide hormone metabolism,TAS,Homo sapiens
1978,Moexipril,91270,CHEBI:6960,R-HSA-392499,Metabolism of proteins,TAS,Homo sapiens
1981,Molindone,23897,CHEBI:6965,R-HSA-162582,Signal Transduction,TAS,Homo sapiens
1981,Molindone,23897,CHEBI:6965,R-HSA-372790,Signaling by GPCR,TAS,Homo sapiens
1981,Molindone,23897,CHEBI:6965,R-HSA-373076,Class A/1 (Rhodopsin-like receptors),TAS,Homo sapiens
1981,Molindone,23897,CHEBI:6965,R-HSA-375280,Amine ligand-binding receptors,TAS,Homo sapiens
1981,Molindone,23897,CHEBI:6965,R-HSA-390650,Histamine receptors,TAS,Homo sapiens
1981,Molindone,23897,CHEBI:6965,R-HSA-500792,GPCR ligand binding,TAS,Homo sapiens
1984,Mometasone,441335,CHEBI:6970,R-HSA-1643685,Disease,TAS,Homo sapiens
1984,Mometasone,441335,CHEBI:6970,R-HSA-2262752,Cellular responses to stress,TAS,Homo sapiens
1984,Mometasone,441335,CHEBI:6970,R-HSA-3371497,HSP90 chaperone cycle for steroid hormone receptors (SHR) in the presence of ligand,TAS,Homo sapiens
1984,Mometasone,441335,CHEBI:6970,R-HSA-5663205,Infectious disease,TAS,Homo sapiens
1984,Mometasone,441335,CHEBI:6970,R-HSA-8953897,Cellular responses to stimuli,TAS,Homo sapiens
1984,Mometasone,441335,CHEBI:6970,R-HSA-9679191,Potential therapeutics for SARS,TAS,Homo sapiens
1984,Mometasone,441335,CHEBI:6970,R-HSA-9679506,SARS-CoV Infections,TAS,Homo sapiens
1984,Mometasone,441335,CHEBI:6970,R-HSA-9824446,Viral Infection Pathways,TAS,Homo sapiens
1988,Monomethyl fumarate,5369209,CHEBI:167450,R-HSA-1643685,Disease,TAS,Homo sapiens
1988,Monomethyl fumarate,5369209,CHEBI:167450,R-HSA-2262752,Cellular responses to stress,TAS,Homo sapiens
1988,Monomethyl fumarate,5369209,CHEBI:167450,R-HSA-392499,Metabolism of proteins,TAS,Homo sapiens
1988,Monomethyl fumarate,5369209,CHEBI:167450,R-HSA-5663205,Infectious disease,TAS,Homo sapiens
1988,Monomethyl fumarate,5369209,CHEBI:167450,R-HSA-597592,Post-translational protein modification,TAS,Homo sapiens
1988,Monomethyl fumarate,5369209,CHEBI:167450,R-HSA-8951664,Neddylation,TAS,Homo sapiens
1988,Monomethyl fumarate,5369209,CHEBI:167450,R-HSA-8953897,Cellular responses to stimuli,TAS,Homo sapiens
1988,Monomethyl fumarate,5369209,CHEBI:167450,R-HSA-9679191,Potential therapeutics for SARS,TAS,Homo sapiens
1988,Monomethyl fumarate,5369209,CHEBI:167450,R-HSA-9679506,SARS-CoV Infections,TAS,Homo sapiens
1988,Monomethyl fumarate,5369209,CHEBI:167450,R-HSA-9711123,Cellular response to chemical stress,TAS,Homo sapiens
1988,Monomethyl fumarate,5369209,CHEBI:167450,R-HSA-9755511,KEAP1-NFE2L2 pathway,TAS,Homo sapiens
1988,Monomethyl fumarate,5369209,CHEBI:167450,R-HSA-9824446,Viral Infection Pathways,TAS,Homo sapiens
1989,Montelukast,5281040,CHEBI:50730,R-HSA-162582,Signal Transduction,TAS,Homo sapiens
1989,Montelukast,5281040,CHEBI:50730,R-HSA-1643685,Disease,TAS,Homo sapiens
1989,Montelukast,5281040,CHEBI:50730,R-HSA-372790,Signaling by GPCR,TAS,Homo sapiens
1989,Montelukast,5281040,CHEBI:50730,R-HSA-373076,Class A/1 (Rhodopsin-like receptors),TAS,Homo sapiens
1989,Montelukast,5281040,CHEBI:50730,R-HSA-391903,Eicosanoid ligand-binding receptors,TAS,Homo sapiens
1989,Montelukast,5281040,CHEBI:50730,R-HSA-391906,Leukotriene receptors,TAS,Homo sapiens
1989,Montelukast,5281040,CHEBI:50730,R-HSA-500792,GPCR ligand binding,TAS,Homo sapiens
1989,Montelukast,5281040,CHEBI:50730,R-HSA-5663205,Infectious disease,TAS,Homo sapiens
1989,Montelukast,5281040,CHEBI:50730,R-HSA-9679191,Potential therapeutics for SARS,TAS,Homo sapiens
1989,Montelukast,5281040,CHEBI:50730,R-HSA-9679506,SARS-CoV Infections,TAS,Homo sapiens
1989,Montelukast,5281040,CHEBI:50730,R-HSA-9824446,Viral Infection Pathways,TAS,Homo sapiens
1989,Montelukast,5281040,CHEBI:50730,R-HSA-9839923,Dengue Virus Infection,TAS,Homo sapiens
1989,Montelukast,5281040,CHEBI:50730,R-HSA-9918432,Maturation of DENV proteins,TAS,Homo sapiens
1989,Montelukast,5281040,CHEBI:50730,R-HSA-9918487,Dengue Virus Genome Translation and Replication,TAS,Homo sapiens
2009,Mycophenolic acid,446541,CHEBI:168396,R-HSA-1430728,Metabolism,TAS,Homo sapiens
2009,Mycophenolic acid,446541,CHEBI:168396,R-HSA-15869,Metabolism of nucleotides,TAS,Homo sapiens
2009,Mycophenolic acid,446541,CHEBI:168396,R-HSA-1643685,Disease,TAS,Homo sapiens
2009,Mycophenolic acid,446541,CHEBI:168396,R-HSA-5663205,Infectious disease,TAS,Homo sapiens
2009,Mycophenolic acid,446541,CHEBI:168396,R-HSA-73817,Purine ribonucleoside monophosphate biosynthesis,TAS,Homo sapiens
2009,Mycophenolic acid,446541,CHEBI:168396,R-HSA-8956320,Nucleotide biosynthesis,TAS,Homo sapiens
2009,Mycophenolic acid,446541,CHEBI:168396,R-HSA-9678108,SARS-CoV-1 Infection,TAS,Homo sapiens
2009,Mycophenolic acid,446541,CHEBI:168396,R-HSA-9678110,Attachment and Entry,TAS,Homo sapiens
2009,Mycophenolic acid,446541,CHEBI:168396,R-HSA-9679191,Potential therapeutics for SARS,TAS,Homo sapiens
2009,Mycophenolic acid,446541,CHEBI:168396,R-HSA-9679506,SARS-CoV Infections,TAS,Homo sapiens
2009,Mycophenolic acid,446541,CHEBI:168396,R-HSA-9824446,Viral Infection Pathways,TAS,Homo sapiens
2020,Nafamostat,4413,CHEBI:135466,R-HSA-1643685,Disease,TAS,Homo sapiens
2020,Nafamostat,4413,CHEBI:135466,R-HSA-2672351,Stimuli-sensing channels,TAS,Homo sapiens
2020,Nafamostat,4413,CHEBI:135466,R-HSA-382551,Transport of small molecules,TAS,Homo sapiens
2020,Nafamostat,4413,CHEBI:135466,R-HSA-5663205,Infectious disease,TAS,Homo sapiens
2020,Nafamostat,4413,CHEBI:135466,R-HSA-9678108,SARS-CoV-1 Infection,TAS,Homo sapiens
2020,Nafamostat,4413,CHEBI:135466,R-HSA-9678110,Attachment and Entry,TAS,Homo sapiens
2020,Nafamostat,4413,CHEBI:135466,R-HSA-9679506,SARS-CoV Infections,TAS,Homo sapiens
2020,Nafamostat,4413,CHEBI:135466,R-HSA-9694516,SARS-CoV-2 Infection,TAS,Homo sapiens
2020,Nafamostat,4413,CHEBI:135466,R-HSA-9694614,Attachment and Entry,TAS,Homo sapiens
2020,Nafamostat,4413,CHEBI:135466,R-HSA-9772572,Early SARS-CoV-2 Infection Events,TAS,Homo sapiens
2020,Nafamostat,4413,CHEBI:135466,R-HSA-9824446,Viral Infection Pathways,TAS,Homo sapiens
2020,Nafamostat,4413,CHEBI:135466,R-HSA-983712,Ion channel transport,TAS,Homo sapiens
2036,Nandrolone,9904,CHEBI:7466,R-HSA-2262752,Cellular responses to stress,TAS,Homo sapiens
2036,Nandrolone,9904,CHEBI:7466,R-HSA-3371497,HSP90 chaperone cycle for steroid hormone receptors (SHR) in the presence of ligand,TAS,Homo sapiens
2036,Nandrolone,9904,CHEBI:7466,R-HSA-8953897,Cellular responses to stimuli,TAS,Homo sapiens
2037,Nandrolone decanoate,9677,CHEBI:7467,R-HSA-2262752,Cellular responses to stress,TAS,Homo sapiens
2037,Nandrolone decanoate,9677,CHEBI:7467,R-HSA-3371497,HSP90 chaperone cycle for steroid hormone receptors (SHR) in the presence of ligand,TAS,Homo sapiens
2037,Nandrolone decanoate,9677,CHEBI:7467,R-HSA-8953897,Cellular responses to stimuli,TAS,Homo sapiens
2040,Naproxen,156391,CHEBI:7476,R-HSA-1430728,Metabolism,TAS,Homo sapiens
2040,Naproxen,156391,CHEBI:7476,R-HSA-2142753,Arachidonate metabolism,TAS,Homo sapiens
2040,Naproxen,156391,CHEBI:7476,R-HSA-2162123,Synthesis of Prostaglandins (PG) and Thromboxanes (TX),TAS,Homo sapiens
2040,Naproxen,156391,CHEBI:7476,R-HSA-556833,Metabolism of lipids,TAS,Homo sapiens
2040,Naproxen,156391,CHEBI:7476,R-HSA-8978868,Fatty acid metabolism,TAS,Homo sapiens
2042,Naratriptan,4440,CHEBI:7478,R-HSA-162582,Signal Transduction,TAS,Homo sapiens
2042,Naratriptan,4440,CHEBI:7478,R-HSA-372790,Signaling by GPCR,TAS,Homo sapiens
2042,Naratriptan,4440,CHEBI:7478,R-HSA-373076,Class A/1 (Rhodopsin-like receptors),TAS,Homo sapiens
2042,Naratriptan,4440,CHEBI:7478,R-HSA-375280,Amine ligand-binding receptors,TAS,Homo sapiens
2042,Naratriptan,4440,CHEBI:7478,R-HSA-390666,Serotonin receptors,TAS,Homo sapiens
2042,Naratriptan,4440,CHEBI:7478,R-HSA-500792,GPCR ligand binding,TAS,Homo sapiens
2046,Nateglinide,5311309,CHEBI:31897,R-HSA-1430728,Metabolism,TAS,Homo sapiens
2046,Nateglinide,5311309,CHEBI:31897,R-HSA-163685,Integration of energy metabolism,TAS,Homo sapiens
2046,Nateglinide,5311309,CHEBI:31897,R-HSA-422356,Regulation of insulin secretion,TAS,Homo sapiens
2047,Navitoclax,24978538,CHEBI:131174,R-HSA-109581,Apoptosis,TAS,Homo sapiens
2047,Navitoclax,24978538,CHEBI:131174,R-HSA-109606,Intrinsic Pathway for Apoptosis,TAS,Homo sapiens
2047,Navitoclax,24978538,CHEBI:131174,R-HSA-111453,BH3-only proteins associate with and inactivate anti-apoptotic BCL-2 members,TAS,Homo sapiens
2047,Navitoclax,24978538,CHEBI:131174,R-HSA-5357801,Programmed Cell Death,TAS,Homo sapiens
2049,Nebivolol,71301,CHEBI:64019,R-HSA-162582,Signal Transduction,TAS,Homo sapiens
2049,Nebivolol,71301,CHEBI:64019,R-HSA-372790,Signaling by GPCR,TAS,Homo sapiens
2049,Nebivolol,71301,CHEBI:64019,R-HSA-373076,Class A/1 (Rhodopsin-like receptors),TAS,Homo sapiens
2049,Nebivolol,71301,CHEBI:64019,R-HSA-375280,Amine ligand-binding receptors,TAS,Homo sapiens
2049,Nebivolol,71301,CHEBI:64019,R-HSA-390696,Adrenoceptors,TAS,Homo sapiens
2049,Nebivolol,71301,CHEBI:64019,R-HSA-500792,GPCR ligand binding,TAS,Homo sapiens
2052,Nefazodone,4449,CHEBI:7494,R-HSA-112311,Neurotransmitter clearance,TAS,Homo sapiens
2052,Nefazodone,4449,CHEBI:7494,R-HSA-112315,Transmission across Chemical Synapses,TAS,Homo sapiens
2052,Nefazodone,4449,CHEBI:7494,R-HSA-112316,Neuronal System,TAS,Homo sapiens
2052,Nefazodone,4449,CHEBI:7494,R-HSA-1430728,Metabolism,TAS,Homo sapiens
2052,Nefazodone,4449,CHEBI:7494,R-HSA-211859,Biological oxidations,TAS,Homo sapiens
2052,Nefazodone,4449,CHEBI:7494,R-HSA-211945,Phase I - Functionalization of compounds,TAS,Homo sapiens
2052,Nefazodone,4449,CHEBI:7494,R-HSA-380615,Serotonin clearance from the synaptic cleft,TAS,Homo sapiens
2055,Nelfinavir,64143,CHEBI:7496,R-HSA-1643685,Disease,TAS,Homo sapiens
2055,Nelfinavir,64143,CHEBI:7496,R-HSA-5663205,Infectious disease,TAS,Homo sapiens
2055,Nelfinavir,64143,CHEBI:7496,R-HSA-9678108,SARS-CoV-1 Infection,TAS,Homo sapiens
2055,Nelfinavir,64143,CHEBI:7496,R-HSA-9679504,Translation of Replicase and Assembly of the Replication Transcription Complex,TAS,Homo sapiens
2055,Nelfinavir,64143,CHEBI:7496,R-HSA-9679506,SARS-CoV Infections,TAS,Homo sapiens
2055,Nelfinavir,64143,CHEBI:7496,R-HSA-9684325,Maturation of replicase proteins,TAS,Homo sapiens
2055,Nelfinavir,64143,CHEBI:7496,R-HSA-9694301,Maturation of replicase proteins,TAS,Homo sapiens
2055,Nelfinavir,64143,CHEBI:7496,R-HSA-9694516,SARS-CoV-2 Infection,TAS,Homo sapiens
2055,Nelfinavir,64143,CHEBI:7496,R-HSA-9694676,Translation of Replicase and Assembly of the Replication Transcription Complex,TAS,Homo sapiens
2055,Nelfinavir,64143,CHEBI:7496,R-HSA-9772572,Early SARS-CoV-2 Infection Events,TAS,Homo sapiens
2055,Nelfinavir,64143,CHEBI:7496,R-HSA-9824446,Viral Infection Pathways,TAS,Homo sapiens
2059,Neostigmine,4456,CHEBI:7514,R-HSA-112311,Neurotransmitter clearance,TAS,Homo sapiens
2059,Neostigmine,4456,CHEBI:7514,R-HSA-112315,Transmission across Chemical Synapses,TAS,Homo sapiens
2059,Neostigmine,4456,CHEBI:7514,R-HSA-112316,Neuronal System,TAS,Homo sapiens
2059,Neostigmine,4456,CHEBI:7514,R-HSA-1430728,Metabolism,TAS,Homo sapiens
2059,Neostigmine,4456,CHEBI:7514,R-HSA-1483191,Synthesis of PC,TAS,Homo sapiens
2059,Neostigmine,4456,CHEBI:7514,R-HSA-1483206,Glycerophospholipid biosynthesis,TAS,Homo sapiens
2059,Neostigmine,4456,CHEBI:7514,R-HSA-1483257,Phospholipid metabolism,TAS,Homo sapiens
2059,Neostigmine,4456,CHEBI:7514,R-HSA-556833,Metabolism of lipids,TAS,Homo sapiens
2061,Neratinib,9915743,CHEBI:61397,R-HSA-1227986,Signaling by ERBB2,TAS,Homo sapiens
2061,Neratinib,9915743,CHEBI:61397,R-HSA-1227990,Signaling by ERBB2 in Cancer,TAS,Homo sapiens
2061,Neratinib,9915743,CHEBI:61397,R-HSA-1236382,Constitutive Signaling by Ligand-Responsive EGFR Cancer Variants,TAS,Homo sapiens
2061,Neratinib,9915743,CHEBI:61397,R-HSA-162582,Signal Transduction,TAS,Homo sapiens
2061,Neratinib,9915743,CHEBI:61397,R-HSA-1643685,Disease,TAS,Homo sapiens
2061,Neratinib,9915743,CHEBI:61397,R-HSA-1643713,Signaling by EGFR in Cancer,TAS,Homo sapiens
2061,Neratinib,9915743,CHEBI:61397,R-HSA-5637815,Signaling by Ligand-Responsive EGFR Variants in Cancer,TAS,Homo sapiens
2061,Neratinib,9915743,CHEBI:61397,R-HSA-5638302,Signaling by Overexpressed Wild-Type EGFR in Cancer,TAS,Homo sapiens
2061,Neratinib,9915743,CHEBI:61397,R-HSA-5638303,Inhibition of Signaling by Overexpressed EGFR,TAS,Homo sapiens
2061,Neratinib,9915743,CHEBI:61397,R-HSA-5663202,Diseases of signal transduction by growth factor receptors and second messengers,TAS,Homo sapiens
2061,Neratinib,9915743,CHEBI:61397,R-HSA-9006934,Signaling by Receptor Tyrosine Kinases,TAS,Homo sapiens
2061,Neratinib,9915743,CHEBI:61397,R-HSA-9634285,Constitutive Signaling by Overexpressed ERBB2,TAS,Homo sapiens
2061,Neratinib,9915743,CHEBI:61397,R-HSA-9652282,Drug-mediated inhibition of ERBB2 signaling,TAS,Homo sapiens
2061,Neratinib,9915743,CHEBI:61397,R-HSA-9664565,Signaling by ERBB2 KD Mutants,TAS,Homo sapiens
2061,Neratinib,9915743,CHEBI:61397,R-HSA-9665230,Drug resistance in ERBB2 KD mutants,TAS,Homo sapiens
2061,Neratinib,9915743,CHEBI:61397,R-HSA-9665246,Resistance of ERBB2 KD mutants to neratinib,TAS,Homo sapiens
2061,Neratinib,9915743,CHEBI:61397,R-HSA-9665348,Signaling by ERBB2 ECD mutants,TAS,Homo sapiens
2061,Neratinib,9915743,CHEBI:61397,R-HSA-9665686,Signaling by ERBB2 TMD/JMD mutants,TAS,Homo sapiens
2068,Nicardipine,4474,CHEBI:7550,R-HSA-397014,Muscle contraction,TAS,Homo sapiens
2068,Nicardipine,4474,CHEBI:7550,R-HSA-5576891,Cardiac conduction,TAS,Homo sapiens
2068,Nicardipine,4474,CHEBI:7550,R-HSA-5576892,Phase 0 - rapid depolarisation,TAS,Homo sapiens
2068,Nicardipine,4474,CHEBI:7550,R-HSA-5576893,Phase 2 - plateau phase,TAS,Homo sapiens
2070,Niclosamide,4477,CHEBI:7553,R-HSA-1643685,Disease,TAS,Homo sapiens
2070,Niclosamide,4477,CHEBI:7553,R-HSA-5663205,Infectious disease,TAS,Homo sapiens
2070,Niclosamide,4477,CHEBI:7553,R-HSA-9824446,Viral Infection Pathways,TAS,Homo sapiens
2070,Niclosamide,4477,CHEBI:7553,R-HSA-9839923,Dengue Virus Infection,TAS,Homo sapiens
2070,Niclosamide,4477,CHEBI:7553,R-HSA-9918432,Maturation of DENV proteins,TAS,Homo sapiens
2070,Niclosamide,4477,CHEBI:7553,R-HSA-9918476,Assembly and Release of Dengue Virus Virions,TAS,Homo sapiens
2070,Niclosamide,4477,CHEBI:7553,R-HSA-9918485,Dengue Virus Attachment and Entry,TAS,Homo sapiens
2070,Niclosamide,4477,CHEBI:7553,R-HSA-9918487,Dengue Virus Genome Translation and Replication,TAS,Homo sapiens
2072,Nicorandil,47528,CHEBI:31905,R-HSA-382551,Transport of small molecules,TAS,Homo sapiens
2072,Nicorandil,47528,CHEBI:31905,R-HSA-382556,ABC-family protein mediated transport,TAS,Homo sapiens
2072,Nicorandil,47528,CHEBI:31905,R-HSA-397014,Muscle contraction,TAS,Homo sapiens
2072,Nicorandil,47528,CHEBI:31905,R-HSA-5576891,Cardiac conduction,TAS,Homo sapiens
2072,Nicorandil,47528,CHEBI:31905,R-HSA-5578775,Ion homeostasis,TAS,Homo sapiens
2073,Nicotine,89594,CHEBI:17688,R-HSA-1430728,Metabolism,TAS,Homo sapiens
2073,Nicotine,89594,CHEBI:17688,R-HSA-156580,Phase II - Conjugation of compounds,TAS,Homo sapiens
2073,Nicotine,89594,CHEBI:17688,R-HSA-156588,Glucuronidation,TAS,Homo sapiens
2073,Nicotine,89594,CHEBI:17688,R-HSA-211859,Biological oxidations,TAS,Homo sapiens
2075,Nifedipine,4485,CHEBI:7565,R-HSA-397014,Muscle contraction,TAS,Homo sapiens
2075,Nifedipine,4485,CHEBI:7565,R-HSA-5576891,Cardiac conduction,TAS,Homo sapiens
2075,Nifedipine,4485,CHEBI:7565,R-HSA-5576892,Phase 0 - rapid depolarisation,TAS,Homo sapiens
2075,Nifedipine,4485,CHEBI:7565,R-HSA-5576893,Phase 2 - plateau phase,TAS,Homo sapiens
2077,Niflumic acid,4488,CHEBI:34888,R-HSA-2672351,Stimuli-sensing channels,TAS,Homo sapiens
2077,Niflumic acid,4488,CHEBI:34888,R-HSA-382551,Transport of small molecules,TAS,Homo sapiens
2077,Niflumic acid,4488,CHEBI:34888,R-HSA-983712,Ion channel transport,TAS,Homo sapiens
2080,Nilotinib,644241,CHEBI:52172,R-HSA-1433557,Signaling by SCF-KIT,TAS,Homo sapiens
2080,Nilotinib,644241,CHEBI:52172,R-HSA-162582,Signal Transduction,TAS,Homo sapiens
2080,Nilotinib,644241,CHEBI:52172,R-HSA-1643685,Disease,TAS,Homo sapiens
2080,Nilotinib,644241,CHEBI:52172,R-HSA-186797,Signaling by PDGF,TAS,Homo sapiens
2080,Nilotinib,644241,CHEBI:52172,R-HSA-5663202,Diseases of signal transduction by growth factor receptors and second messengers,TAS,Homo sapiens
2080,Nilotinib,644241,CHEBI:52172,R-HSA-9006934,Signaling by Receptor Tyrosine Kinases,TAS,Homo sapiens
2080,Nilotinib,644241,CHEBI:52172,R-HSA-9669921,KIT mutants bind TKIs,TAS,Homo sapiens
2080,Nilotinib,644241,CHEBI:52172,R-HSA-9669926,Nilotinib-resistant KIT mutants,TAS,Homo sapiens
2080,Nilotinib,644241,CHEBI:52172,R-HSA-9669937,Drug resistance of KIT mutants,TAS,Homo sapiens
2080,Nilotinib,644241,CHEBI:52172,R-HSA-9669938,Signaling by KIT in disease,TAS,Homo sapiens
2080,Nilotinib,644241,CHEBI:52172,R-HSA-9671555,Signaling by PDGFR in disease,TAS,Homo sapiens
2080,Nilotinib,644241,CHEBI:52172,R-HSA-9674428,PDGFR mutants bind TKIs,TAS,Homo sapiens
2082,Nilutamide,4493,CHEBI:7573,R-HSA-2262752,Cellular responses to stress,TAS,Homo sapiens
2082,Nilutamide,4493,CHEBI:7573,R-HSA-3371497,HSP90 chaperone cycle for steroid hormone receptors (SHR) in the presence of ligand,TAS,Homo sapiens
2082,Nilutamide,4493,CHEBI:7573,R-HSA-8953897,Cellular responses to stimuli,TAS,Homo sapiens
2083,Nilvadipine,4494,CHEBI:31911,R-HSA-397014,Muscle contraction,TAS,Homo sapiens
2083,Nilvadipine,4494,CHEBI:31911,R-HSA-5576891,Cardiac conduction,TAS,Homo sapiens
2083,Nilvadipine,4494,CHEBI:31911,R-HSA-5576892,Phase 0 - rapid depolarisation,TAS,Homo sapiens
2083,Nilvadipine,4494,CHEBI:31911,R-HSA-5576893,Phase 2 - plateau phase,TAS,Homo sapiens
2084,Nimesulide,4495,CHEBI:44445,R-HSA-1430728,Metabolism,TAS,Homo sapiens
2084,Nimesulide,4495,CHEBI:44445,R-HSA-2142753,Arachidonate metabolism,TAS,Homo sapiens
2084,Nimesulide,4495,CHEBI:44445,R-HSA-2162123,Synthesis of Prostaglandins (PG) and Thromboxanes (TX),TAS,Homo sapiens
2084,Nimesulide,4495,CHEBI:44445,R-HSA-556833,Metabolism of lipids,TAS,Homo sapiens
2084,Nimesulide,4495,CHEBI:44445,R-HSA-8978868,Fatty acid metabolism,TAS,Homo sapiens
2085,Nimodipine,4497,CHEBI:7575,R-HSA-2262752,Cellular responses to stress,TAS,Homo sapiens
2085,Nimodipine,4497,CHEBI:7575,R-HSA-3371497,HSP90 chaperone cycle for steroid hormone receptors (SHR) in the presence of ligand,TAS,Homo sapiens
2085,Nimodipine,4497,CHEBI:7575,R-HSA-397014,Muscle contraction,TAS,Homo sapiens
2085,Nimodipine,4497,CHEBI:7575,R-HSA-5576891,Cardiac conduction,TAS,Homo sapiens
2085,Nimodipine,4497,CHEBI:7575,R-HSA-5576892,Phase 0 - rapid depolarisation,TAS,Homo sapiens
2085,Nimodipine,4497,CHEBI:7575,R-HSA-5576893,Phase 2 - plateau phase,TAS,Homo sapiens
2085,Nimodipine,4497,CHEBI:7575,R-HSA-8953897,Cellular responses to stimuli,TAS,Homo sapiens
2086,Nimustine,39214,CHEBI:75270,R-HSA-6783310,Fanconi Anemia Pathway,IEA,Homo sapiens
2086,Nimustine,39214,CHEBI:75270,R-HSA-73894,DNA Repair,IEA,Homo sapiens
2086,Nimustine,39214,CHEBI:75270,R-HSA-9750126,Drug-induced formation of DNA interstrand crosslinks,IEA,Homo sapiens
2087,Nintedanib,135423438,CHEBI:85164,R-HSA-1226099,Signaling by FGFR in disease,TAS,Homo sapiens
2087,Nintedanib,135423438,CHEBI:85164,R-HSA-162582,Signal Transduction,TAS,Homo sapiens
2087,Nintedanib,135423438,CHEBI:85164,R-HSA-1643685,Disease,TAS,Homo sapiens
2087,Nintedanib,135423438,CHEBI:85164,R-HSA-186797,Signaling by PDGF,TAS,Homo sapiens
2087,Nintedanib,135423438,CHEBI:85164,R-HSA-5655332,Signaling by FGFR3 in disease,TAS,Homo sapiens
2087,Nintedanib,135423438,CHEBI:85164,R-HSA-5663202,Diseases of signal transduction by growth factor receptors and second messengers,TAS,Homo sapiens
2087,Nintedanib,135423438,CHEBI:85164,R-HSA-9006934,Signaling by Receptor Tyrosine Kinases,TAS,Homo sapiens
2087,Nintedanib,135423438,CHEBI:85164,R-HSA-9671555,Signaling by PDGFR in disease,TAS,Homo sapiens
2087,Nintedanib,135423438,CHEBI:85164,R-HSA-9674428,PDGFR mutants bind TKIs,TAS,Homo sapiens
2090,Nirmatrelvir,155903259,CHEBI:170007,R-HSA-1643685,Disease,TAS,Homo sapiens
2090,Nirmatrelvir,155903259,CHEBI:170007,R-HSA-5663205,Infectious disease,TAS,Homo sapiens
2090,Nirmatrelvir,155903259,CHEBI:170007,R-HSA-9678108,SARS-CoV-1 Infection,TAS,Homo sapiens
2090,Nirmatrelvir,155903259,CHEBI:170007,R-HSA-9679504,Translation of Replicase and Assembly of the Replication Transcription Complex,TAS,Homo sapiens
2090,Nirmatrelvir,155903259,CHEBI:170007,R-HSA-9679506,SARS-CoV Infections,TAS,Homo sapiens
2090,Nirmatrelvir,155903259,CHEBI:170007,R-HSA-9684325,Maturation of replicase proteins,TAS,Homo sapiens
2090,Nirmatrelvir,155903259,CHEBI:170007,R-HSA-9694301,Maturation of replicase proteins,TAS,Homo sapiens
2090,Nirmatrelvir,155903259,CHEBI:170007,R-HSA-9694516,SARS-CoV-2 Infection,TAS,Homo sapiens
2090,Nirmatrelvir,155903259,CHEBI:170007,R-HSA-9694676,Translation of Replicase and Assembly of the Replication Transcription Complex,TAS,Homo sapiens
2090,Nirmatrelvir,155903259,CHEBI:170007,R-HSA-9772572,Early SARS-CoV-2 Infection Events,TAS,Homo sapiens
2090,Nirmatrelvir,155903259,CHEBI:170007,R-HSA-9824446,Viral Infection Pathways,TAS,Homo sapiens
2092,Nisoldipine,4499,CHEBI:76917,R-HSA-397014,Muscle contraction,TAS,Homo sapiens
2092,Nisoldipine,4499,CHEBI:76917,R-HSA-5576891,Cardiac conduction,TAS,Homo sapiens
2092,Nisoldipine,4499,CHEBI:76917,R-HSA-5576892,Phase 0 - rapid depolarisation,TAS,Homo sapiens
2092,Nisoldipine,4499,CHEBI:76917,R-HSA-5576893,Phase 2 - plateau phase,TAS,Homo sapiens
2095,Nitrendipine,4507,CHEBI:7582,R-HSA-397014,Muscle contraction,TAS,Homo sapiens
2095,Nitrendipine,4507,CHEBI:7582,R-HSA-5576891,Cardiac conduction,TAS,Homo sapiens
2095,Nitrendipine,4507,CHEBI:7582,R-HSA-5576892,Phase 0 - rapid depolarisation,TAS,Homo sapiens
2095,Nitrendipine,4507,CHEBI:7582,R-HSA-5576893,Phase 2 - plateau phase,TAS,Homo sapiens
2096,Nitric Oxide,145068,CHEBI:16480,R-HSA-109582,Hemostasis,IEA,Homo sapiens
2096,Nitric Oxide,145068,CHEBI:16480,R-HSA-109582,Hemostasis,TAS,Homo sapiens
2096,Nitric Oxide,145068,CHEBI:16480,R-HSA-1222499,Latent infection - Other responses of Mtb to phagocytosis,TAS,Homo sapiens
2096,Nitric Oxide,145068,CHEBI:16480,R-HSA-1222538,Tolerance by Mtb to nitric oxide produced by macrophages,TAS,Homo sapiens
2096,Nitric Oxide,145068,CHEBI:16480,R-HSA-1222556,ROS and RNS production in phagocytes,TAS,Homo sapiens
2096,Nitric Oxide,145068,CHEBI:16480,R-HSA-1428517,Aerobic respiration and respiratory electron transport,TAS,Homo sapiens
2096,Nitric Oxide,145068,CHEBI:16480,R-HSA-1430728,Metabolism,TAS,Homo sapiens
2096,Nitric Oxide,145068,CHEBI:16480,R-HSA-162582,Signal Transduction,TAS,Homo sapiens
2096,Nitric Oxide,145068,CHEBI:16480,R-HSA-1630316,Glycosaminoglycan metabolism,TAS,Homo sapiens
2096,Nitric Oxide,145068,CHEBI:16480,R-HSA-1643685,Disease,TAS,Homo sapiens
2096,Nitric Oxide,145068,CHEBI:16480,R-HSA-168249,Innate Immune System,TAS,Homo sapiens
2096,Nitric Oxide,145068,CHEBI:16480,R-HSA-168256,Immune System,TAS,Homo sapiens
2096,Nitric Oxide,145068,CHEBI:16480,R-HSA-194138,Signaling by VEGF,TAS,Homo sapiens
2096,Nitric Oxide,145068,CHEBI:16480,R-HSA-202131,Metabolism of nitric oxide: NOS3 activation and regulation,TAS,Homo sapiens
2096,Nitric Oxide,145068,CHEBI:16480,R-HSA-203615,eNOS activation,TAS,Homo sapiens
2096,Nitric Oxide,145068,CHEBI:16480,R-HSA-2142845,Hyaluronan metabolism,TAS,Homo sapiens
2096,Nitric Oxide,145068,CHEBI:16480,R-HSA-2160916,Hyaluronan degradation,TAS,Homo sapiens
2096,Nitric Oxide,145068,CHEBI:16480,R-HSA-2262752,Cellular responses to stress,TAS,Homo sapiens
2096,Nitric Oxide,145068,CHEBI:16480,R-HSA-3299685,Detoxification of Reactive Oxygen Species,TAS,Homo sapiens
2096,Nitric Oxide,145068,CHEBI:16480,R-HSA-392154,Nitric oxide stimulates guanylate cyclase,IEA,Homo sapiens
2096,Nitric Oxide,145068,CHEBI:16480,R-HSA-392154,Nitric oxide stimulates guanylate cyclase,TAS,Homo sapiens
2096,Nitric Oxide,145068,CHEBI:16480,R-HSA-397014,Muscle contraction,IEA,Homo sapiens
2096,Nitric Oxide,145068,CHEBI:16480,R-HSA-397014,Muscle contraction,TAS,Homo sapiens
2096,Nitric Oxide,145068,CHEBI:16480,R-HSA-418346,Platelet homeostasis,IEA,Homo sapiens
2096,Nitric Oxide,145068,CHEBI:16480,R-HSA-418346,Platelet homeostasis,TAS,Homo sapiens
2096,Nitric Oxide,145068,CHEBI:16480,R-HSA-4420097,VEGFA-VEGFR2 Pathway,TAS,Homo sapiens
2096,Nitric Oxide,145068,CHEBI:16480,R-HSA-445355,Smooth Muscle Contraction,IEA,Homo sapiens
2096,Nitric Oxide,145068,CHEBI:16480,R-HSA-445355,Smooth Muscle Contraction,TAS,Homo sapiens
2096,Nitric Oxide,145068,CHEBI:16480,R-HSA-5218920,VEGFR2 mediated vascular permeability,TAS,Homo sapiens
2096,Nitric Oxide,145068,CHEBI:16480,R-HSA-5663205,Infectious disease,TAS,Homo sapiens
2096,Nitric Oxide,145068,CHEBI:16480,R-HSA-70268,Pyruvate metabolism,TAS,Homo sapiens
2096,Nitric Oxide,145068,CHEBI:16480,R-HSA-71387,Metabolism of carbohydrates and carbohydrate derivatives,TAS,Homo sapiens
2096,Nitric Oxide,145068,CHEBI:16480,R-HSA-71403,Citric acid cycle (TCA cycle),TAS,Homo sapiens
2096,Nitric Oxide,145068,CHEBI:16480,R-HSA-8939211,ESR-mediated signaling,TAS,Homo sapiens
2096,Nitric Oxide,145068,CHEBI:16480,R-HSA-8953897,Cellular responses to stimuli,TAS,Homo sapiens
2096,Nitric Oxide,145068,CHEBI:16480,R-HSA-9006931,Signaling by Nuclear Receptors,TAS,Homo sapiens
2096,Nitric Oxide,145068,CHEBI:16480,R-HSA-9006934,Signaling by Receptor Tyrosine Kinases,TAS,Homo sapiens
2096,Nitric Oxide,145068,CHEBI:16480,R-HSA-9009391,Extra-nuclear estrogen signaling,TAS,Homo sapiens
2096,Nitric Oxide,145068,CHEBI:16480,R-HSA-9635486,Infection with Mycobacterium tuberculosis,TAS,Homo sapiens
2096,Nitric Oxide,145068,CHEBI:16480,R-HSA-9707564,Cytoprotection by HMOX1,TAS,Homo sapiens
2096,Nitric Oxide,145068,CHEBI:16480,R-HSA-9711123,Cellular response to chemical stress,TAS,Homo sapiens
2096,Nitric Oxide,145068,CHEBI:16480,R-HSA-9824439,Bacterial Infection Pathways,TAS,Homo sapiens
2096,Nitric Oxide,145068,CHEBI:16480,R-HSA-9854311,Maturation of TCA enzymes and regulation of TCA cycle,TAS,Homo sapiens
2097,Nitrite,946,CHEBI:16301,R-HSA-1222499,Latent infection - Other responses of Mtb to phagocytosis,TAS,Homo sapiens
2097,Nitrite,946,CHEBI:16301,R-HSA-1222538,Tolerance by Mtb to nitric oxide produced by macrophages,TAS,Homo sapiens
2097,Nitrite,946,CHEBI:16301,R-HSA-1222556,ROS and RNS production in phagocytes,TAS,Homo sapiens
2097,Nitrite,946,CHEBI:16301,R-HSA-1643685,Disease,TAS,Homo sapiens
2097,Nitrite,946,CHEBI:16301,R-HSA-168249,Innate Immune System,TAS,Homo sapiens
2097,Nitrite,946,CHEBI:16301,R-HSA-168256,Immune System,TAS,Homo sapiens
2097,Nitrite,946,CHEBI:16301,R-HSA-2262752,Cellular responses to stress,TAS,Homo sapiens
2097,Nitrite,946,CHEBI:16301,R-HSA-3299685,Detoxification of Reactive Oxygen Species,TAS,Homo sapiens
2097,Nitrite,946,CHEBI:16301,R-HSA-5663205,Infectious disease,TAS,Homo sapiens
2097,Nitrite,946,CHEBI:16301,R-HSA-8941413,Events associated with phagocytolytic activity of PMN cells,TAS,Homo sapiens
2097,Nitrite,946,CHEBI:16301,R-HSA-8953897,Cellular responses to stimuli,TAS,Homo sapiens
2097,Nitrite,946,CHEBI:16301,R-HSA-9635486,Infection with Mycobacterium tuberculosis,TAS,Homo sapiens
2097,Nitrite,946,CHEBI:16301,R-HSA-9711123,Cellular response to chemical stress,TAS,Homo sapiens
2097,Nitrite,946,CHEBI:16301,R-HSA-9824439,Bacterial Infection Pathways,TAS,Homo sapiens
2100,Nitroglycerin,4510,CHEBI:28787,R-HSA-397014,Muscle contraction,TAS,Homo sapiens
2100,Nitroglycerin,4510,CHEBI:28787,R-HSA-445355,Smooth Muscle Contraction,TAS,Homo sapiens
2115,Norethisterone,6230,CHEBI:7627,R-HSA-2262752,Cellular responses to stress,TAS,Homo sapiens
2115,Norethisterone,6230,CHEBI:7627,R-HSA-3371497,HSP90 chaperone cycle for steroid hormone receptors (SHR) in the presence of ligand,TAS,Homo sapiens
2115,Norethisterone,6230,CHEBI:7627,R-HSA-8953897,Cellular responses to stimuli,TAS,Homo sapiens
2122,Nortriptyline,4543,CHEBI:7640,R-HSA-112311,Neurotransmitter clearance,TAS,Homo sapiens
2122,Nortriptyline,4543,CHEBI:7640,R-HSA-112315,Transmission across Chemical Synapses,TAS,Homo sapiens
2122,Nortriptyline,4543,CHEBI:7640,R-HSA-112316,Neuronal System,TAS,Homo sapiens
2122,Nortriptyline,4543,CHEBI:7640,R-HSA-380615,Serotonin clearance from the synaptic cleft,TAS,Homo sapiens
2123,Noscapine,275196,CHEBI:73237,R-HSA-162582,Signal Transduction,TAS,Homo sapiens
2123,Noscapine,275196,CHEBI:73237,R-HSA-372790,Signaling by GPCR,TAS,Homo sapiens
2123,Noscapine,275196,CHEBI:73237,R-HSA-388396,GPCR downstream signalling,TAS,Homo sapiens
2123,Noscapine,275196,CHEBI:73237,R-HSA-418594,G alpha (i) signalling events,TAS,Homo sapiens
2123,Noscapine,275196,CHEBI:73237,R-HSA-420499,Class C/3 (Metabotropic glutamate/pheromone receptors),TAS,Homo sapiens
2123,Noscapine,275196,CHEBI:73237,R-HSA-500792,GPCR ligand binding,TAS,Homo sapiens
2123,Noscapine,275196,CHEBI:73237,R-HSA-9709957,Sensory Perception,IEA,Homo sapiens
2123,Noscapine,275196,CHEBI:73237,R-HSA-9709957,Sensory Perception,TAS,Homo sapiens
2123,Noscapine,275196,CHEBI:73237,R-HSA-9717189,Sensory perception of taste,IEA,Homo sapiens
2123,Noscapine,275196,CHEBI:73237,R-HSA-9717189,Sensory perception of taste,TAS,Homo sapiens
2123,Noscapine,275196,CHEBI:73237,R-HSA-9717207,"Sensory perception of sweet, bitter, and umami (glutamate) taste",IEA,Homo sapiens
2123,Noscapine,275196,CHEBI:73237,R-HSA-9717207,"Sensory perception of sweet, bitter, and umami (glutamate) taste",TAS,Homo sapiens
2138,Olanzapine,135398745,CHEBI:7735,R-HSA-162582,Signal Transduction,TAS,Homo sapiens
2138,Olanzapine,135398745,CHEBI:7735,R-HSA-372790,Signaling by GPCR,TAS,Homo sapiens
2138,Olanzapine,135398745,CHEBI:7735,R-HSA-373076,Class A/1 (Rhodopsin-like receptors),TAS,Homo sapiens
2138,Olanzapine,135398745,CHEBI:7735,R-HSA-375280,Amine ligand-binding receptors,TAS,Homo sapiens
2138,Olanzapine,135398745,CHEBI:7735,R-HSA-390650,Histamine receptors,TAS,Homo sapiens
2138,Olanzapine,135398745,CHEBI:7735,R-HSA-390651,Dopamine receptors,TAS,Homo sapiens
2138,Olanzapine,135398745,CHEBI:7735,R-HSA-390666,Serotonin receptors,TAS,Homo sapiens
2138,Olanzapine,135398745,CHEBI:7735,R-HSA-500792,GPCR ligand binding,TAS,Homo sapiens
2143,Olmesartan,158781,CHEBI:48416,R-HSA-1430728,Metabolism,TAS,Homo sapiens
2143,Olmesartan,158781,CHEBI:48416,R-HSA-162582,Signal Transduction,TAS,Homo sapiens
2143,Olmesartan,158781,CHEBI:48416,R-HSA-211859,Biological oxidations,TAS,Homo sapiens
2143,Olmesartan,158781,CHEBI:48416,R-HSA-211945,Phase I - Functionalization of compounds,TAS,Homo sapiens
2143,Olmesartan,158781,CHEBI:48416,R-HSA-372790,Signaling by GPCR,TAS,Homo sapiens
2143,Olmesartan,158781,CHEBI:48416,R-HSA-373076,Class A/1 (Rhodopsin-like receptors),TAS,Homo sapiens
2143,Olmesartan,158781,CHEBI:48416,R-HSA-375276,Peptide ligand-binding receptors,TAS,Homo sapiens
2143,Olmesartan,158781,CHEBI:48416,R-HSA-500792,GPCR ligand binding,TAS,Homo sapiens
2147,Olsalazine,22419,CHEBI:7770,R-HSA-1430728,Metabolism,TAS,Homo sapiens
2147,Olsalazine,22419,CHEBI:7770,R-HSA-2142691,Synthesis of Leukotrienes (LT) and Eoxins (EX),TAS,Homo sapiens
2147,Olsalazine,22419,CHEBI:7770,R-HSA-2142753,Arachidonate metabolism,TAS,Homo sapiens
2147,Olsalazine,22419,CHEBI:7770,R-HSA-556833,Metabolism of lipids,TAS,Homo sapiens
2147,Olsalazine,22419,CHEBI:7770,R-HSA-8978868,Fatty acid metabolism,TAS,Homo sapiens
2153,Omarigliptin,46209133,CHEBI:134735,R-HSA-2980736,Peptide hormone metabolism,TAS,Homo sapiens
2153,Omarigliptin,46209133,CHEBI:134735,R-HSA-381771,"Synthesis, secretion, and inactivation of Glucagon-like Peptide-1 (GLP-1)",TAS,Homo sapiens
2153,Omarigliptin,46209133,CHEBI:134735,R-HSA-392499,Metabolism of proteins,TAS,Homo sapiens
2153,Omarigliptin,46209133,CHEBI:134735,R-HSA-400508,"Incretin synthesis, secretion, and inactivation",TAS,Homo sapiens
2157,Ondansetron,4595,CHEBI:7773,R-HSA-112314,Neurotransmitter receptors and postsynaptic signal transmission,TAS,Homo sapiens
2157,Ondansetron,4595,CHEBI:7773,R-HSA-112315,Transmission across Chemical Synapses,TAS,Homo sapiens
2157,Ondansetron,4595,CHEBI:7773,R-HSA-112316,Neuronal System,TAS,Homo sapiens
2159,Opicapone,135565903,CHEBI:134699,R-HSA-112311,Neurotransmitter clearance,TAS,Homo sapiens
2159,Opicapone,135565903,CHEBI:134699,R-HSA-112315,Transmission across Chemical Synapses,TAS,Homo sapiens
2159,Opicapone,135565903,CHEBI:134699,R-HSA-112316,Neuronal System,TAS,Homo sapiens
2159,Opicapone,135565903,CHEBI:134699,R-HSA-1643685,Disease,TAS,Homo sapiens
2159,Opicapone,135565903,CHEBI:134699,R-HSA-379397,Enzymatic degradation of dopamine by COMT,TAS,Homo sapiens
2159,Opicapone,135565903,CHEBI:134699,R-HSA-379401,Dopamine clearance from the synaptic cleft,TAS,Homo sapiens
2159,Opicapone,135565903,CHEBI:134699,R-HSA-5663205,Infectious disease,TAS,Homo sapiens
2159,Opicapone,135565903,CHEBI:134699,R-HSA-9679191,Potential therapeutics for SARS,TAS,Homo sapiens
2159,Opicapone,135565903,CHEBI:134699,R-HSA-9679506,SARS-CoV Infections,TAS,Homo sapiens
2159,Opicapone,135565903,CHEBI:134699,R-HSA-9824446,Viral Infection Pathways,TAS,Homo sapiens
2167,Orphenadrine,4601,CHEBI:7789,R-HSA-9709957,Sensory Perception,IEA,Homo sapiens
2167,Orphenadrine,4601,CHEBI:7789,R-HSA-9709957,Sensory Perception,TAS,Homo sapiens
2167,Orphenadrine,4601,CHEBI:7789,R-HSA-9717189,Sensory perception of taste,IEA,Homo sapiens
2167,Orphenadrine,4601,CHEBI:7789,R-HSA-9717189,Sensory perception of taste,TAS,Homo sapiens
2167,Orphenadrine,4601,CHEBI:7789,R-HSA-9717207,"Sensory perception of sweet, bitter, and umami (glutamate) taste",IEA,Homo sapiens
2167,Orphenadrine,4601,CHEBI:7789,R-HSA-9717207,"Sensory perception of sweet, bitter, and umami (glutamate) taste",TAS,Homo sapiens
2172,Osimertinib,71496458,CHEBI:90943,R-HSA-1227990,Signaling by ERBB2 in Cancer,TAS,Homo sapiens
2172,Osimertinib,71496458,CHEBI:90943,R-HSA-1643685,Disease,TAS,Homo sapiens
2172,Osimertinib,71496458,CHEBI:90943,R-HSA-5663202,Diseases of signal transduction by growth factor receptors and second messengers,TAS,Homo sapiens
2172,Osimertinib,71496458,CHEBI:90943,R-HSA-9664565,Signaling by ERBB2 KD Mutants,TAS,Homo sapiens
2172,Osimertinib,71496458,CHEBI:90943,R-HSA-9665230,Drug resistance in ERBB2 KD mutants,TAS,Homo sapiens
2172,Osimertinib,71496458,CHEBI:90943,R-HSA-9665247,Resistance of ERBB2 KD mutants to osimertinib,TAS,Homo sapiens
2177,Ouabain,439501,CHEBI:472805,R-HSA-1643685,Disease,TAS,Homo sapiens
2177,Ouabain,439501,CHEBI:472805,R-HSA-382551,Transport of small molecules,TAS,Homo sapiens
2177,Ouabain,439501,CHEBI:472805,R-HSA-397014,Muscle contraction,TAS,Homo sapiens
2177,Ouabain,439501,CHEBI:472805,R-HSA-5576891,Cardiac conduction,TAS,Homo sapiens
2177,Ouabain,439501,CHEBI:472805,R-HSA-5578775,Ion homeostasis,TAS,Homo sapiens
2177,Ouabain,439501,CHEBI:472805,R-HSA-5663205,Infectious disease,TAS,Homo sapiens
2177,Ouabain,439501,CHEBI:472805,R-HSA-936837,Ion transport by P-type ATPases,TAS,Homo sapiens
2177,Ouabain,439501,CHEBI:472805,R-HSA-9679191,Potential therapeutics for SARS,TAS,Homo sapiens
2177,Ouabain,439501,CHEBI:472805,R-HSA-9679506,SARS-CoV Infections,TAS,Homo sapiens
2177,Ouabain,439501,CHEBI:472805,R-HSA-9824446,Viral Infection Pathways,TAS,Homo sapiens
2177,Ouabain,439501,CHEBI:472805,R-HSA-983712,Ion channel transport,TAS,Homo sapiens
2182,Oxandrolone,5878,CHEBI:7820,R-HSA-2262752,Cellular responses to stress,TAS,Homo sapiens
2182,Oxandrolone,5878,CHEBI:7820,R-HSA-3371497,HSP90 chaperone cycle for steroid hormone receptors (SHR) in the presence of ligand,TAS,Homo sapiens
2182,Oxandrolone,5878,CHEBI:7820,R-HSA-8953897,Cellular responses to stimuli,TAS,Homo sapiens
2184,Oxaprozin,4614,CHEBI:7822,R-HSA-1430728,Metabolism,TAS,Homo sapiens
2184,Oxaprozin,4614,CHEBI:7822,R-HSA-2142753,Arachidonate metabolism,TAS,Homo sapiens
2184,Oxaprozin,4614,CHEBI:7822,R-HSA-2162123,Synthesis of Prostaglandins (PG) and Thromboxanes (TX),TAS,Homo sapiens
2184,Oxaprozin,4614,CHEBI:7822,R-HSA-556833,Metabolism of lipids,TAS,Homo sapiens
2184,Oxaprozin,4614,CHEBI:7822,R-HSA-8978868,Fatty acid metabolism,TAS,Homo sapiens
2198,Oxybutynin,4634,CHEBI:7856,R-HSA-162582,Signal Transduction,TAS,Homo sapiens
2198,Oxybutynin,4634,CHEBI:7856,R-HSA-372790,Signaling by GPCR,TAS,Homo sapiens
2198,Oxybutynin,4634,CHEBI:7856,R-HSA-373076,Class A/1 (Rhodopsin-like receptors),TAS,Homo sapiens
2198,Oxybutynin,4634,CHEBI:7856,R-HSA-375280,Amine ligand-binding receptors,TAS,Homo sapiens
2198,Oxybutynin,4634,CHEBI:7856,R-HSA-390648,Muscarinic acetylcholine receptors,TAS,Homo sapiens
2198,Oxybutynin,4634,CHEBI:7856,R-HSA-500792,GPCR ligand binding,TAS,Homo sapiens
2201,Oxymetazoline,4636,CHEBI:7862,R-HSA-162582,Signal Transduction,TAS,Homo sapiens
2201,Oxymetazoline,4636,CHEBI:7862,R-HSA-372790,Signaling by GPCR,TAS,Homo sapiens
2201,Oxymetazoline,4636,CHEBI:7862,R-HSA-373076,Class A/1 (Rhodopsin-like receptors),TAS,Homo sapiens
2201,Oxymetazoline,4636,CHEBI:7862,R-HSA-375280,Amine ligand-binding receptors,TAS,Homo sapiens
2201,Oxymetazoline,4636,CHEBI:7862,R-HSA-390696,Adrenoceptors,TAS,Homo sapiens
2201,Oxymetazoline,4636,CHEBI:7862,R-HSA-500792,GPCR ligand binding,TAS,Homo sapiens
2202,Oxymetholone,5281034,CHEBI:7864,R-HSA-2262752,Cellular responses to stress,TAS,Homo sapiens
2202,Oxymetholone,5281034,CHEBI:7864,R-HSA-3371497,HSP90 chaperone cycle for steroid hormone receptors (SHR) in the presence of ligand,TAS,Homo sapiens
2202,Oxymetholone,5281034,CHEBI:7864,R-HSA-8953897,Cellular responses to stimuli,TAS,Homo sapiens
2209,Oxyphenonium,5749,CHEBI:94329,R-HSA-162582,Signal Transduction,TAS,Homo sapiens
2209,Oxyphenonium,5749,CHEBI:94329,R-HSA-372790,Signaling by GPCR,TAS,Homo sapiens
2209,Oxyphenonium,5749,CHEBI:94329,R-HSA-373076,Class A/1 (Rhodopsin-like receptors),TAS,Homo sapiens
2209,Oxyphenonium,5749,CHEBI:94329,R-HSA-375280,Amine ligand-binding receptors,TAS,Homo sapiens
2209,Oxyphenonium,5749,CHEBI:94329,R-HSA-390648,Muscarinic acetylcholine receptors,TAS,Homo sapiens
2209,Oxyphenonium,5749,CHEBI:94329,R-HSA-500792,GPCR ligand binding,TAS,Homo sapiens
2211,Ozanimod,52938427,CHEBI:234516,R-HSA-162582,Signal Transduction,TAS,Homo sapiens
2211,Ozanimod,52938427,CHEBI:234516,R-HSA-1643685,Disease,TAS,Homo sapiens
2211,Ozanimod,52938427,CHEBI:234516,R-HSA-372790,Signaling by GPCR,TAS,Homo sapiens
2211,Ozanimod,52938427,CHEBI:234516,R-HSA-373076,Class A/1 (Rhodopsin-like receptors),TAS,Homo sapiens
2211,Ozanimod,52938427,CHEBI:234516,R-HSA-419408,Lysosphingolipid and LPA receptors,TAS,Homo sapiens
2211,Ozanimod,52938427,CHEBI:234516,R-HSA-500792,GPCR ligand binding,TAS,Homo sapiens
2211,Ozanimod,52938427,CHEBI:234516,R-HSA-5663205,Infectious disease,TAS,Homo sapiens
2211,Ozanimod,52938427,CHEBI:234516,R-HSA-9679191,Potential therapeutics for SARS,TAS,Homo sapiens
2211,Ozanimod,52938427,CHEBI:234516,R-HSA-9679506,SARS-CoV Infections,TAS,Homo sapiens
2211,Ozanimod,52938427,CHEBI:234516,R-HSA-9824446,Viral Infection Pathways,TAS,Homo sapiens
2215,Paclitaxel,36314,CHEBI:45863,R-HSA-1430728,Metabolism,TAS,Homo sapiens
2215,Paclitaxel,36314,CHEBI:45863,R-HSA-211859,Biological oxidations,TAS,Homo sapiens
2215,Paclitaxel,36314,CHEBI:45863,R-HSA-211897,Cytochrome P450 - arranged by substrate type,TAS,Homo sapiens
2215,Paclitaxel,36314,CHEBI:45863,R-HSA-211945,Phase I - Functionalization of compounds,TAS,Homo sapiens
2215,Paclitaxel,36314,CHEBI:45863,R-HSA-211981,Xenobiotics,TAS,Homo sapiens
2215,Paclitaxel,36314,CHEBI:45863,R-HSA-382551,Transport of small molecules,TAS,Homo sapiens
2215,Paclitaxel,36314,CHEBI:45863,R-HSA-382556,ABC-family protein mediated transport,TAS,Homo sapiens
2215,Paclitaxel,36314,CHEBI:45863,R-HSA-9748784,Drug ADME,TAS,Homo sapiens
2215,Paclitaxel,36314,CHEBI:45863,R-HSA-9757110,Prednisone ADME,TAS,Homo sapiens
2219,Palbociclib,5330286,CHEBI:85993,R-HSA-1640170,Cell Cycle,TAS,Homo sapiens
2219,Palbociclib,5330286,CHEBI:85993,R-HSA-453279,Mitotic G1 phase and G1/S transition,TAS,Homo sapiens
2219,Palbociclib,5330286,CHEBI:85993,R-HSA-69231,Cyclin D associated events in G1,TAS,Homo sapiens
2219,Palbociclib,5330286,CHEBI:85993,R-HSA-69236,G1 Phase,TAS,Homo sapiens
2219,Palbociclib,5330286,CHEBI:85993,R-HSA-69278,"Cell Cycle, Mitotic",TAS,Homo sapiens
2219,Palbociclib,5330286,CHEBI:85993,R-HSA-9754119,Drug-mediated inhibition of CDK4/CDK6 activity,TAS,Homo sapiens
2222,Palmidrol,4671,CHEBI:71464,R-HSA-112310,Neurotransmitter release cycle,TAS,Homo sapiens
2222,Palmidrol,4671,CHEBI:71464,R-HSA-112315,Transmission across Chemical Synapses,TAS,Homo sapiens
2222,Palmidrol,4671,CHEBI:71464,R-HSA-112316,Neuronal System,TAS,Homo sapiens
2223,Palonosetron,6337614,CHEBI:85161,R-HSA-112314,Neurotransmitter receptors and postsynaptic signal transmission,TAS,Homo sapiens
2223,Palonosetron,6337614,CHEBI:85161,R-HSA-112315,Transmission across Chemical Synapses,TAS,Homo sapiens
2223,Palonosetron,6337614,CHEBI:85161,R-HSA-112316,Neuronal System,TAS,Homo sapiens
2225,Pamidronic acid,4674,CHEBI:7903,R-HSA-1430728,Metabolism,TAS,Homo sapiens
2225,Pamidronic acid,4674,CHEBI:7903,R-HSA-191273,Cholesterol biosynthesis,TAS,Homo sapiens
2225,Pamidronic acid,4674,CHEBI:7903,R-HSA-556833,Metabolism of lipids,TAS,Homo sapiens
2225,Pamidronic acid,4674,CHEBI:7903,R-HSA-8957322,Metabolism of steroids,TAS,Homo sapiens
2225,Pamidronic acid,4674,CHEBI:7903,R-HSA-9969896,Lanosterol biosynthesis,TAS,Homo sapiens
2227,Panobinostat,6918837,CHEBI:85990,R-HSA-1643685,Disease,TAS,Homo sapiens
2227,Panobinostat,6918837,CHEBI:85990,R-HSA-3214815,HDACs deacetylate histones,TAS,Homo sapiens
2227,Panobinostat,6918837,CHEBI:85990,R-HSA-3247509,Chromatin modifying enzymes,TAS,Homo sapiens
2227,Panobinostat,6918837,CHEBI:85990,R-HSA-4839726,Chromatin organization,TAS,Homo sapiens
2227,Panobinostat,6918837,CHEBI:85990,R-HSA-5663205,Infectious disease,TAS,Homo sapiens
2227,Panobinostat,6918837,CHEBI:85990,R-HSA-9679191,Potential therapeutics for SARS,TAS,Homo sapiens
2227,Panobinostat,6918837,CHEBI:85990,R-HSA-9679506,SARS-CoV Infections,TAS,Homo sapiens
2227,Panobinostat,6918837,CHEBI:85990,R-HSA-9824446,Viral Infection Pathways,TAS,Homo sapiens
2228,Pantoprazole,4679,CHEBI:7915,R-HSA-382551,Transport of small molecules,TAS,Homo sapiens
2228,Pantoprazole,4679,CHEBI:7915,R-HSA-936837,Ion transport by P-type ATPases,TAS,Homo sapiens
2228,Pantoprazole,4679,CHEBI:7915,R-HSA-983712,Ion channel transport,TAS,Homo sapiens
2230,Papaverine,4680,CHEBI:28241,R-HSA-162582,Signal Transduction,TAS,Homo sapiens
2230,Papaverine,4680,CHEBI:28241,R-HSA-372790,Signaling by GPCR,TAS,Homo sapiens
2230,Papaverine,4680,CHEBI:28241,R-HSA-388396,GPCR downstream signalling,TAS,Homo sapiens
2230,Papaverine,4680,CHEBI:28241,R-HSA-418594,G alpha (i) signalling events,TAS,Homo sapiens
2230,Papaverine,4680,CHEBI:28241,R-HSA-420499,Class C/3 (Metabotropic glutamate/pheromone receptors),TAS,Homo sapiens
2230,Papaverine,4680,CHEBI:28241,R-HSA-500792,GPCR ligand binding,TAS,Homo sapiens
2230,Papaverine,4680,CHEBI:28241,R-HSA-9709957,Sensory Perception,IEA,Homo sapiens
2230,Papaverine,4680,CHEBI:28241,R-HSA-9709957,Sensory Perception,TAS,Homo sapiens
2230,Papaverine,4680,CHEBI:28241,R-HSA-9717189,Sensory perception of taste,IEA,Homo sapiens
2230,Papaverine,4680,CHEBI:28241,R-HSA-9717189,Sensory perception of taste,TAS,Homo sapiens
2230,Papaverine,4680,CHEBI:28241,R-HSA-9717207,"Sensory perception of sweet, bitter, and umami (glutamate) taste",IEA,Homo sapiens
2230,Papaverine,4680,CHEBI:28241,R-HSA-9717207,"Sensory perception of sweet, bitter, and umami (glutamate) taste",TAS,Homo sapiens
2232,Paramethadione,8280,CHEBI:7921,R-HSA-397014,Muscle contraction,TAS,Homo sapiens
2232,Paramethadione,8280,CHEBI:7921,R-HSA-445355,Smooth Muscle Contraction,TAS,Homo sapiens
2237,Paricalcitol,5281104,CHEBI:7931,R-HSA-1430728,Metabolism,TAS,Homo sapiens
2237,Paricalcitol,5281104,CHEBI:7931,R-HSA-196791,Vitamin D (calciferol) metabolism,TAS,Homo sapiens
2237,Paricalcitol,5281104,CHEBI:7931,R-HSA-556833,Metabolism of lipids,TAS,Homo sapiens
2237,Paricalcitol,5281104,CHEBI:7931,R-HSA-8957322,Metabolism of steroids,TAS,Homo sapiens
2240,Paroxetine,43815,CHEBI:7936,R-HSA-112311,Neurotransmitter clearance,TAS,Homo sapiens
2240,Paroxetine,43815,CHEBI:7936,R-HSA-112315,Transmission across Chemical Synapses,TAS,Homo sapiens
2240,Paroxetine,43815,CHEBI:7936,R-HSA-112316,Neuronal System,TAS,Homo sapiens
2240,Paroxetine,43815,CHEBI:7936,R-HSA-380615,Serotonin clearance from the synaptic cleft,TAS,Homo sapiens
2244,Pazopanib,10113978,CHEBI:71219,R-HSA-1226099,Signaling by FGFR in disease,TAS,Homo sapiens
2244,Pazopanib,10113978,CHEBI:71219,R-HSA-162582,Signal Transduction,TAS,Homo sapiens
2244,Pazopanib,10113978,CHEBI:71219,R-HSA-1643685,Disease,TAS,Homo sapiens
2244,Pazopanib,10113978,CHEBI:71219,R-HSA-1839126,FGFR2 mutant receptor activation,TAS,Homo sapiens
2244,Pazopanib,10113978,CHEBI:71219,R-HSA-186797,Signaling by PDGF,TAS,Homo sapiens
2244,Pazopanib,10113978,CHEBI:71219,R-HSA-2023837,Signaling by FGFR2 amplification mutants,TAS,Homo sapiens
2244,Pazopanib,10113978,CHEBI:71219,R-HSA-2033519,Activated point mutants of FGFR2,TAS,Homo sapiens
2244,Pazopanib,10113978,CHEBI:71219,R-HSA-5213460,RIPK1-mediated regulated necrosis,TAS,Homo sapiens
2244,Pazopanib,10113978,CHEBI:71219,R-HSA-5218859,Regulated Necrosis,TAS,Homo sapiens
2244,Pazopanib,10113978,CHEBI:71219,R-HSA-5357801,Programmed Cell Death,TAS,Homo sapiens
2244,Pazopanib,10113978,CHEBI:71219,R-HSA-5655253,Signaling by FGFR2 in disease,TAS,Homo sapiens
2244,Pazopanib,10113978,CHEBI:71219,R-HSA-5663202,Diseases of signal transduction by growth factor receptors and second messengers,TAS,Homo sapiens
2244,Pazopanib,10113978,CHEBI:71219,R-HSA-5675482,Regulation of necroptotic cell death,TAS,Homo sapiens
2244,Pazopanib,10113978,CHEBI:71219,R-HSA-9006934,Signaling by Receptor Tyrosine Kinases,TAS,Homo sapiens
2244,Pazopanib,10113978,CHEBI:71219,R-HSA-9671555,Signaling by PDGFR in disease,TAS,Homo sapiens
2244,Pazopanib,10113978,CHEBI:71219,R-HSA-9674428,PDGFR mutants bind TKIs,TAS,Homo sapiens
2249,Pelitinib,6445562,CHEBI:38927,R-HSA-1236382,Constitutive Signaling by Ligand-Responsive EGFR Cancer Variants,TAS,Homo sapiens
2249,Pelitinib,6445562,CHEBI:38927,R-HSA-1643685,Disease,TAS,Homo sapiens
2249,Pelitinib,6445562,CHEBI:38927,R-HSA-1643713,Signaling by EGFR in Cancer,TAS,Homo sapiens
2249,Pelitinib,6445562,CHEBI:38927,R-HSA-5637815,Signaling by Ligand-Responsive EGFR Variants in Cancer,TAS,Homo sapiens
2249,Pelitinib,6445562,CHEBI:38927,R-HSA-5638302,Signaling by Overexpressed Wild-Type EGFR in Cancer,TAS,Homo sapiens
2249,Pelitinib,6445562,CHEBI:38927,R-HSA-5638303,Inhibition of Signaling by Overexpressed EGFR,TAS,Homo sapiens
2249,Pelitinib,6445562,CHEBI:38927,R-HSA-5663202,Diseases of signal transduction by growth factor receptors and second messengers,TAS,Homo sapiens
2271,Pentoxifylline,4740,CHEBI:7986,R-HSA-162582,Signal Transduction,TAS,Homo sapiens
2271,Pentoxifylline,4740,CHEBI:7986,R-HSA-372790,Signaling by GPCR,TAS,Homo sapiens
2271,Pentoxifylline,4740,CHEBI:7986,R-HSA-388396,GPCR downstream signalling,TAS,Homo sapiens
2271,Pentoxifylline,4740,CHEBI:7986,R-HSA-418555,G alpha (s) signalling events,TAS,Homo sapiens
2277,Pergolide,47811,CHEBI:63617,R-HSA-162582,Signal Transduction,TAS,Homo sapiens
2277,Pergolide,47811,CHEBI:63617,R-HSA-372790,Signaling by GPCR,TAS,Homo sapiens
2277,Pergolide,47811,CHEBI:63617,R-HSA-373076,Class A/1 (Rhodopsin-like receptors),TAS,Homo sapiens
2277,Pergolide,47811,CHEBI:63617,R-HSA-375280,Amine ligand-binding receptors,TAS,Homo sapiens
2277,Pergolide,47811,CHEBI:63617,R-HSA-390666,Serotonin receptors,TAS,Homo sapiens
2277,Pergolide,47811,CHEBI:63617,R-HSA-500792,GPCR ligand binding,TAS,Homo sapiens
2281,Perindopril,107807,CHEBI:8024,R-HSA-2022377,Metabolism of Angiotensinogen to Angiotensins,TAS,Homo sapiens
2281,Perindopril,107807,CHEBI:8024,R-HSA-2980736,Peptide hormone metabolism,TAS,Homo sapiens
2281,Perindopril,107807,CHEBI:8024,R-HSA-392499,Metabolism of proteins,TAS,Homo sapiens
2282,Perindoprilat,72022,CHEBI:132041,R-HSA-2022377,Metabolism of Angiotensinogen to Angiotensins,TAS,Homo sapiens
2282,Perindoprilat,72022,CHEBI:132041,R-HSA-2980736,Peptide hormone metabolism,TAS,Homo sapiens
2282,Perindoprilat,72022,CHEBI:132041,R-HSA-392499,Metabolism of proteins,TAS,Homo sapiens
2284,Perospirone,115368,CHEBI:94777,R-HSA-162582,Signal Transduction,TAS,Homo sapiens
2284,Perospirone,115368,CHEBI:94777,R-HSA-372790,Signaling by GPCR,TAS,Homo sapiens
2284,Perospirone,115368,CHEBI:94777,R-HSA-373076,Class A/1 (Rhodopsin-like receptors),TAS,Homo sapiens
2284,Perospirone,115368,CHEBI:94777,R-HSA-375280,Amine ligand-binding receptors,TAS,Homo sapiens
2284,Perospirone,115368,CHEBI:94777,R-HSA-390651,Dopamine receptors,TAS,Homo sapiens
2284,Perospirone,115368,CHEBI:94777,R-HSA-500792,GPCR ligand binding,TAS,Homo sapiens
2285,Perphenazine,4748,CHEBI:8028,R-HSA-162582,Signal Transduction,TAS,Homo sapiens
2285,Perphenazine,4748,CHEBI:8028,R-HSA-372790,Signaling by GPCR,TAS,Homo sapiens
2285,Perphenazine,4748,CHEBI:8028,R-HSA-373076,Class A/1 (Rhodopsin-like receptors),TAS,Homo sapiens
2285,Perphenazine,4748,CHEBI:8028,R-HSA-375280,Amine ligand-binding receptors,TAS,Homo sapiens
2285,Perphenazine,4748,CHEBI:8028,R-HSA-390650,Histamine receptors,TAS,Homo sapiens
2285,Perphenazine,4748,CHEBI:8028,R-HSA-390651,Dopamine receptors,TAS,Homo sapiens
2285,Perphenazine,4748,CHEBI:8028,R-HSA-500792,GPCR ligand binding,TAS,Homo sapiens
2288,Pexidartinib,25151352,CHEBI:145373,R-HSA-1280215,Cytokine Signaling in Immune system,TAS,Homo sapiens
2288,Pexidartinib,25151352,CHEBI:145373,R-HSA-1643685,Disease,TAS,Homo sapiens
2288,Pexidartinib,25151352,CHEBI:145373,R-HSA-168256,Immune System,TAS,Homo sapiens
2288,Pexidartinib,25151352,CHEBI:145373,R-HSA-5663202,Diseases of signal transduction by growth factor receptors and second messengers,TAS,Homo sapiens
2288,Pexidartinib,25151352,CHEBI:145373,R-HSA-9607240,FLT3 Signaling,TAS,Homo sapiens
2288,Pexidartinib,25151352,CHEBI:145373,R-HSA-9682385,FLT3 signaling in disease,TAS,Homo sapiens
2288,Pexidartinib,25151352,CHEBI:145373,R-HSA-9702506,Drug resistance of FLT3 mutants,TAS,Homo sapiens
2288,Pexidartinib,25151352,CHEBI:145373,R-HSA-9702509,FLT3 mutants bind TKIs,TAS,Homo sapiens
2288,Pexidartinib,25151352,CHEBI:145373,R-HSA-9702605,pexidartinib-resistant FLT3 mutants,TAS,Homo sapiens
2290,Phenacetin,4754,CHEBI:8050,R-HSA-1430728,Metabolism,TAS,Homo sapiens
2290,Phenacetin,4754,CHEBI:8050,R-HSA-211859,Biological oxidations,TAS,Homo sapiens
2290,Phenacetin,4754,CHEBI:8050,R-HSA-211945,Phase I - Functionalization of compounds,TAS,Homo sapiens
2296,Phenethyl Isothiocyanate,16741,CHEBI:351346,R-HSA-162582,Signal Transduction,TAS,Homo sapiens
2296,Phenethyl Isothiocyanate,16741,CHEBI:351346,R-HSA-372790,Signaling by GPCR,TAS,Homo sapiens
2296,Phenethyl Isothiocyanate,16741,CHEBI:351346,R-HSA-388396,GPCR downstream signalling,TAS,Homo sapiens
2296,Phenethyl Isothiocyanate,16741,CHEBI:351346,R-HSA-418594,G alpha (i) signalling events,TAS,Homo sapiens
2296,Phenethyl Isothiocyanate,16741,CHEBI:351346,R-HSA-420499,Class C/3 (Metabotropic glutamate/pheromone receptors),TAS,Homo sapiens
2296,Phenethyl Isothiocyanate,16741,CHEBI:351346,R-HSA-500792,GPCR ligand binding,TAS,Homo sapiens
2296,Phenethyl Isothiocyanate,16741,CHEBI:351346,R-HSA-9709957,Sensory Perception,IEA,Homo sapiens
2296,Phenethyl Isothiocyanate,16741,CHEBI:351346,R-HSA-9709957,Sensory Perception,TAS,Homo sapiens
2296,Phenethyl Isothiocyanate,16741,CHEBI:351346,R-HSA-9717189,Sensory perception of taste,IEA,Homo sapiens
2296,Phenethyl Isothiocyanate,16741,CHEBI:351346,R-HSA-9717189,Sensory perception of taste,TAS,Homo sapiens
2296,Phenethyl Isothiocyanate,16741,CHEBI:351346,R-HSA-9717207,"Sensory perception of sweet, bitter, and umami (glutamate) taste",IEA,Homo sapiens
2296,Phenethyl Isothiocyanate,16741,CHEBI:351346,R-HSA-9717207,"Sensory perception of sweet, bitter, and umami (glutamate) taste",TAS,Homo sapiens
2297,Phenethylamine,1001,CHEBI:18397,R-HSA-140179,Amine Oxidase reactions,TAS,Homo sapiens
2297,Phenethylamine,1001,CHEBI:18397,R-HSA-141333,Biogenic amines are oxidatively deaminated to aldehydes by MAOA and MAOB,TAS,Homo sapiens
2297,Phenethylamine,1001,CHEBI:18397,R-HSA-1430728,Metabolism,TAS,Homo sapiens
2297,Phenethylamine,1001,CHEBI:18397,R-HSA-162582,Signal Transduction,TAS,Homo sapiens
2297,Phenethylamine,1001,CHEBI:18397,R-HSA-211859,Biological oxidations,TAS,Homo sapiens
2297,Phenethylamine,1001,CHEBI:18397,R-HSA-211945,Phase I - Functionalization of compounds,TAS,Homo sapiens
2297,Phenethylamine,1001,CHEBI:18397,R-HSA-372790,Signaling by GPCR,TAS,Homo sapiens
2297,Phenethylamine,1001,CHEBI:18397,R-HSA-373076,Class A/1 (Rhodopsin-like receptors),TAS,Homo sapiens
2297,Phenethylamine,1001,CHEBI:18397,R-HSA-375280,Amine ligand-binding receptors,TAS,Homo sapiens
2297,Phenethylamine,1001,CHEBI:18397,R-HSA-388396,GPCR downstream signalling,TAS,Homo sapiens
2297,Phenethylamine,1001,CHEBI:18397,R-HSA-418555,G alpha (s) signalling events,TAS,Homo sapiens
2297,Phenethylamine,1001,CHEBI:18397,R-HSA-500792,GPCR ligand binding,TAS,Homo sapiens
2298,Pheneticillin,272833,CHEBI:52427,R-HSA-1643685,Disease,TAS,Homo sapiens
2298,Pheneticillin,272833,CHEBI:52427,R-HSA-5663205,Infectious disease,TAS,Homo sapiens
2298,Pheneticillin,272833,CHEBI:52427,R-HSA-9678108,SARS-CoV-1 Infection,TAS,Homo sapiens
2298,Pheneticillin,272833,CHEBI:52427,R-HSA-9678110,Attachment and Entry,TAS,Homo sapiens
2298,Pheneticillin,272833,CHEBI:52427,R-HSA-9679506,SARS-CoV Infections,TAS,Homo sapiens
2298,Pheneticillin,272833,CHEBI:52427,R-HSA-9824446,Viral Infection Pathways,TAS,Homo sapiens
2304,Phenindione,4760,CHEBI:8066,R-HSA-1430728,Metabolism,TAS,Homo sapiens
2304,Phenindione,4760,CHEBI:8066,R-HSA-196854,Metabolism of vitamins and cofactors,TAS,Homo sapiens
2304,Phenindione,4760,CHEBI:8066,R-HSA-6806664,Metabolism of vitamin K,TAS,Homo sapiens
2304,Phenindione,4760,CHEBI:8066,R-HSA-6806667,Metabolism of fat-soluble vitamins,TAS,Homo sapiens
2309,Phenol,996,CHEBI:15882,R-HSA-1430728,Metabolism,TAS,Homo sapiens
2309,Phenol,996,CHEBI:15882,R-HSA-156580,Phase II - Conjugation of compounds,TAS,Homo sapiens
2309,Phenol,996,CHEBI:15882,R-HSA-156584,Cytosolic sulfonation of small molecules,TAS,Homo sapiens
2309,Phenol,996,CHEBI:15882,R-HSA-156588,Glucuronidation,TAS,Homo sapiens
2309,Phenol,996,CHEBI:15882,R-HSA-211859,Biological oxidations,TAS,Homo sapiens
2309,Phenol,996,CHEBI:15882,R-HSA-211897,Cytochrome P450 - arranged by substrate type,TAS,Homo sapiens
2309,Phenol,996,CHEBI:15882,R-HSA-211945,Phase I - Functionalization of compounds,TAS,Homo sapiens
2309,Phenol,996,CHEBI:15882,R-HSA-211981,Xenobiotics,TAS,Homo sapiens
2309,Phenol,996,CHEBI:15882,R-HSA-211999,CYP2E1 reactions,TAS,Homo sapiens
2309,Phenol,996,CHEBI:15882,R-HSA-9748784,Drug ADME,TAS,Homo sapiens
2309,Phenol,996,CHEBI:15882,R-HSA-9749641,Aspirin ADME,TAS,Homo sapiens
2317,Phenprocoumon,54680692,CHEBI:50438,R-HSA-1430728,Metabolism,TAS,Homo sapiens
2317,Phenprocoumon,54680692,CHEBI:50438,R-HSA-196854,Metabolism of vitamins and cofactors,TAS,Homo sapiens
2317,Phenprocoumon,54680692,CHEBI:50438,R-HSA-6806664,Metabolism of vitamin K,TAS,Homo sapiens
2317,Phenprocoumon,54680692,CHEBI:50438,R-HSA-6806667,Metabolism of fat-soluble vitamins,TAS,Homo sapiens
2324,Phenylbutazone,4781,CHEBI:48574,R-HSA-1430728,Metabolism,TAS,Homo sapiens
2324,Phenylbutazone,4781,CHEBI:48574,R-HSA-2142753,Arachidonate metabolism,TAS,Homo sapiens
2324,Phenylbutazone,4781,CHEBI:48574,R-HSA-2162123,Synthesis of Prostaglandins (PG) and Thromboxanes (TX),TAS,Homo sapiens
2324,Phenylbutazone,4781,CHEBI:48574,R-HSA-556833,Metabolism of lipids,TAS,Homo sapiens
2324,Phenylbutazone,4781,CHEBI:48574,R-HSA-8978868,Fatty acid metabolism,TAS,Homo sapiens
2326,Phenylephrine,6041,CHEBI:8093,R-HSA-162582,Signal Transduction,TAS,Homo sapiens
2326,Phenylephrine,6041,CHEBI:8093,R-HSA-372790,Signaling by GPCR,TAS,Homo sapiens
2326,Phenylephrine,6041,CHEBI:8093,R-HSA-373076,Class A/1 (Rhodopsin-like receptors),TAS,Homo sapiens
2326,Phenylephrine,6041,CHEBI:8093,R-HSA-375280,Amine ligand-binding receptors,TAS,Homo sapiens
2326,Phenylephrine,6041,CHEBI:8093,R-HSA-390696,Adrenoceptors,TAS,Homo sapiens
2326,Phenylephrine,6041,CHEBI:8093,R-HSA-500792,GPCR ligand binding,TAS,Homo sapiens
2327,Phenytoin,1775,CHEBI:8107,R-HSA-1430728,Metabolism,TAS,Homo sapiens
2327,Phenytoin,1775,CHEBI:8107,R-HSA-211859,Biological oxidations,TAS,Homo sapiens
2327,Phenytoin,1775,CHEBI:8107,R-HSA-211897,Cytochrome P450 - arranged by substrate type,TAS,Homo sapiens
2327,Phenytoin,1775,CHEBI:8107,R-HSA-211945,Phase I - Functionalization of compounds,TAS,Homo sapiens
2327,Phenytoin,1775,CHEBI:8107,R-HSA-211981,Xenobiotics,TAS,Homo sapiens
2327,Phenytoin,1775,CHEBI:8107,R-HSA-397014,Muscle contraction,TAS,Homo sapiens
2327,Phenytoin,1775,CHEBI:8107,R-HSA-5576891,Cardiac conduction,TAS,Homo sapiens
2327,Phenytoin,1775,CHEBI:8107,R-HSA-5576892,Phase 0 - rapid depolarisation,TAS,Homo sapiens
2333,Physostigmine,5983,CHEBI:27953,R-HSA-112311,Neurotransmitter clearance,TAS,Homo sapiens
2333,Physostigmine,5983,CHEBI:27953,R-HSA-112315,Transmission across Chemical Synapses,TAS,Homo sapiens
2333,Physostigmine,5983,CHEBI:27953,R-HSA-112316,Neuronal System,TAS,Homo sapiens
2333,Physostigmine,5983,CHEBI:27953,R-HSA-1430728,Metabolism,TAS,Homo sapiens
2333,Physostigmine,5983,CHEBI:27953,R-HSA-1483191,Synthesis of PC,TAS,Homo sapiens
2333,Physostigmine,5983,CHEBI:27953,R-HSA-1483206,Glycerophospholipid biosynthesis,TAS,Homo sapiens
2333,Physostigmine,5983,CHEBI:27953,R-HSA-1483257,Phospholipid metabolism,TAS,Homo sapiens
2333,Physostigmine,5983,CHEBI:27953,R-HSA-556833,Metabolism of lipids,TAS,Homo sapiens
2336,Piclamilast,154575,CHEBI:47619,R-HSA-162582,Signal Transduction,TAS,Homo sapiens
2336,Piclamilast,154575,CHEBI:47619,R-HSA-372790,Signaling by GPCR,TAS,Homo sapiens
2336,Piclamilast,154575,CHEBI:47619,R-HSA-388396,GPCR downstream signalling,TAS,Homo sapiens
2336,Piclamilast,154575,CHEBI:47619,R-HSA-418555,G alpha (s) signalling events,TAS,Homo sapiens
2345,Pimozide,16362,CHEBI:8212,R-HSA-162582,Signal Transduction,TAS,Homo sapiens
2345,Pimozide,16362,CHEBI:8212,R-HSA-372790,Signaling by GPCR,TAS,Homo sapiens
2345,Pimozide,16362,CHEBI:8212,R-HSA-373076,Class A/1 (Rhodopsin-like receptors),TAS,Homo sapiens
2345,Pimozide,16362,CHEBI:8212,R-HSA-375280,Amine ligand-binding receptors,TAS,Homo sapiens
2345,Pimozide,16362,CHEBI:8212,R-HSA-390651,Dopamine receptors,TAS,Homo sapiens
2345,Pimozide,16362,CHEBI:8212,R-HSA-390666,Serotonin receptors,TAS,Homo sapiens
2345,Pimozide,16362,CHEBI:8212,R-HSA-500792,GPCR ligand binding,TAS,Homo sapiens
2349,Pindolol,4828,CHEBI:8214,R-HSA-162582,Signal Transduction,TAS,Homo sapiens
2349,Pindolol,4828,CHEBI:8214,R-HSA-372790,Signaling by GPCR,TAS,Homo sapiens
2349,Pindolol,4828,CHEBI:8214,R-HSA-373076,Class A/1 (Rhodopsin-like receptors),TAS,Homo sapiens
2349,Pindolol,4828,CHEBI:8214,R-HSA-375280,Amine ligand-binding receptors,TAS,Homo sapiens
2349,Pindolol,4828,CHEBI:8214,R-HSA-390666,Serotonin receptors,TAS,Homo sapiens
2349,Pindolol,4828,CHEBI:8214,R-HSA-390696,Adrenoceptors,TAS,Homo sapiens
2349,Pindolol,4828,CHEBI:8214,R-HSA-500792,GPCR ligand binding,TAS,Homo sapiens
2351,Pioglitazone,4829,CHEBI:8228,R-HSA-1266738,Developmental Biology,TAS,Homo sapiens
2351,Pioglitazone,4829,CHEBI:8228,R-HSA-381340,Transcriptional regulation of white adipocyte differentiation,TAS,Homo sapiens
2351,Pioglitazone,4829,CHEBI:8228,R-HSA-9843745,Adipogenesis,TAS,Homo sapiens
2366,Pirenzepine,4848,CHEBI:8247,R-HSA-162582,Signal Transduction,TAS,Homo sapiens
2366,Pirenzepine,4848,CHEBI:8247,R-HSA-372790,Signaling by GPCR,TAS,Homo sapiens
2366,Pirenzepine,4848,CHEBI:8247,R-HSA-373076,Class A/1 (Rhodopsin-like receptors),TAS,Homo sapiens
2366,Pirenzepine,4848,CHEBI:8247,R-HSA-375280,Amine ligand-binding receptors,TAS,Homo sapiens
2366,Pirenzepine,4848,CHEBI:8247,R-HSA-390648,Muscarinic acetylcholine receptors,TAS,Homo sapiens
2366,Pirenzepine,4848,CHEBI:8247,R-HSA-500792,GPCR ligand binding,TAS,Homo sapiens
2372,Pirlindole,68802,CHEBI:91755,R-HSA-112311,Neurotransmitter clearance,TAS,Homo sapiens
2372,Pirlindole,68802,CHEBI:91755,R-HSA-112315,Transmission across Chemical Synapses,TAS,Homo sapiens
2372,Pirlindole,68802,CHEBI:91755,R-HSA-112316,Neuronal System,TAS,Homo sapiens
2372,Pirlindole,68802,CHEBI:91755,R-HSA-140179,Amine Oxidase reactions,TAS,Homo sapiens
2372,Pirlindole,68802,CHEBI:91755,R-HSA-141333,Biogenic amines are oxidatively deaminated to aldehydes by MAOA and MAOB,TAS,Homo sapiens
2372,Pirlindole,68802,CHEBI:91755,R-HSA-1430728,Metabolism,TAS,Homo sapiens
2372,Pirlindole,68802,CHEBI:91755,R-HSA-211859,Biological oxidations,TAS,Homo sapiens
2372,Pirlindole,68802,CHEBI:91755,R-HSA-211945,Phase I - Functionalization of compounds,TAS,Homo sapiens
2372,Pirlindole,68802,CHEBI:91755,R-HSA-379401,Dopamine clearance from the synaptic cleft,TAS,Homo sapiens
2374,Piroxicam,54676228,CHEBI:8249,R-HSA-1430728,Metabolism,TAS,Homo sapiens
2374,Piroxicam,54676228,CHEBI:8249,R-HSA-2142753,Arachidonate metabolism,TAS,Homo sapiens
2374,Piroxicam,54676228,CHEBI:8249,R-HSA-2162123,Synthesis of Prostaglandins (PG) and Thromboxanes (TX),TAS,Homo sapiens
2374,Piroxicam,54676228,CHEBI:8249,R-HSA-556833,Metabolism of lipids,TAS,Homo sapiens
2374,Piroxicam,54676228,CHEBI:8249,R-HSA-8978868,Fatty acid metabolism,TAS,Homo sapiens
2377,Pitavastatin,5282452,CHEBI:32020,R-HSA-1430728,Metabolism,TAS,Homo sapiens
2377,Pitavastatin,5282452,CHEBI:32020,R-HSA-191273,Cholesterol biosynthesis,TAS,Homo sapiens
2377,Pitavastatin,5282452,CHEBI:32020,R-HSA-556833,Metabolism of lipids,TAS,Homo sapiens
2377,Pitavastatin,5282452,CHEBI:32020,R-HSA-8957322,Metabolism of steroids,TAS,Homo sapiens
2377,Pitavastatin,5282452,CHEBI:32020,R-HSA-9969896,Lanosterol biosynthesis,TAS,Homo sapiens
2378,Pitolisant,9948102,CHEBI:134709,R-HSA-162582,Signal Transduction,TAS,Homo sapiens
2378,Pitolisant,9948102,CHEBI:134709,R-HSA-372790,Signaling by GPCR,TAS,Homo sapiens
2378,Pitolisant,9948102,CHEBI:134709,R-HSA-373076,Class A/1 (Rhodopsin-like receptors),TAS,Homo sapiens
2378,Pitolisant,9948102,CHEBI:134709,R-HSA-375280,Amine ligand-binding receptors,TAS,Homo sapiens
2378,Pitolisant,9948102,CHEBI:134709,R-HSA-390650,Histamine receptors,TAS,Homo sapiens
2378,Pitolisant,9948102,CHEBI:134709,R-HSA-500792,GPCR ligand binding,TAS,Homo sapiens
2384,Pizotifen,27400,CHEBI:50212,R-HSA-162582,Signal Transduction,TAS,Homo sapiens
2384,Pizotifen,27400,CHEBI:50212,R-HSA-372790,Signaling by GPCR,TAS,Homo sapiens
2384,Pizotifen,27400,CHEBI:50212,R-HSA-373076,Class A/1 (Rhodopsin-like receptors),TAS,Homo sapiens
2384,Pizotifen,27400,CHEBI:50212,R-HSA-375280,Amine ligand-binding receptors,TAS,Homo sapiens
2384,Pizotifen,27400,CHEBI:50212,R-HSA-390666,Serotonin receptors,TAS,Homo sapiens
2384,Pizotifen,27400,CHEBI:50212,R-HSA-500792,GPCR ligand binding,TAS,Homo sapiens
2398,Pomalidomide,134780,CHEBI:72690,R-HSA-1643685,Disease,TAS,Homo sapiens
2398,Pomalidomide,134780,CHEBI:72690,R-HSA-5663205,Infectious disease,TAS,Homo sapiens
2398,Pomalidomide,134780,CHEBI:72690,R-HSA-9679191,Potential therapeutics for SARS,TAS,Homo sapiens
2398,Pomalidomide,134780,CHEBI:72690,R-HSA-9679506,SARS-CoV Infections,TAS,Homo sapiens
2398,Pomalidomide,134780,CHEBI:72690,R-HSA-9824446,Viral Infection Pathways,TAS,Homo sapiens
2399,Ponatinib,24826799,CHEBI:78543,R-HSA-1280215,Cytokine Signaling in Immune system,TAS,Homo sapiens
2399,Ponatinib,24826799,CHEBI:78543,R-HSA-1433557,Signaling by SCF-KIT,TAS,Homo sapiens
2399,Ponatinib,24826799,CHEBI:78543,R-HSA-162582,Signal Transduction,TAS,Homo sapiens
2399,Ponatinib,24826799,CHEBI:78543,R-HSA-1643685,Disease,TAS,Homo sapiens
2399,Ponatinib,24826799,CHEBI:78543,R-HSA-168256,Immune System,TAS,Homo sapiens
2399,Ponatinib,24826799,CHEBI:78543,R-HSA-186797,Signaling by PDGF,TAS,Homo sapiens
2399,Ponatinib,24826799,CHEBI:78543,R-HSA-5213460,RIPK1-mediated regulated necrosis,TAS,Homo sapiens
2399,Ponatinib,24826799,CHEBI:78543,R-HSA-5218859,Regulated Necrosis,TAS,Homo sapiens
2399,Ponatinib,24826799,CHEBI:78543,R-HSA-5357801,Programmed Cell Death,TAS,Homo sapiens
2399,Ponatinib,24826799,CHEBI:78543,R-HSA-5663202,Diseases of signal transduction by growth factor receptors and second messengers,TAS,Homo sapiens
2399,Ponatinib,24826799,CHEBI:78543,R-HSA-5663205,Infectious disease,TAS,Homo sapiens
2399,Ponatinib,24826799,CHEBI:78543,R-HSA-5675482,Regulation of necroptotic cell death,TAS,Homo sapiens
2399,Ponatinib,24826799,CHEBI:78543,R-HSA-9006934,Signaling by Receptor Tyrosine Kinases,TAS,Homo sapiens
2399,Ponatinib,24826799,CHEBI:78543,R-HSA-9607240,FLT3 Signaling,TAS,Homo sapiens
2399,Ponatinib,24826799,CHEBI:78543,R-HSA-9669921,KIT mutants bind TKIs,TAS,Homo sapiens
2399,Ponatinib,24826799,CHEBI:78543,R-HSA-9669938,Signaling by KIT in disease,TAS,Homo sapiens
2399,Ponatinib,24826799,CHEBI:78543,R-HSA-9671555,Signaling by PDGFR in disease,TAS,Homo sapiens
2399,Ponatinib,24826799,CHEBI:78543,R-HSA-9674428,PDGFR mutants bind TKIs,TAS,Homo sapiens
2399,Ponatinib,24826799,CHEBI:78543,R-HSA-9679191,Potential therapeutics for SARS,TAS,Homo sapiens
2399,Ponatinib,24826799,CHEBI:78543,R-HSA-9679506,SARS-CoV Infections,TAS,Homo sapiens
2399,Ponatinib,24826799,CHEBI:78543,R-HSA-9682385,FLT3 signaling in disease,TAS,Homo sapiens
2399,Ponatinib,24826799,CHEBI:78543,R-HSA-9702506,Drug resistance of FLT3 mutants,TAS,Homo sapiens
2399,Ponatinib,24826799,CHEBI:78543,R-HSA-9702509,FLT3 mutants bind TKIs,TAS,Homo sapiens
2399,Ponatinib,24826799,CHEBI:78543,R-HSA-9702614,ponatinib-resistant FLT3 mutants,TAS,Homo sapiens
2399,Ponatinib,24826799,CHEBI:78543,R-HSA-9824446,Viral Infection Pathways,TAS,Homo sapiens
2405,Potassium cation,813,CHEBI:29103,R-HSA-112303,Electric Transmission Across Gap Junctions,TAS,Homo sapiens
2405,Potassium cation,813,CHEBI:29103,R-HSA-112307,Transmission across Electrical Synapses ,TAS,Homo sapiens
2405,Potassium cation,813,CHEBI:29103,R-HSA-112308,Presynaptic depolarization and calcium channel opening,TAS,Homo sapiens
2405,Potassium cation,813,CHEBI:29103,R-HSA-112310,Neurotransmitter release cycle,TAS,Homo sapiens
2405,Potassium cation,813,CHEBI:29103,R-HSA-112314,Neurotransmitter receptors and postsynaptic signal transmission,TAS,Homo sapiens
2405,Potassium cation,813,CHEBI:29103,R-HSA-112315,Transmission across Chemical Synapses,TAS,Homo sapiens
2405,Potassium cation,813,CHEBI:29103,R-HSA-112316,Neuronal System,TAS,Homo sapiens
2405,Potassium cation,813,CHEBI:29103,R-HSA-1187000,Fertilization,TAS,Homo sapiens
2405,Potassium cation,813,CHEBI:29103,R-HSA-1296025,ATP sensitive Potassium channels,TAS,Homo sapiens
2405,Potassium cation,813,CHEBI:29103,R-HSA-1296041,Activation of G protein gated Potassium channels,TAS,Homo sapiens
2405,Potassium cation,813,CHEBI:29103,R-HSA-1296052,Ca2+ activated K+ channels,TAS,Homo sapiens
2405,Potassium cation,813,CHEBI:29103,R-HSA-1296053,Classical Kir channels,TAS,Homo sapiens
2405,Potassium cation,813,CHEBI:29103,R-HSA-1296059,G protein gated Potassium channels,TAS,Homo sapiens
2405,Potassium cation,813,CHEBI:29103,R-HSA-1296061,HCN channels,TAS,Homo sapiens
2405,Potassium cation,813,CHEBI:29103,R-HSA-1296065,Inwardly rectifying K+ channels,TAS,Homo sapiens
2405,Potassium cation,813,CHEBI:29103,R-HSA-1296067,Potassium transport channels,TAS,Homo sapiens
2405,Potassium cation,813,CHEBI:29103,R-HSA-1296071,Potassium Channels,TAS,Homo sapiens
2405,Potassium cation,813,CHEBI:29103,R-HSA-1296072,Voltage gated Potassium channels,TAS,Homo sapiens
2405,Potassium cation,813,CHEBI:29103,R-HSA-1296346,Tandem pore domain potassium channels,TAS,Homo sapiens
2405,Potassium cation,813,CHEBI:29103,R-HSA-1299287,Tandem pore domain halothane-inhibited K+ channel (THIK),TAS,Homo sapiens
2405,Potassium cation,813,CHEBI:29103,R-HSA-1299308,Tandem of pore domain in a weak inwardly rectifying K+ channels (TWIK),TAS,Homo sapiens
2405,Potassium cation,813,CHEBI:29103,R-HSA-1299316,TWIK-releated acid-sensitive K+ channel (TASK),TAS,Homo sapiens
2405,Potassium cation,813,CHEBI:29103,R-HSA-1299344,TWIK-related spinal cord K+ channel (TRESK),TAS,Homo sapiens
2405,Potassium cation,813,CHEBI:29103,R-HSA-1299361,TWIK-related alkaline pH activated K+ channel (TALK),TAS,Homo sapiens
2405,Potassium cation,813,CHEBI:29103,R-HSA-1299503,TWIK related potassium channel (TREK),TAS,Homo sapiens
2405,Potassium cation,813,CHEBI:29103,R-HSA-1300642,Sperm Motility And Taxes,TAS,Homo sapiens
2405,Potassium cation,813,CHEBI:29103,R-HSA-1428517,Aerobic respiration and respiratory electron transport,TAS,Homo sapiens
2405,Potassium cation,813,CHEBI:29103,R-HSA-1430728,Metabolism,TAS,Homo sapiens
2405,Potassium cation,813,CHEBI:29103,R-HSA-1474165,Reproduction,TAS,Homo sapiens
2405,Potassium cation,813,CHEBI:29103,R-HSA-156580,Phase II - Conjugation of compounds,TAS,Homo sapiens
2405,Potassium cation,813,CHEBI:29103,R-HSA-156581,Methylation,TAS,Homo sapiens
2405,Potassium cation,813,CHEBI:29103,R-HSA-1614635,Sulfur amino acid metabolism,TAS,Homo sapiens
2405,Potassium cation,813,CHEBI:29103,R-HSA-162582,Signal Transduction,TAS,Homo sapiens
2405,Potassium cation,813,CHEBI:29103,R-HSA-1643685,Disease,TAS,Homo sapiens
2405,Potassium cation,813,CHEBI:29103,R-HSA-168249,Innate Immune System,TAS,Homo sapiens
2405,Potassium cation,813,CHEBI:29103,R-HSA-168256,Immune System,TAS,Homo sapiens
2405,Potassium cation,813,CHEBI:29103,R-HSA-168643,"Nucleotide-binding domain, leucine rich repeat containing receptor (NLR) signaling pathways",TAS,Homo sapiens
2405,Potassium cation,813,CHEBI:29103,R-HSA-204174,Regulation of pyruvate dehydrogenase (PDH) complex,TAS,Homo sapiens
2405,Potassium cation,813,CHEBI:29103,R-HSA-210500,Glutamate Neurotransmitter Release Cycle,TAS,Homo sapiens
2405,Potassium cation,813,CHEBI:29103,R-HSA-211859,Biological oxidations,TAS,Homo sapiens
2405,Potassium cation,813,CHEBI:29103,R-HSA-2187338,Visual phototransduction,IEA,Homo sapiens
2405,Potassium cation,813,CHEBI:29103,R-HSA-2408508,"Metabolism of ingested SeMet, Sec, MeSec into H2Se",TAS,Homo sapiens
2405,Potassium cation,813,CHEBI:29103,R-HSA-2408522,Selenoamino acid metabolism,TAS,Homo sapiens
2405,Potassium cation,813,CHEBI:29103,R-HSA-2485179,Activation of the phototransduction cascade,IEA,Homo sapiens
2405,Potassium cation,813,CHEBI:29103,R-HSA-2514856,The phototransduction cascade,IEA,Homo sapiens
2405,Potassium cation,813,CHEBI:29103,R-HSA-382551,Transport of small molecules,TAS,Homo sapiens
2405,Potassium cation,813,CHEBI:29103,R-HSA-382556,ABC-family protein mediated transport,TAS,Homo sapiens
2405,Potassium cation,813,CHEBI:29103,R-HSA-397014,Muscle contraction,TAS,Homo sapiens
2405,Potassium cation,813,CHEBI:29103,R-HSA-425407,SLC-mediated transmembrane transport,TAS,Homo sapiens
2405,Potassium cation,813,CHEBI:29103,R-HSA-425410,Metal ion SLC transporters,TAS,Homo sapiens
2405,Potassium cation,813,CHEBI:29103,R-HSA-425561,Sodium/Calcium exchangers,TAS,Homo sapiens
2405,Potassium cation,813,CHEBI:29103,R-HSA-426117,Cation-coupled Chloride cotransporters,TAS,Homo sapiens
2405,Potassium cation,813,CHEBI:29103,R-HSA-5362517,Signaling by Retinoic Acid,TAS,Homo sapiens
2405,Potassium cation,813,CHEBI:29103,R-HSA-5576886,Phase 4 - resting membrane potential,TAS,Homo sapiens
2405,Potassium cation,813,CHEBI:29103,R-HSA-5576890,Phase 3 - rapid repolarisation,TAS,Homo sapiens
2405,Potassium cation,813,CHEBI:29103,R-HSA-5576891,Cardiac conduction,TAS,Homo sapiens
2405,Potassium cation,813,CHEBI:29103,R-HSA-5576893,Phase 2 - plateau phase,TAS,Homo sapiens
2405,Potassium cation,813,CHEBI:29103,R-HSA-5576894,Phase 1 - inactivation of fast Na+ channels,TAS,Homo sapiens
2405,Potassium cation,813,CHEBI:29103,R-HSA-5578775,Ion homeostasis,TAS,Homo sapiens
2405,Potassium cation,813,CHEBI:29103,R-HSA-5579024,Defective MAT1A causes MATD,TAS,Homo sapiens
2405,Potassium cation,813,CHEBI:29103,R-HSA-5579029,Metabolic disorders of biological oxidation enzymes,TAS,Homo sapiens
2405,Potassium cation,813,CHEBI:29103,R-HSA-5619036,Defective SLC24A5 causes oculocutaneous albinism 6 (OCA6),TAS,Homo sapiens
2405,Potassium cation,813,CHEBI:29103,R-HSA-5619039,"Defective SLC12A6 causes agenesis of the corpus callosum, with peripheral neuropathy (ACCPN)",TAS,Homo sapiens
2405,Potassium cation,813,CHEBI:29103,R-HSA-5619055,Defective SLC24A4 causes hypomineralized amelogenesis imperfecta (AI),TAS,Homo sapiens
2405,Potassium cation,813,CHEBI:29103,R-HSA-5619062,Defective SLC1A3 causes episodic ataxia 6 (EA6),TAS,Homo sapiens
2405,Potassium cation,813,CHEBI:29103,R-HSA-5619067,Defective SLC1A1 is implicated in schizophrenia 18 (SCZD18) and dicarboxylic aminoaciduria (DCBXA),TAS,Homo sapiens
2405,Potassium cation,813,CHEBI:29103,R-HSA-5619077,Defective SLC24A1 causes congenital stationary night blindness 1D (CSNB1D),TAS,Homo sapiens
2405,Potassium cation,813,CHEBI:29103,R-HSA-5619084,ABC transporter disorders,TAS,Homo sapiens
2405,Potassium cation,813,CHEBI:29103,R-HSA-5619102,SLC transporter disorders,TAS,Homo sapiens
2405,Potassium cation,813,CHEBI:29103,R-HSA-5619104,Defective SLC12A1 causes Bartter syndrome 1 (BS1),TAS,Homo sapiens
2405,Potassium cation,813,CHEBI:29103,R-HSA-5619115,Disorders of transmembrane transporters,TAS,Homo sapiens
2405,Potassium cation,813,CHEBI:29103,R-HSA-5652084,Fructose metabolism,TAS,Homo sapiens
2405,Potassium cation,813,CHEBI:29103,R-HSA-5663205,Infectious disease,TAS,Homo sapiens
2405,Potassium cation,813,CHEBI:29103,R-HSA-5668914,Diseases of metabolism,TAS,Homo sapiens
2405,Potassium cation,813,CHEBI:29103,R-HSA-5678420,"Defective ABCC9 causes CMD10, ATFB12 and Cantu syndrome",TAS,Homo sapiens
2405,Potassium cation,813,CHEBI:29103,R-HSA-5683177,Defective ABCC8 can cause hypo- and hyper-glycemias,TAS,Homo sapiens
2405,Potassium cation,813,CHEBI:29103,R-HSA-622312,Inflammasomes,TAS,Homo sapiens
2405,Potassium cation,813,CHEBI:29103,R-HSA-70171,Glycolysis,TAS,Homo sapiens
2405,Potassium cation,813,CHEBI:29103,R-HSA-70268,Pyruvate metabolism,TAS,Homo sapiens
2405,Potassium cation,813,CHEBI:29103,R-HSA-70326,Glucose metabolism,TAS,Homo sapiens
2405,Potassium cation,813,CHEBI:29103,R-HSA-70350,Fructose catabolism,TAS,Homo sapiens
2405,Potassium cation,813,CHEBI:29103,R-HSA-70895,Branched-chain amino acid catabolism,TAS,Homo sapiens
2405,Potassium cation,813,CHEBI:29103,R-HSA-71291,Metabolism of amino acids and derivatives,TAS,Homo sapiens
2405,Potassium cation,813,CHEBI:29103,R-HSA-71387,Metabolism of carbohydrates and carbohydrate derivatives,TAS,Homo sapiens
2405,Potassium cation,813,CHEBI:29103,R-HSA-844456,The NLRP3 inflammasome,TAS,Homo sapiens
2405,Potassium cation,813,CHEBI:29103,R-HSA-8953897,Cellular responses to stimuli,IEA,Homo sapiens
2405,Potassium cation,813,CHEBI:29103,R-HSA-9006931,Signaling by Nuclear Receptors,TAS,Homo sapiens
2405,Potassium cation,813,CHEBI:29103,R-HSA-936837,Ion transport by P-type ATPases,TAS,Homo sapiens
2405,Potassium cation,813,CHEBI:29103,R-HSA-9638482,Metal ion assimilation from the host,TAS,Homo sapiens
2405,Potassium cation,813,CHEBI:29103,R-HSA-9640148,Infection with Enterobacteria,TAS,Homo sapiens
2405,Potassium cation,813,CHEBI:29103,R-HSA-9659379,Sensory processing of sound,IEA,Homo sapiens
2405,Potassium cation,813,CHEBI:29103,R-HSA-9662360,Sensory processing of sound by inner hair cells of the cochlea,IEA,Homo sapiens
2405,Potassium cation,813,CHEBI:29103,R-HSA-9662361,Sensory processing of sound by outer hair cells of the cochlea,IEA,Homo sapiens
2405,Potassium cation,813,CHEBI:29103,R-HSA-9667769,Acetylcholine inhibits contraction of outer hair cells,IEA,Homo sapiens
2405,Potassium cation,813,CHEBI:29103,R-HSA-9678108,SARS-CoV-1 Infection,TAS,Homo sapiens
2405,Potassium cation,813,CHEBI:29103,R-HSA-9679506,SARS-CoV Infections,TAS,Homo sapiens
2405,Potassium cation,813,CHEBI:29103,R-HSA-9692914,SARS-CoV-1-host interactions,TAS,Homo sapiens
2405,Potassium cation,813,CHEBI:29103,R-HSA-9692916,SARS-CoV-1 activates/modulates innate immune responses,TAS,Homo sapiens
2405,Potassium cation,813,CHEBI:29103,R-HSA-9694516,SARS-CoV-2 Infection,TAS,Homo sapiens
2405,Potassium cation,813,CHEBI:29103,R-HSA-9705671,SARS-CoV-2 activates/modulates innate and adaptive immune responses,TAS,Homo sapiens
2405,Potassium cation,813,CHEBI:29103,R-HSA-9705683,SARS-CoV-2-host interactions,TAS,Homo sapiens
2405,Potassium cation,813,CHEBI:29103,R-HSA-9709957,Sensory Perception,IEA,Homo sapiens
2405,Potassium cation,813,CHEBI:29103,R-HSA-9717189,Sensory perception of taste,IEA,Homo sapiens
2405,Potassium cation,813,CHEBI:29103,R-HSA-9729555,Sensory perception of sour taste,IEA,Homo sapiens
2405,Potassium cation,813,CHEBI:29103,R-HSA-977443,GABA receptor activation,TAS,Homo sapiens
2405,Potassium cation,813,CHEBI:29103,R-HSA-977444,GABA B receptor activation,TAS,Homo sapiens
2405,Potassium cation,813,CHEBI:29103,R-HSA-9820952,Respiratory Syncytial Virus Infection Pathway,TAS,Homo sapiens
2405,Potassium cation,813,CHEBI:29103,R-HSA-9824439,Bacterial Infection Pathways,TAS,Homo sapiens
2405,Potassium cation,813,CHEBI:29103,R-HSA-9824446,Viral Infection Pathways,TAS,Homo sapiens
2405,Potassium cation,813,CHEBI:29103,R-HSA-9833110,RSV-host interactions,TAS,Homo sapiens
2405,Potassium cation,813,CHEBI:29103,R-HSA-983712,Ion channel transport,TAS,Homo sapiens
2405,Potassium cation,813,CHEBI:29103,R-HSA-9855142,Cellular responses to mechanical stimuli,IEA,Homo sapiens
2405,Potassium cation,813,CHEBI:29103,R-HSA-9856530,High laminar flow shear stress activates signaling by PIEZO1 and PECAM1:CDH5:KDR in endothelial cells,IEA,Homo sapiens
2405,Potassium cation,813,CHEBI:29103,R-HSA-9856532,Mechanical load activates signaling by PIEZO1 and integrins in osteocytes,IEA,Homo sapiens
2405,Potassium cation,813,CHEBI:29103,R-HSA-9859138,"BCKDH synthesizes BCAA-CoA from KIC, KMVA, KIV",TAS,Homo sapiens
2405,Potassium cation,813,CHEBI:29103,R-HSA-9860927,"Turbulent (oscillatory, disturbed) flow shear stress activates signaling by PIEZO1 and integrins in endothelial cells",IEA,Homo sapiens
2405,Potassium cation,813,CHEBI:29103,R-HSA-9860931,Response of endothelial cells to shear stress,IEA,Homo sapiens
2405,Potassium cation,813,CHEBI:29103,R-HSA-9861559,PDH complex synthesizes acetyl-CoA from PYR,TAS,Homo sapiens
2405,Potassium cation,813,CHEBI:29103,R-HSA-9861718,Regulation of pyruvate metabolism,TAS,Homo sapiens
2405,Potassium cation,813,CHEBI:29103,R-HSA-9865113,Loss-of-function mutations in DBT cause MSUD2,TAS,Homo sapiens
2405,Potassium cation,813,CHEBI:29103,R-HSA-9865114,Maple Syrup Urine Disease,TAS,Homo sapiens
2405,Potassium cation,813,CHEBI:29103,R-HSA-9865118,Diseases of branched-chain amino acid catabolism,TAS,Homo sapiens
2405,Potassium cation,813,CHEBI:29103,R-HSA-9865125,Loss-of-function mutations in BCKDHA or BCKDHB cause MSUD,TAS,Homo sapiens
2405,Potassium cation,813,CHEBI:29103,R-HSA-9907570,Loss-of-function mutations in DLD cause MSUD3/DLDD,TAS,Homo sapiens
2405,Potassium cation,813,CHEBI:29103,R-HSA-9912481,Branched-chain ketoacid dehydrogenase kinase deficiency,TAS,Homo sapiens
2405,Potassium cation,813,CHEBI:29103,R-HSA-991365,Activation of GABAB receptors,TAS,Homo sapiens
2405,Potassium cation,813,CHEBI:29103,R-HSA-9958790,SLC-mediated transport of inorganic anions,TAS,Homo sapiens
2405,Potassium cation,813,CHEBI:29103,R-HSA-9958863,SLC-mediated transport of amino acids,TAS,Homo sapiens
2405,Potassium cation,813,CHEBI:29103,R-HSA-997272,Inhibition  of voltage gated Ca2+ channels via Gbeta/gamma subunits,TAS,Homo sapiens
2408,Practolol,4883,CHEBI:258351,R-HSA-162582,Signal Transduction,TAS,Homo sapiens
2408,Practolol,4883,CHEBI:258351,R-HSA-372790,Signaling by GPCR,TAS,Homo sapiens
2408,Practolol,4883,CHEBI:258351,R-HSA-373076,Class A/1 (Rhodopsin-like receptors),TAS,Homo sapiens
2408,Practolol,4883,CHEBI:258351,R-HSA-375280,Amine ligand-binding receptors,TAS,Homo sapiens
2408,Practolol,4883,CHEBI:258351,R-HSA-390696,Adrenoceptors,TAS,Homo sapiens
2408,Practolol,4883,CHEBI:258351,R-HSA-500792,GPCR ligand binding,TAS,Homo sapiens
2411,Pralatrexate,148121,CHEBI:71223,R-HSA-1430728,Metabolism,TAS,Homo sapiens
2411,Pralatrexate,148121,CHEBI:71223,R-HSA-196757,Metabolism of folate and pterines,TAS,Homo sapiens
2411,Pralatrexate,148121,CHEBI:71223,R-HSA-196849,Metabolism of water-soluble vitamins and cofactors,TAS,Homo sapiens
2411,Pralatrexate,148121,CHEBI:71223,R-HSA-196854,Metabolism of vitamins and cofactors,TAS,Homo sapiens
2412,Pralidoxime,135398747,CHEBI:8354,R-HSA-112311,Neurotransmitter clearance,TAS,Homo sapiens
2412,Pralidoxime,135398747,CHEBI:8354,R-HSA-112315,Transmission across Chemical Synapses,TAS,Homo sapiens
2412,Pralidoxime,135398747,CHEBI:8354,R-HSA-112316,Neuronal System,TAS,Homo sapiens
2412,Pralidoxime,135398747,CHEBI:8354,R-HSA-1430728,Metabolism,TAS,Homo sapiens
2412,Pralidoxime,135398747,CHEBI:8354,R-HSA-1483191,Synthesis of PC,TAS,Homo sapiens
2412,Pralidoxime,135398747,CHEBI:8354,R-HSA-1483206,Glycerophospholipid biosynthesis,TAS,Homo sapiens
2412,Pralidoxime,135398747,CHEBI:8354,R-HSA-1483257,Phospholipid metabolism,TAS,Homo sapiens
2412,Pralidoxime,135398747,CHEBI:8354,R-HSA-556833,Metabolism of lipids,TAS,Homo sapiens
2414,Pramlintide,70691388,CHEBI:135922,R-HSA-162582,Signal Transduction,TAS,Homo sapiens
2414,Pramlintide,70691388,CHEBI:135922,R-HSA-372790,Signaling by GPCR,TAS,Homo sapiens
2414,Pramlintide,70691388,CHEBI:135922,R-HSA-373080,Class B/2 (Secretin family receptors),TAS,Homo sapiens
2414,Pramlintide,70691388,CHEBI:135922,R-HSA-419812,Calcitonin-like ligand receptors,TAS,Homo sapiens
2414,Pramlintide,70691388,CHEBI:135922,R-HSA-500792,GPCR ligand binding,TAS,Homo sapiens
2416,Pranlukast,4887,CHEBI:94810,R-HSA-162582,Signal Transduction,TAS,Homo sapiens
2416,Pranlukast,4887,CHEBI:94810,R-HSA-1643685,Disease,TAS,Homo sapiens
2416,Pranlukast,4887,CHEBI:94810,R-HSA-372790,Signaling by GPCR,TAS,Homo sapiens
2416,Pranlukast,4887,CHEBI:94810,R-HSA-373076,Class A/1 (Rhodopsin-like receptors),TAS,Homo sapiens
2416,Pranlukast,4887,CHEBI:94810,R-HSA-391903,Eicosanoid ligand-binding receptors,TAS,Homo sapiens
2416,Pranlukast,4887,CHEBI:94810,R-HSA-391906,Leukotriene receptors,TAS,Homo sapiens
2416,Pranlukast,4887,CHEBI:94810,R-HSA-500792,GPCR ligand binding,TAS,Homo sapiens
2416,Pranlukast,4887,CHEBI:94810,R-HSA-5663205,Infectious disease,TAS,Homo sapiens
2416,Pranlukast,4887,CHEBI:94810,R-HSA-9679191,Potential therapeutics for SARS,TAS,Homo sapiens
2416,Pranlukast,4887,CHEBI:94810,R-HSA-9679506,SARS-CoV Infections,TAS,Homo sapiens
2416,Pranlukast,4887,CHEBI:94810,R-HSA-9824446,Viral Infection Pathways,TAS,Homo sapiens
2418,Prasterone,5881,CHEBI:28689,R-HSA-1430728,Metabolism,TAS,Homo sapiens
2418,Prasterone,5881,CHEBI:28689,R-HSA-156580,Phase II - Conjugation of compounds,TAS,Homo sapiens
2418,Prasterone,5881,CHEBI:28689,R-HSA-156584,Cytosolic sulfonation of small molecules,TAS,Homo sapiens
2418,Prasterone,5881,CHEBI:28689,R-HSA-193048,Androgen biosynthesis,TAS,Homo sapiens
2418,Prasterone,5881,CHEBI:28689,R-HSA-196071,Metabolism of steroid hormones,TAS,Homo sapiens
2418,Prasterone,5881,CHEBI:28689,R-HSA-211859,Biological oxidations,TAS,Homo sapiens
2418,Prasterone,5881,CHEBI:28689,R-HSA-556833,Metabolism of lipids,TAS,Homo sapiens
2418,Prasterone,5881,CHEBI:28689,R-HSA-8957322,Metabolism of steroids,TAS,Homo sapiens
2422,Pravastatin,54687,CHEBI:63618,R-HSA-1430728,Metabolism,TAS,Homo sapiens
2422,Pravastatin,54687,CHEBI:63618,R-HSA-191273,Cholesterol biosynthesis,TAS,Homo sapiens
2422,Pravastatin,54687,CHEBI:63618,R-HSA-556833,Metabolism of lipids,TAS,Homo sapiens
2422,Pravastatin,54687,CHEBI:63618,R-HSA-8957322,Metabolism of steroids,TAS,Homo sapiens
2422,Pravastatin,54687,CHEBI:63618,R-HSA-9969896,Lanosterol biosynthesis,TAS,Homo sapiens
2424,Prazosin,4893,CHEBI:8364,R-HSA-162582,Signal Transduction,TAS,Homo sapiens
2424,Prazosin,4893,CHEBI:8364,R-HSA-372790,Signaling by GPCR,TAS,Homo sapiens
2424,Prazosin,4893,CHEBI:8364,R-HSA-373076,Class A/1 (Rhodopsin-like receptors),TAS,Homo sapiens
2424,Prazosin,4893,CHEBI:8364,R-HSA-375280,Amine ligand-binding receptors,TAS,Homo sapiens
2424,Prazosin,4893,CHEBI:8364,R-HSA-390696,Adrenoceptors,TAS,Homo sapiens
2424,Prazosin,4893,CHEBI:8364,R-HSA-500792,GPCR ligand binding,TAS,Homo sapiens
2427,Prednisolone,5755,CHEBI:8378,R-HSA-1643685,Disease,TAS,Homo sapiens
2427,Prednisolone,5755,CHEBI:8378,R-HSA-2262752,Cellular responses to stress,TAS,Homo sapiens
2427,Prednisolone,5755,CHEBI:8378,R-HSA-3371497,HSP90 chaperone cycle for steroid hormone receptors (SHR) in the presence of ligand,TAS,Homo sapiens
2427,Prednisolone,5755,CHEBI:8378,R-HSA-382551,Transport of small molecules,TAS,Homo sapiens
2427,Prednisolone,5755,CHEBI:8378,R-HSA-382556,ABC-family protein mediated transport,TAS,Homo sapiens
2427,Prednisolone,5755,CHEBI:8378,R-HSA-5663205,Infectious disease,TAS,Homo sapiens
2427,Prednisolone,5755,CHEBI:8378,R-HSA-8953897,Cellular responses to stimuli,TAS,Homo sapiens
2427,Prednisolone,5755,CHEBI:8378,R-HSA-9679191,Potential therapeutics for SARS,TAS,Homo sapiens
2427,Prednisolone,5755,CHEBI:8378,R-HSA-9679506,SARS-CoV Infections,TAS,Homo sapiens
2427,Prednisolone,5755,CHEBI:8378,R-HSA-9748784,Drug ADME,TAS,Homo sapiens
2427,Prednisolone,5755,CHEBI:8378,R-HSA-9757110,Prednisone ADME,TAS,Homo sapiens
2427,Prednisolone,5755,CHEBI:8378,R-HSA-9824446,Viral Infection Pathways,TAS,Homo sapiens
2431,Prednisone,5865,CHEBI:8382,R-HSA-1643685,Disease,TAS,Homo sapiens
2431,Prednisone,5865,CHEBI:8382,R-HSA-2262752,Cellular responses to stress,TAS,Homo sapiens
2431,Prednisone,5865,CHEBI:8382,R-HSA-3371497,HSP90 chaperone cycle for steroid hormone receptors (SHR) in the presence of ligand,TAS,Homo sapiens
2431,Prednisone,5865,CHEBI:8382,R-HSA-382551,Transport of small molecules,TAS,Homo sapiens
2431,Prednisone,5865,CHEBI:8382,R-HSA-382556,ABC-family protein mediated transport,TAS,Homo sapiens
2431,Prednisone,5865,CHEBI:8382,R-HSA-5663205,Infectious disease,TAS,Homo sapiens
2431,Prednisone,5865,CHEBI:8382,R-HSA-8953897,Cellular responses to stimuli,TAS,Homo sapiens
2431,Prednisone,5865,CHEBI:8382,R-HSA-9679191,Potential therapeutics for SARS,TAS,Homo sapiens
2431,Prednisone,5865,CHEBI:8382,R-HSA-9679506,SARS-CoV Infections,TAS,Homo sapiens
2431,Prednisone,5865,CHEBI:8382,R-HSA-9748784,Drug ADME,TAS,Homo sapiens
2431,Prednisone,5865,CHEBI:8382,R-HSA-9757110,Prednisone ADME,TAS,Homo sapiens
2431,Prednisone,5865,CHEBI:8382,R-HSA-9824446,Viral Infection Pathways,TAS,Homo sapiens
2435,Pregnenolone,8955,CHEBI:16581,R-HSA-1430728,Metabolism,TAS,Homo sapiens
2435,Pregnenolone,8955,CHEBI:16581,R-HSA-156580,Phase II - Conjugation of compounds,TAS,Homo sapiens
2435,Pregnenolone,8955,CHEBI:16581,R-HSA-156584,Cytosolic sulfonation of small molecules,TAS,Homo sapiens
2435,Pregnenolone,8955,CHEBI:16581,R-HSA-1643685,Disease,TAS,Homo sapiens
2435,Pregnenolone,8955,CHEBI:16581,R-HSA-193048,Androgen biosynthesis,TAS,Homo sapiens
2435,Pregnenolone,8955,CHEBI:16581,R-HSA-193993,Mineralocorticoid biosynthesis,TAS,Homo sapiens
2435,Pregnenolone,8955,CHEBI:16581,R-HSA-194002,Glucocorticoid biosynthesis,TAS,Homo sapiens
2435,Pregnenolone,8955,CHEBI:16581,R-HSA-196071,Metabolism of steroid hormones,TAS,Homo sapiens
2435,Pregnenolone,8955,CHEBI:16581,R-HSA-196108,Pregnenolone biosynthesis,TAS,Homo sapiens
2435,Pregnenolone,8955,CHEBI:16581,R-HSA-211859,Biological oxidations,TAS,Homo sapiens
2435,Pregnenolone,8955,CHEBI:16581,R-HSA-211897,Cytochrome P450 - arranged by substrate type,TAS,Homo sapiens
2435,Pregnenolone,8955,CHEBI:16581,R-HSA-211945,Phase I - Functionalization of compounds,TAS,Homo sapiens
2435,Pregnenolone,8955,CHEBI:16581,R-HSA-211976,Endogenous sterols,TAS,Homo sapiens
2435,Pregnenolone,8955,CHEBI:16581,R-HSA-556833,Metabolism of lipids,TAS,Homo sapiens
2435,Pregnenolone,8955,CHEBI:16581,R-HSA-5579028,Defective CYP17A1 causes AH5,TAS,Homo sapiens
2435,Pregnenolone,8955,CHEBI:16581,R-HSA-5579029,Metabolic disorders of biological oxidation enzymes,TAS,Homo sapiens
2435,Pregnenolone,8955,CHEBI:16581,R-HSA-5668914,Diseases of metabolism,TAS,Homo sapiens
2435,Pregnenolone,8955,CHEBI:16581,R-HSA-8957322,Metabolism of steroids,TAS,Homo sapiens
2436,Prenalterol,42396,CHEBI:8391,R-HSA-162582,Signal Transduction,TAS,Homo sapiens
2436,Prenalterol,42396,CHEBI:8391,R-HSA-372790,Signaling by GPCR,TAS,Homo sapiens
2436,Prenalterol,42396,CHEBI:8391,R-HSA-373076,Class A/1 (Rhodopsin-like receptors),TAS,Homo sapiens
2436,Prenalterol,42396,CHEBI:8391,R-HSA-375280,Amine ligand-binding receptors,TAS,Homo sapiens
2436,Prenalterol,42396,CHEBI:8391,R-HSA-390696,Adrenoceptors,TAS,Homo sapiens
2436,Prenalterol,42396,CHEBI:8391,R-HSA-500792,GPCR ligand binding,TAS,Homo sapiens
2447,Procainamide,4913,CHEBI:8428,R-HSA-382551,Transport of small molecules,TAS,Homo sapiens
2447,Procainamide,4913,CHEBI:8428,R-HSA-397014,Muscle contraction,TAS,Homo sapiens
2447,Procainamide,4913,CHEBI:8428,R-HSA-425407,SLC-mediated transmembrane transport,TAS,Homo sapiens
2447,Procainamide,4913,CHEBI:8428,R-HSA-549127,SLC-mediated transport of organic cations,TAS,Homo sapiens
2447,Procainamide,4913,CHEBI:8428,R-HSA-5576891,Cardiac conduction,TAS,Homo sapiens
2447,Procainamide,4913,CHEBI:8428,R-HSA-5576892,Phase 0 - rapid depolarisation,TAS,Homo sapiens
2449,Procarbazine,4915,CHEBI:71417,R-HSA-73884,Base Excision Repair,IEA,Homo sapiens
2449,Procarbazine,4915,CHEBI:71417,R-HSA-73894,DNA Repair,IEA,Homo sapiens
2449,Procarbazine,4915,CHEBI:71417,R-HSA-73929,"Base-Excision Repair, AP Site Formation",IEA,Homo sapiens
2449,Procarbazine,4915,CHEBI:71417,R-HSA-73942,DNA Damage Reversal,IEA,Homo sapiens
2449,Procarbazine,4915,CHEBI:71417,R-HSA-9729902,Reversible DNA damage induced by alkylating chemotherapeutic drugs,IEA,Homo sapiens
2449,Procarbazine,4915,CHEBI:71417,R-HSA-9730737,Alkylating DNA damage induced by chemotherapeutic drugs,IEA,Homo sapiens
2455,Progesterone,5994,CHEBI:17026,R-HSA-1187000,Fertilization,TAS,Homo sapiens
2455,Progesterone,5994,CHEBI:17026,R-HSA-1266738,Developmental Biology,TAS,Homo sapiens
2455,Progesterone,5994,CHEBI:17026,R-HSA-1300642,Sperm Motility And Taxes,TAS,Homo sapiens
2455,Progesterone,5994,CHEBI:17026,R-HSA-1430728,Metabolism,TAS,Homo sapiens
2455,Progesterone,5994,CHEBI:17026,R-HSA-1474165,Reproduction,TAS,Homo sapiens
2455,Progesterone,5994,CHEBI:17026,R-HSA-162582,Signal Transduction,TAS,Homo sapiens
2455,Progesterone,5994,CHEBI:17026,R-HSA-1643685,Disease,TAS,Homo sapiens
2455,Progesterone,5994,CHEBI:17026,R-HSA-193048,Androgen biosynthesis,TAS,Homo sapiens
2455,Progesterone,5994,CHEBI:17026,R-HSA-193993,Mineralocorticoid biosynthesis,TAS,Homo sapiens
2455,Progesterone,5994,CHEBI:17026,R-HSA-194002,Glucocorticoid biosynthesis,TAS,Homo sapiens
2455,Progesterone,5994,CHEBI:17026,R-HSA-196071,Metabolism of steroid hormones,TAS,Homo sapiens
2455,Progesterone,5994,CHEBI:17026,R-HSA-211859,Biological oxidations,TAS,Homo sapiens
2455,Progesterone,5994,CHEBI:17026,R-HSA-211897,Cytochrome P450 - arranged by substrate type,TAS,Homo sapiens
2455,Progesterone,5994,CHEBI:17026,R-HSA-211945,Phase I - Functionalization of compounds,TAS,Homo sapiens
2455,Progesterone,5994,CHEBI:17026,R-HSA-211976,Endogenous sterols,TAS,Homo sapiens
2455,Progesterone,5994,CHEBI:17026,R-HSA-2262752,Cellular responses to stress,TAS,Homo sapiens
2455,Progesterone,5994,CHEBI:17026,R-HSA-3371497,HSP90 chaperone cycle for steroid hormone receptors (SHR) in the presence of ligand,TAS,Homo sapiens
2455,Progesterone,5994,CHEBI:17026,R-HSA-556833,Metabolism of lipids,TAS,Homo sapiens
2455,Progesterone,5994,CHEBI:17026,R-HSA-5579021,Defective CYP21A2 causes AH3,TAS,Homo sapiens
2455,Progesterone,5994,CHEBI:17026,R-HSA-5579028,Defective CYP17A1 causes AH5,TAS,Homo sapiens
2455,Progesterone,5994,CHEBI:17026,R-HSA-5579029,Metabolic disorders of biological oxidation enzymes,TAS,Homo sapiens
2455,Progesterone,5994,CHEBI:17026,R-HSA-5668914,Diseases of metabolism,TAS,Homo sapiens
2455,Progesterone,5994,CHEBI:17026,R-HSA-8939211,ESR-mediated signaling,TAS,Homo sapiens
2455,Progesterone,5994,CHEBI:17026,R-HSA-8953897,Cellular responses to stimuli,TAS,Homo sapiens
2455,Progesterone,5994,CHEBI:17026,R-HSA-8957322,Metabolism of steroids,TAS,Homo sapiens
2455,Progesterone,5994,CHEBI:17026,R-HSA-9006931,Signaling by Nuclear Receptors,TAS,Homo sapiens
2455,Progesterone,5994,CHEBI:17026,R-HSA-9018519,Estrogen-dependent gene expression,TAS,Homo sapiens
2455,Progesterone,5994,CHEBI:17026,R-HSA-9734767,Developmental Cell Lineages,TAS,Homo sapiens
2455,Progesterone,5994,CHEBI:17026,R-HSA-9734779,Developmental Cell Lineages of the Integumentary System,TAS,Homo sapiens
2455,Progesterone,5994,CHEBI:17026,R-HSA-9924644,Developmental Lineages of the Mammary Gland,TAS,Homo sapiens
2455,Progesterone,5994,CHEBI:17026,R-HSA-9927418,Developmental Lineage of Mammary Gland Luminal Epithelial Cells,TAS,Homo sapiens
2458,Promazine,4926,CHEBI:8459,R-HSA-162582,Signal Transduction,TAS,Homo sapiens
2458,Promazine,4926,CHEBI:8459,R-HSA-372790,Signaling by GPCR,TAS,Homo sapiens
2458,Promazine,4926,CHEBI:8459,R-HSA-373076,Class A/1 (Rhodopsin-like receptors),TAS,Homo sapiens
2458,Promazine,4926,CHEBI:8459,R-HSA-375280,Amine ligand-binding receptors,TAS,Homo sapiens
2458,Promazine,4926,CHEBI:8459,R-HSA-390651,Dopamine receptors,TAS,Homo sapiens
2458,Promazine,4926,CHEBI:8459,R-HSA-500792,GPCR ligand binding,TAS,Homo sapiens
2460,Promethazine,4927,CHEBI:8461,R-HSA-162582,Signal Transduction,TAS,Homo sapiens
2460,Promethazine,4927,CHEBI:8461,R-HSA-372790,Signaling by GPCR,TAS,Homo sapiens
2460,Promethazine,4927,CHEBI:8461,R-HSA-373076,Class A/1 (Rhodopsin-like receptors),TAS,Homo sapiens
2460,Promethazine,4927,CHEBI:8461,R-HSA-375280,Amine ligand-binding receptors,TAS,Homo sapiens
2460,Promethazine,4927,CHEBI:8461,R-HSA-390650,Histamine receptors,TAS,Homo sapiens
2460,Promethazine,4927,CHEBI:8461,R-HSA-500792,GPCR ligand binding,TAS,Homo sapiens
2463,Propantheline,4934,CHEBI:8481,R-HSA-162582,Signal Transduction,TAS,Homo sapiens
2463,Propantheline,4934,CHEBI:8481,R-HSA-372790,Signaling by GPCR,TAS,Homo sapiens
2463,Propantheline,4934,CHEBI:8481,R-HSA-373076,Class A/1 (Rhodopsin-like receptors),TAS,Homo sapiens
2463,Propantheline,4934,CHEBI:8481,R-HSA-375280,Amine ligand-binding receptors,TAS,Homo sapiens
2463,Propantheline,4934,CHEBI:8481,R-HSA-390648,Muscarinic acetylcholine receptors,TAS,Homo sapiens
2463,Propantheline,4934,CHEBI:8481,R-HSA-500792,GPCR ligand binding,TAS,Homo sapiens
2474,Propylthiouracil,657298,CHEBI:8502,R-HSA-9709957,Sensory Perception,IEA,Homo sapiens
2474,Propylthiouracil,657298,CHEBI:8502,R-HSA-9709957,Sensory Perception,TAS,Homo sapiens
2474,Propylthiouracil,657298,CHEBI:8502,R-HSA-9717189,Sensory perception of taste,IEA,Homo sapiens
2474,Propylthiouracil,657298,CHEBI:8502,R-HSA-9717189,Sensory perception of taste,TAS,Homo sapiens
2474,Propylthiouracil,657298,CHEBI:8502,R-HSA-9717207,"Sensory perception of sweet, bitter, and umami (glutamate) taste",IEA,Homo sapiens
2474,Propylthiouracil,657298,CHEBI:8502,R-HSA-9717207,"Sensory perception of sweet, bitter, and umami (glutamate) taste",TAS,Homo sapiens
2475,Propyphenazone,3778,CHEBI:135538,R-HSA-2672351,Stimuli-sensing channels,TAS,Homo sapiens
2475,Propyphenazone,3778,CHEBI:135538,R-HSA-3295583,TRP channels,TAS,Homo sapiens
2475,Propyphenazone,3778,CHEBI:135538,R-HSA-382551,Transport of small molecules,TAS,Homo sapiens
2475,Propyphenazone,3778,CHEBI:135538,R-HSA-983712,Ion channel transport,TAS,Homo sapiens
2487,Protriptyline,4976,CHEBI:8597,R-HSA-112311,Neurotransmitter clearance,TAS,Homo sapiens
2487,Protriptyline,4976,CHEBI:8597,R-HSA-112315,Transmission across Chemical Synapses,TAS,Homo sapiens
2487,Protriptyline,4976,CHEBI:8597,R-HSA-112316,Neuronal System,TAS,Homo sapiens
2487,Protriptyline,4976,CHEBI:8597,R-HSA-380615,Serotonin clearance from the synaptic cleft,TAS,Homo sapiens
2498,Pyridostigmine,4991,CHEBI:8665,R-HSA-112311,Neurotransmitter clearance,TAS,Homo sapiens
2498,Pyridostigmine,4991,CHEBI:8665,R-HSA-112315,Transmission across Chemical Synapses,TAS,Homo sapiens
2498,Pyridostigmine,4991,CHEBI:8665,R-HSA-112316,Neuronal System,TAS,Homo sapiens
2498,Pyridostigmine,4991,CHEBI:8665,R-HSA-1430728,Metabolism,TAS,Homo sapiens
2498,Pyridostigmine,4991,CHEBI:8665,R-HSA-1483191,Synthesis of PC,TAS,Homo sapiens
2498,Pyridostigmine,4991,CHEBI:8665,R-HSA-1483206,Glycerophospholipid biosynthesis,TAS,Homo sapiens
2498,Pyridostigmine,4991,CHEBI:8665,R-HSA-1483257,Phospholipid metabolism,TAS,Homo sapiens
2498,Pyridostigmine,4991,CHEBI:8665,R-HSA-556833,Metabolism of lipids,TAS,Homo sapiens
2499,Pyrimethamine,4993,CHEBI:8673,R-HSA-1643685,Disease,TAS,Homo sapiens
2499,Pyrimethamine,4993,CHEBI:8673,R-HSA-5663205,Infectious disease,TAS,Homo sapiens
2499,Pyrimethamine,4993,CHEBI:8673,R-HSA-9824446,Viral Infection Pathways,TAS,Homo sapiens
2499,Pyrimethamine,4993,CHEBI:8673,R-HSA-9839923,Dengue Virus Infection,TAS,Homo sapiens
2499,Pyrimethamine,4993,CHEBI:8673,R-HSA-9918432,Maturation of DENV proteins,TAS,Homo sapiens
2499,Pyrimethamine,4993,CHEBI:8673,R-HSA-9918487,Dengue Virus Genome Translation and Replication,TAS,Homo sapiens
2504,Quetiapine,5002,CHEBI:8707,R-HSA-162582,Signal Transduction,TAS,Homo sapiens
2504,Quetiapine,5002,CHEBI:8707,R-HSA-372790,Signaling by GPCR,TAS,Homo sapiens
2504,Quetiapine,5002,CHEBI:8707,R-HSA-373076,Class A/1 (Rhodopsin-like receptors),TAS,Homo sapiens
2504,Quetiapine,5002,CHEBI:8707,R-HSA-375280,Amine ligand-binding receptors,TAS,Homo sapiens
2504,Quetiapine,5002,CHEBI:8707,R-HSA-390650,Histamine receptors,TAS,Homo sapiens
2504,Quetiapine,5002,CHEBI:8707,R-HSA-390651,Dopamine receptors,TAS,Homo sapiens
2504,Quetiapine,5002,CHEBI:8707,R-HSA-390666,Serotonin receptors,TAS,Homo sapiens
2504,Quetiapine,5002,CHEBI:8707,R-HSA-500792,GPCR ligand binding,TAS,Homo sapiens
2506,Quinacrine,237,CHEBI:8711,R-HSA-1643685,Disease,TAS,Homo sapiens
2506,Quinacrine,237,CHEBI:8711,R-HSA-5663205,Infectious disease,TAS,Homo sapiens
2506,Quinacrine,237,CHEBI:8711,R-HSA-9678108,SARS-CoV-1 Infection,TAS,Homo sapiens
2506,Quinacrine,237,CHEBI:8711,R-HSA-9678110,Attachment and Entry,TAS,Homo sapiens
2506,Quinacrine,237,CHEBI:8711,R-HSA-9679506,SARS-CoV Infections,TAS,Homo sapiens
2506,Quinacrine,237,CHEBI:8711,R-HSA-9824446,Viral Infection Pathways,TAS,Homo sapiens
2508,Quinapril,54892,CHEBI:8713,R-HSA-2022377,Metabolism of Angiotensinogen to Angiotensins,TAS,Homo sapiens
2508,Quinapril,54892,CHEBI:8713,R-HSA-2980736,Peptide hormone metabolism,TAS,Homo sapiens
2508,Quinapril,54892,CHEBI:8713,R-HSA-392499,Metabolism of proteins,TAS,Homo sapiens
2509,Quinaprilat,107994,CHEBI:140296,R-HSA-2022377,Metabolism of Angiotensinogen to Angiotensins,TAS,Homo sapiens
2509,Quinaprilat,107994,CHEBI:140296,R-HSA-2980736,Peptide hormone metabolism,TAS,Homo sapiens
2509,Quinaprilat,107994,CHEBI:140296,R-HSA-392499,Metabolism of proteins,TAS,Homo sapiens
2511,Quinethazone,6307,CHEBI:8717,R-HSA-382551,Transport of small molecules,TAS,Homo sapiens
2511,Quinethazone,6307,CHEBI:8717,R-HSA-425407,SLC-mediated transmembrane transport,TAS,Homo sapiens
2511,Quinethazone,6307,CHEBI:8717,R-HSA-426117,Cation-coupled Chloride cotransporters,TAS,Homo sapiens
2511,Quinethazone,6307,CHEBI:8717,R-HSA-9958790,SLC-mediated transport of inorganic anions,TAS,Homo sapiens
2514,Quinidine,441074,CHEBI:28593,R-HSA-1643685,Disease,TAS,Homo sapiens
2514,Quinidine,441074,CHEBI:28593,R-HSA-382551,Transport of small molecules,TAS,Homo sapiens
2514,Quinidine,441074,CHEBI:28593,R-HSA-397014,Muscle contraction,TAS,Homo sapiens
2514,Quinidine,441074,CHEBI:28593,R-HSA-425407,SLC-mediated transmembrane transport,TAS,Homo sapiens
2514,Quinidine,441074,CHEBI:28593,R-HSA-549127,SLC-mediated transport of organic cations,TAS,Homo sapiens
2514,Quinidine,441074,CHEBI:28593,R-HSA-5576891,Cardiac conduction,TAS,Homo sapiens
2514,Quinidine,441074,CHEBI:28593,R-HSA-5576892,Phase 0 - rapid depolarisation,TAS,Homo sapiens
2514,Quinidine,441074,CHEBI:28593,R-HSA-5619066,Defective SLC22A18 causes lung cancer (LNCR) and embryonal rhabdomyosarcoma 1 (RMSE1),TAS,Homo sapiens
2514,Quinidine,441074,CHEBI:28593,R-HSA-5619102,SLC transporter disorders,TAS,Homo sapiens
2514,Quinidine,441074,CHEBI:28593,R-HSA-5619115,Disorders of transmembrane transporters,TAS,Homo sapiens
2518,Quizartinib,24889392,CHEBI:90217,R-HSA-1280215,Cytokine Signaling in Immune system,TAS,Homo sapiens
2518,Quizartinib,24889392,CHEBI:90217,R-HSA-1643685,Disease,TAS,Homo sapiens
2518,Quizartinib,24889392,CHEBI:90217,R-HSA-168256,Immune System,TAS,Homo sapiens
2518,Quizartinib,24889392,CHEBI:90217,R-HSA-5663202,Diseases of signal transduction by growth factor receptors and second messengers,TAS,Homo sapiens
2518,Quizartinib,24889392,CHEBI:90217,R-HSA-9607240,FLT3 Signaling,TAS,Homo sapiens
2518,Quizartinib,24889392,CHEBI:90217,R-HSA-9682385,FLT3 signaling in disease,TAS,Homo sapiens
2518,Quizartinib,24889392,CHEBI:90217,R-HSA-9702506,Drug resistance of FLT3 mutants,TAS,Homo sapiens
2518,Quizartinib,24889392,CHEBI:90217,R-HSA-9702509,FLT3 mutants bind TKIs,TAS,Homo sapiens
2518,Quizartinib,24889392,CHEBI:90217,R-HSA-9702620,quizartinib-resistant FLT3 mutants,TAS,Homo sapiens
2525,Raloxifene,5035,CHEBI:8772,R-HSA-162582,Signal Transduction,TAS,Homo sapiens
2525,Raloxifene,5035,CHEBI:8772,R-HSA-8939211,ESR-mediated signaling,TAS,Homo sapiens
2525,Raloxifene,5035,CHEBI:8772,R-HSA-9006931,Signaling by Nuclear Receptors,TAS,Homo sapiens
2526,Raltegravir,54671008,CHEBI:82960,R-HSA-1643685,Disease,TAS,Homo sapiens
2526,Raltegravir,54671008,CHEBI:82960,R-HSA-5663205,Infectious disease,TAS,Homo sapiens
2526,Raltegravir,54671008,CHEBI:82960,R-HSA-9679506,SARS-CoV Infections,TAS,Homo sapiens
2526,Raltegravir,54671008,CHEBI:82960,R-HSA-9694271,Assembly of the SARS-CoV-2 Replication-Transcription Complex (RTC),TAS,Homo sapiens
2526,Raltegravir,54671008,CHEBI:82960,R-HSA-9694516,SARS-CoV-2 Infection,TAS,Homo sapiens
2526,Raltegravir,54671008,CHEBI:82960,R-HSA-9694676,Translation of Replicase and Assembly of the Replication Transcription Complex,TAS,Homo sapiens
2526,Raltegravir,54671008,CHEBI:82960,R-HSA-9772572,Early SARS-CoV-2 Infection Events,TAS,Homo sapiens
2526,Raltegravir,54671008,CHEBI:82960,R-HSA-9824446,Viral Infection Pathways,TAS,Homo sapiens
2530,Ramipril,5362129,CHEBI:8774,R-HSA-2022377,Metabolism of Angiotensinogen to Angiotensins,TAS,Homo sapiens
2530,Ramipril,5362129,CHEBI:8774,R-HSA-2980736,Peptide hormone metabolism,TAS,Homo sapiens
2530,Ramipril,5362129,CHEBI:8774,R-HSA-382551,Transport of small molecules,TAS,Homo sapiens
2530,Ramipril,5362129,CHEBI:8774,R-HSA-382556,ABC-family protein mediated transport,TAS,Homo sapiens
2530,Ramipril,5362129,CHEBI:8774,R-HSA-392499,Metabolism of proteins,TAS,Homo sapiens
2530,Ramipril,5362129,CHEBI:8774,R-HSA-425407,SLC-mediated transmembrane transport,TAS,Homo sapiens
2530,Ramipril,5362129,CHEBI:8774,R-HSA-427975,Proton/oligopeptide cotransporters,TAS,Homo sapiens
2530,Ramipril,5362129,CHEBI:8774,R-HSA-9748784,Drug ADME,TAS,Homo sapiens
2530,Ramipril,5362129,CHEBI:8774,R-HSA-9757110,Prednisone ADME,TAS,Homo sapiens
2530,Ramipril,5362129,CHEBI:8774,R-HSA-9959399,SLC-mediated transport of oligopeptides,TAS,Homo sapiens
2531,Ramiprilat,5464096,CHEBI:77363,R-HSA-2022377,Metabolism of Angiotensinogen to Angiotensins,TAS,Homo sapiens
2531,Ramiprilat,5464096,CHEBI:77363,R-HSA-2980736,Peptide hormone metabolism,TAS,Homo sapiens
2531,Ramiprilat,5464096,CHEBI:77363,R-HSA-382551,Transport of small molecules,TAS,Homo sapiens
2531,Ramiprilat,5464096,CHEBI:77363,R-HSA-382556,ABC-family protein mediated transport,TAS,Homo sapiens
2531,Ramiprilat,5464096,CHEBI:77363,R-HSA-392499,Metabolism of proteins,TAS,Homo sapiens
2531,Ramiprilat,5464096,CHEBI:77363,R-HSA-9748784,Drug ADME,TAS,Homo sapiens
2531,Ramiprilat,5464096,CHEBI:77363,R-HSA-9757110,Prednisone ADME,TAS,Homo sapiens
2532,Ramosetron,108000,CHEBI:135156,R-HSA-112314,Neurotransmitter receptors and postsynaptic signal transmission,TAS,Homo sapiens
2532,Ramosetron,108000,CHEBI:135156,R-HSA-112315,Transmission across Chemical Synapses,TAS,Homo sapiens
2532,Ramosetron,108000,CHEBI:135156,R-HSA-112316,Neuronal System,TAS,Homo sapiens
2533,Ranitidine,3001055,CHEBI:8776,R-HSA-162582,Signal Transduction,TAS,Homo sapiens
2533,Ranitidine,3001055,CHEBI:8776,R-HSA-372790,Signaling by GPCR,TAS,Homo sapiens
2533,Ranitidine,3001055,CHEBI:8776,R-HSA-373076,Class A/1 (Rhodopsin-like receptors),TAS,Homo sapiens
2533,Ranitidine,3001055,CHEBI:8776,R-HSA-375280,Amine ligand-binding receptors,TAS,Homo sapiens
2533,Ranitidine,3001055,CHEBI:8776,R-HSA-390650,Histamine receptors,TAS,Homo sapiens
2533,Ranitidine,3001055,CHEBI:8776,R-HSA-500792,GPCR ligand binding,TAS,Homo sapiens
2539,Regorafenib,11167602,CHEBI:68647,R-HSA-1433557,Signaling by SCF-KIT,TAS,Homo sapiens
2539,Regorafenib,11167602,CHEBI:68647,R-HSA-162582,Signal Transduction,TAS,Homo sapiens
2539,Regorafenib,11167602,CHEBI:68647,R-HSA-1643685,Disease,TAS,Homo sapiens
2539,Regorafenib,11167602,CHEBI:68647,R-HSA-186797,Signaling by PDGF,TAS,Homo sapiens
2539,Regorafenib,11167602,CHEBI:68647,R-HSA-5663202,Diseases of signal transduction by growth factor receptors and second messengers,TAS,Homo sapiens
2539,Regorafenib,11167602,CHEBI:68647,R-HSA-6802948,Signaling by high-kinase activity BRAF mutants,TAS,Homo sapiens
2539,Regorafenib,11167602,CHEBI:68647,R-HSA-6802957,Oncogenic MAPK signaling,TAS,Homo sapiens
2539,Regorafenib,11167602,CHEBI:68647,R-HSA-9006934,Signaling by Receptor Tyrosine Kinases,TAS,Homo sapiens
2539,Regorafenib,11167602,CHEBI:68647,R-HSA-9669921,KIT mutants bind TKIs,TAS,Homo sapiens
2539,Regorafenib,11167602,CHEBI:68647,R-HSA-9669929,Regorafenib-resistant KIT mutants,TAS,Homo sapiens
2539,Regorafenib,11167602,CHEBI:68647,R-HSA-9669937,Drug resistance of KIT mutants,TAS,Homo sapiens
2539,Regorafenib,11167602,CHEBI:68647,R-HSA-9669938,Signaling by KIT in disease,TAS,Homo sapiens
2539,Regorafenib,11167602,CHEBI:68647,R-HSA-9671555,Signaling by PDGFR in disease,TAS,Homo sapiens
2539,Regorafenib,11167602,CHEBI:68647,R-HSA-9674403,Regorafenib-resistant PDGFR mutants,TAS,Homo sapiens
2539,Regorafenib,11167602,CHEBI:68647,R-HSA-9674415,Drug resistance of PDGFR mutants,TAS,Homo sapiens
2539,Regorafenib,11167602,CHEBI:68647,R-HSA-9674428,PDGFR mutants bind TKIs,TAS,Homo sapiens
2544,Remdesivir,121304016,CHEBI:145994,R-HSA-1643685,Disease,TAS,Homo sapiens
2544,Remdesivir,121304016,CHEBI:145994,R-HSA-1643685,Disease,IEA,Homo sapiens
2544,Remdesivir,121304016,CHEBI:145994,R-HSA-5663205,Infectious disease,TAS,Homo sapiens
2544,Remdesivir,121304016,CHEBI:145994,R-HSA-5663205,Infectious disease,IEA,Homo sapiens
2544,Remdesivir,121304016,CHEBI:145994,R-HSA-9678108,SARS-CoV-1 Infection,TAS,Homo sapiens
2544,Remdesivir,121304016,CHEBI:145994,R-HSA-9679506,SARS-CoV Infections,TAS,Homo sapiens
2544,Remdesivir,121304016,CHEBI:145994,R-HSA-9679506,SARS-CoV Infections,IEA,Homo sapiens
2544,Remdesivir,121304016,CHEBI:145994,R-HSA-9679514,SARS-CoV-1 Genome Replication and Transcription,TAS,Homo sapiens
2544,Remdesivir,121304016,CHEBI:145994,R-HSA-9682706,Replication of the SARS-CoV-1 genome,TAS,Homo sapiens
2544,Remdesivir,121304016,CHEBI:145994,R-HSA-9694516,SARS-CoV-2 Infection,TAS,Homo sapiens
2544,Remdesivir,121304016,CHEBI:145994,R-HSA-9694516,SARS-CoV-2 Infection,IEA,Homo sapiens
2544,Remdesivir,121304016,CHEBI:145994,R-HSA-9694682,SARS-CoV-2 Genome Replication and Transcription,TAS,Homo sapiens
2544,Remdesivir,121304016,CHEBI:145994,R-HSA-9694682,SARS-CoV-2 Genome Replication and Transcription,IEA,Homo sapiens
2544,Remdesivir,121304016,CHEBI:145994,R-HSA-9694686,Replication of the SARS-CoV-2 genome,TAS,Homo sapiens
2544,Remdesivir,121304016,CHEBI:145994,R-HSA-9694686,Replication of the SARS-CoV-2 genome,IEA,Homo sapiens
2544,Remdesivir,121304016,CHEBI:145994,R-HSA-9772572,Early SARS-CoV-2 Infection Events,TAS,Homo sapiens
2544,Remdesivir,121304016,CHEBI:145994,R-HSA-9772572,Early SARS-CoV-2 Infection Events,IEA,Homo sapiens
2544,Remdesivir,121304016,CHEBI:145994,R-HSA-9824446,Viral Infection Pathways,TAS,Homo sapiens
2544,Remdesivir,121304016,CHEBI:145994,R-HSA-9824446,Viral Infection Pathways,IEA,Homo sapiens
2551,Repaglinide,65981,CHEBI:8805,R-HSA-1430728,Metabolism,TAS,Homo sapiens
2551,Repaglinide,65981,CHEBI:8805,R-HSA-163685,Integration of energy metabolism,TAS,Homo sapiens
2551,Repaglinide,65981,CHEBI:8805,R-HSA-422356,Regulation of insulin secretion,TAS,Homo sapiens
2560,Resveratrol,445154,CHEBI:27881,R-HSA-1430728,Metabolism,TAS,Homo sapiens
2560,Resveratrol,445154,CHEBI:27881,R-HSA-1643685,Disease,TAS,Homo sapiens
2560,Resveratrol,445154,CHEBI:27881,R-HSA-211859,Biological oxidations,TAS,Homo sapiens
2560,Resveratrol,445154,CHEBI:27881,R-HSA-211945,Phase I - Functionalization of compounds,TAS,Homo sapiens
2560,Resveratrol,445154,CHEBI:27881,R-HSA-5663205,Infectious disease,TAS,Homo sapiens
2560,Resveratrol,445154,CHEBI:27881,R-HSA-9678108,SARS-CoV-1 Infection,TAS,Homo sapiens
2560,Resveratrol,445154,CHEBI:27881,R-HSA-9678110,Attachment and Entry,TAS,Homo sapiens
2560,Resveratrol,445154,CHEBI:27881,R-HSA-9679506,SARS-CoV Infections,TAS,Homo sapiens
2560,Resveratrol,445154,CHEBI:27881,R-HSA-9824446,Viral Infection Pathways,TAS,Homo sapiens
2565,Ribociclib,44631912,CHEBI:230905,R-HSA-1640170,Cell Cycle,TAS,Homo sapiens
2565,Ribociclib,44631912,CHEBI:230905,R-HSA-453279,Mitotic G1 phase and G1/S transition,TAS,Homo sapiens
2565,Ribociclib,44631912,CHEBI:230905,R-HSA-69231,Cyclin D associated events in G1,TAS,Homo sapiens
2565,Ribociclib,44631912,CHEBI:230905,R-HSA-69236,G1 Phase,TAS,Homo sapiens
2565,Ribociclib,44631912,CHEBI:230905,R-HSA-69278,"Cell Cycle, Mitotic",TAS,Homo sapiens
2565,Ribociclib,44631912,CHEBI:230905,R-HSA-9754119,Drug-mediated inhibition of CDK4/CDK6 activity,TAS,Homo sapiens
2572,Rifampin,135398735,CHEBI:28077,R-HSA-2990846,SUMOylation,TAS,Homo sapiens
2572,Rifampin,135398735,CHEBI:28077,R-HSA-3108232,SUMO E3 ligases SUMOylate target proteins,TAS,Homo sapiens
2572,Rifampin,135398735,CHEBI:28077,R-HSA-392499,Metabolism of proteins,TAS,Homo sapiens
2572,Rifampin,135398735,CHEBI:28077,R-HSA-4090294,SUMOylation of intracellular receptors,TAS,Homo sapiens
2572,Rifampin,135398735,CHEBI:28077,R-HSA-597592,Post-translational protein modification,TAS,Homo sapiens
2581,Rimexolone,5311412,CHEBI:135566,R-HSA-1643685,Disease,TAS,Homo sapiens
2581,Rimexolone,5311412,CHEBI:135566,R-HSA-2262752,Cellular responses to stress,TAS,Homo sapiens
2581,Rimexolone,5311412,CHEBI:135566,R-HSA-3371497,HSP90 chaperone cycle for steroid hormone receptors (SHR) in the presence of ligand,TAS,Homo sapiens
2581,Rimexolone,5311412,CHEBI:135566,R-HSA-5663205,Infectious disease,TAS,Homo sapiens
2581,Rimexolone,5311412,CHEBI:135566,R-HSA-8953897,Cellular responses to stimuli,TAS,Homo sapiens
2581,Rimexolone,5311412,CHEBI:135566,R-HSA-9679191,Potential therapeutics for SARS,TAS,Homo sapiens
2581,Rimexolone,5311412,CHEBI:135566,R-HSA-9679506,SARS-CoV Infections,TAS,Homo sapiens
2581,Rimexolone,5311412,CHEBI:135566,R-HSA-9824446,Viral Infection Pathways,TAS,Homo sapiens
2584,Riociguat,11304743,CHEBI:76018,R-HSA-109582,Hemostasis,IEA,Homo sapiens
2584,Riociguat,11304743,CHEBI:76018,R-HSA-392154,Nitric oxide stimulates guanylate cyclase,IEA,Homo sapiens
2584,Riociguat,11304743,CHEBI:76018,R-HSA-397014,Muscle contraction,IEA,Homo sapiens
2584,Riociguat,11304743,CHEBI:76018,R-HSA-397014,Muscle contraction,TAS,Homo sapiens
2584,Riociguat,11304743,CHEBI:76018,R-HSA-418346,Platelet homeostasis,IEA,Homo sapiens
2584,Riociguat,11304743,CHEBI:76018,R-HSA-445355,Smooth Muscle Contraction,IEA,Homo sapiens
2584,Riociguat,11304743,CHEBI:76018,R-HSA-445355,Smooth Muscle Contraction,TAS,Homo sapiens
2587,Risedronic acid,5245,CHEBI:8869,R-HSA-1430728,Metabolism,TAS,Homo sapiens
2587,Risedronic acid,5245,CHEBI:8869,R-HSA-191273,Cholesterol biosynthesis,TAS,Homo sapiens
2587,Risedronic acid,5245,CHEBI:8869,R-HSA-556833,Metabolism of lipids,TAS,Homo sapiens
2587,Risedronic acid,5245,CHEBI:8869,R-HSA-8957322,Metabolism of steroids,TAS,Homo sapiens
2587,Risedronic acid,5245,CHEBI:8869,R-HSA-9969896,Lanosterol biosynthesis,TAS,Homo sapiens
2588,Risperidone,5073,CHEBI:8871,R-HSA-162582,Signal Transduction,TAS,Homo sapiens
2588,Risperidone,5073,CHEBI:8871,R-HSA-372790,Signaling by GPCR,TAS,Homo sapiens
2588,Risperidone,5073,CHEBI:8871,R-HSA-373076,Class A/1 (Rhodopsin-like receptors),TAS,Homo sapiens
2588,Risperidone,5073,CHEBI:8871,R-HSA-375280,Amine ligand-binding receptors,TAS,Homo sapiens
2588,Risperidone,5073,CHEBI:8871,R-HSA-390651,Dopamine receptors,TAS,Homo sapiens
2588,Risperidone,5073,CHEBI:8871,R-HSA-390666,Serotonin receptors,TAS,Homo sapiens
2588,Risperidone,5073,CHEBI:8871,R-HSA-500792,GPCR ligand binding,TAS,Homo sapiens
2593,Ritonavir,392622,CHEBI:45409,R-HSA-1430728,Metabolism,TAS,Homo sapiens
2593,Ritonavir,392622,CHEBI:45409,R-HSA-211859,Biological oxidations,TAS,Homo sapiens
2593,Ritonavir,392622,CHEBI:45409,R-HSA-211945,Phase I - Functionalization of compounds,TAS,Homo sapiens
2594,Rivaroxaban,9875401,CHEBI:68579,R-HSA-109582,Hemostasis,TAS,Homo sapiens
2594,Rivaroxaban,9875401,CHEBI:68579,R-HSA-9769735,Initiation of coagulation cascade,TAS,Homo sapiens
2594,Rivaroxaban,9875401,CHEBI:68579,R-HSA-9769739,Regulation of clotting cascade,TAS,Homo sapiens
2594,Rivaroxaban,9875401,CHEBI:68579,R-HSA-9769740,Coagulation pathway,TAS,Homo sapiens
2594,Rivaroxaban,9875401,CHEBI:68579,R-HSA-9769743,Amplification and propagation of coagulation cascade,TAS,Homo sapiens
2595,Rivastigmine,77991,CHEBI:8874,R-HSA-112311,Neurotransmitter clearance,TAS,Homo sapiens
2595,Rivastigmine,77991,CHEBI:8874,R-HSA-112315,Transmission across Chemical Synapses,TAS,Homo sapiens
2595,Rivastigmine,77991,CHEBI:8874,R-HSA-112316,Neuronal System,TAS,Homo sapiens
2595,Rivastigmine,77991,CHEBI:8874,R-HSA-1430728,Metabolism,TAS,Homo sapiens
2595,Rivastigmine,77991,CHEBI:8874,R-HSA-1483191,Synthesis of PC,TAS,Homo sapiens
2595,Rivastigmine,77991,CHEBI:8874,R-HSA-1483206,Glycerophospholipid biosynthesis,TAS,Homo sapiens
2595,Rivastigmine,77991,CHEBI:8874,R-HSA-1483257,Phospholipid metabolism,TAS,Homo sapiens
2595,Rivastigmine,77991,CHEBI:8874,R-HSA-556833,Metabolism of lipids,TAS,Homo sapiens
2598,Rizatriptan,5078,CHEBI:48273,R-HSA-162582,Signal Transduction,TAS,Homo sapiens
2598,Rizatriptan,5078,CHEBI:48273,R-HSA-372790,Signaling by GPCR,TAS,Homo sapiens
2598,Rizatriptan,5078,CHEBI:48273,R-HSA-373076,Class A/1 (Rhodopsin-like receptors),TAS,Homo sapiens
2598,Rizatriptan,5078,CHEBI:48273,R-HSA-375280,Amine ligand-binding receptors,TAS,Homo sapiens
2598,Rizatriptan,5078,CHEBI:48273,R-HSA-390666,Serotonin receptors,TAS,Homo sapiens
2598,Rizatriptan,5078,CHEBI:48273,R-HSA-500792,GPCR ligand binding,TAS,Homo sapiens
2604,Rofecoxib,5090,CHEBI:8887,R-HSA-1430728,Metabolism,TAS,Homo sapiens
2604,Rofecoxib,5090,CHEBI:8887,R-HSA-2142753,Arachidonate metabolism,TAS,Homo sapiens
2604,Rofecoxib,5090,CHEBI:8887,R-HSA-2162123,Synthesis of Prostaglandins (PG) and Thromboxanes (TX),TAS,Homo sapiens
2604,Rofecoxib,5090,CHEBI:8887,R-HSA-556833,Metabolism of lipids,TAS,Homo sapiens
2604,Rofecoxib,5090,CHEBI:8887,R-HSA-8978868,Fatty acid metabolism,TAS,Homo sapiens
2605,Roflumilast,449193,CHEBI:47657,R-HSA-162582,Signal Transduction,TAS,Homo sapiens
2605,Roflumilast,449193,CHEBI:47657,R-HSA-372790,Signaling by GPCR,TAS,Homo sapiens
2605,Roflumilast,449193,CHEBI:47657,R-HSA-388396,GPCR downstream signalling,TAS,Homo sapiens
2605,Roflumilast,449193,CHEBI:47657,R-HSA-418555,G alpha (s) signalling events,TAS,Homo sapiens
2610,Romidepsin,5352062,CHEBI:61080,R-HSA-1643685,Disease,TAS,Homo sapiens
2610,Romidepsin,5352062,CHEBI:61080,R-HSA-3214815,HDACs deacetylate histones,TAS,Homo sapiens
2610,Romidepsin,5352062,CHEBI:61080,R-HSA-3247509,Chromatin modifying enzymes,TAS,Homo sapiens
2610,Romidepsin,5352062,CHEBI:61080,R-HSA-4839726,Chromatin organization,TAS,Homo sapiens
2610,Romidepsin,5352062,CHEBI:61080,R-HSA-5663205,Infectious disease,TAS,Homo sapiens
2610,Romidepsin,5352062,CHEBI:61080,R-HSA-9679191,Potential therapeutics for SARS,TAS,Homo sapiens
2610,Romidepsin,5352062,CHEBI:61080,R-HSA-9679506,SARS-CoV Infections,TAS,Homo sapiens
2610,Romidepsin,5352062,CHEBI:61080,R-HSA-9824446,Viral Infection Pathways,TAS,Homo sapiens
2616,Rosiglitazone,77999,CHEBI:50122,R-HSA-1266738,Developmental Biology,TAS,Homo sapiens
2616,Rosiglitazone,77999,CHEBI:50122,R-HSA-1430728,Metabolism,TAS,Homo sapiens
2616,Rosiglitazone,77999,CHEBI:50122,R-HSA-163685,Integration of energy metabolism,TAS,Homo sapiens
2616,Rosiglitazone,77999,CHEBI:50122,R-HSA-381340,Transcriptional regulation of white adipocyte differentiation,TAS,Homo sapiens
2616,Rosiglitazone,77999,CHEBI:50122,R-HSA-400451,Free fatty acids regulate insulin secretion,TAS,Homo sapiens
2616,Rosiglitazone,77999,CHEBI:50122,R-HSA-422356,Regulation of insulin secretion,TAS,Homo sapiens
2616,Rosiglitazone,77999,CHEBI:50122,R-HSA-434316,Fatty Acids bound to GPR40 (FFAR1) regulate insulin secretion,TAS,Homo sapiens
2616,Rosiglitazone,77999,CHEBI:50122,R-HSA-9843745,Adipogenesis,TAS,Homo sapiens
2618,Rosuvastatin,446157,CHEBI:38545,R-HSA-1430728,Metabolism,TAS,Homo sapiens
2618,Rosuvastatin,446157,CHEBI:38545,R-HSA-191273,Cholesterol biosynthesis,TAS,Homo sapiens
2618,Rosuvastatin,446157,CHEBI:38545,R-HSA-556833,Metabolism of lipids,TAS,Homo sapiens
2618,Rosuvastatin,446157,CHEBI:38545,R-HSA-8957322,Metabolism of steroids,TAS,Homo sapiens
2618,Rosuvastatin,446157,CHEBI:38545,R-HSA-9969896,Lanosterol biosynthesis,TAS,Homo sapiens
2627,Rupatadine,133017,CHEBI:135673,R-HSA-162582,Signal Transduction,TAS,Homo sapiens
2627,Rupatadine,133017,CHEBI:135673,R-HSA-372790,Signaling by GPCR,TAS,Homo sapiens
2627,Rupatadine,133017,CHEBI:135673,R-HSA-373076,Class A/1 (Rhodopsin-like receptors),TAS,Homo sapiens
2627,Rupatadine,133017,CHEBI:135673,R-HSA-375280,Amine ligand-binding receptors,TAS,Homo sapiens
2627,Rupatadine,133017,CHEBI:135673,R-HSA-390650,Histamine receptors,TAS,Homo sapiens
2627,Rupatadine,133017,CHEBI:135673,R-HSA-500792,GPCR ligand binding,TAS,Homo sapiens
2631,Sacubitril,9811834,CHEBI:134714,R-HSA-397014,Muscle contraction,TAS,Homo sapiens
2631,Sacubitril,9811834,CHEBI:134714,R-HSA-5576891,Cardiac conduction,TAS,Homo sapiens
2631,Sacubitril,9811834,CHEBI:134714,R-HSA-5578768,Physiological factors,TAS,Homo sapiens
2632,Safinamide,131682,CHEBI:134718,R-HSA-140179,Amine Oxidase reactions,TAS,Homo sapiens
2632,Safinamide,131682,CHEBI:134718,R-HSA-141333,Biogenic amines are oxidatively deaminated to aldehydes by MAOA and MAOB,TAS,Homo sapiens
2632,Safinamide,131682,CHEBI:134718,R-HSA-1430728,Metabolism,TAS,Homo sapiens
2632,Safinamide,131682,CHEBI:134718,R-HSA-211859,Biological oxidations,TAS,Homo sapiens
2632,Safinamide,131682,CHEBI:134718,R-HSA-211945,Phase I - Functionalization of compounds,TAS,Homo sapiens
2652,Scopolamine,3000322,CHEBI:16794,R-HSA-162582,Signal Transduction,TAS,Homo sapiens
2652,Scopolamine,3000322,CHEBI:16794,R-HSA-372790,Signaling by GPCR,TAS,Homo sapiens
2652,Scopolamine,3000322,CHEBI:16794,R-HSA-373076,Class A/1 (Rhodopsin-like receptors),TAS,Homo sapiens
2652,Scopolamine,3000322,CHEBI:16794,R-HSA-375280,Amine ligand-binding receptors,TAS,Homo sapiens
2652,Scopolamine,3000322,CHEBI:16794,R-HSA-390648,Muscarinic acetylcholine receptors,TAS,Homo sapiens
2652,Scopolamine,3000322,CHEBI:16794,R-HSA-500792,GPCR ligand binding,TAS,Homo sapiens
2664,Selumetinib,10127622,CHEBI:90227,R-HSA-162582,Signal Transduction,TAS,Homo sapiens
2664,Selumetinib,10127622,CHEBI:90227,R-HSA-5673001,RAF/MAP kinase cascade,TAS,Homo sapiens
2664,Selumetinib,10127622,CHEBI:90227,R-HSA-5674135,MAP2K and MAPK activation,TAS,Homo sapiens
2664,Selumetinib,10127622,CHEBI:90227,R-HSA-5683057,MAPK family signaling cascades,TAS,Homo sapiens
2664,Selumetinib,10127622,CHEBI:90227,R-HSA-5684996,MAPK1/MAPK3 signaling,TAS,Homo sapiens
2665,Semaglutide,56843331,CHEBI:167574,R-HSA-1430728,Metabolism,TAS,Homo sapiens
2665,Semaglutide,56843331,CHEBI:167574,R-HSA-163685,Integration of energy metabolism,TAS,Homo sapiens
2665,Semaglutide,56843331,CHEBI:167574,R-HSA-381676,Glucagon-like Peptide-1 (GLP1) regulates insulin secretion,TAS,Homo sapiens
2665,Semaglutide,56843331,CHEBI:167574,R-HSA-422356,Regulation of insulin secretion,TAS,Homo sapiens
2666,Semaxanib,5329098,CHEBI:91083,R-HSA-1280215,Cytokine Signaling in Immune system,TAS,Homo sapiens
2666,Semaxanib,5329098,CHEBI:91083,R-HSA-1643685,Disease,TAS,Homo sapiens
2666,Semaxanib,5329098,CHEBI:91083,R-HSA-168256,Immune System,TAS,Homo sapiens
2666,Semaxanib,5329098,CHEBI:91083,R-HSA-5663202,Diseases of signal transduction by growth factor receptors and second messengers,TAS,Homo sapiens
2666,Semaxanib,5329098,CHEBI:91083,R-HSA-9607240,FLT3 Signaling,TAS,Homo sapiens
2666,Semaxanib,5329098,CHEBI:91083,R-HSA-9682385,FLT3 signaling in disease,TAS,Homo sapiens
2666,Semaxanib,5329098,CHEBI:91083,R-HSA-9702506,Drug resistance of FLT3 mutants,TAS,Homo sapiens
2666,Semaxanib,5329098,CHEBI:91083,R-HSA-9702509,FLT3 mutants bind TKIs,TAS,Homo sapiens
2666,Semaxanib,5329098,CHEBI:91083,R-HSA-9702577,semaxanib-resistant FLT3 mutants,TAS,Homo sapiens
2673,Sertindole,60149,CHEBI:9122,R-HSA-162582,Signal Transduction,TAS,Homo sapiens
2673,Sertindole,60149,CHEBI:9122,R-HSA-372790,Signaling by GPCR,TAS,Homo sapiens
2673,Sertindole,60149,CHEBI:9122,R-HSA-373076,Class A/1 (Rhodopsin-like receptors),TAS,Homo sapiens
2673,Sertindole,60149,CHEBI:9122,R-HSA-375280,Amine ligand-binding receptors,TAS,Homo sapiens
2673,Sertindole,60149,CHEBI:9122,R-HSA-390651,Dopamine receptors,TAS,Homo sapiens
2673,Sertindole,60149,CHEBI:9122,R-HSA-390666,Serotonin receptors,TAS,Homo sapiens
2673,Sertindole,60149,CHEBI:9122,R-HSA-500792,GPCR ligand binding,TAS,Homo sapiens
2674,Sertraline,68617,CHEBI:9123,R-HSA-112311,Neurotransmitter clearance,TAS,Homo sapiens
2674,Sertraline,68617,CHEBI:9123,R-HSA-112315,Transmission across Chemical Synapses,TAS,Homo sapiens
2674,Sertraline,68617,CHEBI:9123,R-HSA-112316,Neuronal System,TAS,Homo sapiens
2674,Sertraline,68617,CHEBI:9123,R-HSA-380615,Serotonin clearance from the synaptic cleft,TAS,Homo sapiens
2680,Sildenafil,135398744,CHEBI:9139,R-HSA-397014,Muscle contraction,TAS,Homo sapiens
2680,Sildenafil,135398744,CHEBI:9139,R-HSA-445355,Smooth Muscle Contraction,TAS,Homo sapiens
2684,Simeprevir,24873435,CHEBI:134743,R-HSA-1643685,Disease,TAS,Homo sapiens
2684,Simeprevir,24873435,CHEBI:134743,R-HSA-1643685,Disease,IEA,Homo sapiens
2684,Simeprevir,24873435,CHEBI:134743,R-HSA-5663205,Infectious disease,TAS,Homo sapiens
2684,Simeprevir,24873435,CHEBI:134743,R-HSA-5663205,Infectious disease,IEA,Homo sapiens
2684,Simeprevir,24873435,CHEBI:134743,R-HSA-9678108,SARS-CoV-1 Infection,TAS,Homo sapiens
2684,Simeprevir,24873435,CHEBI:134743,R-HSA-9679504,Translation of Replicase and Assembly of the Replication Transcription Complex,TAS,Homo sapiens
2684,Simeprevir,24873435,CHEBI:134743,R-HSA-9679506,SARS-CoV Infections,TAS,Homo sapiens
2684,Simeprevir,24873435,CHEBI:134743,R-HSA-9679506,SARS-CoV Infections,IEA,Homo sapiens
2684,Simeprevir,24873435,CHEBI:134743,R-HSA-9679514,SARS-CoV-1 Genome Replication and Transcription,TAS,Homo sapiens
2684,Simeprevir,24873435,CHEBI:134743,R-HSA-9682706,Replication of the SARS-CoV-1 genome,TAS,Homo sapiens
2684,Simeprevir,24873435,CHEBI:134743,R-HSA-9684325,Maturation of replicase proteins,TAS,Homo sapiens
2684,Simeprevir,24873435,CHEBI:134743,R-HSA-9694301,Maturation of replicase proteins,TAS,Homo sapiens
2684,Simeprevir,24873435,CHEBI:134743,R-HSA-9694516,SARS-CoV-2 Infection,TAS,Homo sapiens
2684,Simeprevir,24873435,CHEBI:134743,R-HSA-9694516,SARS-CoV-2 Infection,IEA,Homo sapiens
2684,Simeprevir,24873435,CHEBI:134743,R-HSA-9694676,Translation of Replicase and Assembly of the Replication Transcription Complex,TAS,Homo sapiens
2684,Simeprevir,24873435,CHEBI:134743,R-HSA-9694682,SARS-CoV-2 Genome Replication and Transcription,TAS,Homo sapiens
2684,Simeprevir,24873435,CHEBI:134743,R-HSA-9694682,SARS-CoV-2 Genome Replication and Transcription,IEA,Homo sapiens
2684,Simeprevir,24873435,CHEBI:134743,R-HSA-9694686,Replication of the SARS-CoV-2 genome,TAS,Homo sapiens
2684,Simeprevir,24873435,CHEBI:134743,R-HSA-9694686,Replication of the SARS-CoV-2 genome,IEA,Homo sapiens
2684,Simeprevir,24873435,CHEBI:134743,R-HSA-9772572,Early SARS-CoV-2 Infection Events,TAS,Homo sapiens
2684,Simeprevir,24873435,CHEBI:134743,R-HSA-9772572,Early SARS-CoV-2 Infection Events,IEA,Homo sapiens
2684,Simeprevir,24873435,CHEBI:134743,R-HSA-9824446,Viral Infection Pathways,TAS,Homo sapiens
2684,Simeprevir,24873435,CHEBI:134743,R-HSA-9824446,Viral Infection Pathways,IEA,Homo sapiens
2686,Simvastatin,54454,CHEBI:9150,R-HSA-1430728,Metabolism,TAS,Homo sapiens
2686,Simvastatin,54454,CHEBI:9150,R-HSA-191273,Cholesterol biosynthesis,TAS,Homo sapiens
2686,Simvastatin,54454,CHEBI:9150,R-HSA-556833,Metabolism of lipids,TAS,Homo sapiens
2686,Simvastatin,54454,CHEBI:9150,R-HSA-8957322,Metabolism of steroids,TAS,Homo sapiens
2686,Simvastatin,54454,CHEBI:9150,R-HSA-9969896,Lanosterol biosynthesis,TAS,Homo sapiens
2689,Sirolimus,5284616,CHEBI:9168,R-HSA-162582,Signal Transduction,TAS,Homo sapiens
2689,Sirolimus,5284616,CHEBI:9168,R-HSA-1643685,Disease,TAS,Homo sapiens
2689,Sirolimus,5284616,CHEBI:9168,R-HSA-165159,MTOR signalling,TAS,Homo sapiens
2689,Sirolimus,5284616,CHEBI:9168,R-HSA-166208,mTORC1-mediated signalling,TAS,Homo sapiens
2689,Sirolimus,5284616,CHEBI:9168,R-HSA-5663205,Infectious disease,TAS,Homo sapiens
2689,Sirolimus,5284616,CHEBI:9168,R-HSA-9679191,Potential therapeutics for SARS,TAS,Homo sapiens
2689,Sirolimus,5284616,CHEBI:9168,R-HSA-9679506,SARS-CoV Infections,TAS,Homo sapiens
2689,Sirolimus,5284616,CHEBI:9168,R-HSA-9824446,Viral Infection Pathways,TAS,Homo sapiens
2692,Sitagliptin,4369359,CHEBI:40237,R-HSA-2980736,Peptide hormone metabolism,TAS,Homo sapiens
2692,Sitagliptin,4369359,CHEBI:40237,R-HSA-381771,"Synthesis, secretion, and inactivation of Glucagon-like Peptide-1 (GLP-1)",TAS,Homo sapiens
2692,Sitagliptin,4369359,CHEBI:40237,R-HSA-392499,Metabolism of proteins,TAS,Homo sapiens
2692,Sitagliptin,4369359,CHEBI:40237,R-HSA-400508,"Incretin synthesis, secretion, and inactivation",TAS,Homo sapiens
2693,Sitaxentan,216235,CHEBI:135736,R-HSA-162582,Signal Transduction,TAS,Homo sapiens
2693,Sitaxentan,216235,CHEBI:135736,R-HSA-372790,Signaling by GPCR,TAS,Homo sapiens
2693,Sitaxentan,216235,CHEBI:135736,R-HSA-373076,Class A/1 (Rhodopsin-like receptors),TAS,Homo sapiens
2693,Sitaxentan,216235,CHEBI:135736,R-HSA-375276,Peptide ligand-binding receptors,TAS,Homo sapiens
2693,Sitaxentan,216235,CHEBI:135736,R-HSA-500792,GPCR ligand binding,TAS,Homo sapiens
2697,Sodium cation,923,CHEBI:29101,R-HSA-109582,Hemostasis,TAS,Homo sapiens
2697,Sodium cation,923,CHEBI:29101,R-HSA-112310,Neurotransmitter release cycle,TAS,Homo sapiens
2697,Sodium cation,923,CHEBI:29101,R-HSA-112311,Neurotransmitter clearance,TAS,Homo sapiens
2697,Sodium cation,923,CHEBI:29101,R-HSA-112314,Neurotransmitter receptors and postsynaptic signal transmission,TAS,Homo sapiens
2697,Sodium cation,923,CHEBI:29101,R-HSA-112314,Neurotransmitter receptors and postsynaptic signal transmission,IEA,Homo sapiens
2697,Sodium cation,923,CHEBI:29101,R-HSA-112315,Transmission across Chemical Synapses,TAS,Homo sapiens
2697,Sodium cation,923,CHEBI:29101,R-HSA-112315,Transmission across Chemical Synapses,IEA,Homo sapiens
2697,Sodium cation,923,CHEBI:29101,R-HSA-112316,Neuronal System,TAS,Homo sapiens
2697,Sodium cation,923,CHEBI:29101,R-HSA-112316,Neuronal System,IEA,Homo sapiens
2697,Sodium cation,923,CHEBI:29101,R-HSA-139853,Elevation of cytosolic Ca2+ levels,TAS,Homo sapiens
2697,Sodium cation,923,CHEBI:29101,R-HSA-1430728,Metabolism,TAS,Homo sapiens
2697,Sodium cation,923,CHEBI:29101,R-HSA-1483191,Synthesis of PC,TAS,Homo sapiens
2697,Sodium cation,923,CHEBI:29101,R-HSA-1483206,Glycerophospholipid biosynthesis,TAS,Homo sapiens
2697,Sodium cation,923,CHEBI:29101,R-HSA-1483257,Phospholipid metabolism,TAS,Homo sapiens
2697,Sodium cation,923,CHEBI:29101,R-HSA-159418,Recycling of bile acids and salts,TAS,Homo sapiens
2697,Sodium cation,923,CHEBI:29101,R-HSA-1643685,Disease,TAS,Homo sapiens
2697,Sodium cation,923,CHEBI:29101,R-HSA-168249,Innate Immune System,TAS,Homo sapiens
2697,Sodium cation,923,CHEBI:29101,R-HSA-168256,Immune System,TAS,Homo sapiens
2697,Sodium cation,923,CHEBI:29101,R-HSA-181431,Acetylcholine binding and downstream events,TAS,Homo sapiens
2697,Sodium cation,923,CHEBI:29101,R-HSA-189200,Cellular hexose transport,TAS,Homo sapiens
2697,Sodium cation,923,CHEBI:29101,R-HSA-194068,Bile acid and bile salt metabolism,TAS,Homo sapiens
2697,Sodium cation,923,CHEBI:29101,R-HSA-196780,Biotin transport and metabolism,TAS,Homo sapiens
2697,Sodium cation,923,CHEBI:29101,R-HSA-196807,Nicotinate metabolism,TAS,Homo sapiens
2697,Sodium cation,923,CHEBI:29101,R-HSA-196836,Vitamin C (ascorbate) metabolism,TAS,Homo sapiens
2697,Sodium cation,923,CHEBI:29101,R-HSA-196849,Metabolism of water-soluble vitamins and cofactors,TAS,Homo sapiens
2697,Sodium cation,923,CHEBI:29101,R-HSA-196854,Metabolism of vitamins and cofactors,TAS,Homo sapiens
2697,Sodium cation,923,CHEBI:29101,R-HSA-199220,Vitamin B5 (pantothenate) metabolism,TAS,Homo sapiens
2697,Sodium cation,923,CHEBI:29101,R-HSA-200425,Carnitine shuttle,TAS,Homo sapiens
2697,Sodium cation,923,CHEBI:29101,R-HSA-209776,Metabolism of amine-derived hormones,TAS,Homo sapiens
2697,Sodium cation,923,CHEBI:29101,R-HSA-209968,Thyroxine biosynthesis,TAS,Homo sapiens
2697,Sodium cation,923,CHEBI:29101,R-HSA-210500,Glutamate Neurotransmitter Release Cycle,TAS,Homo sapiens
2697,Sodium cation,923,CHEBI:29101,R-HSA-2187338,Visual phototransduction,TAS,Homo sapiens
2697,Sodium cation,923,CHEBI:29101,R-HSA-2187338,Visual phototransduction,IEA,Homo sapiens
2697,Sodium cation,923,CHEBI:29101,R-HSA-2485179,Activation of the phototransduction cascade,TAS,Homo sapiens
2697,Sodium cation,923,CHEBI:29101,R-HSA-2485179,Activation of the phototransduction cascade,IEA,Homo sapiens
2697,Sodium cation,923,CHEBI:29101,R-HSA-2514856,The phototransduction cascade,TAS,Homo sapiens
2697,Sodium cation,923,CHEBI:29101,R-HSA-2514856,The phototransduction cascade,IEA,Homo sapiens
2697,Sodium cation,923,CHEBI:29101,R-HSA-264642,Acetylcholine Neurotransmitter Release Cycle,TAS,Homo sapiens
2697,Sodium cation,923,CHEBI:29101,R-HSA-2672351,Stimuli-sensing channels,TAS,Homo sapiens
2697,Sodium cation,923,CHEBI:29101,R-HSA-2672351,Stimuli-sensing channels,IEA,Homo sapiens
2697,Sodium cation,923,CHEBI:29101,R-HSA-3295583,TRP channels,TAS,Homo sapiens
2697,Sodium cation,923,CHEBI:29101,R-HSA-352230,Amino acid transport across the plasma membrane,TAS,Homo sapiens
2697,Sodium cation,923,CHEBI:29101,R-HSA-379401,Dopamine clearance from the synaptic cleft,TAS,Homo sapiens
2697,Sodium cation,923,CHEBI:29101,R-HSA-380615,Serotonin clearance from the synaptic cleft,TAS,Homo sapiens
2697,Sodium cation,923,CHEBI:29101,R-HSA-381753,Olfactory Signaling Pathway,IEA,Homo sapiens
2697,Sodium cation,923,CHEBI:29101,R-HSA-382551,Transport of small molecules,TAS,Homo sapiens
2697,Sodium cation,923,CHEBI:29101,R-HSA-382551,Transport of small molecules,IEA,Homo sapiens
2697,Sodium cation,923,CHEBI:29101,R-HSA-392499,Metabolism of proteins,TAS,Homo sapiens
2697,Sodium cation,923,CHEBI:29101,R-HSA-397014,Muscle contraction,TAS,Homo sapiens
2697,Sodium cation,923,CHEBI:29101,R-HSA-399710,Activation of AMPA receptors,TAS,Homo sapiens
2697,Sodium cation,923,CHEBI:29101,R-HSA-399721,"Glutamate binding, activation of AMPA receptors and synaptic plasticity",TAS,Homo sapiens
2697,Sodium cation,923,CHEBI:29101,R-HSA-418346,Platelet homeostasis,TAS,Homo sapiens
2697,Sodium cation,923,CHEBI:29101,R-HSA-418359,Reduction of cytosolic Ca++ levels,TAS,Homo sapiens
2697,Sodium cation,923,CHEBI:29101,R-HSA-418360,Platelet calcium homeostasis,TAS,Homo sapiens
2697,Sodium cation,923,CHEBI:29101,R-HSA-425381,Bicarbonate transporters,TAS,Homo sapiens
2697,Sodium cation,923,CHEBI:29101,R-HSA-425397,"Transport of vitamins, nucleosides, and related molecules",TAS,Homo sapiens
2697,Sodium cation,923,CHEBI:29101,R-HSA-425407,SLC-mediated transmembrane transport,TAS,Homo sapiens
2697,Sodium cation,923,CHEBI:29101,R-HSA-425410,Metal ion SLC transporters,TAS,Homo sapiens
2697,Sodium cation,923,CHEBI:29101,R-HSA-425561,Sodium/Calcium exchangers,TAS,Homo sapiens
2697,Sodium cation,923,CHEBI:29101,R-HSA-425986,Sodium/Proton exchangers,TAS,Homo sapiens
2697,Sodium cation,923,CHEBI:29101,R-HSA-426117,Cation-coupled Chloride cotransporters,TAS,Homo sapiens
2697,Sodium cation,923,CHEBI:29101,R-HSA-427589,Type II Na+/Pi cotransporters,TAS,Homo sapiens
2697,Sodium cation,923,CHEBI:29101,R-HSA-427652,Sodium-coupled phosphate cotransporters,TAS,Homo sapiens
2697,Sodium cation,923,CHEBI:29101,R-HSA-428643,Organic anion transport by SLC5/17/25 transporters,TAS,Homo sapiens
2697,Sodium cation,923,CHEBI:29101,R-HSA-429593,Inositol transporters,TAS,Homo sapiens
2697,Sodium cation,923,CHEBI:29101,R-HSA-433137,"Sodium-coupled sulphate, di- and tri-carboxylate transporters",TAS,Homo sapiens
2697,Sodium cation,923,CHEBI:29101,R-HSA-438066,"Unblocking of NMDA receptors, glutamate binding and activation",TAS,Homo sapiens
2697,Sodium cation,923,CHEBI:29101,R-HSA-438066,"Unblocking of NMDA receptors, glutamate binding and activation",IEA,Homo sapiens
2697,Sodium cation,923,CHEBI:29101,R-HSA-442660,SLC-mediated transport of neurotransmitters,TAS,Homo sapiens
2697,Sodium cation,923,CHEBI:29101,R-HSA-442755,Activation of NMDA receptors and postsynaptic events,TAS,Homo sapiens
2697,Sodium cation,923,CHEBI:29101,R-HSA-442755,Activation of NMDA receptors and postsynaptic events,IEA,Homo sapiens
2697,Sodium cation,923,CHEBI:29101,R-HSA-451306,Ionotropic activity of kainate receptors,TAS,Homo sapiens
2697,Sodium cation,923,CHEBI:29101,R-HSA-451307,Activation of Na-permeable kainate receptors,TAS,Homo sapiens
2697,Sodium cation,923,CHEBI:29101,R-HSA-451326,Activation of kainate receptors upon glutamate binding,TAS,Homo sapiens
2697,Sodium cation,923,CHEBI:29101,R-HSA-549127,SLC-mediated transport of organic cations,TAS,Homo sapiens
2697,Sodium cation,923,CHEBI:29101,R-HSA-556833,Metabolism of lipids,TAS,Homo sapiens
2697,Sodium cation,923,CHEBI:29101,R-HSA-5576891,Cardiac conduction,TAS,Homo sapiens
2697,Sodium cation,923,CHEBI:29101,R-HSA-5576892,Phase 0 - rapid depolarisation,TAS,Homo sapiens
2697,Sodium cation,923,CHEBI:29101,R-HSA-5578775,Ion homeostasis,TAS,Homo sapiens
2697,Sodium cation,923,CHEBI:29101,R-HSA-5619036,Defective SLC24A5 causes oculocutaneous albinism 6 (OCA6),TAS,Homo sapiens
2697,Sodium cation,923,CHEBI:29101,R-HSA-5619040,Defective SLC34A1 causes hypophosphatemic nephrolithiasis/osteoporosis 1 (NPHLOP1),TAS,Homo sapiens
2697,Sodium cation,923,CHEBI:29101,R-HSA-5619044,Defective transport of neurotransmitters by SLC6A19 causes Hartnup disorder (HND),TAS,Homo sapiens
2697,Sodium cation,923,CHEBI:29101,R-HSA-5619045,Defective SLC34A2 causes pulmonary alveolar microlithiasis (PALM),TAS,Homo sapiens
2697,Sodium cation,923,CHEBI:29101,R-HSA-5619052,Defective SLC9A9 causes autism 16 (AUTS16),TAS,Homo sapiens
2697,Sodium cation,923,CHEBI:29101,R-HSA-5619053,Defective SLC22A5 causes systemic primary carnitine deficiency (CDSP),TAS,Homo sapiens
2697,Sodium cation,923,CHEBI:29101,R-HSA-5619054,"Defective SLC4A4 causes renal tubular acidosis, proximal, with ocular abnormalities and mental retardation (pRTA-OA)",TAS,Homo sapiens
2697,Sodium cation,923,CHEBI:29101,R-HSA-5619055,Defective SLC24A4 causes hypomineralized amelogenesis imperfecta (AI),TAS,Homo sapiens
2697,Sodium cation,923,CHEBI:29101,R-HSA-5619062,Defective SLC1A3 causes episodic ataxia 6 (EA6),TAS,Homo sapiens
2697,Sodium cation,923,CHEBI:29101,R-HSA-5619067,Defective SLC1A1 is implicated in schizophrenia 18 (SCZD18) and dicarboxylic aminoaciduria (DCBXA),TAS,Homo sapiens
2697,Sodium cation,923,CHEBI:29101,R-HSA-5619077,Defective SLC24A1 causes congenital stationary night blindness 1D (CSNB1D),TAS,Homo sapiens
2697,Sodium cation,923,CHEBI:29101,R-HSA-5619081,Defective neurotransmitter clearance by SLC6A3 causes Parkinsonism-dystonia infantile (PKDYS),TAS,Homo sapiens
2697,Sodium cation,923,CHEBI:29101,R-HSA-5619087,Defective SLC12A3 causes Gitelman syndrome (GS),TAS,Homo sapiens
2697,Sodium cation,923,CHEBI:29101,R-HSA-5619089,Defective SLC6A5 causes hyperekplexia 3 (HKPX3),TAS,Homo sapiens
2697,Sodium cation,923,CHEBI:29101,R-HSA-5619092,"Defective SLC9A6 causes  X-linked, syndromic mental retardation,, Christianson type (MRXSCH)",TAS,Homo sapiens
2697,Sodium cation,923,CHEBI:29101,R-HSA-5619094,Variant SLC6A14 may confer susceptibility towards obesity,TAS,Homo sapiens
2697,Sodium cation,923,CHEBI:29101,R-HSA-5619096,Defective SLC5A5 causes thyroid dyshormonogenesis 1 (TDH1),TAS,Homo sapiens
2697,Sodium cation,923,CHEBI:29101,R-HSA-5619097,Defective SLC34A3 causes Hereditary hypophosphatemic rickets with hypercalciuria (HHRH),TAS,Homo sapiens
2697,Sodium cation,923,CHEBI:29101,R-HSA-5619101,Variant SLC6A20 affecting neurotransmitter transport contributes towards hyperglycinuria (HG) and iminoglycinuria (IG),TAS,Homo sapiens
2697,Sodium cation,923,CHEBI:29101,R-HSA-5619102,SLC transporter disorders,TAS,Homo sapiens
2697,Sodium cation,923,CHEBI:29101,R-HSA-5619104,Defective SLC12A1 causes Bartter syndrome 1 (BS1),TAS,Homo sapiens
2697,Sodium cation,923,CHEBI:29101,R-HSA-5619109,Defective SLC6A2 causes orthostatic intolerance (OI),TAS,Homo sapiens
2697,Sodium cation,923,CHEBI:29101,R-HSA-5619111,Defective SLC20A2 causes idiopathic basal ganglia calcification 1 (IBGC1),TAS,Homo sapiens
2697,Sodium cation,923,CHEBI:29101,R-HSA-5619114,Defective SLC5A7 in the neurotransmitter release cycle causes distal hereditary motor neuronopathy 7A (HMN7A),TAS,Homo sapiens
2697,Sodium cation,923,CHEBI:29101,R-HSA-5619115,Disorders of transmembrane transporters,TAS,Homo sapiens
2697,Sodium cation,923,CHEBI:29101,R-HSA-5656364,Defective SLC5A1 causes congenital glucose/galactose malabsorption (GGM),TAS,Homo sapiens
2697,Sodium cation,923,CHEBI:29101,R-HSA-5658208,Defective SLC5A2 causes renal glucosuria (GLYS1),TAS,Homo sapiens
2697,Sodium cation,923,CHEBI:29101,R-HSA-5658471,Defective transport by SLC5A7 causes distal hereditary motor neuronopathy 7A (HMN7A),TAS,Homo sapiens
2697,Sodium cation,923,CHEBI:29101,R-HSA-5659735,Defective transport of amino acids by SLC6A19 causes Hartnup disorder (HND),TAS,Homo sapiens
2697,Sodium cation,923,CHEBI:29101,R-HSA-5660686,Variant SLC6A20 affecting amino acid transport contributes towards hyperglycinuria (HG) and iminoglycinuria (IG),TAS,Homo sapiens
2697,Sodium cation,923,CHEBI:29101,R-HSA-5660724,Defective transport of neurotransmitters by SLC6A3 causes Parkinsonism-dystonia infantile (PKDYS),TAS,Homo sapiens
2697,Sodium cation,923,CHEBI:29101,R-HSA-5660862,Defective amino acid transport by SLC7A7 causes lysinuric protein intolerance (LPI),TAS,Homo sapiens
2697,Sodium cation,923,CHEBI:29101,R-HSA-5668914,Diseases of metabolism,TAS,Homo sapiens
2697,Sodium cation,923,CHEBI:29101,R-HSA-5683826,Surfactant metabolism,TAS,Homo sapiens
2697,Sodium cation,923,CHEBI:29101,R-HSA-5687583,Defective SLC34A2 causes PALM,TAS,Homo sapiens
2697,Sodium cation,923,CHEBI:29101,R-HSA-5687613,Diseases associated with surfactant metabolism,TAS,Homo sapiens
2697,Sodium cation,923,CHEBI:29101,R-HSA-622323,Presynaptic nicotinic acetylcholine receptors,TAS,Homo sapiens
2697,Sodium cation,923,CHEBI:29101,R-HSA-622327,Postsynaptic nicotinic acetylcholine receptors,TAS,Homo sapiens
2697,Sodium cation,923,CHEBI:29101,R-HSA-629587,Highly sodium permeable postsynaptic acetylcholine nicotinic receptors,TAS,Homo sapiens
2697,Sodium cation,923,CHEBI:29101,R-HSA-6798163,Choline catabolism,TAS,Homo sapiens
2697,Sodium cation,923,CHEBI:29101,R-HSA-6799990,Metal sequestration by antimicrobial proteins,TAS,Homo sapiens
2697,Sodium cation,923,CHEBI:29101,R-HSA-6803157,Antimicrobial peptides,TAS,Homo sapiens
2697,Sodium cation,923,CHEBI:29101,R-HSA-71288,Creatine metabolism,TAS,Homo sapiens
2697,Sodium cation,923,CHEBI:29101,R-HSA-71291,Metabolism of amino acids and derivatives,TAS,Homo sapiens
2697,Sodium cation,923,CHEBI:29101,R-HSA-83936,Transport of nucleosides and free purine and pyrimidine bases across the plasma membrane,TAS,Homo sapiens
2697,Sodium cation,923,CHEBI:29101,R-HSA-888590,"GABA synthesis, release, reuptake and degradation",TAS,Homo sapiens
2697,Sodium cation,923,CHEBI:29101,R-HSA-888593,Reuptake of GABA,TAS,Homo sapiens
2697,Sodium cation,923,CHEBI:29101,R-HSA-8949215,Mitochondrial calcium ion transport,IEA,Homo sapiens
2697,Sodium cation,923,CHEBI:29101,R-HSA-8949215,Mitochondrial calcium ion transport,TAS,Homo sapiens
2697,Sodium cation,923,CHEBI:29101,R-HSA-8953897,Cellular responses to stimuli,IEA,Homo sapiens
2697,Sodium cation,923,CHEBI:29101,R-HSA-8957322,Metabolism of steroids,TAS,Homo sapiens
2697,Sodium cation,923,CHEBI:29101,R-HSA-8963676,Intestinal absorption,TAS,Homo sapiens
2697,Sodium cation,923,CHEBI:29101,R-HSA-8963743,Digestion and absorption,TAS,Homo sapiens
2697,Sodium cation,923,CHEBI:29101,R-HSA-8978868,Fatty acid metabolism,TAS,Homo sapiens
2697,Sodium cation,923,CHEBI:29101,R-HSA-8981373,Intestinal hexose absorption,TAS,Homo sapiens
2697,Sodium cation,923,CHEBI:29101,R-HSA-936837,Ion transport by P-type ATPases,TAS,Homo sapiens
2697,Sodium cation,923,CHEBI:29101,R-HSA-9709957,Sensory Perception,TAS,Homo sapiens
2697,Sodium cation,923,CHEBI:29101,R-HSA-9709957,Sensory Perception,IEA,Homo sapiens
2697,Sodium cation,923,CHEBI:29101,R-HSA-9717189,Sensory perception of taste,TAS,Homo sapiens
2697,Sodium cation,923,CHEBI:29101,R-HSA-9717189,Sensory perception of taste,IEA,Homo sapiens
2697,Sodium cation,923,CHEBI:29101,R-HSA-9717207,"Sensory perception of sweet, bitter, and umami (glutamate) taste",IEA,Homo sapiens
2697,Sodium cation,923,CHEBI:29101,R-HSA-9730628,Sensory perception of salty taste,TAS,Homo sapiens
2697,Sodium cation,923,CHEBI:29101,R-HSA-9730628,Sensory perception of salty taste,IEA,Homo sapiens
2697,Sodium cation,923,CHEBI:29101,R-HSA-9748784,Drug ADME,TAS,Homo sapiens
2697,Sodium cation,923,CHEBI:29101,R-HSA-9748787,Azathioprine ADME,TAS,Homo sapiens
2697,Sodium cation,923,CHEBI:29101,R-HSA-9755088,Ribavirin ADME,TAS,Homo sapiens
2697,Sodium cation,923,CHEBI:29101,R-HSA-983712,Ion channel transport,TAS,Homo sapiens
2697,Sodium cation,923,CHEBI:29101,R-HSA-983712,Ion channel transport,IEA,Homo sapiens
2697,Sodium cation,923,CHEBI:29101,R-HSA-9855142,Cellular responses to mechanical stimuli,IEA,Homo sapiens
2697,Sodium cation,923,CHEBI:29101,R-HSA-9856530,High laminar flow shear stress activates signaling by PIEZO1 and PECAM1:CDH5:KDR in endothelial cells,IEA,Homo sapiens
2697,Sodium cation,923,CHEBI:29101,R-HSA-9856532,Mechanical load activates signaling by PIEZO1 and integrins in osteocytes,IEA,Homo sapiens
2697,Sodium cation,923,CHEBI:29101,R-HSA-9860927,"Turbulent (oscillatory, disturbed) flow shear stress activates signaling by PIEZO1 and integrins in endothelial cells",IEA,Homo sapiens
2697,Sodium cation,923,CHEBI:29101,R-HSA-9860931,Response of endothelial cells to shear stress,IEA,Homo sapiens
2697,Sodium cation,923,CHEBI:29101,R-HSA-9955298,SLC-mediated transport of organic anions,TAS,Homo sapiens
2697,Sodium cation,923,CHEBI:29101,R-HSA-9958517,SLC-mediated bile acid transport,TAS,Homo sapiens
2697,Sodium cation,923,CHEBI:29101,R-HSA-9958790,SLC-mediated transport of inorganic anions,TAS,Homo sapiens
2697,Sodium cation,923,CHEBI:29101,R-HSA-9958863,SLC-mediated transport of amino acids,TAS,Homo sapiens
2701,Sofosbuvir,45375808,CHEBI:85083,R-HSA-1643685,Disease,TAS,Homo sapiens
2701,Sofosbuvir,45375808,CHEBI:85083,R-HSA-5663205,Infectious disease,TAS,Homo sapiens
2701,Sofosbuvir,45375808,CHEBI:85083,R-HSA-9824446,Viral Infection Pathways,TAS,Homo sapiens
2701,Sofosbuvir,45375808,CHEBI:85083,R-HSA-9839923,Dengue Virus Infection,TAS,Homo sapiens
2701,Sofosbuvir,45375808,CHEBI:85083,R-HSA-9918487,Dengue Virus Genome Translation and Replication,TAS,Homo sapiens
2703,Solabegron,9887812,CHEBI:141346,R-HSA-162582,Signal Transduction,TAS,Homo sapiens
2703,Solabegron,9887812,CHEBI:141346,R-HSA-372790,Signaling by GPCR,TAS,Homo sapiens
2703,Solabegron,9887812,CHEBI:141346,R-HSA-373076,Class A/1 (Rhodopsin-like receptors),TAS,Homo sapiens
2703,Solabegron,9887812,CHEBI:141346,R-HSA-375280,Amine ligand-binding receptors,TAS,Homo sapiens
2703,Solabegron,9887812,CHEBI:141346,R-HSA-390696,Adrenoceptors,TAS,Homo sapiens
2703,Solabegron,9887812,CHEBI:141346,R-HSA-500792,GPCR ligand binding,TAS,Homo sapiens
2704,Solifenacin,154059,CHEBI:135530,R-HSA-162582,Signal Transduction,TAS,Homo sapiens
2704,Solifenacin,154059,CHEBI:135530,R-HSA-372790,Signaling by GPCR,TAS,Homo sapiens
2704,Solifenacin,154059,CHEBI:135530,R-HSA-373076,Class A/1 (Rhodopsin-like receptors),TAS,Homo sapiens
2704,Solifenacin,154059,CHEBI:135530,R-HSA-375280,Amine ligand-binding receptors,TAS,Homo sapiens
2704,Solifenacin,154059,CHEBI:135530,R-HSA-390648,Muscarinic acetylcholine receptors,TAS,Homo sapiens
2704,Solifenacin,154059,CHEBI:135530,R-HSA-500792,GPCR ligand binding,TAS,Homo sapiens
2709,Sotagliflozin,24831714,CHEBI:229226,R-HSA-189200,Cellular hexose transport,TAS,Homo sapiens
2709,Sotagliflozin,24831714,CHEBI:229226,R-HSA-382551,Transport of small molecules,TAS,Homo sapiens
2709,Sotagliflozin,24831714,CHEBI:229226,R-HSA-425407,SLC-mediated transmembrane transport,TAS,Homo sapiens
2710,Sotalol,5253,CHEBI:63622,R-HSA-162582,Signal Transduction,TAS,Homo sapiens
2710,Sotalol,5253,CHEBI:63622,R-HSA-372790,Signaling by GPCR,TAS,Homo sapiens
2710,Sotalol,5253,CHEBI:63622,R-HSA-373076,Class A/1 (Rhodopsin-like receptors),TAS,Homo sapiens
2710,Sotalol,5253,CHEBI:63622,R-HSA-375280,Amine ligand-binding receptors,TAS,Homo sapiens
2710,Sotalol,5253,CHEBI:63622,R-HSA-390696,Adrenoceptors,TAS,Homo sapiens
2710,Sotalol,5253,CHEBI:63622,R-HSA-500792,GPCR ligand binding,TAS,Homo sapiens
2721,Spirapril,5311447,CHEBI:135756,R-HSA-2022377,Metabolism of Angiotensinogen to Angiotensins,TAS,Homo sapiens
2721,Spirapril,5311447,CHEBI:135756,R-HSA-2980736,Peptide hormone metabolism,TAS,Homo sapiens
2721,Spirapril,5311447,CHEBI:135756,R-HSA-392499,Metabolism of proteins,TAS,Homo sapiens
2722,Spironolactone,5833,CHEBI:9241,R-HSA-2262752,Cellular responses to stress,TAS,Homo sapiens
2722,Spironolactone,5833,CHEBI:9241,R-HSA-3371497,HSP90 chaperone cycle for steroid hormone receptors (SHR) in the presence of ligand,TAS,Homo sapiens
2722,Spironolactone,5833,CHEBI:9241,R-HSA-8953897,Cellular responses to stimuli,TAS,Homo sapiens
2725,Stanozolol,25249,CHEBI:9249,R-HSA-2262752,Cellular responses to stress,TAS,Homo sapiens
2725,Stanozolol,25249,CHEBI:9249,R-HSA-3371497,HSP90 chaperone cycle for steroid hormone receptors (SHR) in the presence of ligand,TAS,Homo sapiens
2725,Stanozolol,25249,CHEBI:9249,R-HSA-8953897,Cellular responses to stimuli,TAS,Homo sapiens
2730,Streptomycin,19649,CHEBI:17076,R-HSA-1643685,Disease,TAS,Homo sapiens
2730,Streptomycin,19649,CHEBI:17076,R-HSA-5663205,Infectious disease,TAS,Homo sapiens
2730,Streptomycin,19649,CHEBI:17076,R-HSA-9638737,Action of antimicrobials and antimicrobial resistance,TAS,Homo sapiens
2730,Streptomycin,19649,CHEBI:17076,R-HSA-9638771,Action of antimicrobials,TAS,Homo sapiens
2730,Streptomycin,19649,CHEBI:17076,R-HSA-9640148,Infection with Enterobacteria,TAS,Homo sapiens
2730,Streptomycin,19649,CHEBI:17076,R-HSA-9824439,Bacterial Infection Pathways,TAS,Homo sapiens
2730,Streptomycin,19649,CHEBI:17076,R-HSA-9913143,Antimicrobial resistance,TAS,Homo sapiens
2731,Streptozocin,29327,CHEBI:9288,R-HSA-73884,Base Excision Repair,IEA,Homo sapiens
2731,Streptozocin,29327,CHEBI:9288,R-HSA-73894,DNA Repair,IEA,Homo sapiens
2731,Streptozocin,29327,CHEBI:9288,R-HSA-73929,"Base-Excision Repair, AP Site Formation",IEA,Homo sapiens
2731,Streptozocin,29327,CHEBI:9288,R-HSA-73942,DNA Damage Reversal,IEA,Homo sapiens
2731,Streptozocin,29327,CHEBI:9288,R-HSA-9729902,Reversible DNA damage induced by alkylating chemotherapeutic drugs,IEA,Homo sapiens
2731,Streptozocin,29327,CHEBI:9288,R-HSA-9730737,Alkylating DNA damage induced by chemotherapeutic drugs,IEA,Homo sapiens
2743,Sulfacetamide,5320,CHEBI:63845,R-HSA-1430728,Metabolism,TAS,Homo sapiens
2743,Sulfacetamide,5320,CHEBI:63845,R-HSA-156580,Phase II - Conjugation of compounds,TAS,Homo sapiens
2743,Sulfacetamide,5320,CHEBI:63845,R-HSA-156582,Acetylation,TAS,Homo sapiens
2743,Sulfacetamide,5320,CHEBI:63845,R-HSA-211859,Biological oxidations,TAS,Homo sapiens
2761,Sulfanilamide,5333,CHEBI:45373,R-HSA-1430728,Metabolism,TAS,Homo sapiens
2761,Sulfanilamide,5333,CHEBI:45373,R-HSA-156580,Phase II - Conjugation of compounds,TAS,Homo sapiens
2761,Sulfanilamide,5333,CHEBI:45373,R-HSA-156582,Acetylation,TAS,Homo sapiens
2761,Sulfanilamide,5333,CHEBI:45373,R-HSA-211859,Biological oxidations,TAS,Homo sapiens
2767,Sulfasalazine,5339,CHEBI:9334,R-HSA-1430728,Metabolism,TAS,Homo sapiens
2767,Sulfasalazine,5339,CHEBI:9334,R-HSA-2142691,Synthesis of Leukotrienes (LT) and Eoxins (EX),TAS,Homo sapiens
2767,Sulfasalazine,5339,CHEBI:9334,R-HSA-2142753,Arachidonate metabolism,TAS,Homo sapiens
2767,Sulfasalazine,5339,CHEBI:9334,R-HSA-556833,Metabolism of lipids,TAS,Homo sapiens
2767,Sulfasalazine,5339,CHEBI:9334,R-HSA-8978868,Fatty acid metabolism,TAS,Homo sapiens
2771,Sulforaphane,5350,CHEBI:47807,R-HSA-1643685,Disease,TAS,Homo sapiens
2771,Sulforaphane,5350,CHEBI:47807,R-HSA-2262752,Cellular responses to stress,TAS,Homo sapiens
2771,Sulforaphane,5350,CHEBI:47807,R-HSA-392499,Metabolism of proteins,TAS,Homo sapiens
2771,Sulforaphane,5350,CHEBI:47807,R-HSA-5663205,Infectious disease,TAS,Homo sapiens
2771,Sulforaphane,5350,CHEBI:47807,R-HSA-597592,Post-translational protein modification,TAS,Homo sapiens
2771,Sulforaphane,5350,CHEBI:47807,R-HSA-8951664,Neddylation,TAS,Homo sapiens
2771,Sulforaphane,5350,CHEBI:47807,R-HSA-8953897,Cellular responses to stimuli,TAS,Homo sapiens
2771,Sulforaphane,5350,CHEBI:47807,R-HSA-9679191,Potential therapeutics for SARS,TAS,Homo sapiens
2771,Sulforaphane,5350,CHEBI:47807,R-HSA-9679506,SARS-CoV Infections,TAS,Homo sapiens
2771,Sulforaphane,5350,CHEBI:47807,R-HSA-9711123,Cellular response to chemical stress,TAS,Homo sapiens
2771,Sulforaphane,5350,CHEBI:47807,R-HSA-9755511,KEAP1-NFE2L2 pathway,TAS,Homo sapiens
2771,Sulforaphane,5350,CHEBI:47807,R-HSA-9824446,Viral Infection Pathways,TAS,Homo sapiens
2776,Sulthiame,5356,CHEBI:32171,R-HSA-1237044,Erythrocytes take up carbon dioxide and release oxygen,TAS,Homo sapiens
2776,Sulthiame,5356,CHEBI:32171,R-HSA-1480926,O2/CO2 exchange in erythrocytes,TAS,Homo sapiens
2776,Sulthiame,5356,CHEBI:32171,R-HSA-382551,Transport of small molecules,TAS,Homo sapiens
2778,Sumatriptan,5358,CHEBI:10650,R-HSA-162582,Signal Transduction,TAS,Homo sapiens
2778,Sumatriptan,5358,CHEBI:10650,R-HSA-372790,Signaling by GPCR,TAS,Homo sapiens
2778,Sumatriptan,5358,CHEBI:10650,R-HSA-373076,Class A/1 (Rhodopsin-like receptors),TAS,Homo sapiens
2778,Sumatriptan,5358,CHEBI:10650,R-HSA-375280,Amine ligand-binding receptors,TAS,Homo sapiens
2778,Sumatriptan,5358,CHEBI:10650,R-HSA-390666,Serotonin receptors,TAS,Homo sapiens
2778,Sumatriptan,5358,CHEBI:10650,R-HSA-500792,GPCR ligand binding,TAS,Homo sapiens
2779,Sunitinib,5329102,CHEBI:38940,R-HSA-1169410,Antimicrobial mechanism of IFN-stimulated genes,TAS,Homo sapiens
2779,Sunitinib,5329102,CHEBI:38940,R-HSA-1280215,Cytokine Signaling in Immune system,TAS,Homo sapiens
2779,Sunitinib,5329102,CHEBI:38940,R-HSA-1433557,Signaling by SCF-KIT,TAS,Homo sapiens
2779,Sunitinib,5329102,CHEBI:38940,R-HSA-162582,Signal Transduction,TAS,Homo sapiens
2779,Sunitinib,5329102,CHEBI:38940,R-HSA-1643685,Disease,TAS,Homo sapiens
2779,Sunitinib,5329102,CHEBI:38940,R-HSA-168256,Immune System,TAS,Homo sapiens
2779,Sunitinib,5329102,CHEBI:38940,R-HSA-186797,Signaling by PDGF,TAS,Homo sapiens
2779,Sunitinib,5329102,CHEBI:38940,R-HSA-5663202,Diseases of signal transduction by growth factor receptors and second messengers,TAS,Homo sapiens
2779,Sunitinib,5329102,CHEBI:38940,R-HSA-5663205,Infectious disease,TAS,Homo sapiens
2779,Sunitinib,5329102,CHEBI:38940,R-HSA-9006934,Signaling by Receptor Tyrosine Kinases,TAS,Homo sapiens
2779,Sunitinib,5329102,CHEBI:38940,R-HSA-913531,Interferon Signaling,TAS,Homo sapiens
2779,Sunitinib,5329102,CHEBI:38940,R-HSA-9607240,FLT3 Signaling,TAS,Homo sapiens
2779,Sunitinib,5329102,CHEBI:38940,R-HSA-9669921,KIT mutants bind TKIs,TAS,Homo sapiens
2779,Sunitinib,5329102,CHEBI:38940,R-HSA-9669934,Sunitinib-resistant KIT mutants,TAS,Homo sapiens
2779,Sunitinib,5329102,CHEBI:38940,R-HSA-9669937,Drug resistance of KIT mutants,TAS,Homo sapiens
2779,Sunitinib,5329102,CHEBI:38940,R-HSA-9669938,Signaling by KIT in disease,TAS,Homo sapiens
2779,Sunitinib,5329102,CHEBI:38940,R-HSA-9671555,Signaling by PDGFR in disease,TAS,Homo sapiens
2779,Sunitinib,5329102,CHEBI:38940,R-HSA-9674401,Sunitinib-resistant PDGFR mutants,TAS,Homo sapiens
2779,Sunitinib,5329102,CHEBI:38940,R-HSA-9674415,Drug resistance of PDGFR mutants,TAS,Homo sapiens
2779,Sunitinib,5329102,CHEBI:38940,R-HSA-9674428,PDGFR mutants bind TKIs,TAS,Homo sapiens
2779,Sunitinib,5329102,CHEBI:38940,R-HSA-9682385,FLT3 signaling in disease,TAS,Homo sapiens
2779,Sunitinib,5329102,CHEBI:38940,R-HSA-9702506,Drug resistance of FLT3 mutants,TAS,Homo sapiens
2779,Sunitinib,5329102,CHEBI:38940,R-HSA-9702509,FLT3 mutants bind TKIs,TAS,Homo sapiens
2779,Sunitinib,5329102,CHEBI:38940,R-HSA-9702632,sunitinib-resistant FLT3 mutants,TAS,Homo sapiens
2779,Sunitinib,5329102,CHEBI:38940,R-HSA-9824446,Viral Infection Pathways,TAS,Homo sapiens
2779,Sunitinib,5329102,CHEBI:38940,R-HSA-9833482,PKR-mediated signaling,TAS,Homo sapiens
2779,Sunitinib,5329102,CHEBI:38940,R-HSA-9839923,Dengue Virus Infection,TAS,Homo sapiens
2779,Sunitinib,5329102,CHEBI:38940,R-HSA-9918485,Dengue Virus Attachment and Entry,TAS,Homo sapiens
2780,Suprofen,5359,CHEBI:9362,R-HSA-1430728,Metabolism,TAS,Homo sapiens
2780,Suprofen,5359,CHEBI:9362,R-HSA-2142753,Arachidonate metabolism,TAS,Homo sapiens
2780,Suprofen,5359,CHEBI:9362,R-HSA-2162123,Synthesis of Prostaglandins (PG) and Thromboxanes (TX),TAS,Homo sapiens
2780,Suprofen,5359,CHEBI:9362,R-HSA-556833,Metabolism of lipids,TAS,Homo sapiens
2780,Suprofen,5359,CHEBI:9362,R-HSA-8978868,Fatty acid metabolism,TAS,Homo sapiens
2786,Tacrine,1935,CHEBI:45980,R-HSA-112311,Neurotransmitter clearance,TAS,Homo sapiens
2786,Tacrine,1935,CHEBI:45980,R-HSA-112315,Transmission across Chemical Synapses,TAS,Homo sapiens
2786,Tacrine,1935,CHEBI:45980,R-HSA-112316,Neuronal System,TAS,Homo sapiens
2786,Tacrine,1935,CHEBI:45980,R-HSA-1430728,Metabolism,TAS,Homo sapiens
2786,Tacrine,1935,CHEBI:45980,R-HSA-1483191,Synthesis of PC,TAS,Homo sapiens
2786,Tacrine,1935,CHEBI:45980,R-HSA-1483206,Glycerophospholipid biosynthesis,TAS,Homo sapiens
2786,Tacrine,1935,CHEBI:45980,R-HSA-1483257,Phospholipid metabolism,TAS,Homo sapiens
2786,Tacrine,1935,CHEBI:45980,R-HSA-556833,Metabolism of lipids,TAS,Homo sapiens
2787,Tacrolimus,445643,CHEBI:61049,R-HSA-1168372,Downstream signaling events of B Cell Receptor (BCR),IEA,Homo sapiens
2787,Tacrolimus,445643,CHEBI:61049,R-HSA-1168372,Downstream signaling events of B Cell Receptor (BCR),TAS,Homo sapiens
2787,Tacrolimus,445643,CHEBI:61049,R-HSA-1280218,Adaptive Immune System,IEA,Homo sapiens
2787,Tacrolimus,445643,CHEBI:61049,R-HSA-1280218,Adaptive Immune System,TAS,Homo sapiens
2787,Tacrolimus,445643,CHEBI:61049,R-HSA-1643685,Disease,TAS,Homo sapiens
2787,Tacrolimus,445643,CHEBI:61049,R-HSA-168256,Immune System,IEA,Homo sapiens
2787,Tacrolimus,445643,CHEBI:61049,R-HSA-168256,Immune System,TAS,Homo sapiens
2787,Tacrolimus,445643,CHEBI:61049,R-HSA-2025928,Calcineurin activates NFAT,IEA,Homo sapiens
2787,Tacrolimus,445643,CHEBI:61049,R-HSA-2025928,Calcineurin activates NFAT,TAS,Homo sapiens
2787,Tacrolimus,445643,CHEBI:61049,R-HSA-5663205,Infectious disease,TAS,Homo sapiens
2787,Tacrolimus,445643,CHEBI:61049,R-HSA-9679191,Potential therapeutics for SARS,TAS,Homo sapiens
2787,Tacrolimus,445643,CHEBI:61049,R-HSA-9679506,SARS-CoV Infections,TAS,Homo sapiens
2787,Tacrolimus,445643,CHEBI:61049,R-HSA-9824446,Viral Infection Pathways,TAS,Homo sapiens
2787,Tacrolimus,445643,CHEBI:61049,R-HSA-983705,Signaling by the B Cell Receptor (BCR),IEA,Homo sapiens
2787,Tacrolimus,445643,CHEBI:61049,R-HSA-983705,Signaling by the B Cell Receptor (BCR),TAS,Homo sapiens
2788,Tadalafil,110635,CHEBI:71940,R-HSA-397014,Muscle contraction,TAS,Homo sapiens
2788,Tadalafil,110635,CHEBI:71940,R-HSA-445355,Smooth Muscle Contraction,TAS,Homo sapiens
2791,Tafluprost,9868491,CHEBI:66899,R-HSA-162582,Signal Transduction,TAS,Homo sapiens
2791,Tafluprost,9868491,CHEBI:66899,R-HSA-372790,Signaling by GPCR,TAS,Homo sapiens
2791,Tafluprost,9868491,CHEBI:66899,R-HSA-373076,Class A/1 (Rhodopsin-like receptors),TAS,Homo sapiens
2791,Tafluprost,9868491,CHEBI:66899,R-HSA-391903,Eicosanoid ligand-binding receptors,TAS,Homo sapiens
2791,Tafluprost,9868491,CHEBI:66899,R-HSA-391908,Prostanoid ligand receptors,TAS,Homo sapiens
2791,Tafluprost,9868491,CHEBI:66899,R-HSA-500792,GPCR ligand binding,TAS,Homo sapiens
2800,Tamoxifen,2733526,CHEBI:41774,R-HSA-1430728,Metabolism,TAS,Homo sapiens
2800,Tamoxifen,2733526,CHEBI:41774,R-HSA-156580,Phase II - Conjugation of compounds,TAS,Homo sapiens
2800,Tamoxifen,2733526,CHEBI:41774,R-HSA-156588,Glucuronidation,TAS,Homo sapiens
2800,Tamoxifen,2733526,CHEBI:41774,R-HSA-162582,Signal Transduction,TAS,Homo sapiens
2800,Tamoxifen,2733526,CHEBI:41774,R-HSA-211859,Biological oxidations,TAS,Homo sapiens
2800,Tamoxifen,2733526,CHEBI:41774,R-HSA-211945,Phase I - Functionalization of compounds,TAS,Homo sapiens
2800,Tamoxifen,2733526,CHEBI:41774,R-HSA-217271,FMO oxidises nucleophiles,TAS,Homo sapiens
2800,Tamoxifen,2733526,CHEBI:41774,R-HSA-8939211,ESR-mediated signaling,TAS,Homo sapiens
2800,Tamoxifen,2733526,CHEBI:41774,R-HSA-9006931,Signaling by Nuclear Receptors,TAS,Homo sapiens
2803,Tandutinib,3038522,CHEBI:90237,R-HSA-1280215,Cytokine Signaling in Immune system,TAS,Homo sapiens
2803,Tandutinib,3038522,CHEBI:90237,R-HSA-1643685,Disease,TAS,Homo sapiens
2803,Tandutinib,3038522,CHEBI:90237,R-HSA-168256,Immune System,TAS,Homo sapiens
2803,Tandutinib,3038522,CHEBI:90237,R-HSA-5663202,Diseases of signal transduction by growth factor receptors and second messengers,TAS,Homo sapiens
2803,Tandutinib,3038522,CHEBI:90237,R-HSA-9607240,FLT3 Signaling,TAS,Homo sapiens
2803,Tandutinib,3038522,CHEBI:90237,R-HSA-9682385,FLT3 signaling in disease,TAS,Homo sapiens
2803,Tandutinib,3038522,CHEBI:90237,R-HSA-9702506,Drug resistance of FLT3 mutants,TAS,Homo sapiens
2803,Tandutinib,3038522,CHEBI:90237,R-HSA-9702509,FLT3 mutants bind TKIs,TAS,Homo sapiens
2803,Tandutinib,3038522,CHEBI:90237,R-HSA-9702636,tandutinib-resistant FLT3 mutants,TAS,Homo sapiens
2806,Tariquidar,148201,CHEBI:177609,R-HSA-9748784,Drug ADME,TAS,Homo sapiens
2806,Tariquidar,148201,CHEBI:177609,R-HSA-9757110,Prednisone ADME,TAS,Homo sapiens
2828,Telaprevir,3010818,CHEBI:68595,R-HSA-1643685,Disease,TAS,Homo sapiens
2828,Telaprevir,3010818,CHEBI:68595,R-HSA-5663205,Infectious disease,TAS,Homo sapiens
2828,Telaprevir,3010818,CHEBI:68595,R-HSA-9678108,SARS-CoV-1 Infection,TAS,Homo sapiens
2828,Telaprevir,3010818,CHEBI:68595,R-HSA-9679504,Translation of Replicase and Assembly of the Replication Transcription Complex,TAS,Homo sapiens
2828,Telaprevir,3010818,CHEBI:68595,R-HSA-9679506,SARS-CoV Infections,TAS,Homo sapiens
2828,Telaprevir,3010818,CHEBI:68595,R-HSA-9684325,Maturation of replicase proteins,TAS,Homo sapiens
2828,Telaprevir,3010818,CHEBI:68595,R-HSA-9694301,Maturation of replicase proteins,TAS,Homo sapiens
2828,Telaprevir,3010818,CHEBI:68595,R-HSA-9694516,SARS-CoV-2 Infection,TAS,Homo sapiens
2828,Telaprevir,3010818,CHEBI:68595,R-HSA-9694676,Translation of Replicase and Assembly of the Replication Transcription Complex,TAS,Homo sapiens
2828,Telaprevir,3010818,CHEBI:68595,R-HSA-9772572,Early SARS-CoV-2 Infection Events,TAS,Homo sapiens
2828,Telaprevir,3010818,CHEBI:68595,R-HSA-9824446,Viral Infection Pathways,TAS,Homo sapiens
2831,Telmisartan,65999,CHEBI:9434,R-HSA-162582,Signal Transduction,TAS,Homo sapiens
2831,Telmisartan,65999,CHEBI:9434,R-HSA-372790,Signaling by GPCR,TAS,Homo sapiens
2831,Telmisartan,65999,CHEBI:9434,R-HSA-373076,Class A/1 (Rhodopsin-like receptors),TAS,Homo sapiens
2831,Telmisartan,65999,CHEBI:9434,R-HSA-375276,Peptide ligand-binding receptors,TAS,Homo sapiens
2831,Telmisartan,65999,CHEBI:9434,R-HSA-500792,GPCR ligand binding,TAS,Homo sapiens
2836,Temocapril,443874,CHEBI:135771,R-HSA-2022377,Metabolism of Angiotensinogen to Angiotensins,TAS,Homo sapiens
2836,Temocapril,443874,CHEBI:135771,R-HSA-2980736,Peptide hormone metabolism,TAS,Homo sapiens
2836,Temocapril,443874,CHEBI:135771,R-HSA-392499,Metabolism of proteins,TAS,Homo sapiens
2838,Temozolomide,5394,CHEBI:72564,R-HSA-382551,Transport of small molecules,TAS,Homo sapiens
2838,Temozolomide,5394,CHEBI:72564,R-HSA-382556,ABC-family protein mediated transport,TAS,Homo sapiens
2838,Temozolomide,5394,CHEBI:72564,R-HSA-73884,Base Excision Repair,IEA,Homo sapiens
2838,Temozolomide,5394,CHEBI:72564,R-HSA-73894,DNA Repair,IEA,Homo sapiens
2838,Temozolomide,5394,CHEBI:72564,R-HSA-73929,"Base-Excision Repair, AP Site Formation",IEA,Homo sapiens
2838,Temozolomide,5394,CHEBI:72564,R-HSA-73942,DNA Damage Reversal,IEA,Homo sapiens
2838,Temozolomide,5394,CHEBI:72564,R-HSA-9729902,Reversible DNA damage induced by alkylating chemotherapeutic drugs,IEA,Homo sapiens
2838,Temozolomide,5394,CHEBI:72564,R-HSA-9730737,Alkylating DNA damage induced by chemotherapeutic drugs,IEA,Homo sapiens
2838,Temozolomide,5394,CHEBI:72564,R-HSA-9748784,Drug ADME,TAS,Homo sapiens
2838,Temozolomide,5394,CHEBI:72564,R-HSA-9757110,Prednisone ADME,TAS,Homo sapiens
2842,Teneligliptin,11949652,CHEBI:136042,R-HSA-2980736,Peptide hormone metabolism,TAS,Homo sapiens
2842,Teneligliptin,11949652,CHEBI:136042,R-HSA-381771,"Synthesis, secretion, and inactivation of Glucagon-like Peptide-1 (GLP-1)",TAS,Homo sapiens
2842,Teneligliptin,11949652,CHEBI:136042,R-HSA-392499,Metabolism of proteins,TAS,Homo sapiens
2842,Teneligliptin,11949652,CHEBI:136042,R-HSA-400508,"Incretin synthesis, secretion, and inactivation",TAS,Homo sapiens
2845,Tenofovir,464205,CHEBI:63625,R-HSA-162587,HIV Life Cycle,TAS,Homo sapiens
2845,Tenofovir,464205,CHEBI:63625,R-HSA-162589,Reverse Transcription of HIV RNA,TAS,Homo sapiens
2845,Tenofovir,464205,CHEBI:63625,R-HSA-162594,Early Phase of HIV Life Cycle,TAS,Homo sapiens
2845,Tenofovir,464205,CHEBI:63625,R-HSA-162906,HIV Infection,TAS,Homo sapiens
2845,Tenofovir,464205,CHEBI:63625,R-HSA-1643685,Disease,TAS,Homo sapiens
2845,Tenofovir,464205,CHEBI:63625,R-HSA-164516,Minus-strand DNA synthesis,TAS,Homo sapiens
2845,Tenofovir,464205,CHEBI:63625,R-HSA-5663205,Infectious disease,TAS,Homo sapiens
2845,Tenofovir,464205,CHEBI:63625,R-HSA-9824446,Viral Infection Pathways,TAS,Homo sapiens
2851,Terazosin,5401,CHEBI:9445,R-HSA-162582,Signal Transduction,TAS,Homo sapiens
2851,Terazosin,5401,CHEBI:9445,R-HSA-372790,Signaling by GPCR,TAS,Homo sapiens
2851,Terazosin,5401,CHEBI:9445,R-HSA-373076,Class A/1 (Rhodopsin-like receptors),TAS,Homo sapiens
2851,Terazosin,5401,CHEBI:9445,R-HSA-375280,Amine ligand-binding receptors,TAS,Homo sapiens
2851,Terazosin,5401,CHEBI:9445,R-HSA-390696,Adrenoceptors,TAS,Homo sapiens
2851,Terazosin,5401,CHEBI:9445,R-HSA-500792,GPCR ligand binding,TAS,Homo sapiens
2854,Terfenadine,5405,CHEBI:9453,R-HSA-162582,Signal Transduction,TAS,Homo sapiens
2854,Terfenadine,5405,CHEBI:9453,R-HSA-372790,Signaling by GPCR,TAS,Homo sapiens
2854,Terfenadine,5405,CHEBI:9453,R-HSA-373076,Class A/1 (Rhodopsin-like receptors),TAS,Homo sapiens
2854,Terfenadine,5405,CHEBI:9453,R-HSA-375280,Amine ligand-binding receptors,TAS,Homo sapiens
2854,Terfenadine,5405,CHEBI:9453,R-HSA-390650,Histamine receptors,TAS,Homo sapiens
2854,Terfenadine,5405,CHEBI:9453,R-HSA-500792,GPCR ligand binding,TAS,Homo sapiens
2855,Terguride,443951,CHEBI:32193,R-HSA-162582,Signal Transduction,TAS,Homo sapiens
2855,Terguride,443951,CHEBI:32193,R-HSA-372790,Signaling by GPCR,TAS,Homo sapiens
2855,Terguride,443951,CHEBI:32193,R-HSA-373076,Class A/1 (Rhodopsin-like receptors),TAS,Homo sapiens
2855,Terguride,443951,CHEBI:32193,R-HSA-375280,Amine ligand-binding receptors,TAS,Homo sapiens
2855,Terguride,443951,CHEBI:32193,R-HSA-390651,Dopamine receptors,TAS,Homo sapiens
2855,Terguride,443951,CHEBI:32193,R-HSA-390666,Serotonin receptors,TAS,Homo sapiens
2855,Terguride,443951,CHEBI:32193,R-HSA-500792,GPCR ligand binding,TAS,Homo sapiens
2856,Teriflunomide,54684141,CHEBI:68540,R-HSA-1430728,Metabolism,TAS,Homo sapiens
2856,Teriflunomide,54684141,CHEBI:68540,R-HSA-15869,Metabolism of nucleotides,TAS,Homo sapiens
2856,Teriflunomide,54684141,CHEBI:68540,R-HSA-500753,Pyrimidine biosynthesis,TAS,Homo sapiens
2856,Teriflunomide,54684141,CHEBI:68540,R-HSA-8956320,Nucleotide biosynthesis,TAS,Homo sapiens
2859,Tesevatinib,10458325,CHEBI:167674,R-HSA-1227986,Signaling by ERBB2,TAS,Homo sapiens
2859,Tesevatinib,10458325,CHEBI:167674,R-HSA-1227990,Signaling by ERBB2 in Cancer,TAS,Homo sapiens
2859,Tesevatinib,10458325,CHEBI:167674,R-HSA-162582,Signal Transduction,TAS,Homo sapiens
2859,Tesevatinib,10458325,CHEBI:167674,R-HSA-1643685,Disease,TAS,Homo sapiens
2859,Tesevatinib,10458325,CHEBI:167674,R-HSA-5663202,Diseases of signal transduction by growth factor receptors and second messengers,TAS,Homo sapiens
2859,Tesevatinib,10458325,CHEBI:167674,R-HSA-9006934,Signaling by Receptor Tyrosine Kinases,TAS,Homo sapiens
2859,Tesevatinib,10458325,CHEBI:167674,R-HSA-9634285,Constitutive Signaling by Overexpressed ERBB2,TAS,Homo sapiens
2859,Tesevatinib,10458325,CHEBI:167674,R-HSA-9652282,Drug-mediated inhibition of ERBB2 signaling,TAS,Homo sapiens
2859,Tesevatinib,10458325,CHEBI:167674,R-HSA-9664565,Signaling by ERBB2 KD Mutants,TAS,Homo sapiens
2859,Tesevatinib,10458325,CHEBI:167674,R-HSA-9665230,Drug resistance in ERBB2 KD mutants,TAS,Homo sapiens
2859,Tesevatinib,10458325,CHEBI:167674,R-HSA-9665245,Resistance of ERBB2 KD mutants to tesevatinib,TAS,Homo sapiens
2861,Testolactone,13769,CHEBI:9460,R-HSA-1430728,Metabolism,TAS,Homo sapiens
2861,Testolactone,13769,CHEBI:9460,R-HSA-193144,Estrogen biosynthesis,TAS,Homo sapiens
2861,Testolactone,13769,CHEBI:9460,R-HSA-196071,Metabolism of steroid hormones,TAS,Homo sapiens
2861,Testolactone,13769,CHEBI:9460,R-HSA-556833,Metabolism of lipids,TAS,Homo sapiens
2861,Testolactone,13769,CHEBI:9460,R-HSA-8957322,Metabolism of steroids,TAS,Homo sapiens
2862,Testosterone cypionate,441404,CHEBI:9463,R-HSA-2262752,Cellular responses to stress,TAS,Homo sapiens
2862,Testosterone cypionate,441404,CHEBI:9463,R-HSA-3371497,HSP90 chaperone cycle for steroid hormone receptors (SHR) in the presence of ligand,TAS,Homo sapiens
2862,Testosterone cypionate,441404,CHEBI:9463,R-HSA-8953897,Cellular responses to stimuli,TAS,Homo sapiens
2868,Testosterone propionate,5995,CHEBI:9466,R-HSA-2262752,Cellular responses to stress,TAS,Homo sapiens
2868,Testosterone propionate,5995,CHEBI:9466,R-HSA-3371497,HSP90 chaperone cycle for steroid hormone receptors (SHR) in the presence of ligand,TAS,Homo sapiens
2868,Testosterone propionate,5995,CHEBI:9466,R-HSA-8953897,Cellular responses to stimuli,TAS,Homo sapiens
2870,Testosterone undecanoate,65157,CHEBI:135741,R-HSA-2262752,Cellular responses to stress,TAS,Homo sapiens
2870,Testosterone undecanoate,65157,CHEBI:135741,R-HSA-3371497,HSP90 chaperone cycle for steroid hormone receptors (SHR) in the presence of ligand,TAS,Homo sapiens
2870,Testosterone undecanoate,65157,CHEBI:135741,R-HSA-8953897,Cellular responses to stimuli,TAS,Homo sapiens
2873,Tetracycline,54675776,CHEBI:27902,R-HSA-1643685,Disease,TAS,Homo sapiens
2873,Tetracycline,54675776,CHEBI:27902,R-HSA-5663205,Infectious disease,TAS,Homo sapiens
2873,Tetracycline,54675776,CHEBI:27902,R-HSA-9638737,Action of antimicrobials and antimicrobial resistance,TAS,Homo sapiens
2873,Tetracycline,54675776,CHEBI:27902,R-HSA-9638771,Action of antimicrobials,TAS,Homo sapiens
2873,Tetracycline,54675776,CHEBI:27902,R-HSA-9640148,Infection with Enterobacteria,TAS,Homo sapiens
2873,Tetracycline,54675776,CHEBI:27902,R-HSA-9824439,Bacterial Infection Pathways,TAS,Homo sapiens
2873,Tetracycline,54675776,CHEBI:27902,R-HSA-9913143,Antimicrobial resistance,TAS,Homo sapiens
2876,Tetrandrine,73078,CHEBI:49,R-HSA-9748784,Drug ADME,TAS,Homo sapiens
2876,Tetrandrine,73078,CHEBI:49,R-HSA-9757110,Prednisone ADME,TAS,Homo sapiens
2880,Tezacaftor,46199646,CHEBI:234517,R-HSA-1643685,Disease,TAS,Homo sapiens
2880,Tezacaftor,46199646,CHEBI:234517,R-HSA-5619084,ABC transporter disorders,TAS,Homo sapiens
2880,Tezacaftor,46199646,CHEBI:234517,R-HSA-5619115,Disorders of transmembrane transporters,TAS,Homo sapiens
2880,Tezacaftor,46199646,CHEBI:234517,R-HSA-5678895,Defective CFTR causes cystic fibrosis,TAS,Homo sapiens
2883,Thalidomide,5426,CHEBI:74947,R-HSA-1643685,Disease,TAS,Homo sapiens
2883,Thalidomide,5426,CHEBI:74947,R-HSA-5663205,Infectious disease,TAS,Homo sapiens
2883,Thalidomide,5426,CHEBI:74947,R-HSA-9679191,Potential therapeutics for SARS,TAS,Homo sapiens
2883,Thalidomide,5426,CHEBI:74947,R-HSA-9679506,SARS-CoV Infections,TAS,Homo sapiens
2883,Thalidomide,5426,CHEBI:74947,R-HSA-9824446,Viral Infection Pathways,TAS,Homo sapiens
2887,Thiamine,1130,CHEBI:18385,R-HSA-1430728,Metabolism,TAS,Homo sapiens
2887,Thiamine,1130,CHEBI:18385,R-HSA-196819,Vitamin B1 (thiamin) metabolism,TAS,Homo sapiens
2887,Thiamine,1130,CHEBI:18385,R-HSA-196849,Metabolism of water-soluble vitamins and cofactors,TAS,Homo sapiens
2887,Thiamine,1130,CHEBI:18385,R-HSA-196854,Metabolism of vitamins and cofactors,TAS,Homo sapiens
2897,Thioridazine,5452,CHEBI:9566,R-HSA-162582,Signal Transduction,TAS,Homo sapiens
2897,Thioridazine,5452,CHEBI:9566,R-HSA-372790,Signaling by GPCR,TAS,Homo sapiens
2897,Thioridazine,5452,CHEBI:9566,R-HSA-373076,Class A/1 (Rhodopsin-like receptors),TAS,Homo sapiens
2897,Thioridazine,5452,CHEBI:9566,R-HSA-375280,Amine ligand-binding receptors,TAS,Homo sapiens
2897,Thioridazine,5452,CHEBI:9566,R-HSA-390650,Histamine receptors,TAS,Homo sapiens
2897,Thioridazine,5452,CHEBI:9566,R-HSA-390666,Serotonin receptors,TAS,Homo sapiens
2897,Thioridazine,5452,CHEBI:9566,R-HSA-500792,GPCR ligand binding,TAS,Homo sapiens
2900,Thiotepa,5453,CHEBI:9570,R-HSA-6783310,Fanconi Anemia Pathway,IEA,Homo sapiens
2900,Thiotepa,5453,CHEBI:9570,R-HSA-73894,DNA Repair,IEA,Homo sapiens
2900,Thiotepa,5453,CHEBI:9570,R-HSA-9750126,Drug-induced formation of DNA interstrand crosslinks,IEA,Homo sapiens
2901,Thiothixene,941651,CHEBI:9571,R-HSA-162582,Signal Transduction,TAS,Homo sapiens
2901,Thiothixene,941651,CHEBI:9571,R-HSA-372790,Signaling by GPCR,TAS,Homo sapiens
2901,Thiothixene,941651,CHEBI:9571,R-HSA-373076,Class A/1 (Rhodopsin-like receptors),TAS,Homo sapiens
2901,Thiothixene,941651,CHEBI:9571,R-HSA-375280,Amine ligand-binding receptors,TAS,Homo sapiens
2901,Thiothixene,941651,CHEBI:9571,R-HSA-390650,Histamine receptors,TAS,Homo sapiens
2901,Thiothixene,941651,CHEBI:9571,R-HSA-500792,GPCR ligand binding,TAS,Homo sapiens
2909,Tibolone,444008,CHEBI:32223,R-HSA-162582,Signal Transduction,TAS,Homo sapiens
2909,Tibolone,444008,CHEBI:32223,R-HSA-8939211,ESR-mediated signaling,TAS,Homo sapiens
2909,Tibolone,444008,CHEBI:32223,R-HSA-9006931,Signaling by Nuclear Receptors,TAS,Homo sapiens
2910,Ticagrelor,9871419,CHEBI:68558,R-HSA-109582,Hemostasis,TAS,Homo sapiens
2910,Ticagrelor,9871419,CHEBI:68558,R-HSA-162582,Signal Transduction,TAS,Homo sapiens
2910,Ticagrelor,9871419,CHEBI:68558,R-HSA-372790,Signaling by GPCR,TAS,Homo sapiens
2910,Ticagrelor,9871419,CHEBI:68558,R-HSA-373076,Class A/1 (Rhodopsin-like receptors),TAS,Homo sapiens
2910,Ticagrelor,9871419,CHEBI:68558,R-HSA-392170,ADP signalling through P2Y purinoceptor 12,TAS,Homo sapiens
2910,Ticagrelor,9871419,CHEBI:68558,R-HSA-392518,Signal amplification,TAS,Homo sapiens
2910,Ticagrelor,9871419,CHEBI:68558,R-HSA-417957,P2Y receptors,TAS,Homo sapiens
2910,Ticagrelor,9871419,CHEBI:68558,R-HSA-418038,Nucleotide-like (purinergic) receptors,TAS,Homo sapiens
2910,Ticagrelor,9871419,CHEBI:68558,R-HSA-500792,GPCR ligand binding,TAS,Homo sapiens
2910,Ticagrelor,9871419,CHEBI:68558,R-HSA-76002,"Platelet activation, signaling and aggregation",TAS,Homo sapiens
2911,Ticarcillin,36921,CHEBI:9587,R-HSA-1643685,Disease,TAS,Homo sapiens
2911,Ticarcillin,36921,CHEBI:9587,R-HSA-5663205,Infectious disease,TAS,Homo sapiens
2911,Ticarcillin,36921,CHEBI:9587,R-HSA-9678108,SARS-CoV-1 Infection,TAS,Homo sapiens
2911,Ticarcillin,36921,CHEBI:9587,R-HSA-9678110,Attachment and Entry,TAS,Homo sapiens
2911,Ticarcillin,36921,CHEBI:9587,R-HSA-9679506,SARS-CoV Infections,TAS,Homo sapiens
2911,Ticarcillin,36921,CHEBI:9587,R-HSA-9824446,Viral Infection Pathways,TAS,Homo sapiens
2912,Ticlopidine,5472,CHEBI:9588,R-HSA-109582,Hemostasis,TAS,Homo sapiens
2912,Ticlopidine,5472,CHEBI:9588,R-HSA-162582,Signal Transduction,TAS,Homo sapiens
2912,Ticlopidine,5472,CHEBI:9588,R-HSA-372790,Signaling by GPCR,TAS,Homo sapiens
2912,Ticlopidine,5472,CHEBI:9588,R-HSA-373076,Class A/1 (Rhodopsin-like receptors),TAS,Homo sapiens
2912,Ticlopidine,5472,CHEBI:9588,R-HSA-392170,ADP signalling through P2Y purinoceptor 12,TAS,Homo sapiens
2912,Ticlopidine,5472,CHEBI:9588,R-HSA-392518,Signal amplification,TAS,Homo sapiens
2912,Ticlopidine,5472,CHEBI:9588,R-HSA-417957,P2Y receptors,TAS,Homo sapiens
2912,Ticlopidine,5472,CHEBI:9588,R-HSA-418038,Nucleotide-like (purinergic) receptors,TAS,Homo sapiens
2912,Ticlopidine,5472,CHEBI:9588,R-HSA-500792,GPCR ligand binding,TAS,Homo sapiens
2912,Ticlopidine,5472,CHEBI:9588,R-HSA-76002,"Platelet activation, signaling and aggregation",TAS,Homo sapiens
2926,Tioguanine,2723601,CHEBI:9555,R-HSA-1430728,Metabolism,TAS,Homo sapiens
2926,Tioguanine,2723601,CHEBI:9555,R-HSA-15869,Metabolism of nucleotides,TAS,Homo sapiens
2926,Tioguanine,2723601,CHEBI:9555,R-HSA-1643685,Disease,TAS,Homo sapiens
2926,Tioguanine,2723601,CHEBI:9555,R-HSA-5663205,Infectious disease,TAS,Homo sapiens
2926,Tioguanine,2723601,CHEBI:9555,R-HSA-73817,Purine ribonucleoside monophosphate biosynthesis,TAS,Homo sapiens
2926,Tioguanine,2723601,CHEBI:9555,R-HSA-8956320,Nucleotide biosynthesis,TAS,Homo sapiens
2926,Tioguanine,2723601,CHEBI:9555,R-HSA-9679191,Potential therapeutics for SARS,TAS,Homo sapiens
2926,Tioguanine,2723601,CHEBI:9555,R-HSA-9679506,SARS-CoV Infections,TAS,Homo sapiens
2926,Tioguanine,2723601,CHEBI:9555,R-HSA-9694301,Maturation of replicase proteins,TAS,Homo sapiens
2926,Tioguanine,2723601,CHEBI:9555,R-HSA-9694516,SARS-CoV-2 Infection,TAS,Homo sapiens
2926,Tioguanine,2723601,CHEBI:9555,R-HSA-9694676,Translation of Replicase and Assembly of the Replication Transcription Complex,TAS,Homo sapiens
2926,Tioguanine,2723601,CHEBI:9555,R-HSA-9772572,Early SARS-CoV-2 Infection Events,TAS,Homo sapiens
2926,Tioguanine,2723601,CHEBI:9555,R-HSA-9824446,Viral Infection Pathways,TAS,Homo sapiens
2928,Tiotropium,5487427,CHEBI:90960,R-HSA-162582,Signal Transduction,TAS,Homo sapiens
2928,Tiotropium,5487427,CHEBI:90960,R-HSA-372790,Signaling by GPCR,TAS,Homo sapiens
2928,Tiotropium,5487427,CHEBI:90960,R-HSA-373076,Class A/1 (Rhodopsin-like receptors),TAS,Homo sapiens
2928,Tiotropium,5487427,CHEBI:90960,R-HSA-375280,Amine ligand-binding receptors,TAS,Homo sapiens
2928,Tiotropium,5487427,CHEBI:90960,R-HSA-390648,Muscarinic acetylcholine receptors,TAS,Homo sapiens
2928,Tiotropium,5487427,CHEBI:90960,R-HSA-500792,GPCR ligand binding,TAS,Homo sapiens
2929,Tipifarnib,159324,CHEBI:141969,R-HSA-162582,Signal Transduction,TAS,Homo sapiens
2929,Tipifarnib,159324,CHEBI:141969,R-HSA-1643685,Disease,TAS,Homo sapiens
2929,Tipifarnib,159324,CHEBI:141969,R-HSA-5663205,Infectious disease,TAS,Homo sapiens
2929,Tipifarnib,159324,CHEBI:141969,R-HSA-5673001,RAF/MAP kinase cascade,TAS,Homo sapiens
2929,Tipifarnib,159324,CHEBI:141969,R-HSA-5683057,MAPK family signaling cascades,TAS,Homo sapiens
2929,Tipifarnib,159324,CHEBI:141969,R-HSA-5684996,MAPK1/MAPK3 signaling,TAS,Homo sapiens
2929,Tipifarnib,159324,CHEBI:141969,R-HSA-9648002,RAS processing,TAS,Homo sapiens
2929,Tipifarnib,159324,CHEBI:141969,R-HSA-9679191,Potential therapeutics for SARS,TAS,Homo sapiens
2929,Tipifarnib,159324,CHEBI:141969,R-HSA-9679506,SARS-CoV Infections,TAS,Homo sapiens
2929,Tipifarnib,159324,CHEBI:141969,R-HSA-9824446,Viral Infection Pathways,TAS,Homo sapiens
2940,Tobramycin,36294,CHEBI:28864,R-HSA-1643685,Disease,TAS,Homo sapiens
2940,Tobramycin,36294,CHEBI:28864,R-HSA-5663205,Infectious disease,TAS,Homo sapiens
2940,Tobramycin,36294,CHEBI:28864,R-HSA-9638737,Action of antimicrobials and antimicrobial resistance,TAS,Homo sapiens
2940,Tobramycin,36294,CHEBI:28864,R-HSA-9638771,Action of antimicrobials,TAS,Homo sapiens
2940,Tobramycin,36294,CHEBI:28864,R-HSA-9640148,Infection with Enterobacteria,TAS,Homo sapiens
2940,Tobramycin,36294,CHEBI:28864,R-HSA-9824439,Bacterial Infection Pathways,TAS,Homo sapiens
2940,Tobramycin,36294,CHEBI:28864,R-HSA-9913143,Antimicrobial resistance,TAS,Homo sapiens
2941,Tocainide,38945,CHEBI:9611,R-HSA-397014,Muscle contraction,TAS,Homo sapiens
2941,Tocainide,38945,CHEBI:9611,R-HSA-5576891,Cardiac conduction,TAS,Homo sapiens
2941,Tocainide,38945,CHEBI:9611,R-HSA-5576892,Phase 0 - rapid depolarisation,TAS,Homo sapiens
2945,Tofacitinib,9926791,CHEBI:71200,R-HSA-1266695,Interleukin-7 signaling,TAS,Homo sapiens
2945,Tofacitinib,9926791,CHEBI:71200,R-HSA-1280215,Cytokine Signaling in Immune system,TAS,Homo sapiens
2945,Tofacitinib,9926791,CHEBI:71200,R-HSA-1643685,Disease,TAS,Homo sapiens
2945,Tofacitinib,9926791,CHEBI:71200,R-HSA-168256,Immune System,TAS,Homo sapiens
2945,Tofacitinib,9926791,CHEBI:71200,R-HSA-449147,Signaling by Interleukins,TAS,Homo sapiens
2945,Tofacitinib,9926791,CHEBI:71200,R-HSA-451927,Interleukin-2 family signaling,TAS,Homo sapiens
2945,Tofacitinib,9926791,CHEBI:71200,R-HSA-5663205,Infectious disease,TAS,Homo sapiens
2945,Tofacitinib,9926791,CHEBI:71200,R-HSA-6785807,Interleukin-4 and Interleukin-13 signaling,TAS,Homo sapiens
2945,Tofacitinib,9926791,CHEBI:71200,R-HSA-877300,Interferon gamma signaling,TAS,Homo sapiens
2945,Tofacitinib,9926791,CHEBI:71200,R-HSA-8985947,Interleukin-9 signaling,TAS,Homo sapiens
2945,Tofacitinib,9926791,CHEBI:71200,R-HSA-9020558,Interleukin-2 signaling,TAS,Homo sapiens
2945,Tofacitinib,9926791,CHEBI:71200,R-HSA-909733,Interferon alpha/beta signaling,TAS,Homo sapiens
2945,Tofacitinib,9926791,CHEBI:71200,R-HSA-913531,Interferon Signaling,TAS,Homo sapiens
2945,Tofacitinib,9926791,CHEBI:71200,R-HSA-9679191,Potential therapeutics for SARS,TAS,Homo sapiens
2945,Tofacitinib,9926791,CHEBI:71200,R-HSA-9679506,SARS-CoV Infections,TAS,Homo sapiens
2945,Tofacitinib,9926791,CHEBI:71200,R-HSA-9824446,Viral Infection Pathways,TAS,Homo sapiens
2946,Tofogliflozin,46908929,CHEBI:136041,R-HSA-189200,Cellular hexose transport,TAS,Homo sapiens
2946,Tofogliflozin,46908929,CHEBI:136041,R-HSA-382551,Transport of small molecules,TAS,Homo sapiens
2946,Tofogliflozin,46908929,CHEBI:136041,R-HSA-425407,SLC-mediated transmembrane transport,TAS,Homo sapiens
2947,Tolazamide,5503,CHEBI:9613,R-HSA-1430728,Metabolism,TAS,Homo sapiens
2947,Tolazamide,5503,CHEBI:9613,R-HSA-163685,Integration of energy metabolism,TAS,Homo sapiens
2947,Tolazamide,5503,CHEBI:9613,R-HSA-422356,Regulation of insulin secretion,TAS,Homo sapiens
2949,Tolbutamide,5505,CHEBI:27999,R-HSA-1430728,Metabolism,TAS,Homo sapiens
2949,Tolbutamide,5505,CHEBI:27999,R-HSA-163685,Integration of energy metabolism,TAS,Homo sapiens
2949,Tolbutamide,5505,CHEBI:27999,R-HSA-211859,Biological oxidations,TAS,Homo sapiens
2949,Tolbutamide,5505,CHEBI:27999,R-HSA-211897,Cytochrome P450 - arranged by substrate type,TAS,Homo sapiens
2949,Tolbutamide,5505,CHEBI:27999,R-HSA-211945,Phase I - Functionalization of compounds,TAS,Homo sapiens
2949,Tolbutamide,5505,CHEBI:27999,R-HSA-211981,Xenobiotics,TAS,Homo sapiens
2949,Tolbutamide,5505,CHEBI:27999,R-HSA-422356,Regulation of insulin secretion,TAS,Homo sapiens
2950,Tolcapone,4659569,CHEBI:63630,R-HSA-112311,Neurotransmitter clearance,TAS,Homo sapiens
2950,Tolcapone,4659569,CHEBI:63630,R-HSA-112315,Transmission across Chemical Synapses,TAS,Homo sapiens
2950,Tolcapone,4659569,CHEBI:63630,R-HSA-112316,Neuronal System,TAS,Homo sapiens
2950,Tolcapone,4659569,CHEBI:63630,R-HSA-1643685,Disease,TAS,Homo sapiens
2950,Tolcapone,4659569,CHEBI:63630,R-HSA-379397,Enzymatic degradation of dopamine by COMT,TAS,Homo sapiens
2950,Tolcapone,4659569,CHEBI:63630,R-HSA-379401,Dopamine clearance from the synaptic cleft,TAS,Homo sapiens
2950,Tolcapone,4659569,CHEBI:63630,R-HSA-5663205,Infectious disease,TAS,Homo sapiens
2950,Tolcapone,4659569,CHEBI:63630,R-HSA-9679191,Potential therapeutics for SARS,TAS,Homo sapiens
2950,Tolcapone,4659569,CHEBI:63630,R-HSA-9679506,SARS-CoV Infections,TAS,Homo sapiens
2950,Tolcapone,4659569,CHEBI:63630,R-HSA-9824446,Viral Infection Pathways,TAS,Homo sapiens
2956,Tolterodine,443879,CHEBI:9622,R-HSA-162582,Signal Transduction,TAS,Homo sapiens
2956,Tolterodine,443879,CHEBI:9622,R-HSA-372790,Signaling by GPCR,TAS,Homo sapiens
2956,Tolterodine,443879,CHEBI:9622,R-HSA-373076,Class A/1 (Rhodopsin-like receptors),TAS,Homo sapiens
2956,Tolterodine,443879,CHEBI:9622,R-HSA-375280,Amine ligand-binding receptors,TAS,Homo sapiens
2956,Tolterodine,443879,CHEBI:9622,R-HSA-390648,Muscarinic acetylcholine receptors,TAS,Homo sapiens
2956,Tolterodine,443879,CHEBI:9622,R-HSA-500792,GPCR ligand binding,TAS,Homo sapiens
2957,Tolvaptan,216237,CHEBI:32246,R-HSA-162582,Signal Transduction,TAS,Homo sapiens
2957,Tolvaptan,216237,CHEBI:32246,R-HSA-372790,Signaling by GPCR,TAS,Homo sapiens
2957,Tolvaptan,216237,CHEBI:32246,R-HSA-373076,Class A/1 (Rhodopsin-like receptors),TAS,Homo sapiens
2957,Tolvaptan,216237,CHEBI:32246,R-HSA-375276,Peptide ligand-binding receptors,TAS,Homo sapiens
2957,Tolvaptan,216237,CHEBI:32246,R-HSA-388479,Vasopressin-like receptors,TAS,Homo sapiens
2957,Tolvaptan,216237,CHEBI:32246,R-HSA-500792,GPCR ligand binding,TAS,Homo sapiens
2958,Topiramate,5284627,CHEBI:63631,R-HSA-1237044,Erythrocytes take up carbon dioxide and release oxygen,TAS,Homo sapiens
2958,Topiramate,5284627,CHEBI:63631,R-HSA-1480926,O2/CO2 exchange in erythrocytes,TAS,Homo sapiens
2958,Topiramate,5284627,CHEBI:63631,R-HSA-382551,Transport of small molecules,TAS,Homo sapiens
2963,Tovorafenib,25161177,CHEBI:167672,R-HSA-162582,Signal Transduction,TAS,Homo sapiens
2963,Tovorafenib,25161177,CHEBI:167672,R-HSA-5673000,RAF activation,TAS,Homo sapiens
2963,Tovorafenib,25161177,CHEBI:167672,R-HSA-5673001,RAF/MAP kinase cascade,TAS,Homo sapiens
2963,Tovorafenib,25161177,CHEBI:167672,R-HSA-5674135,MAP2K and MAPK activation,TAS,Homo sapiens
2963,Tovorafenib,25161177,CHEBI:167672,R-HSA-5683057,MAPK family signaling cascades,TAS,Homo sapiens
2963,Tovorafenib,25161177,CHEBI:167672,R-HSA-5684996,MAPK1/MAPK3 signaling,TAS,Homo sapiens
2968,Trametinib,11707110,CHEBI:75998,R-HSA-162582,Signal Transduction,TAS,Homo sapiens
2968,Trametinib,11707110,CHEBI:75998,R-HSA-5673001,RAF/MAP kinase cascade,TAS,Homo sapiens
2968,Trametinib,11707110,CHEBI:75998,R-HSA-5674135,MAP2K and MAPK activation,TAS,Homo sapiens
2968,Trametinib,11707110,CHEBI:75998,R-HSA-5683057,MAPK family signaling cascades,TAS,Homo sapiens
2968,Trametinib,11707110,CHEBI:75998,R-HSA-5684996,MAPK1/MAPK3 signaling,TAS,Homo sapiens
2970,Trandolapril,5484727,CHEBI:9649,R-HSA-2022377,Metabolism of Angiotensinogen to Angiotensins,TAS,Homo sapiens
2970,Trandolapril,5484727,CHEBI:9649,R-HSA-2980736,Peptide hormone metabolism,TAS,Homo sapiens
2970,Trandolapril,5484727,CHEBI:9649,R-HSA-392499,Metabolism of proteins,TAS,Homo sapiens
2971,Trandolaprilat,5464097,CHEBI:141521,R-HSA-2022377,Metabolism of Angiotensinogen to Angiotensins,TAS,Homo sapiens
2971,Trandolaprilat,5464097,CHEBI:141521,R-HSA-2980736,Peptide hormone metabolism,TAS,Homo sapiens
2971,Trandolaprilat,5464097,CHEBI:141521,R-HSA-392499,Metabolism of proteins,TAS,Homo sapiens
2972,Tranexamic acid,5526,CHEBI:48669,R-HSA-109582,Hemostasis,TAS,Homo sapiens
2972,Tranexamic acid,5526,CHEBI:48669,R-HSA-75205,Dissolution of Fibrin Clot,TAS,Homo sapiens
2979,Treprostinil,6918140,CHEBI:50861,R-HSA-109582,Hemostasis,TAS,Homo sapiens
2979,Treprostinil,6918140,CHEBI:50861,R-HSA-392851,Prostacyclin signalling through prostacyclin receptor,TAS,Homo sapiens
2979,Treprostinil,6918140,CHEBI:50861,R-HSA-418346,Platelet homeostasis,TAS,Homo sapiens
2985,Triamcinolone,31307,CHEBI:9667,R-HSA-1643685,Disease,TAS,Homo sapiens
2985,Triamcinolone,31307,CHEBI:9667,R-HSA-2262752,Cellular responses to stress,TAS,Homo sapiens
2985,Triamcinolone,31307,CHEBI:9667,R-HSA-3371497,HSP90 chaperone cycle for steroid hormone receptors (SHR) in the presence of ligand,TAS,Homo sapiens
2985,Triamcinolone,31307,CHEBI:9667,R-HSA-5663205,Infectious disease,TAS,Homo sapiens
2985,Triamcinolone,31307,CHEBI:9667,R-HSA-8953897,Cellular responses to stimuli,TAS,Homo sapiens
2985,Triamcinolone,31307,CHEBI:9667,R-HSA-9679191,Potential therapeutics for SARS,TAS,Homo sapiens
2985,Triamcinolone,31307,CHEBI:9667,R-HSA-9679506,SARS-CoV Infections,TAS,Homo sapiens
2985,Triamcinolone,31307,CHEBI:9667,R-HSA-9824446,Viral Infection Pathways,TAS,Homo sapiens
2996,Trifluoperazine,5566,CHEBI:45951,R-HSA-162582,Signal Transduction,TAS,Homo sapiens
2996,Trifluoperazine,5566,CHEBI:45951,R-HSA-372790,Signaling by GPCR,TAS,Homo sapiens
2996,Trifluoperazine,5566,CHEBI:45951,R-HSA-373076,Class A/1 (Rhodopsin-like receptors),TAS,Homo sapiens
2996,Trifluoperazine,5566,CHEBI:45951,R-HSA-375280,Amine ligand-binding receptors,TAS,Homo sapiens
2996,Trifluoperazine,5566,CHEBI:45951,R-HSA-390650,Histamine receptors,TAS,Homo sapiens
2996,Trifluoperazine,5566,CHEBI:45951,R-HSA-390651,Dopamine receptors,TAS,Homo sapiens
2996,Trifluoperazine,5566,CHEBI:45951,R-HSA-500792,GPCR ligand binding,TAS,Homo sapiens
3003,Trilaciclib,68029831,CHEBI:231087,R-HSA-1640170,Cell Cycle,TAS,Homo sapiens
3003,Trilaciclib,68029831,CHEBI:231087,R-HSA-453279,Mitotic G1 phase and G1/S transition,TAS,Homo sapiens
3003,Trilaciclib,68029831,CHEBI:231087,R-HSA-69231,Cyclin D associated events in G1,TAS,Homo sapiens
3003,Trilaciclib,68029831,CHEBI:231087,R-HSA-69236,G1 Phase,TAS,Homo sapiens
3003,Trilaciclib,68029831,CHEBI:231087,R-HSA-69278,"Cell Cycle, Mitotic",TAS,Homo sapiens
3003,Trilaciclib,68029831,CHEBI:231087,R-HSA-9754119,Drug-mediated inhibition of CDK4/CDK6 activity,TAS,Homo sapiens
3007,Trimethadione,5576,CHEBI:9727,R-HSA-397014,Muscle contraction,TAS,Homo sapiens
3007,Trimethadione,5576,CHEBI:9727,R-HSA-445355,Smooth Muscle Contraction,TAS,Homo sapiens
3010,Trimetrexate,5583,CHEBI:9737,R-HSA-1430728,Metabolism,TAS,Homo sapiens
3010,Trimetrexate,5583,CHEBI:9737,R-HSA-196757,Metabolism of folate and pterines,TAS,Homo sapiens
3010,Trimetrexate,5583,CHEBI:9737,R-HSA-196849,Metabolism of water-soluble vitamins and cofactors,TAS,Homo sapiens
3010,Trimetrexate,5583,CHEBI:9737,R-HSA-196854,Metabolism of vitamins and cofactors,TAS,Homo sapiens
3011,Trimipramine,5584,CHEBI:9738,R-HSA-112311,Neurotransmitter clearance,TAS,Homo sapiens
3011,Trimipramine,5584,CHEBI:9738,R-HSA-112315,Transmission across Chemical Synapses,TAS,Homo sapiens
3011,Trimipramine,5584,CHEBI:9738,R-HSA-112316,Neuronal System,TAS,Homo sapiens
3011,Trimipramine,5584,CHEBI:9738,R-HSA-379401,Dopamine clearance from the synaptic cleft,TAS,Homo sapiens
3011,Trimipramine,5584,CHEBI:9738,R-HSA-380615,Serotonin clearance from the synaptic cleft,TAS,Homo sapiens
3012,Trioxsalen,5585,CHEBI:28329,R-HSA-6783310,Fanconi Anemia Pathway,TAS,Homo sapiens
3012,Trioxsalen,5585,CHEBI:28329,R-HSA-73894,DNA Repair,TAS,Homo sapiens
3012,Trioxsalen,5585,CHEBI:28329,R-HSA-9750126,Drug-induced formation of DNA interstrand crosslinks,TAS,Homo sapiens
3014,Tripelennamine,5587,CHEBI:9741,R-HSA-162582,Signal Transduction,TAS,Homo sapiens
3014,Tripelennamine,5587,CHEBI:9741,R-HSA-372790,Signaling by GPCR,TAS,Homo sapiens
3014,Tripelennamine,5587,CHEBI:9741,R-HSA-373076,Class A/1 (Rhodopsin-like receptors),TAS,Homo sapiens
3014,Tripelennamine,5587,CHEBI:9741,R-HSA-375280,Amine ligand-binding receptors,TAS,Homo sapiens
3014,Tripelennamine,5587,CHEBI:9741,R-HSA-390650,Histamine receptors,TAS,Homo sapiens
3014,Tripelennamine,5587,CHEBI:9741,R-HSA-500792,GPCR ligand binding,TAS,Homo sapiens
3015,Triprolidine,5282443,CHEBI:84116,R-HSA-162582,Signal Transduction,TAS,Homo sapiens
3015,Triprolidine,5282443,CHEBI:84116,R-HSA-372790,Signaling by GPCR,TAS,Homo sapiens
3015,Triprolidine,5282443,CHEBI:84116,R-HSA-373076,Class A/1 (Rhodopsin-like receptors),TAS,Homo sapiens
3015,Triprolidine,5282443,CHEBI:84116,R-HSA-375280,Amine ligand-binding receptors,TAS,Homo sapiens
3015,Triprolidine,5282443,CHEBI:84116,R-HSA-390650,Histamine receptors,TAS,Homo sapiens
3015,Triprolidine,5282443,CHEBI:84116,R-HSA-500792,GPCR ligand binding,TAS,Homo sapiens
3017,Triptorelin,25074470,CHEBI:63633,R-HSA-162582,Signal Transduction,TAS,Homo sapiens
3017,Triptorelin,25074470,CHEBI:63633,R-HSA-372790,Signaling by GPCR,TAS,Homo sapiens
3017,Triptorelin,25074470,CHEBI:63633,R-HSA-373076,Class A/1 (Rhodopsin-like receptors),TAS,Homo sapiens
3017,Triptorelin,25074470,CHEBI:63633,R-HSA-375281,Hormone ligand-binding receptors,TAS,Homo sapiens
3017,Triptorelin,25074470,CHEBI:63633,R-HSA-500792,GPCR ligand binding,TAS,Homo sapiens
3021,Troleandomycin,202225,CHEBI:45735,R-HSA-1430728,Metabolism,TAS,Homo sapiens
3021,Troleandomycin,202225,CHEBI:45735,R-HSA-211859,Biological oxidations,TAS,Homo sapiens
3021,Troleandomycin,202225,CHEBI:45735,R-HSA-211945,Phase I - Functionalization of compounds,TAS,Homo sapiens
3024,Tropicamide,5593,CHEBI:9757,R-HSA-162582,Signal Transduction,TAS,Homo sapiens
3024,Tropicamide,5593,CHEBI:9757,R-HSA-372790,Signaling by GPCR,TAS,Homo sapiens
3024,Tropicamide,5593,CHEBI:9757,R-HSA-373076,Class A/1 (Rhodopsin-like receptors),TAS,Homo sapiens
3024,Tropicamide,5593,CHEBI:9757,R-HSA-375280,Amine ligand-binding receptors,TAS,Homo sapiens
3024,Tropicamide,5593,CHEBI:9757,R-HSA-390648,Muscarinic acetylcholine receptors,TAS,Homo sapiens
3024,Tropicamide,5593,CHEBI:9757,R-HSA-500792,GPCR ligand binding,TAS,Homo sapiens
3025,Tropisetron,656665,CHEBI:32269,R-HSA-112314,Neurotransmitter receptors and postsynaptic signal transmission,TAS,Homo sapiens
3025,Tropisetron,656665,CHEBI:32269,R-HSA-112315,Transmission across Chemical Synapses,TAS,Homo sapiens
3025,Tropisetron,656665,CHEBI:32269,R-HSA-112316,Neuronal System,TAS,Homo sapiens
3039,Tyramine,5610,CHEBI:15760,R-HSA-140179,Amine Oxidase reactions,TAS,Homo sapiens
3039,Tyramine,5610,CHEBI:15760,R-HSA-141333,Biogenic amines are oxidatively deaminated to aldehydes by MAOA and MAOB,TAS,Homo sapiens
3039,Tyramine,5610,CHEBI:15760,R-HSA-1430728,Metabolism,TAS,Homo sapiens
3039,Tyramine,5610,CHEBI:15760,R-HSA-211859,Biological oxidations,TAS,Homo sapiens
3039,Tyramine,5610,CHEBI:15760,R-HSA-211945,Phase I - Functionalization of compounds,TAS,Homo sapiens
3041,Ubidecarenone,5281915,CHEBI:46245,R-HSA-1428517,Aerobic respiration and respiratory electron transport,TAS,Homo sapiens
3041,Ubidecarenone,5281915,CHEBI:46245,R-HSA-1428517,Aerobic respiration and respiratory electron transport,IEA,Homo sapiens
3041,Ubidecarenone,5281915,CHEBI:46245,R-HSA-1430728,Metabolism,TAS,Homo sapiens
3041,Ubidecarenone,5281915,CHEBI:46245,R-HSA-1430728,Metabolism,IEA,Homo sapiens
3041,Ubidecarenone,5281915,CHEBI:46245,R-HSA-15869,Metabolism of nucleotides,TAS,Homo sapiens
3041,Ubidecarenone,5281915,CHEBI:46245,R-HSA-1614517,Sulfide oxidation to sulfate,IEA,Homo sapiens
3041,Ubidecarenone,5281915,CHEBI:46245,R-HSA-1614558,Degradation of cysteine and homocysteine,IEA,Homo sapiens
3041,Ubidecarenone,5281915,CHEBI:46245,R-HSA-1614635,Sulfur amino acid metabolism,IEA,Homo sapiens
3041,Ubidecarenone,5281915,CHEBI:46245,R-HSA-500753,Pyrimidine biosynthesis,TAS,Homo sapiens
3041,Ubidecarenone,5281915,CHEBI:46245,R-HSA-611105,Respiratory electron transport,TAS,Homo sapiens
3041,Ubidecarenone,5281915,CHEBI:46245,R-HSA-611105,Respiratory electron transport,IEA,Homo sapiens
3041,Ubidecarenone,5281915,CHEBI:46245,R-HSA-71291,Metabolism of amino acids and derivatives,IEA,Homo sapiens
3041,Ubidecarenone,5281915,CHEBI:46245,R-HSA-71403,Citric acid cycle (TCA cycle),TAS,Homo sapiens
3041,Ubidecarenone,5281915,CHEBI:46245,R-HSA-8956320,Nucleotide biosynthesis,TAS,Homo sapiens
3042,Ubrogepant,68748835,CHEBI:234515,R-HSA-162582,Signal Transduction,TAS,Homo sapiens
3042,Ubrogepant,68748835,CHEBI:234515,R-HSA-372790,Signaling by GPCR,TAS,Homo sapiens
3042,Ubrogepant,68748835,CHEBI:234515,R-HSA-373080,Class B/2 (Secretin family receptors),TAS,Homo sapiens
3042,Ubrogepant,68748835,CHEBI:234515,R-HSA-419812,Calcitonin-like ligand receptors,TAS,Homo sapiens
3042,Ubrogepant,68748835,CHEBI:234515,R-HSA-500792,GPCR ligand binding,TAS,Homo sapiens
3043,Udenafil,135413547,CHEBI:135926,R-HSA-397014,Muscle contraction,TAS,Homo sapiens
3043,Udenafil,135413547,CHEBI:135926,R-HSA-445355,Smooth Muscle Contraction,TAS,Homo sapiens
3048,Umeclidinium,11519070,CHEBI:79041,R-HSA-162582,Signal Transduction,TAS,Homo sapiens
3048,Umeclidinium,11519070,CHEBI:79041,R-HSA-372790,Signaling by GPCR,TAS,Homo sapiens
3048,Umeclidinium,11519070,CHEBI:79041,R-HSA-373076,Class A/1 (Rhodopsin-like receptors),TAS,Homo sapiens
3048,Umeclidinium,11519070,CHEBI:79041,R-HSA-375280,Amine ligand-binding receptors,TAS,Homo sapiens
3048,Umeclidinium,11519070,CHEBI:79041,R-HSA-390648,Muscarinic acetylcholine receptors,TAS,Homo sapiens
3048,Umeclidinium,11519070,CHEBI:79041,R-HSA-500792,GPCR ligand binding,TAS,Homo sapiens
3052,Uracil,1174,CHEBI:17568,R-HSA-110329,Cleavage of the damaged pyrimidine ,TAS,Homo sapiens
3052,Uracil,1174,CHEBI:17568,R-HSA-1280218,Adaptive Immune System,TAS,Homo sapiens
3052,Uracil,1174,CHEBI:17568,R-HSA-1430728,Metabolism,TAS,Homo sapiens
3052,Uracil,1174,CHEBI:17568,R-HSA-15869,Metabolism of nucleotides,TAS,Homo sapiens
3052,Uracil,1174,CHEBI:17568,R-HSA-168256,Immune System,TAS,Homo sapiens
3052,Uracil,1174,CHEBI:17568,R-HSA-382551,Transport of small molecules,TAS,Homo sapiens
3052,Uracil,1174,CHEBI:17568,R-HSA-425397,"Transport of vitamins, nucleosides, and related molecules",TAS,Homo sapiens
3052,Uracil,1174,CHEBI:17568,R-HSA-425407,SLC-mediated transmembrane transport,TAS,Homo sapiens
3052,Uracil,1174,CHEBI:17568,R-HSA-73614,Pyrimidine salvage,TAS,Homo sapiens
3052,Uracil,1174,CHEBI:17568,R-HSA-73621,Pyrimidine catabolism,TAS,Homo sapiens
3052,Uracil,1174,CHEBI:17568,R-HSA-73884,Base Excision Repair,TAS,Homo sapiens
3052,Uracil,1174,CHEBI:17568,R-HSA-73894,DNA Repair,TAS,Homo sapiens
3052,Uracil,1174,CHEBI:17568,R-HSA-73928,Depyrimidination,TAS,Homo sapiens
3052,Uracil,1174,CHEBI:17568,R-HSA-73929,"Base-Excision Repair, AP Site Formation",TAS,Homo sapiens
3052,Uracil,1174,CHEBI:17568,R-HSA-83936,Transport of nucleosides and free purine and pyrimidine bases across the plasma membrane,TAS,Homo sapiens
3052,Uracil,1174,CHEBI:17568,R-HSA-8956319,Nucleotide catabolism,TAS,Homo sapiens
3052,Uracil,1174,CHEBI:17568,R-HSA-8956321,Nucleotide salvage,TAS,Homo sapiens
3052,Uracil,1174,CHEBI:17568,R-HSA-9938024,Somatic hypermutation of immunoglobulin genes,TAS,Homo sapiens
3052,Uracil,1174,CHEBI:17568,R-HSA-9938026,Immunoglobulin maturation,TAS,Homo sapiens
3052,Uracil,1174,CHEBI:17568,R-HSA-9938027,Affinity selection of immunoglobulins,TAS,Homo sapiens
3052,Uracil,1174,CHEBI:17568,R-HSA-9968297,Somatic hypermutation of immunoglobulin genes by error-prone base excision repair (BER),TAS,Homo sapiens
3053,Uracil mustard,6194,CHEBI:9884,R-HSA-6783310,Fanconi Anemia Pathway,IEA,Homo sapiens
3053,Uracil mustard,6194,CHEBI:9884,R-HSA-73894,DNA Repair,IEA,Homo sapiens
3053,Uracil mustard,6194,CHEBI:9884,R-HSA-9750126,Drug-induced formation of DNA interstrand crosslinks,IEA,Homo sapiens
3056,Uric acid,1175,CHEBI:17775,R-HSA-1430728,Metabolism,TAS,Homo sapiens
3056,Uric acid,1175,CHEBI:17775,R-HSA-15869,Metabolism of nucleotides,TAS,Homo sapiens
3056,Uric acid,1175,CHEBI:17775,R-HSA-1643685,Disease,TAS,Homo sapiens
3056,Uric acid,1175,CHEBI:17775,R-HSA-189200,Cellular hexose transport,TAS,Homo sapiens
3056,Uric acid,1175,CHEBI:17775,R-HSA-196807,Nicotinate metabolism,TAS,Homo sapiens
3056,Uric acid,1175,CHEBI:17775,R-HSA-196849,Metabolism of water-soluble vitamins and cofactors,TAS,Homo sapiens
3056,Uric acid,1175,CHEBI:17775,R-HSA-196854,Metabolism of vitamins and cofactors,TAS,Homo sapiens
3056,Uric acid,1175,CHEBI:17775,R-HSA-2672351,Stimuli-sensing channels,TAS,Homo sapiens
3056,Uric acid,1175,CHEBI:17775,R-HSA-382551,Transport of small molecules,TAS,Homo sapiens
3056,Uric acid,1175,CHEBI:17775,R-HSA-425407,SLC-mediated transmembrane transport,TAS,Homo sapiens
3056,Uric acid,1175,CHEBI:17775,R-HSA-561048,Organic anion transport by SLC22 transporters,TAS,Homo sapiens
3056,Uric acid,1175,CHEBI:17775,R-HSA-5619047,Defective SLC2A9 causes hypouricemia renal 2 (RHUC2),TAS,Homo sapiens
3056,Uric acid,1175,CHEBI:17775,R-HSA-5619071,Defective SLC22A12 causes renal hypouricemia 1 (RHUC1),TAS,Homo sapiens
3056,Uric acid,1175,CHEBI:17775,R-HSA-5619102,SLC transporter disorders,TAS,Homo sapiens
3056,Uric acid,1175,CHEBI:17775,R-HSA-5619115,Disorders of transmembrane transporters,TAS,Homo sapiens
3056,Uric acid,1175,CHEBI:17775,R-HSA-74259,Purine catabolism,TAS,Homo sapiens
3056,Uric acid,1175,CHEBI:17775,R-HSA-8956319,Nucleotide catabolism,TAS,Homo sapiens
3056,Uric acid,1175,CHEBI:17775,R-HSA-983712,Ion channel transport,TAS,Homo sapiens
3056,Uric acid,1175,CHEBI:17775,R-HSA-9955298,SLC-mediated transport of organic anions,TAS,Homo sapiens
3061,Valaciclovir,135398742,CHEBI:35854,R-HSA-1430728,Metabolism,TAS,Homo sapiens
3061,Valaciclovir,135398742,CHEBI:35854,R-HSA-211859,Biological oxidations,TAS,Homo sapiens
3061,Valaciclovir,135398742,CHEBI:35854,R-HSA-211945,Phase I - Functionalization of compounds,TAS,Homo sapiens
3063,Valdecoxib,119607,CHEBI:63634,R-HSA-1430728,Metabolism,TAS,Homo sapiens
3063,Valdecoxib,119607,CHEBI:63634,R-HSA-2142753,Arachidonate metabolism,TAS,Homo sapiens
3063,Valdecoxib,119607,CHEBI:63634,R-HSA-2162123,Synthesis of Prostaglandins (PG) and Thromboxanes (TX),TAS,Homo sapiens
3063,Valdecoxib,119607,CHEBI:63634,R-HSA-556833,Metabolism of lipids,TAS,Homo sapiens
3063,Valdecoxib,119607,CHEBI:63634,R-HSA-8978868,Fatty acid metabolism,TAS,Homo sapiens
3071,Valsartan,60846,CHEBI:9927,R-HSA-162582,Signal Transduction,TAS,Homo sapiens
3071,Valsartan,60846,CHEBI:9927,R-HSA-372790,Signaling by GPCR,TAS,Homo sapiens
3071,Valsartan,60846,CHEBI:9927,R-HSA-373076,Class A/1 (Rhodopsin-like receptors),TAS,Homo sapiens
3071,Valsartan,60846,CHEBI:9927,R-HSA-375276,Peptide ligand-binding receptors,TAS,Homo sapiens
3071,Valsartan,60846,CHEBI:9927,R-HSA-500792,GPCR ligand binding,TAS,Homo sapiens
3072,Valspodar,5281884,CHEBI:8985,R-HSA-9748784,Drug ADME,TAS,Homo sapiens
3072,Valspodar,5281884,CHEBI:8985,R-HSA-9757110,Prednisone ADME,TAS,Homo sapiens
3075,Vandetanib,3081361,CHEBI:49960,R-HSA-1236382,Constitutive Signaling by Ligand-Responsive EGFR Cancer Variants,TAS,Homo sapiens
3075,Vandetanib,3081361,CHEBI:49960,R-HSA-1643685,Disease,TAS,Homo sapiens
3075,Vandetanib,3081361,CHEBI:49960,R-HSA-1643713,Signaling by EGFR in Cancer,TAS,Homo sapiens
3075,Vandetanib,3081361,CHEBI:49960,R-HSA-5637815,Signaling by Ligand-Responsive EGFR Variants in Cancer,TAS,Homo sapiens
3075,Vandetanib,3081361,CHEBI:49960,R-HSA-5663202,Diseases of signal transduction by growth factor receptors and second messengers,TAS,Homo sapiens
3077,Vardenafil,135400189,CHEBI:46295,R-HSA-397014,Muscle contraction,TAS,Homo sapiens
3077,Vardenafil,135400189,CHEBI:46295,R-HSA-445355,Smooth Muscle Contraction,TAS,Homo sapiens
3082,Vemurafenib,42611257,CHEBI:63637,R-HSA-1643685,Disease,TAS,Homo sapiens
3082,Vemurafenib,42611257,CHEBI:63637,R-HSA-5663202,Diseases of signal transduction by growth factor receptors and second messengers,TAS,Homo sapiens
3082,Vemurafenib,42611257,CHEBI:63637,R-HSA-6802948,Signaling by high-kinase activity BRAF mutants,TAS,Homo sapiens
3082,Vemurafenib,42611257,CHEBI:63637,R-HSA-6802957,Oncogenic MAPK signaling,TAS,Homo sapiens
3083,Venetoclax,49846579,CHEBI:133021,R-HSA-109581,Apoptosis,TAS,Homo sapiens
3083,Venetoclax,49846579,CHEBI:133021,R-HSA-109606,Intrinsic Pathway for Apoptosis,TAS,Homo sapiens
3083,Venetoclax,49846579,CHEBI:133021,R-HSA-111453,BH3-only proteins associate with and inactivate anti-apoptotic BCL-2 members,TAS,Homo sapiens
3083,Venetoclax,49846579,CHEBI:133021,R-HSA-5357801,Programmed Cell Death,TAS,Homo sapiens
3084,Venlafaxine,5656,CHEBI:9943,R-HSA-112311,Neurotransmitter clearance,TAS,Homo sapiens
3084,Venlafaxine,5656,CHEBI:9943,R-HSA-112315,Transmission across Chemical Synapses,TAS,Homo sapiens
3084,Venlafaxine,5656,CHEBI:9943,R-HSA-112316,Neuronal System,TAS,Homo sapiens
3084,Venlafaxine,5656,CHEBI:9943,R-HSA-380615,Serotonin clearance from the synaptic cleft,TAS,Homo sapiens
3086,Vericiguat,54674461,CHEBI:142432,R-HSA-109582,Hemostasis,IEA,Homo sapiens
3086,Vericiguat,54674461,CHEBI:142432,R-HSA-392154,Nitric oxide stimulates guanylate cyclase,IEA,Homo sapiens
3086,Vericiguat,54674461,CHEBI:142432,R-HSA-397014,Muscle contraction,IEA,Homo sapiens
3086,Vericiguat,54674461,CHEBI:142432,R-HSA-397014,Muscle contraction,TAS,Homo sapiens
3086,Vericiguat,54674461,CHEBI:142432,R-HSA-418346,Platelet homeostasis,IEA,Homo sapiens
3086,Vericiguat,54674461,CHEBI:142432,R-HSA-445355,Smooth Muscle Contraction,IEA,Homo sapiens
3086,Vericiguat,54674461,CHEBI:142432,R-HSA-445355,Smooth Muscle Contraction,TAS,Homo sapiens
3094,Vilazodone,6918314,CHEBI:70707,R-HSA-112311,Neurotransmitter clearance,TAS,Homo sapiens
3094,Vilazodone,6918314,CHEBI:70707,R-HSA-112315,Transmission across Chemical Synapses,TAS,Homo sapiens
3094,Vilazodone,6918314,CHEBI:70707,R-HSA-112316,Neuronal System,TAS,Homo sapiens
3094,Vilazodone,6918314,CHEBI:70707,R-HSA-162582,Signal Transduction,TAS,Homo sapiens
3094,Vilazodone,6918314,CHEBI:70707,R-HSA-372790,Signaling by GPCR,TAS,Homo sapiens
3094,Vilazodone,6918314,CHEBI:70707,R-HSA-373076,Class A/1 (Rhodopsin-like receptors),TAS,Homo sapiens
3094,Vilazodone,6918314,CHEBI:70707,R-HSA-375280,Amine ligand-binding receptors,TAS,Homo sapiens
3094,Vilazodone,6918314,CHEBI:70707,R-HSA-380615,Serotonin clearance from the synaptic cleft,TAS,Homo sapiens
3094,Vilazodone,6918314,CHEBI:70707,R-HSA-390666,Serotonin receptors,TAS,Homo sapiens
3094,Vilazodone,6918314,CHEBI:70707,R-HSA-500792,GPCR ligand binding,TAS,Homo sapiens
3095,Vildagliptin,6918537,CHEBI:135285,R-HSA-2980736,Peptide hormone metabolism,TAS,Homo sapiens
3095,Vildagliptin,6918537,CHEBI:135285,R-HSA-381771,"Synthesis, secretion, and inactivation of Glucagon-like Peptide-1 (GLP-1)",TAS,Homo sapiens
3095,Vildagliptin,6918537,CHEBI:135285,R-HSA-392499,Metabolism of proteins,TAS,Homo sapiens
3095,Vildagliptin,6918537,CHEBI:135285,R-HSA-400508,"Incretin synthesis, secretion, and inactivation",TAS,Homo sapiens
3100,Vincristine,5978,CHEBI:28445,R-HSA-382551,Transport of small molecules,TAS,Homo sapiens
3100,Vincristine,5978,CHEBI:28445,R-HSA-382556,ABC-family protein mediated transport,TAS,Homo sapiens
3100,Vincristine,5978,CHEBI:28445,R-HSA-9748784,Drug ADME,TAS,Homo sapiens
3100,Vincristine,5978,CHEBI:28445,R-HSA-9757110,Prednisone ADME,TAS,Homo sapiens
3110,Vitamin A,445354,CHEBI:17336,R-HSA-1430728,Metabolism,TAS,Homo sapiens
3110,Vitamin A,445354,CHEBI:17336,R-HSA-1430728,Metabolism,IEA,Homo sapiens
3110,Vitamin A,445354,CHEBI:17336,R-HSA-162582,Signal Transduction,TAS,Homo sapiens
3110,Vitamin A,445354,CHEBI:17336,R-HSA-163560,Triglyceride catabolism,TAS,Homo sapiens
3110,Vitamin A,445354,CHEBI:17336,R-HSA-1643685,Disease,TAS,Homo sapiens
3110,Vitamin A,445354,CHEBI:17336,R-HSA-192456,Digestion of dietary lipid,TAS,Homo sapiens
3110,Vitamin A,445354,CHEBI:17336,R-HSA-196854,Metabolism of vitamins and cofactors,TAS,Homo sapiens
3110,Vitamin A,445354,CHEBI:17336,R-HSA-196854,Metabolism of vitamins and cofactors,IEA,Homo sapiens
3110,Vitamin A,445354,CHEBI:17336,R-HSA-2187335,The retinoid cycle in cones (daylight vision),IEA,Homo sapiens
3110,Vitamin A,445354,CHEBI:17336,R-HSA-2187335,The retinoid cycle in cones (daylight vision),TAS,Homo sapiens
3110,Vitamin A,445354,CHEBI:17336,R-HSA-2187338,Visual phototransduction,TAS,Homo sapiens
3110,Vitamin A,445354,CHEBI:17336,R-HSA-2187338,Visual phototransduction,IEA,Homo sapiens
3110,Vitamin A,445354,CHEBI:17336,R-HSA-2453864,Retinoid cycle disease events,TAS,Homo sapiens
3110,Vitamin A,445354,CHEBI:17336,R-HSA-2453902,The canonical retinoid cycle in rods (twilight vision),TAS,Homo sapiens
3110,Vitamin A,445354,CHEBI:17336,R-HSA-2453902,The canonical retinoid cycle in rods (twilight vision),IEA,Homo sapiens
3110,Vitamin A,445354,CHEBI:17336,R-HSA-2474795,Diseases associated with visual transduction,TAS,Homo sapiens
3110,Vitamin A,445354,CHEBI:17336,R-HSA-5362517,Signaling by Retinoic Acid,TAS,Homo sapiens
3110,Vitamin A,445354,CHEBI:17336,R-HSA-5365859,RA biosynthesis pathway,TAS,Homo sapiens
3110,Vitamin A,445354,CHEBI:17336,R-HSA-556833,Metabolism of lipids,TAS,Homo sapiens
3110,Vitamin A,445354,CHEBI:17336,R-HSA-6806667,Metabolism of fat-soluble vitamins,TAS,Homo sapiens
3110,Vitamin A,445354,CHEBI:17336,R-HSA-6806667,Metabolism of fat-soluble vitamins,IEA,Homo sapiens
3110,Vitamin A,445354,CHEBI:17336,R-HSA-6809583,Retinoid metabolism disease events,TAS,Homo sapiens
3110,Vitamin A,445354,CHEBI:17336,R-HSA-8848584,Wax and plasmalogen biosynthesis,TAS,Homo sapiens
3110,Vitamin A,445354,CHEBI:17336,R-HSA-8935690,Digestion,TAS,Homo sapiens
3110,Vitamin A,445354,CHEBI:17336,R-HSA-8963743,Digestion and absorption,TAS,Homo sapiens
3110,Vitamin A,445354,CHEBI:17336,R-HSA-8979227,Triglyceride metabolism,TAS,Homo sapiens
3110,Vitamin A,445354,CHEBI:17336,R-HSA-9006931,Signaling by Nuclear Receptors,TAS,Homo sapiens
3110,Vitamin A,445354,CHEBI:17336,R-HSA-9640463,Wax biosynthesis,TAS,Homo sapiens
3110,Vitamin A,445354,CHEBI:17336,R-HSA-9675143,Diseases of the neuronal system,TAS,Homo sapiens
3110,Vitamin A,445354,CHEBI:17336,R-HSA-9709957,Sensory Perception,TAS,Homo sapiens
3110,Vitamin A,445354,CHEBI:17336,R-HSA-9709957,Sensory Perception,IEA,Homo sapiens
3110,Vitamin A,445354,CHEBI:17336,R-HSA-975634,Retinoid metabolism and transport,TAS,Homo sapiens
3110,Vitamin A,445354,CHEBI:17336,R-HSA-975634,Retinoid metabolism and transport,IEA,Homo sapiens
3110,Vitamin A,445354,CHEBI:17336,R-HSA-9918442,Defective visual phototransduction due to LRAT loss of function,TAS,Homo sapiens
3110,Vitamin A,445354,CHEBI:17336,R-HSA-9918449,Defective visual phototransduction due to STRA6 loss of function,TAS,Homo sapiens
3115,Vorapaxar,10077130,CHEBI:82702,R-HSA-109582,Hemostasis,TAS,Homo sapiens
3115,Vorapaxar,10077130,CHEBI:82702,R-HSA-456926,Thrombin signalling through proteinase activated receptors (PARs),TAS,Homo sapiens
3115,Vorapaxar,10077130,CHEBI:82702,R-HSA-76002,"Platelet activation, signaling and aggregation",TAS,Homo sapiens
3118,Vorinostat,5311,CHEBI:45716,R-HSA-1643685,Disease,TAS,Homo sapiens
3118,Vorinostat,5311,CHEBI:45716,R-HSA-3214815,HDACs deacetylate histones,TAS,Homo sapiens
3118,Vorinostat,5311,CHEBI:45716,R-HSA-3247509,Chromatin modifying enzymes,TAS,Homo sapiens
3118,Vorinostat,5311,CHEBI:45716,R-HSA-4839726,Chromatin organization,TAS,Homo sapiens
3118,Vorinostat,5311,CHEBI:45716,R-HSA-5663205,Infectious disease,TAS,Homo sapiens
3118,Vorinostat,5311,CHEBI:45716,R-HSA-9679191,Potential therapeutics for SARS,TAS,Homo sapiens
3118,Vorinostat,5311,CHEBI:45716,R-HSA-9679506,SARS-CoV Infections,TAS,Homo sapiens
3118,Vorinostat,5311,CHEBI:45716,R-HSA-9824446,Viral Infection Pathways,TAS,Homo sapiens
3119,Vortioxetine,9966051,CHEBI:76016,R-HSA-112311,Neurotransmitter clearance,TAS,Homo sapiens
3119,Vortioxetine,9966051,CHEBI:76016,R-HSA-112315,Transmission across Chemical Synapses,TAS,Homo sapiens
3119,Vortioxetine,9966051,CHEBI:76016,R-HSA-112316,Neuronal System,TAS,Homo sapiens
3119,Vortioxetine,9966051,CHEBI:76016,R-HSA-162582,Signal Transduction,TAS,Homo sapiens
3119,Vortioxetine,9966051,CHEBI:76016,R-HSA-372790,Signaling by GPCR,TAS,Homo sapiens
3119,Vortioxetine,9966051,CHEBI:76016,R-HSA-373076,Class A/1 (Rhodopsin-like receptors),TAS,Homo sapiens
3119,Vortioxetine,9966051,CHEBI:76016,R-HSA-375280,Amine ligand-binding receptors,TAS,Homo sapiens
3119,Vortioxetine,9966051,CHEBI:76016,R-HSA-380615,Serotonin clearance from the synaptic cleft,TAS,Homo sapiens
3119,Vortioxetine,9966051,CHEBI:76016,R-HSA-390666,Serotonin receptors,TAS,Homo sapiens
3119,Vortioxetine,9966051,CHEBI:76016,R-HSA-500792,GPCR ligand binding,TAS,Homo sapiens
3124,Wortmannin,312145,CHEBI:52289,R-HSA-1643685,Disease,TAS,Homo sapiens
3124,Wortmannin,312145,CHEBI:52289,R-HSA-2219528,PI3K/AKT Signaling in Cancer,TAS,Homo sapiens
3124,Wortmannin,312145,CHEBI:52289,R-HSA-2219530,Constitutive Signaling by Aberrant PI3K in Cancer,TAS,Homo sapiens
3124,Wortmannin,312145,CHEBI:52289,R-HSA-5663202,Diseases of signal transduction by growth factor receptors and second messengers,TAS,Homo sapiens
3125,Xamoterol,155774,CHEBI:10055,R-HSA-162582,Signal Transduction,TAS,Homo sapiens
3125,Xamoterol,155774,CHEBI:10055,R-HSA-372790,Signaling by GPCR,TAS,Homo sapiens
3125,Xamoterol,155774,CHEBI:10055,R-HSA-373076,Class A/1 (Rhodopsin-like receptors),TAS,Homo sapiens
3125,Xamoterol,155774,CHEBI:10055,R-HSA-375280,Amine ligand-binding receptors,TAS,Homo sapiens
3125,Xamoterol,155774,CHEBI:10055,R-HSA-390696,Adrenoceptors,TAS,Homo sapiens
3125,Xamoterol,155774,CHEBI:10055,R-HSA-500792,GPCR ligand binding,TAS,Homo sapiens
3127,Xanthine,1188,CHEBI:17712,R-HSA-1430728,Metabolism,TAS,Homo sapiens
3127,Xanthine,1188,CHEBI:17712,R-HSA-15869,Metabolism of nucleotides,TAS,Homo sapiens
3127,Xanthine,1188,CHEBI:17712,R-HSA-74259,Purine catabolism,TAS,Homo sapiens
3127,Xanthine,1188,CHEBI:17712,R-HSA-8956319,Nucleotide catabolism,TAS,Homo sapiens
3133,Yohimbine,8969,CHEBI:10093,R-HSA-162582,Signal Transduction,TAS,Homo sapiens
3133,Yohimbine,8969,CHEBI:10093,R-HSA-372790,Signaling by GPCR,TAS,Homo sapiens
3133,Yohimbine,8969,CHEBI:10093,R-HSA-373076,Class A/1 (Rhodopsin-like receptors),TAS,Homo sapiens
3133,Yohimbine,8969,CHEBI:10093,R-HSA-375280,Amine ligand-binding receptors,TAS,Homo sapiens
3133,Yohimbine,8969,CHEBI:10093,R-HSA-388396,GPCR downstream signalling,TAS,Homo sapiens
3133,Yohimbine,8969,CHEBI:10093,R-HSA-390666,Serotonin receptors,TAS,Homo sapiens
3133,Yohimbine,8969,CHEBI:10093,R-HSA-418594,G alpha (i) signalling events,TAS,Homo sapiens
3133,Yohimbine,8969,CHEBI:10093,R-HSA-420499,Class C/3 (Metabotropic glutamate/pheromone receptors),TAS,Homo sapiens
3133,Yohimbine,8969,CHEBI:10093,R-HSA-500792,GPCR ligand binding,TAS,Homo sapiens
3133,Yohimbine,8969,CHEBI:10093,R-HSA-9709957,Sensory Perception,IEA,Homo sapiens
3133,Yohimbine,8969,CHEBI:10093,R-HSA-9709957,Sensory Perception,TAS,Homo sapiens
3133,Yohimbine,8969,CHEBI:10093,R-HSA-9717189,Sensory perception of taste,IEA,Homo sapiens
3133,Yohimbine,8969,CHEBI:10093,R-HSA-9717189,Sensory perception of taste,TAS,Homo sapiens
3133,Yohimbine,8969,CHEBI:10093,R-HSA-9717207,"Sensory perception of sweet, bitter, and umami (glutamate) taste",IEA,Homo sapiens
3133,Yohimbine,8969,CHEBI:10093,R-HSA-9717207,"Sensory perception of sweet, bitter, and umami (glutamate) taste",TAS,Homo sapiens
3134,Zafirlukast,5717,CHEBI:10100,R-HSA-162582,Signal Transduction,TAS,Homo sapiens
3134,Zafirlukast,5717,CHEBI:10100,R-HSA-1643685,Disease,TAS,Homo sapiens
3134,Zafirlukast,5717,CHEBI:10100,R-HSA-372790,Signaling by GPCR,TAS,Homo sapiens
3134,Zafirlukast,5717,CHEBI:10100,R-HSA-373076,Class A/1 (Rhodopsin-like receptors),TAS,Homo sapiens
3134,Zafirlukast,5717,CHEBI:10100,R-HSA-391903,Eicosanoid ligand-binding receptors,TAS,Homo sapiens
3134,Zafirlukast,5717,CHEBI:10100,R-HSA-391906,Leukotriene receptors,TAS,Homo sapiens
3134,Zafirlukast,5717,CHEBI:10100,R-HSA-500792,GPCR ligand binding,TAS,Homo sapiens
3134,Zafirlukast,5717,CHEBI:10100,R-HSA-5663205,Infectious disease,TAS,Homo sapiens
3134,Zafirlukast,5717,CHEBI:10100,R-HSA-9679191,Potential therapeutics for SARS,TAS,Homo sapiens
3134,Zafirlukast,5717,CHEBI:10100,R-HSA-9679506,SARS-CoV Infections,TAS,Homo sapiens
3134,Zafirlukast,5717,CHEBI:10100,R-HSA-9824446,Viral Infection Pathways,TAS,Homo sapiens
3144,Zileuton,60490,CHEBI:10112,R-HSA-1430728,Metabolism,TAS,Homo sapiens
3144,Zileuton,60490,CHEBI:10112,R-HSA-2142691,Synthesis of Leukotrienes (LT) and Eoxins (EX),TAS,Homo sapiens
3144,Zileuton,60490,CHEBI:10112,R-HSA-2142753,Arachidonate metabolism,TAS,Homo sapiens
3144,Zileuton,60490,CHEBI:10112,R-HSA-556833,Metabolism of lipids,TAS,Homo sapiens
3144,Zileuton,60490,CHEBI:10112,R-HSA-8978868,Fatty acid metabolism,TAS,Homo sapiens
3145,Zilucoplan,133083018,CHEBI:229659,R-HSA-166658,Complement cascade,TAS,Homo sapiens
3145,Zilucoplan,133083018,CHEBI:229659,R-HSA-168249,Innate Immune System,TAS,Homo sapiens
3145,Zilucoplan,133083018,CHEBI:229659,R-HSA-168256,Immune System,TAS,Homo sapiens
3145,Zilucoplan,133083018,CHEBI:229659,R-HSA-174577,Activation of C3 and C5,TAS,Homo sapiens
3149,Zinc cation,32051,CHEBI:29105,R-HSA-109581,Apoptosis,TAS,Homo sapiens
3149,Zinc cation,32051,CHEBI:29105,R-HSA-109582,Hemostasis,TAS,Homo sapiens
3149,Zinc cation,32051,CHEBI:29105,R-HSA-111885,Opioid Signalling,IEA,Homo sapiens
3149,Zinc cation,32051,CHEBI:29105,R-HSA-1168372,Downstream signaling events of B Cell Receptor (BCR),TAS,Homo sapiens
3149,Zinc cation,32051,CHEBI:29105,R-HSA-1168372,Downstream signaling events of B Cell Receptor (BCR),IEA,Homo sapiens
3149,Zinc cation,32051,CHEBI:29105,R-HSA-1169410,Antimicrobial mechanism of IFN-stimulated genes,TAS,Homo sapiens
3149,Zinc cation,32051,CHEBI:29105,R-HSA-1170546,Prolactin receptor signaling,IEA,Homo sapiens
3149,Zinc cation,32051,CHEBI:29105,R-HSA-1170546,Prolactin receptor signaling,TAS,Homo sapiens
3149,Zinc cation,32051,CHEBI:29105,R-HSA-1222499,Latent infection - Other responses of Mtb to phagocytosis,TAS,Homo sapiens
3149,Zinc cation,32051,CHEBI:29105,R-HSA-1222538,Tolerance by Mtb to nitric oxide produced by macrophages,TAS,Homo sapiens
3149,Zinc cation,32051,CHEBI:29105,R-HSA-1222556,ROS and RNS production in phagocytes,TAS,Homo sapiens
3149,Zinc cation,32051,CHEBI:29105,R-HSA-1236394,Signaling by ERBB4,IEA,Homo sapiens
3149,Zinc cation,32051,CHEBI:29105,R-HSA-1237044,Erythrocytes take up carbon dioxide and release oxygen,TAS,Homo sapiens
3149,Zinc cation,32051,CHEBI:29105,R-HSA-1237112,Methionine salvage pathway,IEA,Homo sapiens
3149,Zinc cation,32051,CHEBI:29105,R-HSA-1247673,Erythrocytes take up oxygen and release carbon dioxide,TAS,Homo sapiens
3149,Zinc cation,32051,CHEBI:29105,R-HSA-1251985,Nuclear signaling by ERBB4,IEA,Homo sapiens
3149,Zinc cation,32051,CHEBI:29105,R-HSA-1268020,Mitochondrial protein import,IEA,Homo sapiens
3149,Zinc cation,32051,CHEBI:29105,R-HSA-1280215,Cytokine Signaling in Immune system,IEA,Homo sapiens
3149,Zinc cation,32051,CHEBI:29105,R-HSA-1280215,Cytokine Signaling in Immune system,TAS,Homo sapiens
3149,Zinc cation,32051,CHEBI:29105,R-HSA-1280218,Adaptive Immune System,TAS,Homo sapiens
3149,Zinc cation,32051,CHEBI:29105,R-HSA-1280218,Adaptive Immune System,IEA,Homo sapiens
3149,Zinc cation,32051,CHEBI:29105,R-HSA-1428517,Aerobic respiration and respiratory electron transport,TAS,Homo sapiens
3149,Zinc cation,32051,CHEBI:29105,R-HSA-1430728,Metabolism,TAS,Homo sapiens
3149,Zinc cation,32051,CHEBI:29105,R-HSA-1430728,Metabolism,IEA,Homo sapiens
3149,Zinc cation,32051,CHEBI:29105,R-HSA-1474151,"Tetrahydrobiopterin (BH4) synthesis, recycling, salvage and regulation",TAS,Homo sapiens
3149,Zinc cation,32051,CHEBI:29105,R-HSA-1475029,Reversible hydration of carbon dioxide,TAS,Homo sapiens
3149,Zinc cation,32051,CHEBI:29105,R-HSA-1480926,O2/CO2 exchange in erythrocytes,TAS,Homo sapiens
3149,Zinc cation,32051,CHEBI:29105,R-HSA-1483166,Synthesis of PA,TAS,Homo sapiens
3149,Zinc cation,32051,CHEBI:29105,R-HSA-1483206,Glycerophospholipid biosynthesis,TAS,Homo sapiens
3149,Zinc cation,32051,CHEBI:29105,R-HSA-1483257,Phospholipid metabolism,TAS,Homo sapiens
3149,Zinc cation,32051,CHEBI:29105,R-HSA-1500931,Cell-Cell communication,TAS,Homo sapiens
3149,Zinc cation,32051,CHEBI:29105,R-HSA-156580,Phase II - Conjugation of compounds,TAS,Homo sapiens
3149,Zinc cation,32051,CHEBI:29105,R-HSA-156581,Methylation,TAS,Homo sapiens
3149,Zinc cation,32051,CHEBI:29105,R-HSA-157118,Signaling by NOTCH,TAS,Homo sapiens
3149,Zinc cation,32051,CHEBI:29105,R-HSA-157118,Signaling by NOTCH,IEA,Homo sapiens
3149,Zinc cation,32051,CHEBI:29105,R-HSA-15869,Metabolism of nucleotides,TAS,Homo sapiens
3149,Zinc cation,32051,CHEBI:29105,R-HSA-1592230,Mitochondrial biogenesis,TAS,Homo sapiens
3149,Zinc cation,32051,CHEBI:29105,R-HSA-1614517,Sulfide oxidation to sulfate,TAS,Homo sapiens
3149,Zinc cation,32051,CHEBI:29105,R-HSA-1614558,Degradation of cysteine and homocysteine,TAS,Homo sapiens
3149,Zinc cation,32051,CHEBI:29105,R-HSA-1614635,Sulfur amino acid metabolism,TAS,Homo sapiens
3149,Zinc cation,32051,CHEBI:29105,R-HSA-1614635,Sulfur amino acid metabolism,IEA,Homo sapiens
3149,Zinc cation,32051,CHEBI:29105,R-HSA-162582,Signal Transduction,TAS,Homo sapiens
3149,Zinc cation,32051,CHEBI:29105,R-HSA-162582,Signal Transduction,IEA,Homo sapiens
3149,Zinc cation,32051,CHEBI:29105,R-HSA-163685,Integration of energy metabolism,TAS,Homo sapiens
3149,Zinc cation,32051,CHEBI:29105,R-HSA-163685,Integration of energy metabolism,IEA,Homo sapiens
3149,Zinc cation,32051,CHEBI:29105,R-HSA-163841,"Gamma carboxylation, hypusinylation, hydroxylation, and arylsulfatase activation",TAS,Homo sapiens
3149,Zinc cation,32051,CHEBI:29105,R-HSA-1640170,Cell Cycle,TAS,Homo sapiens
3149,Zinc cation,32051,CHEBI:29105,R-HSA-1643685,Disease,TAS,Homo sapiens
3149,Zinc cation,32051,CHEBI:29105,R-HSA-1655829,Regulation of cholesterol biosynthesis by SREBP (SREBF),TAS,Homo sapiens
3149,Zinc cation,32051,CHEBI:29105,R-HSA-166520,Signaling by NTRKs,TAS,Homo sapiens
3149,Zinc cation,32051,CHEBI:29105,R-HSA-166520,Signaling by NTRKs,IEA,Homo sapiens
3149,Zinc cation,32051,CHEBI:29105,R-HSA-168249,Innate Immune System,TAS,Homo sapiens
3149,Zinc cation,32051,CHEBI:29105,R-HSA-168256,Immune System,TAS,Homo sapiens
3149,Zinc cation,32051,CHEBI:29105,R-HSA-168256,Immune System,IEA,Homo sapiens
3149,Zinc cation,32051,CHEBI:29105,R-HSA-168799,Neurotoxicity of clostridium toxins,TAS,Homo sapiens
3149,Zinc cation,32051,CHEBI:29105,R-HSA-169893,Prolonged ERK activation events,TAS,Homo sapiens
3149,Zinc cation,32051,CHEBI:29105,R-HSA-169893,Prolonged ERK activation events,IEA,Homo sapiens
3149,Zinc cation,32051,CHEBI:29105,R-HSA-169911,Regulation of Apoptosis,TAS,Homo sapiens
3149,Zinc cation,32051,CHEBI:29105,R-HSA-170968,Frs2-mediated activation,TAS,Homo sapiens
3149,Zinc cation,32051,CHEBI:29105,R-HSA-170968,Frs2-mediated activation,IEA,Homo sapiens
3149,Zinc cation,32051,CHEBI:29105,R-HSA-170984,ARMS-mediated activation,IEA,Homo sapiens
3149,Zinc cation,32051,CHEBI:29105,R-HSA-174824,"Plasma lipoprotein assembly, remodeling, and clearance",TAS,Homo sapiens
3149,Zinc cation,32051,CHEBI:29105,R-HSA-177929,Signaling by EGFR,IEA,Homo sapiens
3149,Zinc cation,32051,CHEBI:29105,R-HSA-180024,DARPP-32 events,IEA,Homo sapiens
3149,Zinc cation,32051,CHEBI:29105,R-HSA-1852241,Organelle biogenesis and maintenance,TAS,Homo sapiens
3149,Zinc cation,32051,CHEBI:29105,R-HSA-187037,Signaling by NTRK1 (TRKA),TAS,Homo sapiens
3149,Zinc cation,32051,CHEBI:29105,R-HSA-187037,Signaling by NTRK1 (TRKA),IEA,Homo sapiens
3149,Zinc cation,32051,CHEBI:29105,R-HSA-187687,Signalling to ERKs,TAS,Homo sapiens
3149,Zinc cation,32051,CHEBI:29105,R-HSA-187687,Signalling to ERKs,IEA,Homo sapiens
3149,Zinc cation,32051,CHEBI:29105,R-HSA-187706,Signalling to p38 via RIT and RIN,IEA,Homo sapiens
3149,Zinc cation,32051,CHEBI:29105,R-HSA-189445,Metabolism of porphyrins,TAS,Homo sapiens
3149,Zinc cation,32051,CHEBI:29105,R-HSA-189451,Heme biosynthesis,TAS,Homo sapiens
3149,Zinc cation,32051,CHEBI:29105,R-HSA-189483,Heme degradation,TAS,Homo sapiens
3149,Zinc cation,32051,CHEBI:29105,R-HSA-193692,Regulated proteolysis of p75NTR,TAS,Homo sapiens
3149,Zinc cation,32051,CHEBI:29105,R-HSA-193704,p75 NTR receptor-mediated signalling,TAS,Homo sapiens
3149,Zinc cation,32051,CHEBI:29105,R-HSA-194138,Signaling by VEGF,TAS,Homo sapiens
3149,Zinc cation,32051,CHEBI:29105,R-HSA-195721,Signaling by WNT,TAS,Homo sapiens
3149,Zinc cation,32051,CHEBI:29105,R-HSA-196741,"Cobalamin (Cbl, vitamin B12) transport and metabolism",TAS,Homo sapiens
3149,Zinc cation,32051,CHEBI:29105,R-HSA-196807,Nicotinate metabolism,TAS,Homo sapiens
3149,Zinc cation,32051,CHEBI:29105,R-HSA-196849,Metabolism of water-soluble vitamins and cofactors,TAS,Homo sapiens
3149,Zinc cation,32051,CHEBI:29105,R-HSA-196854,Metabolism of vitamins and cofactors,TAS,Homo sapiens
3149,Zinc cation,32051,CHEBI:29105,R-HSA-1980143,Signaling by NOTCH1,IEA,Homo sapiens
3149,Zinc cation,32051,CHEBI:29105,R-HSA-1980145,Signaling by NOTCH2,IEA,Homo sapiens
3149,Zinc cation,32051,CHEBI:29105,R-HSA-1989781,PPARA activates gene expression,TAS,Homo sapiens
3149,Zinc cation,32051,CHEBI:29105,R-HSA-202131,Metabolism of nitric oxide: NOS3 activation and regulation,TAS,Homo sapiens
3149,Zinc cation,32051,CHEBI:29105,R-HSA-2022377,Metabolism of Angiotensinogen to Angiotensins,TAS,Homo sapiens
3149,Zinc cation,32051,CHEBI:29105,R-HSA-2022377,Metabolism of Angiotensinogen to Angiotensins,IEA,Homo sapiens
3149,Zinc cation,32051,CHEBI:29105,R-HSA-2025928,Calcineurin activates NFAT,TAS,Homo sapiens
3149,Zinc cation,32051,CHEBI:29105,R-HSA-2025928,Calcineurin activates NFAT,IEA,Homo sapiens
3149,Zinc cation,32051,CHEBI:29105,R-HSA-203615,eNOS activation,TAS,Homo sapiens
3149,Zinc cation,32051,CHEBI:29105,R-HSA-203641,NOSTRIN mediated eNOS trafficking,TAS,Homo sapiens
3149,Zinc cation,32051,CHEBI:29105,R-HSA-203754,NOSIP mediated eNOS trafficking,TAS,Homo sapiens
3149,Zinc cation,32051,CHEBI:29105,R-HSA-204174,Regulation of pyruvate dehydrogenase (PDH) complex,TAS,Homo sapiens
3149,Zinc cation,32051,CHEBI:29105,R-HSA-211859,Biological oxidations,TAS,Homo sapiens
3149,Zinc cation,32051,CHEBI:29105,R-HSA-211897,Cytochrome P450 - arranged by substrate type,TAS,Homo sapiens
3149,Zinc cation,32051,CHEBI:29105,R-HSA-211935,Fatty acids,TAS,Homo sapiens
3149,Zinc cation,32051,CHEBI:29105,R-HSA-211945,Phase I - Functionalization of compounds,TAS,Homo sapiens
3149,Zinc cation,32051,CHEBI:29105,R-HSA-2122948,Activated NOTCH1 Transmits Signal to the Nucleus,IEA,Homo sapiens
3149,Zinc cation,32051,CHEBI:29105,R-HSA-212436,Generic Transcription Pathway,TAS,Homo sapiens
3149,Zinc cation,32051,CHEBI:29105,R-HSA-2142691,Synthesis of Leukotrienes (LT) and Eoxins (EX),TAS,Homo sapiens
3149,Zinc cation,32051,CHEBI:29105,R-HSA-2142753,Arachidonate metabolism,TAS,Homo sapiens
3149,Zinc cation,32051,CHEBI:29105,R-HSA-2151201,Transcriptional activation of mitochondrial biogenesis,TAS,Homo sapiens
3149,Zinc cation,32051,CHEBI:29105,R-HSA-2161522,Abacavir ADME,TAS,Homo sapiens
3149,Zinc cation,32051,CHEBI:29105,R-HSA-2161541,Abacavir metabolism,TAS,Homo sapiens
3149,Zinc cation,32051,CHEBI:29105,R-HSA-2262752,Cellular responses to stress,TAS,Homo sapiens
3149,Zinc cation,32051,CHEBI:29105,R-HSA-2262752,Cellular responses to stress,IEA,Homo sapiens
3149,Zinc cation,32051,CHEBI:29105,R-HSA-2426168,Activation of gene expression by SREBF (SREBP),TAS,Homo sapiens
3149,Zinc cation,32051,CHEBI:29105,R-HSA-2454202,Fc epsilon receptor (FCERI) signaling,TAS,Homo sapiens
3149,Zinc cation,32051,CHEBI:29105,R-HSA-2644602,Signaling by NOTCH1 PEST Domain Mutants in Cancer,TAS,Homo sapiens
3149,Zinc cation,32051,CHEBI:29105,R-HSA-2644603,Signaling by NOTCH1 in Cancer,TAS,Homo sapiens
3149,Zinc cation,32051,CHEBI:29105,R-HSA-2644606,Constitutive Signaling by NOTCH1 PEST Domain Mutants,TAS,Homo sapiens
3149,Zinc cation,32051,CHEBI:29105,R-HSA-264876,Insulin processing,TAS,Homo sapiens
3149,Zinc cation,32051,CHEBI:29105,R-HSA-264876,Insulin processing,IEA,Homo sapiens
3149,Zinc cation,32051,CHEBI:29105,R-HSA-2660825,Signaling by NOTCH1 t(7;9)(NOTCH1:M1580_K2555) Translocation Mutant,TAS,Homo sapiens
3149,Zinc cation,32051,CHEBI:29105,R-HSA-2660826,Constitutive Signaling by NOTCH1 t(7;9)(NOTCH1:M1580_K2555) Translocation Mutant,TAS,Homo sapiens
3149,Zinc cation,32051,CHEBI:29105,R-HSA-2691230,Signaling by NOTCH1 HD Domain Mutants in Cancer,TAS,Homo sapiens
3149,Zinc cation,32051,CHEBI:29105,R-HSA-2691232,Constitutive Signaling by NOTCH1 HD Domain Mutants,TAS,Homo sapiens
3149,Zinc cation,32051,CHEBI:29105,R-HSA-2871809,FCERI mediated Ca+2 mobilization,TAS,Homo sapiens
3149,Zinc cation,32051,CHEBI:29105,R-HSA-2894858,Signaling by NOTCH1 HD+PEST Domain Mutants in Cancer,TAS,Homo sapiens
3149,Zinc cation,32051,CHEBI:29105,R-HSA-2894862,Constitutive Signaling by NOTCH1 HD+PEST Domain Mutants,TAS,Homo sapiens
3149,Zinc cation,32051,CHEBI:29105,R-HSA-2979096,NOTCH2 Activation and Transmission of Signal to the Nucleus,IEA,Homo sapiens
3149,Zinc cation,32051,CHEBI:29105,R-HSA-2980736,Peptide hormone metabolism,TAS,Homo sapiens
3149,Zinc cation,32051,CHEBI:29105,R-HSA-2980736,Peptide hormone metabolism,IEA,Homo sapiens
3149,Zinc cation,32051,CHEBI:29105,R-HSA-3296469,Defects in cobalamin (B12) metabolism,TAS,Homo sapiens
3149,Zinc cation,32051,CHEBI:29105,R-HSA-3296482,Defects in vitamin and cofactor metabolism,TAS,Homo sapiens
3149,Zinc cation,32051,CHEBI:29105,R-HSA-3299685,Detoxification of Reactive Oxygen Species,TAS,Homo sapiens
3149,Zinc cation,32051,CHEBI:29105,R-HSA-3299685,Detoxification of Reactive Oxygen Species,IEA,Homo sapiens
3149,Zinc cation,32051,CHEBI:29105,R-HSA-3359467,Defective MTRR causes HMAE,TAS,Homo sapiens
3149,Zinc cation,32051,CHEBI:29105,R-HSA-3359469,Defective MTR causes HMAG,TAS,Homo sapiens
3149,Zinc cation,32051,CHEBI:29105,R-HSA-3700989,Transcriptional Regulation by TP53,TAS,Homo sapiens
3149,Zinc cation,32051,CHEBI:29105,R-HSA-372790,Signaling by GPCR,TAS,Homo sapiens
3149,Zinc cation,32051,CHEBI:29105,R-HSA-372790,Signaling by GPCR,IEA,Homo sapiens
3149,Zinc cation,32051,CHEBI:29105,R-HSA-373076,Class A/1 (Rhodopsin-like receptors),TAS,Homo sapiens
3149,Zinc cation,32051,CHEBI:29105,R-HSA-375276,Peptide ligand-binding receptors,TAS,Homo sapiens
3149,Zinc cation,32051,CHEBI:29105,R-HSA-382551,Transport of small molecules,TAS,Homo sapiens
3149,Zinc cation,32051,CHEBI:29105,R-HSA-382551,Transport of small molecules,IEA,Homo sapiens
3149,Zinc cation,32051,CHEBI:29105,R-HSA-3858494,Beta-catenin independent WNT signaling,TAS,Homo sapiens
3149,Zinc cation,32051,CHEBI:29105,R-HSA-388396,GPCR downstream signalling,TAS,Homo sapiens
3149,Zinc cation,32051,CHEBI:29105,R-HSA-388396,GPCR downstream signalling,IEA,Homo sapiens
3149,Zinc cation,32051,CHEBI:29105,R-HSA-392499,Metabolism of proteins,TAS,Homo sapiens
3149,Zinc cation,32051,CHEBI:29105,R-HSA-392499,Metabolism of proteins,IEA,Homo sapiens
3149,Zinc cation,32051,CHEBI:29105,R-HSA-397014,Muscle contraction,TAS,Homo sapiens
3149,Zinc cation,32051,CHEBI:29105,R-HSA-400206,Regulation of lipid metabolism by PPARalpha,TAS,Homo sapiens
3149,Zinc cation,32051,CHEBI:29105,R-HSA-4086398,Ca2+ pathway,TAS,Homo sapiens
3149,Zinc cation,32051,CHEBI:29105,R-HSA-416476,G alpha (q) signalling events,TAS,Homo sapiens
3149,Zinc cation,32051,CHEBI:29105,R-HSA-418555,G alpha (s) signalling events,TAS,Homo sapiens
3149,Zinc cation,32051,CHEBI:29105,R-HSA-418594,G alpha (i) signalling events,IEA,Homo sapiens
3149,Zinc cation,32051,CHEBI:29105,R-HSA-418990,Adherens junctions interactions,TAS,Homo sapiens
3149,Zinc cation,32051,CHEBI:29105,R-HSA-421270,Cell-cell junction organization,TAS,Homo sapiens
3149,Zinc cation,32051,CHEBI:29105,R-HSA-422356,Regulation of insulin secretion,TAS,Homo sapiens
3149,Zinc cation,32051,CHEBI:29105,R-HSA-422356,Regulation of insulin secretion,IEA,Homo sapiens
3149,Zinc cation,32051,CHEBI:29105,R-HSA-425407,SLC-mediated transmembrane transport,TAS,Homo sapiens
3149,Zinc cation,32051,CHEBI:29105,R-HSA-425407,SLC-mediated transmembrane transport,IEA,Homo sapiens
3149,Zinc cation,32051,CHEBI:29105,R-HSA-425410,Metal ion SLC transporters,TAS,Homo sapiens
3149,Zinc cation,32051,CHEBI:29105,R-HSA-425410,Metal ion SLC transporters,IEA,Homo sapiens
3149,Zinc cation,32051,CHEBI:29105,R-HSA-428157,Sphingolipid metabolism,TAS,Homo sapiens
3149,Zinc cation,32051,CHEBI:29105,R-HSA-435354,Zinc transporters,TAS,Homo sapiens
3149,Zinc cation,32051,CHEBI:29105,R-HSA-435354,Zinc transporters,IEA,Homo sapiens
3149,Zinc cation,32051,CHEBI:29105,R-HSA-435368,Zinc efflux and compartmentalization by the SLC30 family,TAS,Homo sapiens
3149,Zinc cation,32051,CHEBI:29105,R-HSA-435368,Zinc efflux and compartmentalization by the SLC30 family,IEA,Homo sapiens
3149,Zinc cation,32051,CHEBI:29105,R-HSA-4420097,VEGFA-VEGFR2 Pathway,TAS,Homo sapiens
3149,Zinc cation,32051,CHEBI:29105,R-HSA-442380,Zinc influx into cells by the SLC39 gene family,TAS,Homo sapiens
3149,Zinc cation,32051,CHEBI:29105,R-HSA-442380,Zinc influx into cells by the SLC39 gene family,IEA,Homo sapiens
3149,Zinc cation,32051,CHEBI:29105,R-HSA-446203,Asparagine N-linked glycosylation,TAS,Homo sapiens
3149,Zinc cation,32051,CHEBI:29105,R-HSA-446728,Cell junction organization,TAS,Homo sapiens
3149,Zinc cation,32051,CHEBI:29105,R-HSA-500792,GPCR ligand binding,TAS,Homo sapiens
3149,Zinc cation,32051,CHEBI:29105,R-HSA-5210891,Uptake and function of anthrax toxins,TAS,Homo sapiens
3149,Zinc cation,32051,CHEBI:29105,R-HSA-5218920,VEGFR2 mediated vascular permeability,TAS,Homo sapiens
3149,Zinc cation,32051,CHEBI:29105,R-HSA-5250955,Toxicity of botulinum toxin type D (botD),TAS,Homo sapiens
3149,Zinc cation,32051,CHEBI:29105,R-HSA-5250958,Toxicity of botulinum toxin type B (botB),TAS,Homo sapiens
3149,Zinc cation,32051,CHEBI:29105,R-HSA-5250968,Toxicity of botulinum toxin type A (botA),TAS,Homo sapiens
3149,Zinc cation,32051,CHEBI:29105,R-HSA-5250971,Toxicity of botulinum toxin type C (botC),TAS,Homo sapiens
3149,Zinc cation,32051,CHEBI:29105,R-HSA-5250981,Toxicity of botulinum toxin type F (botF),TAS,Homo sapiens
3149,Zinc cation,32051,CHEBI:29105,R-HSA-5250982,Toxicity of tetanus toxin (tetX),TAS,Homo sapiens
3149,Zinc cation,32051,CHEBI:29105,R-HSA-5250989,Toxicity of botulinum toxin type G (botG),TAS,Homo sapiens
3149,Zinc cation,32051,CHEBI:29105,R-HSA-5250992,Toxicity of botulinum toxin type E (botE),TAS,Homo sapiens
3149,Zinc cation,32051,CHEBI:29105,R-HSA-5260271,Diseases of Immune System,TAS,Homo sapiens
3149,Zinc cation,32051,CHEBI:29105,R-HSA-5339562,Uptake and actions of bacterial toxins,TAS,Homo sapiens
3149,Zinc cation,32051,CHEBI:29105,R-HSA-5357801,Programmed Cell Death,TAS,Homo sapiens
3149,Zinc cation,32051,CHEBI:29105,R-HSA-5362517,Signaling by Retinoic Acid,TAS,Homo sapiens
3149,Zinc cation,32051,CHEBI:29105,R-HSA-5365859,RA biosynthesis pathway,TAS,Homo sapiens
3149,Zinc cation,32051,CHEBI:29105,R-HSA-5423646,Aflatoxin activation and detoxification,TAS,Homo sapiens
3149,Zinc cation,32051,CHEBI:29105,R-HSA-556833,Metabolism of lipids,TAS,Homo sapiens
3149,Zinc cation,32051,CHEBI:29105,R-HSA-5576891,Cardiac conduction,TAS,Homo sapiens
3149,Zinc cation,32051,CHEBI:29105,R-HSA-5578768,Physiological factors,TAS,Homo sapiens
3149,Zinc cation,32051,CHEBI:29105,R-HSA-5579007,Defective ACY1 causes encephalopathy,TAS,Homo sapiens
3149,Zinc cation,32051,CHEBI:29105,R-HSA-5579029,Metabolic disorders of biological oxidation enzymes,TAS,Homo sapiens
3149,Zinc cation,32051,CHEBI:29105,R-HSA-5607763,CLEC7A (Dectin-1) induces NFAT activation,TAS,Homo sapiens
3149,Zinc cation,32051,CHEBI:29105,R-HSA-5607764,CLEC7A (Dectin-1) signaling,TAS,Homo sapiens
3149,Zinc cation,32051,CHEBI:29105,R-HSA-5619088,"Defective SLC39A4 causes acrodermatitis enteropathica, zinc-deficiency type (AEZ)",TAS,Homo sapiens
3149,Zinc cation,32051,CHEBI:29105,R-HSA-5619102,SLC transporter disorders,TAS,Homo sapiens
3149,Zinc cation,32051,CHEBI:29105,R-HSA-5619115,Disorders of transmembrane transporters,TAS,Homo sapiens
3149,Zinc cation,32051,CHEBI:29105,R-HSA-5621481,C-type lectin receptors (CLRs),TAS,Homo sapiens
3149,Zinc cation,32051,CHEBI:29105,R-HSA-5628897,TP53 Regulates Metabolic Genes,TAS,Homo sapiens
3149,Zinc cation,32051,CHEBI:29105,R-HSA-5652084,Fructose metabolism,TAS,Homo sapiens
3149,Zinc cation,32051,CHEBI:29105,R-HSA-5652227,Fructose biosynthesis,TAS,Homo sapiens
3149,Zinc cation,32051,CHEBI:29105,R-HSA-5657655,MGMT-mediated DNA damage reversal,TAS,Homo sapiens
3149,Zinc cation,32051,CHEBI:29105,R-HSA-5660489,MTF1 activates gene expression,IEA,Homo sapiens
3149,Zinc cation,32051,CHEBI:29105,R-HSA-5660489,MTF1 activates gene expression,TAS,Homo sapiens
3149,Zinc cation,32051,CHEBI:29105,R-HSA-5660526,Response to metal ions,IEA,Homo sapiens
3149,Zinc cation,32051,CHEBI:29105,R-HSA-5660526,Response to metal ions,TAS,Homo sapiens
3149,Zinc cation,32051,CHEBI:29105,R-HSA-5661231,Metallothioneins bind metals,TAS,Homo sapiens
3149,Zinc cation,32051,CHEBI:29105,R-HSA-5661231,Metallothioneins bind metals,IEA,Homo sapiens
3149,Zinc cation,32051,CHEBI:29105,R-HSA-5661270,Formation of xylulose-5-phosphate,TAS,Homo sapiens
3149,Zinc cation,32051,CHEBI:29105,R-HSA-5662702,Melanin biosynthesis,TAS,Homo sapiens
3149,Zinc cation,32051,CHEBI:29105,R-HSA-5663202,Diseases of signal transduction by growth factor receptors and second messengers,TAS,Homo sapiens
3149,Zinc cation,32051,CHEBI:29105,R-HSA-5663205,Infectious disease,TAS,Homo sapiens
3149,Zinc cation,32051,CHEBI:29105,R-HSA-5668914,Diseases of metabolism,TAS,Homo sapiens
3149,Zinc cation,32051,CHEBI:29105,R-HSA-5673001,RAF/MAP kinase cascade,TAS,Homo sapiens
3149,Zinc cation,32051,CHEBI:29105,R-HSA-5683057,MAPK family signaling cascades,TAS,Homo sapiens
3149,Zinc cation,32051,CHEBI:29105,R-HSA-5683826,Surfactant metabolism,TAS,Homo sapiens
3149,Zinc cation,32051,CHEBI:29105,R-HSA-5684996,MAPK1/MAPK3 signaling,TAS,Homo sapiens
3149,Zinc cation,32051,CHEBI:29105,R-HSA-5693532,DNA Double-Strand Break Repair,TAS,Homo sapiens
3149,Zinc cation,32051,CHEBI:29105,R-HSA-5693538,Homology Directed Repair,TAS,Homo sapiens
3149,Zinc cation,32051,CHEBI:29105,R-HSA-5693565,Recruitment and ATM-mediated phosphorylation of repair and signaling proteins at DNA double strand breaks,TAS,Homo sapiens
3149,Zinc cation,32051,CHEBI:29105,R-HSA-5693567,HDR through Homologous Recombination (HRR) or Single Strand Annealing (SSA),TAS,Homo sapiens
3149,Zinc cation,32051,CHEBI:29105,R-HSA-5693571,Nonhomologous End-Joining (NHEJ),TAS,Homo sapiens
3149,Zinc cation,32051,CHEBI:29105,R-HSA-5693606,DNA Double Strand Break Response,TAS,Homo sapiens
3149,Zinc cation,32051,CHEBI:29105,R-HSA-5693607,Processing of DNA double-strand break ends,TAS,Homo sapiens
3149,Zinc cation,32051,CHEBI:29105,R-HSA-597592,Post-translational protein modification,TAS,Homo sapiens
3149,Zinc cation,32051,CHEBI:29105,R-HSA-611105,Respiratory electron transport,TAS,Homo sapiens
3149,Zinc cation,32051,CHEBI:29105,R-HSA-6798163,Choline catabolism,TAS,Homo sapiens
3149,Zinc cation,32051,CHEBI:29105,R-HSA-6799990,Metal sequestration by antimicrobial proteins,TAS,Homo sapiens
3149,Zinc cation,32051,CHEBI:29105,R-HSA-6803157,Antimicrobial peptides,TAS,Homo sapiens
3149,Zinc cation,32051,CHEBI:29105,R-HSA-6803544,Ion influx/efflux at host-pathogen interface,TAS,Homo sapiens
3149,Zinc cation,32051,CHEBI:29105,R-HSA-69473,G2/M DNA damage checkpoint,TAS,Homo sapiens
3149,Zinc cation,32051,CHEBI:29105,R-HSA-69481,G2/M Checkpoints,TAS,Homo sapiens
3149,Zinc cation,32051,CHEBI:29105,R-HSA-69620,Cell Cycle Checkpoints,TAS,Homo sapiens
3149,Zinc cation,32051,CHEBI:29105,R-HSA-70268,Pyruvate metabolism,TAS,Homo sapiens
3149,Zinc cation,32051,CHEBI:29105,R-HSA-71291,Metabolism of amino acids and derivatives,TAS,Homo sapiens
3149,Zinc cation,32051,CHEBI:29105,R-HSA-71291,Metabolism of amino acids and derivatives,IEA,Homo sapiens
3149,Zinc cation,32051,CHEBI:29105,R-HSA-71384,Ethanol oxidation,TAS,Homo sapiens
3149,Zinc cation,32051,CHEBI:29105,R-HSA-71387,Metabolism of carbohydrates and carbohydrate derivatives,TAS,Homo sapiens
3149,Zinc cation,32051,CHEBI:29105,R-HSA-71403,Citric acid cycle (TCA cycle),TAS,Homo sapiens
3149,Zinc cation,32051,CHEBI:29105,R-HSA-72187,mRNA 3'-end processing,TAS,Homo sapiens
3149,Zinc cation,32051,CHEBI:29105,R-HSA-72203,Processing of Capped Intron-Containing Pre-mRNA,TAS,Homo sapiens
3149,Zinc cation,32051,CHEBI:29105,R-HSA-73614,Pyrimidine salvage,TAS,Homo sapiens
3149,Zinc cation,32051,CHEBI:29105,R-HSA-73621,Pyrimidine catabolism,TAS,Homo sapiens
3149,Zinc cation,32051,CHEBI:29105,R-HSA-73857,RNA Polymerase II Transcription,TAS,Homo sapiens
3149,Zinc cation,32051,CHEBI:29105,R-HSA-73887,Death Receptor Signaling,TAS,Homo sapiens
3149,Zinc cation,32051,CHEBI:29105,R-HSA-73894,DNA Repair,TAS,Homo sapiens
3149,Zinc cation,32051,CHEBI:29105,R-HSA-73942,DNA Damage Reversal,TAS,Homo sapiens
3149,Zinc cation,32051,CHEBI:29105,R-HSA-74160,Gene expression (Transcription),TAS,Homo sapiens
3149,Zinc cation,32051,CHEBI:29105,R-HSA-74217,Purine salvage,TAS,Homo sapiens
3149,Zinc cation,32051,CHEBI:29105,R-HSA-74259,Purine catabolism,TAS,Homo sapiens
3149,Zinc cation,32051,CHEBI:29105,R-HSA-74752,Signaling by Insulin receptor,TAS,Homo sapiens
3149,Zinc cation,32051,CHEBI:29105,R-HSA-75205,Dissolution of Fibrin Clot,TAS,Homo sapiens
3149,Zinc cation,32051,CHEBI:29105,R-HSA-75893,TNF signaling,TAS,Homo sapiens
3149,Zinc cation,32051,CHEBI:29105,R-HSA-77387,Insulin receptor recycling,TAS,Homo sapiens
3149,Zinc cation,32051,CHEBI:29105,R-HSA-880009,Interconversion of 2-oxoglutarate and 2-hydroxyglutarate,TAS,Homo sapiens
3149,Zinc cation,32051,CHEBI:29105,R-HSA-8853383,Lysosomal oligosaccharide catabolism,TAS,Homo sapiens
3149,Zinc cation,32051,CHEBI:29105,R-HSA-8876384,Listeria monocytogenes entry into host cells,TAS,Homo sapiens
3149,Zinc cation,32051,CHEBI:29105,R-HSA-8876493,InlA-mediated entry of Listeria monocytogenes into host cells,TAS,Homo sapiens
3149,Zinc cation,32051,CHEBI:29105,R-HSA-8935690,Digestion,TAS,Homo sapiens
3149,Zinc cation,32051,CHEBI:29105,R-HSA-8939211,ESR-mediated signaling,TAS,Homo sapiens
3149,Zinc cation,32051,CHEBI:29105,R-HSA-8949215,Mitochondrial calcium ion transport,TAS,Homo sapiens
3149,Zinc cation,32051,CHEBI:29105,R-HSA-8949664,Processing of SMDT1,TAS,Homo sapiens
3149,Zinc cation,32051,CHEBI:29105,R-HSA-8953854,Metabolism of RNA,TAS,Homo sapiens
3149,Zinc cation,32051,CHEBI:29105,R-HSA-8953897,Cellular responses to stimuli,IEA,Homo sapiens
3149,Zinc cation,32051,CHEBI:29105,R-HSA-8953897,Cellular responses to stimuli,TAS,Homo sapiens
3149,Zinc cation,32051,CHEBI:29105,R-HSA-8956319,Nucleotide catabolism,TAS,Homo sapiens
3149,Zinc cation,32051,CHEBI:29105,R-HSA-8956321,Nucleotide salvage,TAS,Homo sapiens
3149,Zinc cation,32051,CHEBI:29105,R-HSA-8957322,Metabolism of steroids,TAS,Homo sapiens
3149,Zinc cation,32051,CHEBI:29105,R-HSA-8963693,Aspartate and asparagine metabolism,TAS,Homo sapiens
3149,Zinc cation,32051,CHEBI:29105,R-HSA-8963743,Digestion and absorption,TAS,Homo sapiens
3149,Zinc cation,32051,CHEBI:29105,R-HSA-8963896,HDL assembly,TAS,Homo sapiens
3149,Zinc cation,32051,CHEBI:29105,R-HSA-8963898,Plasma lipoprotein assembly,TAS,Homo sapiens
3149,Zinc cation,32051,CHEBI:29105,R-HSA-8978868,Fatty acid metabolism,TAS,Homo sapiens
3149,Zinc cation,32051,CHEBI:29105,R-HSA-8978934,Metabolism of cofactors,TAS,Homo sapiens
3149,Zinc cation,32051,CHEBI:29105,R-HSA-9006931,Signaling by Nuclear Receptors,TAS,Homo sapiens
3149,Zinc cation,32051,CHEBI:29105,R-HSA-9006934,Signaling by Receptor Tyrosine Kinases,IEA,Homo sapiens
3149,Zinc cation,32051,CHEBI:29105,R-HSA-9006934,Signaling by Receptor Tyrosine Kinases,TAS,Homo sapiens
3149,Zinc cation,32051,CHEBI:29105,R-HSA-9009391,Extra-nuclear estrogen signaling,TAS,Homo sapiens
3149,Zinc cation,32051,CHEBI:29105,R-HSA-9012852,Signaling by NOTCH3,TAS,Homo sapiens
3149,Zinc cation,32051,CHEBI:29105,R-HSA-9013507,NOTCH3 Activation and Transmission of Signal to the Nucleus,TAS,Homo sapiens
3149,Zinc cation,32051,CHEBI:29105,R-HSA-9013694,Signaling by NOTCH4,IEA,Homo sapiens
3149,Zinc cation,32051,CHEBI:29105,R-HSA-9013700,NOTCH4 Activation and Transmission of Signal to the Nucleus,IEA,Homo sapiens
3149,Zinc cation,32051,CHEBI:29105,R-HSA-9018676,Biosynthesis of D-series resolvins,TAS,Homo sapiens
3149,Zinc cation,32051,CHEBI:29105,R-HSA-9018677,Biosynthesis of DHA-derived SPMs,TAS,Homo sapiens
3149,Zinc cation,32051,CHEBI:29105,R-HSA-9018678,Biosynthesis of specialized proresolving mediators (SPMs),TAS,Homo sapiens
3149,Zinc cation,32051,CHEBI:29105,R-HSA-9018679,Biosynthesis of EPA-derived SPMs,TAS,Homo sapiens
3149,Zinc cation,32051,CHEBI:29105,R-HSA-9018681,Biosynthesis of protectins,TAS,Homo sapiens
3149,Zinc cation,32051,CHEBI:29105,R-HSA-9018896,Biosynthesis of E-series 18(S)-resolvins,TAS,Homo sapiens
3149,Zinc cation,32051,CHEBI:29105,R-HSA-9020265,Biosynthesis of aspirin-triggered D-series resolvins,TAS,Homo sapiens
3149,Zinc cation,32051,CHEBI:29105,R-HSA-9023661,Biosynthesis of E-series 18(R)-resolvins,TAS,Homo sapiens
3149,Zinc cation,32051,CHEBI:29105,R-HSA-913531,Interferon Signaling,TAS,Homo sapiens
3149,Zinc cation,32051,CHEBI:29105,R-HSA-947581,Molybdenum cofactor biosynthesis,TAS,Homo sapiens
3149,Zinc cation,32051,CHEBI:29105,R-HSA-948021,Transport to the Golgi and subsequent modification,TAS,Homo sapiens
3149,Zinc cation,32051,CHEBI:29105,R-HSA-9609507,Protein localization,IEA,Homo sapiens
3149,Zinc cation,32051,CHEBI:29105,R-HSA-9635486,Infection with Mycobacterium tuberculosis,TAS,Homo sapiens
3149,Zinc cation,32051,CHEBI:29105,R-HSA-9638482,Metal ion assimilation from the host,TAS,Homo sapiens
3149,Zinc cation,32051,CHEBI:29105,R-HSA-9640148,Infection with Enterobacteria,TAS,Homo sapiens
3149,Zinc cation,32051,CHEBI:29105,R-HSA-9648002,RAS processing,TAS,Homo sapiens
3149,Zinc cation,32051,CHEBI:29105,R-HSA-964975,Vitamin B6 activation to pyridoxal phosphate,TAS,Homo sapiens
3149,Zinc cation,32051,CHEBI:29105,R-HSA-9658195,Leishmania infection,TAS,Homo sapiens
3149,Zinc cation,32051,CHEBI:29105,R-HSA-9660826,Purinergic signaling in leishmaniasis infection,TAS,Homo sapiens
3149,Zinc cation,32051,CHEBI:29105,R-HSA-9662834,CD163 mediating an anti-inflammatory response,TAS,Homo sapiens
3149,Zinc cation,32051,CHEBI:29105,R-HSA-9662851,Anti-inflammatory response favouring Leishmania parasite infection,TAS,Homo sapiens
3149,Zinc cation,32051,CHEBI:29105,R-HSA-9664424,Cell recruitment (pro-inflammatory response),TAS,Homo sapiens
3149,Zinc cation,32051,CHEBI:29105,R-HSA-9664433,Leishmania parasite growth and survival,TAS,Homo sapiens
3149,Zinc cation,32051,CHEBI:29105,R-HSA-9664535,LTC4-CYSLTR mediated IL4 production,TAS,Homo sapiens
3149,Zinc cation,32051,CHEBI:29105,R-HSA-9671793,Diseases of hemostasis,TAS,Homo sapiens
3149,Zinc cation,32051,CHEBI:29105,R-HSA-9707564,Cytoprotection by HMOX1,TAS,Homo sapiens
3149,Zinc cation,32051,CHEBI:29105,R-HSA-9711123,Cellular response to chemical stress,TAS,Homo sapiens
3149,Zinc cation,32051,CHEBI:29105,R-HSA-9711123,Cellular response to chemical stress,IEA,Homo sapiens
3149,Zinc cation,32051,CHEBI:29105,R-HSA-9748784,Drug ADME,TAS,Homo sapiens
3149,Zinc cation,32051,CHEBI:29105,R-HSA-9753281,Paracetamol ADME,TAS,Homo sapiens
3149,Zinc cation,32051,CHEBI:29105,R-HSA-975576,N-glycan antennae elongation in the medial/trans-Golgi,TAS,Homo sapiens
3149,Zinc cation,32051,CHEBI:29105,R-HSA-975578,Reactions specific to the complex N-glycan synthesis pathway,TAS,Homo sapiens
3149,Zinc cation,32051,CHEBI:29105,R-HSA-9759218,Cobalamin (Cbl) metabolism,TAS,Homo sapiens
3149,Zinc cation,32051,CHEBI:29105,R-HSA-9759476,Regulation of Homotypic Cell-Cell Adhesion,TAS,Homo sapiens
3149,Zinc cation,32051,CHEBI:29105,R-HSA-9760173,Secretion of toxins,TAS,Homo sapiens
3149,Zinc cation,32051,CHEBI:29105,R-HSA-9764265,Regulation of CDH1 Expression and Function,TAS,Homo sapiens
3149,Zinc cation,32051,CHEBI:29105,R-HSA-9764274,Regulation of Expression and Function of Type I Classical Cadherins,TAS,Homo sapiens
3149,Zinc cation,32051,CHEBI:29105,R-HSA-9764561,Regulation of CDH1 Function,TAS,Homo sapiens
3149,Zinc cation,32051,CHEBI:29105,R-HSA-9766229,Degradation of CDH1,TAS,Homo sapiens
3149,Zinc cation,32051,CHEBI:29105,R-HSA-9769726,Defects of Coagulation cascade,TAS,Homo sapiens
3149,Zinc cation,32051,CHEBI:29105,R-HSA-9770562,mRNA Polyadenylation,TAS,Homo sapiens
3149,Zinc cation,32051,CHEBI:29105,R-HSA-977225,Amyloid fiber formation,TAS,Homo sapiens
3149,Zinc cation,32051,CHEBI:29105,R-HSA-9820952,Respiratory Syncytial Virus Infection Pathway,TAS,Homo sapiens
3149,Zinc cation,32051,CHEBI:29105,R-HSA-9820960,Respiratory syncytial virus (RSV) attachment and entry,TAS,Homo sapiens
3149,Zinc cation,32051,CHEBI:29105,R-HSA-9820962,Assembly and release of respiratory syncytial virus (RSV) virions,TAS,Homo sapiens
3149,Zinc cation,32051,CHEBI:29105,R-HSA-9820965,"Respiratory syncytial virus (RSV) genome replication, transcription and translation",TAS,Homo sapiens
3149,Zinc cation,32051,CHEBI:29105,R-HSA-9824439,Bacterial Infection Pathways,TAS,Homo sapiens
3149,Zinc cation,32051,CHEBI:29105,R-HSA-9824443,Parasitic Infection Pathways,TAS,Homo sapiens
3149,Zinc cation,32051,CHEBI:29105,R-HSA-9824446,Viral Infection Pathways,TAS,Homo sapiens
3149,Zinc cation,32051,CHEBI:29105,R-HSA-982772,Growth hormone receptor signaling,TAS,Homo sapiens
3149,Zinc cation,32051,CHEBI:29105,R-HSA-9828642,Respiratory syncytial virus genome transcription,TAS,Homo sapiens
3149,Zinc cation,32051,CHEBI:29105,R-HSA-9828806,Maturation of hRSV A proteins,TAS,Homo sapiens
3149,Zinc cation,32051,CHEBI:29105,R-HSA-9833110,RSV-host interactions,TAS,Homo sapiens
3149,Zinc cation,32051,CHEBI:29105,R-HSA-9834752,Respiratory syncytial virus genome replication,TAS,Homo sapiens
3149,Zinc cation,32051,CHEBI:29105,R-HSA-983705,Signaling by the B Cell Receptor (BCR),TAS,Homo sapiens
3149,Zinc cation,32051,CHEBI:29105,R-HSA-983705,Signaling by the B Cell Receptor (BCR),IEA,Homo sapiens
3149,Zinc cation,32051,CHEBI:29105,R-HSA-9837999,Mitochondrial protein degradation,IEA,Homo sapiens
3149,Zinc cation,32051,CHEBI:29105,R-HSA-9837999,Mitochondrial protein degradation,TAS,Homo sapiens
3149,Zinc cation,32051,CHEBI:29105,R-HSA-9840373,Cellular response to mitochondrial stress,TAS,Homo sapiens
3149,Zinc cation,32051,CHEBI:29105,R-HSA-9840373,Cellular response to mitochondrial stress,IEA,Homo sapiens
3149,Zinc cation,32051,CHEBI:29105,R-HSA-9845614,Sphingolipid catabolism,TAS,Homo sapiens
3149,Zinc cation,32051,CHEBI:29105,R-HSA-9854311,Maturation of TCA enzymes and regulation of TCA cycle,TAS,Homo sapiens
3149,Zinc cation,32051,CHEBI:29105,R-HSA-9855142,Cellular responses to mechanical stimuli,TAS,Homo sapiens
3149,Zinc cation,32051,CHEBI:29105,R-HSA-9855142,Cellular responses to mechanical stimuli,IEA,Homo sapiens
3149,Zinc cation,32051,CHEBI:29105,R-HSA-9855719,Regulation of FXIIa and plasma kallikrein activity,TAS,Homo sapiens
3149,Zinc cation,32051,CHEBI:29105,R-HSA-9856530,High laminar flow shear stress activates signaling by PIEZO1 and PECAM1:CDH5:KDR in endothelial cells,TAS,Homo sapiens
3149,Zinc cation,32051,CHEBI:29105,R-HSA-9860927,"Turbulent (oscillatory, disturbed) flow shear stress activates signaling by PIEZO1 and integrins in endothelial cells",IEA,Homo sapiens
3149,Zinc cation,32051,CHEBI:29105,R-HSA-9860927,"Turbulent (oscillatory, disturbed) flow shear stress activates signaling by PIEZO1 and integrins in endothelial cells",TAS,Homo sapiens
3149,Zinc cation,32051,CHEBI:29105,R-HSA-9860931,Response of endothelial cells to shear stress,TAS,Homo sapiens
3149,Zinc cation,32051,CHEBI:29105,R-HSA-9860931,Response of endothelial cells to shear stress,IEA,Homo sapiens
3149,Zinc cation,32051,CHEBI:29105,R-HSA-9861718,Regulation of pyruvate metabolism,TAS,Homo sapiens
3149,Zinc cation,32051,CHEBI:29105,R-HSA-9864848,Complex IV assembly,TAS,Homo sapiens
3149,Zinc cation,32051,CHEBI:29105,R-HSA-9936686,Aggregated β-amyloid interacts with fibrinogen,TAS,Homo sapiens
3149,Zinc cation,32051,CHEBI:29105,R-HSA-9936900,Aggregated β-amyloid induces FXII autocatalysis,TAS,Homo sapiens
3149,Zinc cation,32051,CHEBI:29105,R-HSA-9946127,Defects of contact activation system and kallikrein-kinin system ,TAS,Homo sapiens
3149,Zinc cation,32051,CHEBI:29105,R-HSA-9953170,GBP-mediated host defense,TAS,Homo sapiens
3149,Zinc cation,32051,CHEBI:29105,R-HSA-9958810,"SRC activates STAT3 in a quantitative manner, through Cadherin-11 (CDH11), RAC1 and gp130 (IL6ST)",TAS,Homo sapiens
3149,Zinc cation,32051,CHEBI:29105,R-HSA-9958825,Activation of STAT3 by cadherin engagement,TAS,Homo sapiens
3149,Zinc cation,32051,CHEBI:29105,R-HSA-9970672,FXIIa activates plasma kallikrein-kinin system,TAS,Homo sapiens
3151,Ziprasidone,60854,CHEBI:10119,R-HSA-162582,Signal Transduction,TAS,Homo sapiens
3151,Ziprasidone,60854,CHEBI:10119,R-HSA-372790,Signaling by GPCR,TAS,Homo sapiens
3151,Ziprasidone,60854,CHEBI:10119,R-HSA-373076,Class A/1 (Rhodopsin-like receptors),TAS,Homo sapiens
3151,Ziprasidone,60854,CHEBI:10119,R-HSA-375280,Amine ligand-binding receptors,TAS,Homo sapiens
3151,Ziprasidone,60854,CHEBI:10119,R-HSA-390650,Histamine receptors,TAS,Homo sapiens
3151,Ziprasidone,60854,CHEBI:10119,R-HSA-390651,Dopamine receptors,TAS,Homo sapiens
3151,Ziprasidone,60854,CHEBI:10119,R-HSA-390666,Serotonin receptors,TAS,Homo sapiens
3151,Ziprasidone,60854,CHEBI:10119,R-HSA-500792,GPCR ligand binding,TAS,Homo sapiens
3152,Zofenopril,92400,CHEBI:78539,R-HSA-2022377,Metabolism of Angiotensinogen to Angiotensins,TAS,Homo sapiens
3152,Zofenopril,92400,CHEBI:78539,R-HSA-2980736,Peptide hormone metabolism,TAS,Homo sapiens
3152,Zofenopril,92400,CHEBI:78539,R-HSA-392499,Metabolism of proteins,TAS,Homo sapiens
3155,Zolmitriptan,60857,CHEBI:10124,R-HSA-162582,Signal Transduction,TAS,Homo sapiens
3155,Zolmitriptan,60857,CHEBI:10124,R-HSA-372790,Signaling by GPCR,TAS,Homo sapiens
3155,Zolmitriptan,60857,CHEBI:10124,R-HSA-373076,Class A/1 (Rhodopsin-like receptors),TAS,Homo sapiens
3155,Zolmitriptan,60857,CHEBI:10124,R-HSA-375280,Amine ligand-binding receptors,TAS,Homo sapiens
3155,Zolmitriptan,60857,CHEBI:10124,R-HSA-390666,Serotonin receptors,TAS,Homo sapiens
3155,Zolmitriptan,60857,CHEBI:10124,R-HSA-500792,GPCR ligand binding,TAS,Homo sapiens
3158,Zonisamide,5734,CHEBI:10127,R-HSA-1237044,Erythrocytes take up carbon dioxide and release oxygen,TAS,Homo sapiens
3158,Zonisamide,5734,CHEBI:10127,R-HSA-1480926,O2/CO2 exchange in erythrocytes,TAS,Homo sapiens
3158,Zonisamide,5734,CHEBI:10127,R-HSA-382551,Transport of small molecules,TAS,Homo sapiens
3158,Zonisamide,5734,CHEBI:10127,R-HSA-397014,Muscle contraction,TAS,Homo sapiens
3158,Zonisamide,5734,CHEBI:10127,R-HSA-445355,Smooth Muscle Contraction,TAS,Homo sapiens
3161,Zotepine,5736,CHEBI:32316,R-HSA-162582,Signal Transduction,TAS,Homo sapiens
3161,Zotepine,5736,CHEBI:32316,R-HSA-372790,Signaling by GPCR,TAS,Homo sapiens
3161,Zotepine,5736,CHEBI:32316,R-HSA-373076,Class A/1 (Rhodopsin-like receptors),TAS,Homo sapiens
3161,Zotepine,5736,CHEBI:32316,R-HSA-375280,Amine ligand-binding receptors,TAS,Homo sapiens
3161,Zotepine,5736,CHEBI:32316,R-HSA-390651,Dopamine receptors,TAS,Homo sapiens
3161,Zotepine,5736,CHEBI:32316,R-HSA-390666,Serotonin receptors,TAS,Homo sapiens
3161,Zotepine,5736,CHEBI:32316,R-HSA-500792,GPCR ligand binding,TAS,Homo sapiens
