DrugID,DrugName,CID,ChEBI_ID
0,(+)-Mefloquine,456309,CHEBI:63684
1,(+)-menthol,165675,CHEBI:76306
2,"(1,2,6,7-3H)Testosterone",91667979,
3,"(1R,2S)-2-Phenylcyclopropanaminium",11861988,CHEBI:131517
4,"(1S,3S,5S)-2-{(2S)-2-amino-2-[(1R,3S,5R,7S)-3-hydroxytricyclo[3.3.1.1~3,7~]dec-1-yl]acetyl}-2-azabicyclo[3.1.0]hexane-3-carbonitrile",11235729,
5,"(2R)-1-(2,6-dimethylphenoxy)propan-2-amine",180621,
6,(3-Carboxy-2-(R)-Hydroxy-Propyl)-Trimethyl-Ammonium,10918,CHEBI:39547
7,"(5R)-5-(4-{[(2R)-6-HYDROXY-2,5,7,8-TETRAMETHYL-3,4-DIHYDRO-2H-CHROMEN-2-YL]METHOXY}BENZYL)-1,3-THIAZOLIDINE-2,4-DIONE",9824580,
8,(6R)-Folinic acid,135484651,
9,"(6S)-5,6,7,8-tetrahydrofolic acid",135398650,CHEBI:15635
10,(R)-Atenolol,180559,CHEBI:55352
11,(R)-Bicalutamide,56069,CHEBI:39589
12,(R)-Fluoxetine,1548970,CHEBI:86991
13,(R)-Gossypol,3503,CHEBI:28584
14,(R)-Praziquantel,445900,
15,(R)-Propafenone,184819,
16,(R)-Rolipram,448055,CHEBI:40133
17,(R)-etodolac,667528,CHEBI:60370
18,(R)-warfarin,54684598,CHEBI:87737
19,(S)-Indapamide,12598931,
20,(S)-econazole,12773795,CHEBI:82872
21,"1,10-Phenanthroline",1318,CHEBI:44975
22,"1,2-Benzodiazepine",134664,
24,1-(2-Phenylethyl)-4-phenyl-4-acetoxypiperidine,60977,
25,"1-BENZYL-4-[(5,6-DIMETHOXY-1-INDANON-2-YL)METHYL]PIPERIDINE",1150567,CHEBI:53292
26,1-Testosterone,236666,CHEBI:59714
27,1-benzylimidazole,77918,
28,1-deoxymannojirimycin,72258,
29,10-hydroxycamptothecin,97226,CHEBI:81395
30,16-Bromoepiandrosterone,71613,
31,17alpha-Estriol,256737,CHEBI:42156
32,18-methyl-19-nortestosterone,10039774,
33,19-norandrostenedione,92834,CHEBI:34187
34,"1alpha,24S-Dihydroxyvitamin D2",9547261,
35,1alpha-Hydroxyvitamin D5,10025615,
36,"2,4-Diamino-5-(3,4,5-Trimethoxy-Benzyl)-Pyrimidin-1-Ium",446998,
37,"2,4-thiazolidinedione",5437,CHEBI:50992
38,"2,5-Dimethoxy-4-ethylamphetamine",27402,CHEBI:191249
39,"2,5-Dimethoxy-4-ethylthioamphetamine",10264356,
40,2-(4-Chlorophenyl)-5-Quinoxalinecarboxamide,657038,
41,2-Fluoroadenosine,8975,CHEBI:39740
42,2-Methoxyestradiol,66414,CHEBI:28955
43,2-Methoxyethanol,8019,CHEBI:46790
44,2-chloro-5-[(1S)-1-hydroxy-3-oxo-2H-isoindol-1-yl]benzenesulfonamide,688424,
45,2-chloroethyl-3-sarcosinamide-1-nitrosourea,100773,
46,25-desacetylrifapentine,135564528,
47,"3,4-Dihydroxybenzoic Acid",72,CHEBI:36062
48,"3,5-Diiodotyrosine",6181,
49,"3,5-Dinitrocatechol",3870203,
50,"3,5-diiodothyropropionic acid",160565,CHEBI:134267
51,3-isobutyl-1-methyl-7H-xanthine,3758,CHEBI:34795
52,"4-Bromo-2,5-dimethoxyamphetamine",62065,
53,"4-Bromo-2,5-dimethoxyphenethylamine",98527,CHEBI:189669
54,4-Hydroxytestosterone,160615,CHEBI:173052
55,4-Methoxyamphetamine,31721,
56,4-Oxoretinol,5289090,CHEBI:44597
57,4-hydroxycoumarin,54682930,CHEBI:40070
58,5-(2-methylpiperazine-1-sulfonyl)isoquinoline,3542,CHEBI:43385
59,5-androstenedione,160531,CHEBI:83865
60,5-fluorouridine,9427,CHEBI:40154
61,"5-methoxy-N,N-dimethyltryptamine",1832,CHEBI:2086
62,5-methyltetrahydrofolic acid,135415868,
63,5beta-dihydrotestosterone,11302,CHEBI:2150
64,"6-CHLORO-3-(DICHLOROMETHYL)-3,4-DIHYDRO-2H-1,2,4-BENZOTHIADIAZINE-7-SULFONAMIDE 1,1-DIOXIDE",6604229,
65,6-Deoxyerythronolide B,121904,CHEBI:16089
66,6-O-benzylguanine,4578,
67,"6S-5,6,7,8-Tetrahydrobiopterin",135509079,
68,"7,8-Dichloro-1,2,3,4-tetrahydroisoquinoline",123920,CHEBI:160129
69,"7,9-Dimethylguanine",131704185,
70,7-((Carboxy(4-Hydroxyphenyl)Acetyl)Amino)-7-Methoxy-(3-((1-Methyl-1h-Tetrazol-5-Yl)Thio)Methyl)-8-Oxo-5-Oxa-1-Azabicyclo[4.2.0]Oct-2-Ene-2-Carboxylic Acid,5488645,CHEBI:94604
71,7-(2-Amino-2-Phenyl-Acetylamino)-3-Chloro-8-Oxo-1-Aza-Bicyclo[4.2.0]Oct-2-Ene-2-Carboxylic Acid,12897341,
72,7-Deazaguanine,135408714,CHEBI:190453
73,7-Hydroxystaurosporine,72271,CHEBI:221840
74,7-Nitroindazole,1893,CHEBI:40287
75,8-azaguanine,135403646,CHEBI:63486
76,8-chlorotheophylline,10661,CHEBI:59771
77,9-(N-methyl-L-isoleucine)-cyclosporin A,6473876,
78,9-Beta-D-Xylofuranosyl-Adenine,447916,CHEBI:46515
79,9-Deazaguanine,135461003,
80,9-Methylguanine,135403591,
81,9-aminocamptothecin,72402,CHEBI:80755
82,AICA ribonucleotide,65110,CHEBI:18406
83,ALT-2074,130165,
84,AMG-222,11977989,
85,AS-8112,10993014,
86,AZD-3043,10286834,
87,AZD-5991,131634760,
88,Abacavir,441300,CHEBI:421707
89,Abafungin,159326,CHEBI:76005
90,Abametapir,15664,CHEBI:192617
91,Abediterol,11962616,CHEBI:142077
92,Abemaciclib,46220502,CHEBI:233362
93,Abexinostat,11749858,CHEBI:92223
94,Abiraterone,132971,CHEBI:68642
95,Abrocitinib,78323835,
96,Acalabrutinib,71226662,CHEBI:167707
97,Acamprosate,71158,CHEBI:51041
98,Acarbose,9811704,
99,Acebutolol,1978,CHEBI:2379
100,Aceclofenac,71771,CHEBI:31159
101,Acefylline,69550,CHEBI:94615
102,Acemetacin,1981,CHEBI:31162
103,Acenocoumarol,54676537,CHEBI:53766
104,Acepromazine,6077,CHEBI:44932
105,Aceprometazine,26035,CHEBI:53770
106,Acetaminophen,1983,CHEBI:46195
107,Acetate,175,CHEBI:30089
108,Acetazolamide,1986,CHEBI:27690
109,Acetoacetic acid,96,CHEBI:15344
110,Acetohexamide,1989,CHEBI:28052
111,Acetophenazine,17676,CHEBI:2401
112,Acetyl sulfisoxazole,6662,CHEBI:135975
113,Acetylamino-Acetic Acid,10972,CHEBI:40410
114,Acetylcholine,187,CHEBI:15355
115,Acetylcysteine,12035,CHEBI:28939
116,Acetyldigitoxin,5284512,CHEBI:53773
117,Acetyldigoxin,11765960,
118,Acetylleucine,1995,CHEBI:166830
119,Acetylsalicylic acid,2244,CHEBI:15365
120,Acipimox,5310993,CHEBI:94688
121,Acitretin,5284513,CHEBI:50173
122,Aclarubicin,451415,CHEBI:74619
123,Aclidinium,11434515,CHEBI:65346
124,Acotiamide,5282338,CHEBI:34523
125,Acrivastine,5284514,CHEBI:83168
126,Acteoside,5281800,CHEBI:132853
127,Acyclovir,135398513,CHEBI:2453
128,Adagrasib,138611145,CHEBI:233309
129,Adefovir,60172,CHEBI:2469
130,Adefovir dipivoxil,60871,CHEBI:31175
131,Ademetionine,34755,CHEBI:67040
132,Adenine,190,CHEBI:16708
133,Adinazolam,37632,CHEBI:251412
134,Adipiplon,11198924,
135,Adrafinil,3033226,CHEBI:135200
136,Afatinib,10184653,CHEBI:61390
137,Afimoxifene,449459,CHEBI:44616
138,Agmatine,199,CHEBI:17431
139,Agomelatine,82148,CHEBI:134990
140,Ajmaline,6100671,
141,Alanosine,90657278,
142,Alaproclate,2081,CHEBI:91544
143,Albaconazole,208952,
144,Albendazole,2082,CHEBI:16664
145,Albuterol,2083,CHEBI:2549
146,Alcaftadine,19371515,CHEBI:71023
147,Alclofenac,30951,CHEBI:31183
148,Alclometasone,5311000,CHEBI:53776
149,Alcloxa,136146352,
150,Alcuronium,21158560,CHEBI:55313
151,Aldosterone,5839,CHEBI:27584
152,Aldoxorubicin,9810709,
153,Alectinib,49806720,CHEBI:90936
154,Alendronic acid,2088,CHEBI:2567
155,Alexitol sodium,91663271,
156,Alfacalcidol,5282181,CHEBI:31186
157,Alfaxalone,104845,CHEBI:34531
158,Alfentanil,51263,CHEBI:2569
159,Alfuzosin,2092,CHEBI:51141
160,Algestone,11687,CHEBI:763
161,Algestone acetophenide,5284538,CHEBI:49327
162,Alimemazine,5574,CHEBI:9725
163,Aliskiren,5493444,CHEBI:601027
164,Alitretinoin,449171,CHEBI:50648
165,Allicin,65036,CHEBI:28411
166,Allobarbital,5842,CHEBI:134875
167,Alloin,9866696,CHEBI:73222
168,Allopurinol,135401907,CHEBI:40279
169,Allylestrenol,235905,CHEBI:31189
170,Almasilate,131704329,
171,Alminoprofen,2097,CHEBI:31190
172,Almotriptan,123606,CHEBI:520985
173,Alogliptin,11450633,CHEBI:72323
174,Aloglutamol,72941505,
175,Alosetron,2099,CHEBI:253342
176,Alpelisib,56649450,CHEBI:93752
177,Alphacetylmethadol,22308,
178,Alphaprodine,120738,CHEBI:135075
179,Alprazolam,2118,CHEBI:2611
180,Alprenolol,2119,CHEBI:51211
181,Alprostadil,5280723,CHEBI:15544
182,Altrenogest,10041070,CHEBI:191255
183,Altretamine,2123,CHEBI:24564
184,Aluminium,5359268,CHEBI:33629
185,Aluminium acetotartrate,76968033,
186,Aluminium clofibrate,10390009,
187,Aluminium glycinate,73415751,
188,Aluminium nicotinate,16098,
189,Aluminium phosphate,64655,
190,Aluminium tristearate,12496,CHEBI:37867
191,Aluminum chloride,24012,CHEBI:30114
192,Aluminum chlorohydrate,71586946,
193,Aluminum sulfate,24850,CHEBI:74768
194,Alverine,3678,CHEBI:518413
195,Alvimopan,5488548,CHEBI:135686
196,Alvocidib,5287969,CHEBI:47344
197,Amantadine,2130,CHEBI:2618
198,Ambenonium,2131,CHEBI:2627
199,Ambrisentan,6918493,CHEBI:135949
200,Ambroxol,2132,CHEBI:135590
201,Amcinonide,443958,CHEBI:31199
202,Amdinocillin,36273,CHEBI:51208
203,Amibegron,3035442,CHEBI:188723
204,Amidephrine,15010,CHEBI:134994
205,Amifampridine,5918,CHEBI:135948
206,Amifostine,2141,CHEBI:2636
207,Amikacin,37768,CHEBI:2637
208,Amiloride,16231,CHEBI:2639
209,Amineptine,34870,CHEBI:32499
210,Aminoglutethimide,2145,CHEBI:2654
211,Aminohippuric acid,2148,CHEBI:104011
212,Aminolevulinic acid,137,CHEBI:17549
213,Aminomethylbenzoic acid,65526,CHEBI:134774
214,Aminophenazone,6009,CHEBI:160246
215,Aminophylline,9433,CHEBI:2659
216,Aminopterin,169371,CHEBI:22526
217,Aminosalicylic acid,4649,CHEBI:27565
218,Amiodarone,2157,CHEBI:2663
219,Amisulpride,2159,CHEBI:64045
220,Amithiozone,9568512,CHEBI:134958
221,Amitraz,36324,CHEBI:2665
222,Amitriptyline,2160,CHEBI:2666
223,Amitriptylinoxide,20313,CHEBI:135224
224,Amlodipine,2162,CHEBI:2668
225,Ammonia N-13,119432,CHEBI:135980
226,Ammonium bicarbonate,14013,CHEBI:184335
227,Ammonium lactate,62358,
228,Ammonium tetrathiomolybdate,15251598,
229,Amobarbital,2164,CHEBI:2673
230,Amodiaquine,2165,CHEBI:2674
231,Amonafide,50515,CHEBI:94661
232,Amoxapine,2170,CHEBI:2675
233,Amoxicillin,33613,CHEBI:2676
234,Amperozide,73333,
235,Amphetamine,3007,CHEBI:132233
236,Amphotericin B,5280965,CHEBI:2682
237,Ampicillin,6249,CHEBI:28971
238,Amprenavir,65016,CHEBI:40050
239,Amrinone,3698,CHEBI:2686
240,Amrubicin,3035016,CHEBI:135779
241,Amsacrine,2179,CHEBI:2687
242,Amyl Nitrite,8053,CHEBI:2691
243,Anagliptin,44513473,CHEBI:136043
244,Anagrelide,135409400,CHEBI:142290
245,Anastrozole,2187,CHEBI:2704
246,Andrographolide,5318517,CHEBI:65408
247,Androstenediol,10634,CHEBI:2710
248,Androstenedione,6128,CHEBI:16422
249,Anecortave,7074810,CHEBI:177649
250,Angiotensin 1-7,123805,CHEBI:55438
251,Anileridine,8944,CHEBI:61203
252,Aniline,6115,CHEBI:17296
253,Aniracetam,2196,CHEBI:47943
254,Anisodamine,6918612,
255,Anisotropine methylbromide,657201,
256,Annamycin,115212,
257,Antazoline,2200,CHEBI:84115
258,Antipyrine,2206,CHEBI:31225
259,Antrafenine,68723,CHEBI:135841
260,Apalutamide,24872560,
261,Apaziquone,5813717,CHEBI:177558
262,Apixaban,10182969,CHEBI:72296
263,Apomorphine,6005,CHEBI:48538
264,Apraclonidine,2216,CHEBI:2788
265,Apramycin,3081545,CHEBI:2790
266,Apremilast,11561674,CHEBI:78540
267,Aprepitant,135413536,CHEBI:499361
268,Aprindine,2218,CHEBI:135370
269,Aprobarbital,6464,CHEBI:2791
270,Aprocitentan,25099191,CHEBI:76609
271,Apronalide,10715,CHEBI:134827
272,Arachidonic Acid,444899,CHEBI:15843
273,Aramchol,18738120,
274,Aranidipine,2225,CHEBI:31232
275,Arbaclofen,44602,CHEBI:190735
276,Arbaclofen Placarbil,11281011,
277,Arbekacin,68682,CHEBI:37922
278,Arbutamine,60789,CHEBI:50580
279,Arecoline,2230,CHEBI:2814
280,Arformoterol,3083544,CHEBI:408174
281,Argatroban,92722,CHEBI:94385
282,Aripiprazole,60795,CHEBI:31236
283,Aripiprazole lauroxil,49831411,CHEBI:90930
284,Arketamine,644025,CHEBI:580604
285,Armodafinil,9690109,CHEBI:77590
286,Arotinolol,2239,CHEBI:135569
287,Arsenic trioxide,14888,
288,Artefenomel,24999143,
289,Artemether,68911,CHEBI:195280
290,Artemisinin,68827,CHEBI:223316
291,Artemotil,3000469,CHEBI:135335
292,Artenimol,3000518,CHEBI:135921
293,Artesunate,6917864,CHEBI:63918
294,Articaine,32170,CHEBI:91834
295,Asciminib,72165228,
296,Ascorbic acid,54670067,CHEBI:29073
297,Asenapine,163091,CHEBI:71257
298,Aspartame,134601,CHEBI:2877
299,Aspartic acid,5960,CHEBI:17053
300,Aspoxicillin,71961,CHEBI:31240
301,Astaxanthin,5281224,CHEBI:40968
302,Astemizole,2247,CHEBI:2896
303,Asunaprevir,16076883,CHEBI:134723
304,Ataluren,11219835,CHEBI:94805
305,Atamestane,57050,
306,Atazanavir,148192,CHEBI:37924
307,Aticaprant,44129648,
308,Atipamezole,71310,CHEBI:230832
309,Atogepant,72163100,CHEBI:196955
310,Atomoxetine,54841,CHEBI:127342
311,Atorvastatin,60823,CHEBI:39548
312,Atosiban,5311010,CHEBI:135899
313,Atovaquone,74989,CHEBI:575568
314,Atracurium besylate,47320,CHEBI:2915
315,Atrasentan,159594,CHEBI:135810
316,Atropine,174174,CHEBI:16684
317,Auranofin,16667669,
318,Aurodox,135509117,
319,Aurothioglucose,6104,CHEBI:2930
320,Avacopan,49841217,
321,Avanafil,9869929,CHEBI:66876
322,Avapritinib,118023034,
323,Avasimibe,166558,CHEBI:177719
324,Avatrombopag,9852519,
325,Avibactam,9835049,CHEBI:85984
326,Avilamycin,71674,
327,Axelopran,67156338,
328,Axitinib,6450551,CHEBI:66910
329,Azacitidine,9444,CHEBI:2038
330,Azaperone,15443,CHEBI:88301
331,Azapropazone,26098,CHEBI:38010
332,Azatadine,19861,CHEBI:2946
333,Azathioprine,2265,CHEBI:2948
334,Azelaic acid,2266,CHEBI:48131
335,Azelastine,2267,CHEBI:2950
336,Azelnidipine,65948,CHEBI:31247
337,Azidamfenicol,62858,CHEBI:135238
338,Azidocillin,15574941,CHEBI:51758
339,Azilsartan medoxomil,135409642,CHEBI:68845
340,Azimilide,9571004,CHEBI:34545
341,Azithromycin,447043,CHEBI:2955
342,Azlocillin,6479523,CHEBI:2956
343,Azosemide,2273,CHEBI:31248
344,Aztreonam,5742832,
345,BQ-123,443289,CHEBI:2965
346,Bacampicillin,441397,CHEBI:2968
347,Bacitracin,10909430,CHEBI:35862
348,Bafilomycin A1,6436223,CHEBI:22689
349,Balaglitazone,9889200,
350,Balsalazide,54585,CHEBI:267413
351,Bambermycins,6433554,
352,Bambuterol,54766,CHEBI:553827
353,Bamifylline,16229,CHEBI:135605
354,Banoxantrone,9955116,
355,Barbexaclone,71196,
356,Barbital,2294,CHEBI:31252
357,Baricitinib,44205240,CHEBI:95341
358,Barnidipine,443869,CHEBI:135793
359,Batefenterol,10372836,
360,Batimastat,5362422,CHEBI:195398
361,Bazedoxifene,154257,CHEBI:135947
362,Beclamide,10391,CHEBI:134859
363,Beclomethasone dipropionate,21700,CHEBI:3002
364,Becocalcidiol,5289547,CHEBI:231099
365,Bedaquiline,5388906,CHEBI:72292
366,Befunolol,2309,CHEBI:135212
367,Belinostat,6918638,CHEBI:61076
368,Belotecan,6456014,CHEBI:135702
369,Belumosudil,11950170,
370,Belzutifan,117947097,
371,Bempedoic acid,10472693,CHEBI:149601
372,Benactyzine,9330,CHEBI:94775
373,Benazepril,5362124,CHEBI:3011
374,Benazeprilat,5463984,CHEBI:88200
375,Bencyclane,2312,CHEBI:135205
376,Bendamustine,65628,CHEBI:135515
377,Bendazac,2313,
378,Bendroflumethiazide,2315,CHEBI:3013
379,Benfluorex,2318,CHEBI:93826
380,Benidipine,656668,
381,Benmoxin,71671,CHEBI:134978
382,Benorilate,21102,CHEBI:135340
383,Benoxaprofen,39941,CHEBI:76114
384,Benperidol,16363,CHEBI:93403
385,Benserazide,2327,CHEBI:64187
386,Bentazepam,135412795,CHEBI:135252
387,Benzatropine,1201549,CHEBI:3048
388,Benzbromarone,2333,CHEBI:3023
389,Benzgalantamine,44240142,
390,Benzhydrocodone,49836084,
391,Benzilone,66248,CHEBI:135496
392,Benziodarone,6237,CHEBI:135814
393,Benznidazole,31593,CHEBI:133833
394,Benzocaine,2337,CHEBI:116735
395,Benzoctamine,28425,CHEBI:135017
396,Benzoic acid,243,CHEBI:30746
397,Benzonatate,7699,CHEBI:3032
398,Benzphetamine,5311017,CHEBI:3044
399,Benzquinamide,2342,CHEBI:27662
400,Benzthiazide,2343,CHEBI:3047
401,Benzydamine,12555,CHEBI:94563
402,Benzyl alcohol,244,CHEBI:17987
403,Benzylpenicillin,5904,CHEBI:18208
405,Benzylthiouracil,685814,CHEBI:134902
406,Bepotastine,164522,CHEBI:71204
407,Bepridil,2351,CHEBI:3061
408,Beraprost,6917951,CHEBI:135633
409,Berberine ursodeoxycholate,137552085,
410,Bergapten,2355,CHEBI:18293
411,Berotralstat,137528262,
412,Besifloxacin,10178705,CHEBI:135622
413,Betahistine,2366,CHEBI:35677
414,Betaine,247,CHEBI:17750
415,Betamethasone,9782,CHEBI:3077
416,Betamethasone phosphate,107782,CHEBI:68603
417,Betaxolol,2369,CHEBI:3082
418,Bethanechol,2370,CHEBI:3084
419,Bethanidine,2368,CHEBI:37937
420,Betrixaban,10275777,CHEBI:140421
421,Betulinic Acid,64971,CHEBI:3087
422,Bevantolol,2372,CHEBI:238698
423,Bevonium,31800,CHEBI:135495
424,Bexagliflozin,25195624,CHEBI:229225
425,Bexarotene,82146,CHEBI:50859
426,Bezafibrate,39042,CHEBI:47612
427,Bezitramide,61791,CHEBI:135794
428,Bicifadine,47953,
429,Bicisate,72048,
430,Bictegravir,90311989,CHEBI:172943
431,Bietaserpine,20054848,CHEBI:125518
432,Bifemelane,2377,CHEBI:92338
433,Bifeprunox,208951,CHEBI:177517
434,Bifonazole,2378,CHEBI:78692
435,Bilastine,185460,CHEBI:135954
436,Bimatoprost,5311027,CHEBI:51230
437,Binimetinib,10288191,CHEBI:145371
438,Bioallethrin,15558638,CHEBI:143255
439,Biochanin A,5280373,CHEBI:17574
440,Biperiden,2381,CHEBI:3112
441,Biricodar,3037617,CHEBI:135847
442,Bisacodyl,2391,CHEBI:3125
443,Bisegliptin,11688894,
444,Bismuth subcitrate potassium,91667825,
445,Bismuth subgallate,73415769,
446,Bismuth subnitrate,73415757,
447,Bismuth subsalicylate,53629521,
448,Bisoprolol,2405,CHEBI:3127
449,Bisoxatin,28689,CHEBI:135955
450,Bitolterol,35330,CHEBI:3133
451,Bivalirudin,16129704,CHEBI:59173
452,Bleomycin,5360373,
453,Blonanserin,125564,CHEBI:31296
454,Boceprevir,10324367,CHEBI:68621
455,Bolandiol,9835303,CHEBI:145661
456,Bolasterone,102146,CHEBI:34583
457,Boldenone,13308,CHEBI:34584
458,Bopindolol,44112,CHEBI:143782
459,Bornaprine,70687267,
460,Bortezomib,387447,CHEBI:52717
461,Bortezomib D-mannitol,12990536,
462,Bosentan,104865,CHEBI:51450
463,Bosutinib,5328940,CHEBI:39112
464,Brefeldin A,5287620,CHEBI:48080
465,Brequinar,57030,CHEBI:177387
466,Bretylium,2431,CHEBI:3172
467,Brexanolone,92786,CHEBI:50169
468,Brexpiprazole,11978813,CHEBI:134716
469,Brigatinib,68165256,CHEBI:232810
470,Brilaroxazine,46861612,
471,Brimonidine,2435,CHEBI:3175
472,Brincidofovir,483477,CHEBI:231032
473,Brinzolamide,68844,CHEBI:3176
474,Brivaracetam,9837243,CHEBI:133013
475,Brofaromine,44571,
476,Bromazepam,2441,CHEBI:31302
477,Bromfenac,60726,CHEBI:240107
478,Bromisoval,2447,CHEBI:77043
479,Bromocriptine,31101,CHEBI:3181
480,Bromodiphenhydramine,2444,CHEBI:59177
481,Bromotheophylline,11808,
482,Bromperidol,2448,CHEBI:31305
483,Brompheniramine,6834,CHEBI:3183
484,Brotizolam,2451,CHEBI:31308
485,Broxuridine,6035,CHEBI:472552
486,Bryostatin 1,5280757,CHEBI:88353
487,Bucindolol,51045,
488,Buclizine,6729,CHEBI:3205
489,Budesonide,5281004,CHEBI:3207
490,Budipine,68778,CHEBI:135228
491,Bufexamac,2466,CHEBI:31317
492,Buflomedil,2467,CHEBI:94538
493,Buformin,2468,CHEBI:3209
494,Bufotenine,10257,CHEBI:3210
495,Bufuralol,71733,CHEBI:34593
496,Bumadizone,19161,CHEBI:76119
497,Bumetanide,2471,CHEBI:3213
498,Bunaftine,36131,CHEBI:135392
499,Bunazosin,2472,CHEBI:135576
500,Bupivacaine,2474,CHEBI:77431
501,Bupranolol,2475,CHEBI:135123
502,Buprenorphine,644073,CHEBI:3216
503,Bupropion,444,CHEBI:3219
504,Buspirone,2477,CHEBI:3223
505,Busulfan,2478,CHEBI:28901
506,Butabarbital,2479,CHEBI:3228
507,Butacaine,2480,CHEBI:94820
508,Butalbital,2481,CHEBI:102524
509,Butamben,2482,CHEBI:3231
510,Butanilicaine,22379,CHEBI:55518
511,Butaperazine,12598,CHEBI:135663
512,Buthiazide,16274,CHEBI:135492
513,Buthionine sulfoximine,21157,CHEBI:28714
514,Butobarbital,6473,CHEBI:134884
515,Butorphanol,5361092,CHEBI:3242
516,Butylphthalide,61361,CHEBI:177504
517,Butylscopolamine,160883,CHEBI:145701
518,Butyrfentanyl,621174,CHEBI:233557
519,Butyrylthiocholine,20689,CHEBI:41055
520,CA4P,100154,
521,CM-4307,25191001,
522,CUDC-101,24756910,
523,Cabazitaxel,9854073,CHEBI:63584
524,Cabergoline,54746,CHEBI:3286
525,Cabotegravir,54713659,CHEBI:172944
526,Cabozantinib,25102847,CHEBI:72317
527,Cadralazine,2515,CHEBI:31331
528,Cafedrine,5489638,CHEBI:135510
529,Caffeine,2519,CHEBI:27732
530,Calcifediol,5283731,CHEBI:17933
531,Calcitriol,5280453,CHEBI:17823
532,Calcium,5460341,CHEBI:22984
533,Calcium cation,271,CHEBI:29108
534,Calcium glubionate anhydrous,6093407,
535,Calcium glucoheptonate,62859,CHEBI:3314
536,Calcium gluconate,9290,CHEBI:3309
537,Calcium levulinate,68651,
538,Calcium pangamate,76966485,
539,Calyculin A,5311365,
540,Camazepam,37367,CHEBI:135570
541,Camptothecin,24360,CHEBI:27656
542,Camylofin,5902,CHEBI:95216
543,Canagliflozin,24812758,CHEBI:73274
544,Candesartan,2541,CHEBI:3347
545,Candesartan cilexetil,2540,CHEBI:3348
546,Candicidin,10079874,CHEBI:3349
547,Candoxatril,5362417,CHEBI:3353
548,Canertinib,156414,CHEBI:61399
549,Cangrelor,9854012,CHEBI:90841
550,Cannabidiol,644019,CHEBI:69478
551,Cannabidivarin,11601669,CHEBI:182159
552,Cannabinol,2543,CHEBI:3360
553,Canrenoic acid,656615,CHEBI:50156
554,Canrenone,13789,CHEBI:135445
555,Capecitabine,60953,CHEBI:31348
556,Capivasertib,25227436,CHEBI:229222
557,Capmatinib,25145656,CHEBI:231693
558,Capravirine,1783,
559,Capreomycin,3000502,
560,Caprylic acid,379,CHEBI:28837
561,Capsaicin,1548943,CHEBI:3374
562,Captodiame,10240,CHEBI:135521
563,Captopril,44093,CHEBI:3380
564,Carbamazepine,2554,CHEBI:3387
565,Carbamoylcholine,2551,
566,Carbenicillin,20824,CHEBI:3393
567,Carbetocin,16681432,CHEBI:59204
568,Carbidopa,34359,CHEBI:39585
569,Carbimazole,31072,CHEBI:617099
570,Carbinoxamine,2564,CHEBI:3398
571,Carbocisteine,193653,CHEBI:16163
572,Carbomycin,5287879,
573,Carboprost,5281075,CHEBI:3403
574,Carboquone,2569,CHEBI:31356
575,Carboxyamidotriazole,108144,
576,Carbromal,6488,CHEBI:134961
577,Carbutamide,9564,CHEBI:135118
578,Carfecillin,33672,CHEBI:3414
579,Carfentanil,62156,CHEBI:61084
580,Carfilzomib,11556711,CHEBI:65347
581,Carindacillin,93184,CHEBI:52015
582,Cariporide,151172,
583,Cariprazine,11154555,CHEBI:90933
584,Carisbamate,6918474,CHEBI:135966
585,Carisoprodol,2576,CHEBI:3419
586,Carmegliptin,11417567,
587,Carmofur,2577,CHEBI:31360
588,Carmustine,2578,CHEBI:3423
589,Caroverine,65709,CHEBI:135541
590,Caroxazone,29083,CHEBI:134867
591,Carprofen,2581,CHEBI:364453
592,Carteolol,2583,CHEBI:3437
593,Carvedilol,2585,CHEBI:3441
594,Caspofungin,16119814,
595,Castanospermine,54445,CHEBI:27860
596,Cathine,441457,CHEBI:4109
597,Cathinone,62258,CHEBI:4110
598,Cediranib,9933475,CHEBI:94782
599,Cefacetrile,91562,CHEBI:135437
600,Cefaclor,51039,CHEBI:3478
601,Cefadroxil,47965,CHEBI:3479
602,Cefaloridine,5773,CHEBI:3537
603,Cefalotin,6024,CHEBI:124991
604,Cefamandole,456255,CHEBI:3480
605,Cefamandole nafate,23665731,CHEBI:3481
606,Cefapirin,30699,CHEBI:554446
607,Cefatrizine,6410758,CHEBI:131730
608,Cefazedone,71736,CHEBI:131731
609,Cefazolin,33255,CHEBI:474053
610,Cefbuperazone,127527,CHEBI:135856
611,Cefcapene,6436055,CHEBI:131729
612,Cefdinir,6915944,CHEBI:3485
613,Cefditoren,9870843,CHEBI:59343
614,Cefepime,5479537,CHEBI:478164
615,Cefetamet,5487888,CHEBI:135629
616,Cefixime,5362065,CHEBI:472657
617,Cefmenoxime,9570757,CHEBI:55490
618,Cefmetazole,42008,CHEBI:3489
619,Cefminox,71141,CHEBI:135817
620,Cefodizime,5361871,CHEBI:63214
621,Cefonicid,43594,CHEBI:3491
622,Cefoperazone,44187,CHEBI:3493
623,Ceforanide,43507,CHEBI:3495
624,Cefotaxime,5742673,CHEBI:204928
625,Cefotetan,53025,CHEBI:3499
626,Cefotiam,43708,CHEBI:355510
627,Cefoxitin,441199,CHEBI:209807
628,Cefozopran,9571080,CHEBI:3502
629,Cefpiramide,636405,CHEBI:59213
630,Cefpirome,5479539,CHEBI:3503
631,Cefpodoxime,6335986,CHEBI:3504
632,Cefprozil,62977,
633,Cefradine,38103,CHEBI:3547
634,Cefroxadine,5284529,CHEBI:31379
635,Cefsulodin,656575,CHEBI:3507
636,Ceftaroline fosamil,9852981,CHEBI:70718
637,Ceftazidime,5481173,CHEBI:3508
638,Ceftezole,65755,CHEBI:135716
639,Ceftibuten,5282242,CHEBI:3510
640,Ceftiofur,6328657,
641,Ceftizoxime,6533629,CHEBI:553473
642,Ceftobiprole,135413542,CHEBI:140407
643,Ceftobiprole medocaril,135413544,CHEBI:135968
644,Ceftolozane,53234134,CHEBI:134719
645,Ceftriaxone,5479530,CHEBI:29007
646,Cefuroxime,5479529,CHEBI:3515
647,Celecoxib,2662,CHEBI:41423
648,Celiprolol,2663,CHEBI:94461
649,Cenobamate,11962412,CHEBI:234112
650,Cephalexin,27447,CHEBI:3534
651,Cephaloglycin,19150,CHEBI:34613
652,Cephalosporin C,65536,CHEBI:15776
654,Cephalothin Group,46936680,
655,Ceritinib,57379345,CHEBI:78432
656,Cerium oxalate,165565,
657,Cerivastatin,446156,CHEBI:3558
658,Cerlapirdine,16071605,
659,Cethromycin,156417,
660,Cetirizine,2678,CHEBI:3561
661,Cevimeline,25137844,CHEBI:3568
662,Chloral hydrate,2707,CHEBI:28142
663,Chlorambucil,2708,CHEBI:28830
664,Chloramphenicol,5959,CHEBI:17698
665,Chloramphenicol succinate,656580,CHEBI:3606
666,Chlorcyclizine,2710,CHEBI:94402
667,Chlordiazepoxide,2712,CHEBI:94781
668,Chlorhexadol,19094,CHEBI:135097
669,Chloride ion,312,CHEBI:17996
670,Chlormadinone,5284533,
671,Chlormadinone acetate,9324,CHEBI:31394
672,Chlormezanone,2717,CHEBI:3619
673,Chloroform,6212,CHEBI:35255
674,Chloroprocaine,8612,CHEBI:3636
675,Chloropyramine,25295,CHEBI:94767
676,Chloroquine,2719,CHEBI:3638
677,Chlorothiazide,2720,CHEBI:3640
678,Chlorotrianisene,11289,CHEBI:3641
679,Chlorpheniramine,2725,CHEBI:52010
680,Chlorphenoxamine,6475,CHEBI:135288
681,Chlorphentermine,10007,CHEBI:3646
682,Chlorproethazine,65750,CHEBI:135464
683,Chlorproguanil,9571037,CHEBI:135192
684,Chlorpromazine,2726,CHEBI:3647
685,Chlorpropamide,2727,CHEBI:3650
686,Chlorprothixene,667467,CHEBI:50931
687,Chlorsulfaquinoxaline,72462,
688,Chlortetracycline,54675777,CHEBI:27644
689,Chlorzoxazone,2733,CHEBI:3655
690,Cholecalciferol,5280795,CHEBI:28940
691,Cholesterol,5997,CHEBI:16113
692,Cholic Acid,221493,CHEBI:16359
693,Choline,305,CHEBI:15354
694,Chromic cation,27668,CHEBI:49544
695,Chromium,23976,CHEBI:28073
696,Chromium picolinate,151932,
697,Cibenzoline,2747,CHEBI:135083
698,Ciclesonide,6918155,CHEBI:31397
699,Cicletanine,54910,CHEBI:135078
700,Ciclopirox,2749,CHEBI:453011
701,Cidofovir,60613,CHEBI:3696
702,Cidoxepin,667468,CHEBI:4710
703,Ciglitazone,2750,CHEBI:64227
704,Cilansetron,6918107,
705,Cilastatin,6435415,CHEBI:3697
706,Cilazapril,56330,CHEBI:3698
707,Cilazaprilat,64766,CHEBI:81005
708,Cilnidipine,5282138,CHEBI:31399
709,Cilostazol,2754,CHEBI:31401
710,Cimetidine,2756,CHEBI:3699
711,Cimetropium,20054871,CHEBI:135516
712,Cimicoxib,213053,CHEBI:76127
713,Cinacalcet,156419,CHEBI:48390
714,Cinazepam,629281,
715,Cinchocaine,3025,CHEBI:247956
716,Cinchophen,8593,CHEBI:114195
717,Cinitapride,68867,CHEBI:135642
718,Cinnamaldehyde,637511,CHEBI:16731
719,Cinnarizine,1547484,CHEBI:31403
720,Cinolazepam,3033621,CHEBI:59514
721,Cinoxacin,2762,CHEBI:3716
722,Ciprofibrate,2763,CHEBI:50867
723,Ciprofloxacin,2764,CHEBI:100241
724,Cirazoline,2765,CHEBI:92950
725,Cisapride,6917698,CHEBI:3720
726,Citalopram,2771,CHEBI:77397
727,Citrulline,9750,CHEBI:16349
728,Cladribine,20279,CHEBI:567361
729,Clarithromycin,84029,CHEBI:3732
730,Clavulanic acid,5280980,CHEBI:48947
731,Clemastine,26987,CHEBI:3738
732,Clenbuterol,2783,CHEBI:174690
733,Clevidipine,153994,CHEBI:135738
734,Clidinium,2784,CHEBI:3743
735,Clinafloxacin,60063,CHEBI:94459
736,Clindamycin,446598,
737,Clobazam,2789,CHEBI:31413
738,Clobetasol,5311051,CHEBI:205919
739,Clobetasol propionate,32798,CHEBI:31414
740,Clobetasone,71387,CHEBI:177795
741,Clocortolone,5311052,CHEBI:59582
742,Clocortolone acetate,11954353,CHEBI:177410
743,Clodronic acid,25419,CHEBI:110423
744,Clofarabine,119182,CHEBI:681569
745,Clofazimine,2794,CHEBI:3749
746,Clofedanol,2795,CHEBI:135207
747,Clofenamide,69594,CHEBI:31418
748,Clofibrate,2796,CHEBI:3750
749,Clofibride,160134,CHEBI:135401
750,Clomethiazole,10783,CHEBI:92875
751,Clometocillin,71807,CHEBI:131732
752,Clomifene,1548955,CHEBI:177766
753,Clomipramine,2801,CHEBI:47780
754,Clomocycline,54680675,CHEBI:59589
755,Clonazepam,2802,CHEBI:3756
756,Clonidine,2803,CHEBI:3757
757,Clonixin,28718,CHEBI:76200
758,Clopamide,12492,CHEBI:94521
759,Clopenthixol,12454,
760,Clopidogrel,60606,CHEBI:37941
761,Cloprednol,5284535,CHEBI:135619
762,Cloprostenol,5311053,CHEBI:177470
763,Cloranolol,65814,CHEBI:135217
764,Clorazepic acid,2809,CHEBI:3761
765,Clorexolone,16473,CHEBI:31421
766,Clorgiline,4380,CHEBI:3763
767,Cloricromen,68876,CHEBI:135628
768,Clorindione,70846,CHEBI:135057
769,Clorobiocin,54706138,
770,Clorsulon,43231,CHEBI:94811
771,Clostebol,68947,CHEBI:135372
772,Clothiapine,16351,CHEBI:31424
773,Clotiazepam,2811,CHEBI:31425
774,Clotrimazole,2812,CHEBI:3764
775,Cloxacillin,6098,CHEBI:49566
776,Cloxazolam,2816,CHEBI:31426
777,Clozapine,135398737,CHEBI:3766
778,Cobicistat,25151504,CHEBI:72291
779,Cobimetinib,16222096,CHEBI:90851
780,Cocaine,446220,CHEBI:27958
781,Codeine,5284371,CHEBI:16714
782,Colchicine,6167,CHEBI:27882
784,Combretastatin A4,5351344,CHEBI:181391
785,Conivaptan,151171,CHEBI:681850
786,Copanlisib,135565596,CHEBI:173077
787,Copper,23978,CHEBI:28694
788,Cordycepin,6303,CHEBI:29014
789,Corticosterone,5753,CHEBI:16827
790,Cortisone,222786,CHEBI:16962
791,Cortisone acetate,5745,CHEBI:3897
792,Cortivazol,66249,CHEBI:135820
793,Coumaphos,2871,CHEBI:3903
794,Coumarin,323,CHEBI:28794
795,Coumermycin A1,54675768,CHEBI:3907
796,Crenolanib,10366136,CHEBI:145365
797,Crizotinib,11626560,CHEBI:64310
798,Curcumin,969516,CHEBI:3962
799,Curcumin sulfate,66645351,CHEBI:189746
800,Cyamemazine,62865,CHEBI:135379
801,Cyanocobalamin,166596686,
802,Cyclacillin,19003,CHEBI:31444
803,Cyclandelate,2893,CHEBI:3988
804,Cyclic adenosine monophosphate,6076,CHEBI:17489
805,Cyclizine,6726,CHEBI:3994
806,Cyclobarbital,5838,CHEBI:134957
807,Cyclobenzaprine,2895,CHEBI:3996
808,Cycloguanil,9049,CHEBI:135029
809,Cyclohexylammonium Ion,1549093,CHEBI:42939
810,Cyclopentamine,7608,CHEBI:134766
811,Cyclopenthiazide,2904,CHEBI:91686
812,Cyclopentolate,2905,CHEBI:4024
813,Cyclophosphamide,2907,CHEBI:4027
814,Cyclopropane,6351,CHEBI:30365
815,Cycloserine,6234,CHEBI:40009
816,Cyclosporine,5284373,CHEBI:4031
817,Cyclothiazide,2910,CHEBI:31448
818,Cycrimine,2911,CHEBI:59692
819,Cymarin,441853,CHEBI:4037
820,Cyproheptadine,2913,CHEBI:4046
821,Cyproterone acetate,9880,CHEBI:50743
822,Cysteamine,6058,CHEBI:17141
823,Cytarabine,6253,CHEBI:28680
824,D-Levofloxacin,452723,CHEBI:46577
825,D-Phenylalanine,71567,CHEBI:16998
826,D-Tryptophan,9060,CHEBI:16296
827,D-chiro-Inositol,892,CHEBI:17268
828,DAR-0100A,6603820,CHEBI:124993
829,DL-Methylephedrine,64782,CHEBI:113556
830,DL-alpha-Tocopherol,2116,CHEBI:93909
831,DPDPE,104787,CHEBI:73356
832,Dabigatran,216210,CHEBI:70752
833,Dabigatran etexilate,135565674,
834,Dabrafenib,44462760,CHEBI:75045
835,Dacarbazine,135398738,CHEBI:177836
836,Daclatasvir,25154714,CHEBI:82977
837,Dacomitinib,11511120,CHEBI:132268
838,Dactinomycin,457193,CHEBI:27666
839,Dactolisib,11977753,CHEBI:71952
840,Daidzein,5281708,CHEBI:28197
841,Daidzin,107971,CHEBI:42202
842,Dalfampridine,1727,CHEBI:34385
843,Dalfopristin,6323289,CHEBI:4309
844,Danazol,28417,CHEBI:4315
845,Danicopan,118323590,CHEBI:231416
846,Danoprevir,11285588,CHEBI:230664
847,Dantrolene,6914273,
848,Dantron,2950,CHEBI:3682
849,Dapagliflozin,9887712,CHEBI:85078
850,Dapiprazole,3033538,CHEBI:51066
851,Dapoxetine,71353,CHEBI:135962
852,Daprodustat,91617630,CHEBI:229223
853,Dapsone,2955,CHEBI:4325
854,Daptomycin,21585658,
855,Darexaban,9912771,
856,Daridorexant,91801202,
857,Darifenacin,444031,CHEBI:391960
858,Darodipine,51701,
859,Darolutamide,67171867,
860,Darunavir,213039,CHEBI:367163
861,Dasabuvir,56640146,CHEBI:85182
862,Dasatinib,3062316,CHEBI:49375
863,Dasotraline,9947999,
864,Daunorubicin,30323,CHEBI:41977
865,Deacetoxycephalosporin C,160139,CHEBI:18229
866,Deacetylbisacodyl,69046,
867,Deanol,7902,CHEBI:271436
868,Debrisoquine,2966,CHEBI:34665
869,Decamethonium,2968,CHEBI:41934
870,Decamethoxine,118984404,
871,Decitabine,451668,CHEBI:50131
872,Deferasirox,214348,CHEBI:49005
873,Deferiprone,2972,CHEBI:68554
874,Deflazacort,189821,CHEBI:135720
875,Degarelix,16136245,CHEBI:135961
876,Dehydroascorbic acid,440667,CHEBI:27956
877,Dehydrocholic acid,6674,CHEBI:31459
878,Delafloxacin,487101,
879,Delamanid,6480466,CHEBI:134742
880,Delapril,5362116,CHEBI:135735
881,Delavirdine,5625,CHEBI:119573
882,Delorazepam,17925,CHEBI:135295
883,Delpazolid,44205191,
884,Demecarium,5966,CHEBI:59719
885,Demeclocycline,54680690,CHEBI:4392
886,Demecolcine,220401,CHEBI:4393
887,Demegestone,93057,CHEBI:135339
888,Deoxycholic acid,222528,CHEBI:28834
889,Deoxyepinephrine,4382,CHEBI:10554
890,Deoxyspergualin,91272,
891,Deptropine,203911,CHEBI:50189
892,Dequalinium,2993,CHEBI:41872
893,Deramciclane,119590,
894,Dermatan sulfate,32756,CHEBI:58465
895,Dersalazine,135484128,
896,Deserpidine,8550,CHEBI:27478
897,Desflurane,42113,CHEBI:4445
898,Desipramine,2995,CHEBI:47781
899,Deslanoside,28620,CHEBI:31468
900,Desloratadine,124087,CHEBI:291342
901,Desmopressin,5311065,CHEBI:4450
902,Desogestrel,40973,CHEBI:4453
903,Desomorphine,5362456,CHEBI:135119
904,Desonide,5311066,CHEBI:204734
905,Desoximetasone,5311067,CHEBI:691037
906,Desoxycorticosterone acetate,5952,CHEBI:34671
907,Desoxycorticosterone pivalate,11876263,CHEBI:50782
908,Desvenlafaxine,125017,CHEBI:83527
909,Detomidine,56032,
910,Deucravacitinib,134821691,
911,Deudextromethorphan,25052519,
912,Deudomperidone,153420471,
913,Deupirfenidone,25145077,
914,Deuruxolitinib,72704611,
915,Deutetrabenazine,73442840,
916,Deutivacaftor,71470491,
917,Dexamethasone acetate,236702,CHEBI:4463
918,Dexamethasone isonicotinate,16752,CHEBI:177639
919,Dexetimide,30843,CHEBI:135531
920,Dexfenfluramine,66265,CHEBI:439329
921,Dexibuprofen,39912,CHEBI:43415
922,Dexisometheptene mucate,76853225,
923,Dexketoprofen,667550,CHEBI:76128
924,Dexlansoprazole,9578005,CHEBI:135931
925,Dexloxiglumide,65937,CHEBI:135747
926,Dexmecamylamine,12358972,
927,Dexmedetomidine,5311068,CHEBI:4466
928,Dexmethylphenidate,154101,CHEBI:51860
929,Dexniguldipine,6918097,CHEBI:103932
930,Dexpanthenol,131204,CHEBI:27373
931,Dexpramipexole,59868,CHEBI:232420
932,Dexpropranolol,21138,CHEBI:8736
933,Dexrabeprazole,9906855,CHEBI:134729
934,Dexrazoxane,71384,CHEBI:50223
935,Dextilidine,30131,CHEBI:77822
936,Dextofisopam,204105,
937,Dextromethadone,643985,CHEBI:167308
938,Dextromoramide,92943,CHEBI:74274
939,Dextropropoxyphene,10100,CHEBI:51173
940,Dextrorphan,5360697,CHEBI:29133
941,Dextrothyroxine,8730,CHEBI:30659
942,Dexverapamil,65808,CHEBI:77734
943,Dezocine,3033053,CHEBI:4474
944,Diacerein,26248,CHEBI:94708
945,Diamorphine,5462328,CHEBI:27808
946,Dianhydrogalactitol,15942827,
947,Diatrizoate,2140,CHEBI:53691
948,Diazepam,3016,CHEBI:49575
949,Diazoxide,3019,CHEBI:4495
950,Dibekacin,470999,CHEBI:37945
951,Dibenzepin,9419,CHEBI:93394
952,Dibromotyrosine,67532,CHEBI:28335
953,Dichlorobenzyl alcohol,15684,CHEBI:48220
954,Dichlorvos,3039,CHEBI:34690
955,Diclofenac,3033,CHEBI:47381
956,Diclofenamide,3038,CHEBI:101085
957,Dicloxacillin,18381,CHEBI:4511
958,Dicoumarol,54676038,CHEBI:4513
959,Dicyclomine,3042,CHEBI:4514
960,Didanosine,135398739,CHEBI:490877
961,Didox,3045,CHEBI:184074
962,Dienestrol,667476,CHEBI:4518
963,Dienogest,68861,CHEBI:70708
964,Diethyl ether,3283,CHEBI:35702
965,Diethylcarbamazine,3052,CHEBI:4527
966,Diethylnorspermine,4282,CHEBI:231415
967,Diethylpropion,7029,CHEBI:4530
968,Diethylstilbestrol,448537,CHEBI:41922
969,Difemerine,165124,
970,Difenoxin,34328,CHEBI:4534
971,Difenpiramide,100472,CHEBI:76130
972,Diflorasone,71415,CHEBI:59750
973,Difloxacin,56206,CHEBI:4537
974,Diflunisal,3059,CHEBI:39669
975,Difluocortolone,11954369,CHEBI:135624
976,Difluprednate,443936,CHEBI:31485
977,Digitoxin,441207,CHEBI:28544
978,Digoxin,2724385,CHEBI:4551
980,Dihexyverine,21788,CHEBI:135367
981,Dihydralazine,10230,CHEBI:134841
982,"Dihydro-2-thioxo-5-((5-(2-(trifluoromethyl)phenyl)-2-furanyl)methyl)-4,6(1H,5H)-pyrimidinedione",3003157,
983,Dihydro-alpha-ergocryptine,114948,CHEBI:59919
984,Dihydrocodeine,5284543,CHEBI:135276
985,Dihydroergocornine,168871,CHEBI:59909
986,Dihydroergocristine,107715,CHEBI:59912
987,Dihydroergotamine,10531,CHEBI:4562
988,Dihydroetorphine,107765,
989,Dihydromorphine,5359421,CHEBI:4575
990,Dihydrostreptomycin,439369,CHEBI:38291
991,Dihydrotachysterol,5311071,CHEBI:4591
992,Diltiazem,39186,CHEBI:101278
993,Dimenhydrinate,10660,CHEBI:94848
994,Dimercaprol,3080,CHEBI:64198
995,Dimetacrine,94280,CHEBI:135233
996,Dimethyl fumarate,637568,CHEBI:76004
997,Dimethyl sulfoxide,679,CHEBI:28262
998,Dimethyltryptamine,6089,CHEBI:28969
999,Dimetindene,21855,CHEBI:135222
1000,Dimetotiazine,3089,CHEBI:135616
1001,Dinoprost,5280363,CHEBI:15553
1002,Dinoprostone,5280360,CHEBI:15551
1003,Diosmin,5281613,CHEBI:4631
1004,Diphemanil,6127,CHEBI:93636
1005,Diphenadione,6719,CHEBI:81896
1006,Diphenidol,3055,CHEBI:4638
1007,Diphenoxylate,13505,CHEBI:4639
1008,Diphenylpyraline,3103,CHEBI:59788
1009,Dipivefrin,3105,CHEBI:4646
1010,Diprenorphine,443408,CHEBI:4650
1011,Dipyridamole,3108,CHEBI:4653
1012,Dirithromycin,6473883,CHEBI:474014
1013,Diroximel fumarate,73330464,
1014,Disopyramide,3114,CHEBI:4657
1015,Distigmine,3116,CHEBI:80756
1016,Disulfiram,3117,CHEBI:4659
1017,Ditazole,29088,CHEBI:135383
1018,Ditiocarb,8987,CHEBI:144353
1019,Dixyrazine,17182,CHEBI:135695
1020,Dobutamine,36811,CHEBI:4670
1021,Docetaxel,148124,CHEBI:4672
1022,Doconexent,445580,CHEBI:28125
1023,Docusate,11339,CHEBI:534
1024,Dofetilide,71329,CHEBI:4681
1025,Dolasetron,3033818,CHEBI:94561
1026,Dolastatin 10,9810929,CHEBI:67357
1027,Dolutegravir,54726191,CHEBI:76010
1028,Domoic Acid,5282253,CHEBI:34727
1029,Dopamine,681,CHEBI:18243
1030,Dopexamine,55483,CHEBI:135507
1031,Doramectin,9832750,
1032,Doravirine,58460047,
1033,Dordaviprone,73777259,CHEBI:232328
1034,Doripenem,73303,CHEBI:135928
1035,Dorzolamide,5284549,CHEBI:4702
1036,Dosulepin,5284550,CHEBI:36803
1037,Dotarizine,55285,CHEBI:138033
1038,Dovitinib,135398510,CHEBI:91395
1039,Doxacurium,60169,
1040,Doxapram,3156,CHEBI:681848
1041,Doxazosin,3157,CHEBI:4708
1042,Doxefazepam,38668,CHEBI:82460
1043,Doxercalciferol,5281107,CHEBI:4712
1044,Doxifluridine,18343,CHEBI:31521
1045,Doxofylline,50942,CHEBI:94714
1046,Doxorubicin,31703,CHEBI:28748
1047,Doxycycline,54671203,CHEBI:50845
1048,Doxylamine,3162,CHEBI:51380
1049,Droloxifene,3033767,CHEBI:34731
1050,Dronabinol,16078,CHEBI:66964
1051,Dronedarone,208898,CHEBI:50659
1052,Droperidol,3168,CHEBI:4717
1053,Drospirenone,68873,CHEBI:50838
1054,Drostanolone propionate,224004,CHEBI:31523
1055,Drotebanol,5463863,CHEBI:31951
1056,Droxicam,65679,CHEBI:76133
1057,Droxidopa,92974,CHEBI:31524
1058,Duloxetine,60835,CHEBI:36795
1059,Durlobactam,89851852,CHEBI:229539
1060,Dutasteride,6918296,CHEBI:521033
1061,Dutogliptin,11253490,
1062,Duvelisib,50905713,CHEBI:131169
1063,Dyclonine,3180,CHEBI:4724
1064,Dydrogesterone,9051,CHEBI:31527
1065,Dyphylline,3182,CHEBI:4728
1066,Ebastine,3191,CHEBI:31528
1067,Ebselen,3194,CHEBI:77543
1068,Ecabet,65781,CHEBI:135593
1069,Ecgonine,91460,CHEBI:4743
1070,Echothiophate,10548,CHEBI:4753
1071,Ecopipam,107930,CHEBI:93645
1072,Edetate calcium disodium anhydrous,6093170,CHEBI:4757
1073,Edivoxetine,11186829,
1074,Edoxaban,10280735,CHEBI:85973
1075,Edrophonium,3202,CHEBI:251408
1076,Efaproxiral,122335,
1077,Efatutazone,9832447,
1078,Efavirenz,64139,CHEBI:119486
1079,Eflornithine,3009,CHEBI:41948
1080,Efonidipine,119171,CHEBI:146221
1081,Efrotomycin,135564847,
1082,Elacestrant,23642301,CHEBI:229213
1083,Elacridar,119373,
1084,Elafibranor,9864881,
1085,Elagolix,11250647,CHEBI:177453
1086,Elbasvir,71661251,CHEBI:132967
1087,Elcatonin,53395169,
1088,Eldecalcitol,6918141,CHEBI:73927
1089,Eletriptan,77993,CHEBI:50922
1090,Elexacaftor,134587348,CHEBI:234518
1091,Eliglustat,23652731,CHEBI:82752
1092,Ellagic acid,5281855,CHEBI:4775
1093,Elocalcitol,11396600,
1094,Elsamitrucin,5362259,CHEBI:222664
1095,Eltoprazine,65853,CHEBI:234413
1096,Eltrombopag,135449332,CHEBI:85010
1097,Eluxadoline,11250029,CHEBI:85980
1098,Elvitegravir,5277135,CHEBI:72289
1099,Emedastine,3219,CHEBI:4779
1100,Emepronium,34055,CHEBI:135169
1101,Emetine,10219,CHEBI:4781
1102,Emetonium iodide,80084,
1103,Emodin,3220,CHEBI:42223
1104,Emopamil,25202343,
1105,Empagliflozin,11949646,CHEBI:82720
1106,Emtricitabine,60877,CHEBI:31536
1107,Emylcamate,6526,CHEBI:134769
1108,Enalapril,5388962,CHEBI:4784
1109,Enalaprilat,5462501,CHEBI:4786
1110,Enasidenib,89683805,CHEBI:145374
1111,Encainide,48041,CHEBI:4788
1112,Encorafenib,50922675,
1113,Endralazine,47608,CHEBI:135105
1114,Enflurane,3226,CHEBI:4792
1115,Englitazone,6918151,
1116,Enibomal,18735,CHEBI:81294
1117,Enmetazobactam,23653540,
1118,Enoxacin,3229,CHEBI:157175
1119,Enoximone,53708,CHEBI:135010
1120,Enprostil,9978336,CHEBI:31538
1121,Enrofloxacin,71188,CHEBI:35720
1122,Ensartinib,56960363,
1123,Entacapone,5281081,CHEBI:4798
1124,Entecavir,135398508,CHEBI:473990
1125,Entinostat,4261,CHEBI:132082
1126,Entrectinib,25141092,CHEBI:195558
1127,Enviomycin,135565326,
1128,Enzalutamide,15951529,CHEBI:68534
1129,Epanolol,72014,CHEBI:4800
1130,Eperisone,3236,CHEBI:77070
1131,Ephedrine,9294,CHEBI:15407
1132,Epibatidine,854023,
1133,Epicillin,71392,CHEBI:58974
1134,Epicriptine,65667,CHEBI:135927
1135,Epimestrol,244809,CHEBI:34738
1136,Epinastine,3241,CHEBI:51032
1137,Epinephrine,5816,CHEBI:28918
1138,Epirizole,3242,CHEBI:31545
1139,Epitizide,15671,CHEBI:135688
1140,Eplerenone,443872,CHEBI:31547
1141,Eplivanserin,135456190,
1142,Epofolate,135566069,
1143,Epoprostenol,5282411,CHEBI:15552
1144,Epothilone D,447865,CHEBI:29579
1145,Eprinomectin,6450531,
1146,Eprosartan,5281037,CHEBI:4814
1147,Equilenin,444865,CHEBI:34739
1148,Equilin,223368,CHEBI:42309
1149,Equol,91469,CHEBI:34741
1150,Eravacycline,54726192,CHEBI:177804
1151,Erdafitinib,67462786,CHEBI:232556
1152,Ergocalciferol,5280793,CHEBI:28934
1153,Ergometrine,443884,CHEBI:4822
1154,Ergotamine,8223,CHEBI:64318
1155,Eribulin,11354606,CHEBI:63587
1156,Erlotinib,176870,CHEBI:114785
1157,Ertapenem,150610,CHEBI:404903
1158,Ertugliflozin,44814423,CHEBI:188719
1159,Erythrityl tetranitrate,5284553,CHEBI:60072
1160,Erythromycin,12560,CHEBI:42355
1161,Esculin,5281417,CHEBI:4853
1162,Esflurbiprofen,72099,CHEBI:42446
1163,Eslicarbazepine,9881504,CHEBI:174358
1164,Eslicarbazepine acetate,179344,CHEBI:87016
1165,Esmirtazapine,3085218,
1166,Esmolol,59768,CHEBI:88206
1167,Esomeprazole,9568614,CHEBI:50275
1168,Esreboxetine,65856,CHEBI:125535
1169,Estazolam,3261,CHEBI:4858
1170,Estetrol,27125,CHEBI:142773
1171,Estradiol,5757,CHEBI:16469
1172,Estradiol acetate,9818306,CHEBI:135981
1173,Estradiol benzoate,222757,CHEBI:77006
1174,Estradiol cypionate,9403,CHEBI:34745
1175,Estradiol dienanthate,165688,
1176,Estradiol valerate,13791,CHEBI:31561
1177,Estramustine,259331,CHEBI:4868
1178,Estramustine phosphate,259329,CHEBI:68643
1179,Estrone,5870,CHEBI:17263
1180,Estrone sulfate,3001028,CHEBI:17474
1181,Eszopiclone,969472,CHEBI:53760
1182,Etacrynic acid,3278,CHEBI:4876
1183,Etafedrine,94532,
1184,Etamiphylline,28329,CHEBI:135157
1185,Etanidazole,3276,CHEBI:75473
1186,Ethacizine,107841,CHEBI:134732
1187,Ethadione,10630,CHEBI:81296
1188,Ethambutol,14052,CHEBI:4877
1189,Ethanol,702,CHEBI:16236
1190,Ethchlorvynol,5281077,CHEBI:4882
1191,Ethenzamide,3282,CHEBI:31564
1192,Ethinylestradiol,5991,CHEBI:4903
1193,Ethionamide,2761171,CHEBI:4885
1194,Ethosuximide,3291,CHEBI:4887
1195,Ethotoin,3292,CHEBI:4888
1196,Ethoxzolamide,3295,CHEBI:101096
1197,Ethyl biscoumacetate,54685524,CHEBI:135659
1198,Ethyl chloride,6337,CHEBI:47554
1199,Ethyl loflazepate,3299,CHEBI:31573
1200,Ethylmorphine,5359271,CHEBI:4902
1201,Ethynodiol diacetate,9270,CHEBI:31580
1202,Eticlopride,57267,CHEBI:92874
1203,Etidocaine,37497,CHEBI:4904
1204,Etidronic acid,3305,CHEBI:4907
1205,Etifoxine,135413553,CHEBI:135272
1206,Etilefrine,3306,CHEBI:91518
1207,Etilevodopa,170345,CHEBI:135971
1208,Etiracetam,59708,CHEBI:176724
1209,Etizolam,3307,CHEBI:31583
1210,Etofenamate,35375,CHEBI:94731
1211,Etofibrate,65777,CHEBI:135535
1212,Etoglucid,16058,CHEBI:82542
1213,Etomidate,667484,CHEBI:4910
1214,Etonogestrel,6917715,CHEBI:50777
1215,Etoperidone,40589,CHEBI:135589
1216,Etoposide,36462,CHEBI:4911
1217,Etoricoxib,123619,CHEBI:6339
1218,Etorphine,644209,CHEBI:4912
1219,Etrasimod,44623998,CHEBI:229230
1220,Etravirine,193962,CHEBI:63589
1221,Etretinate,5282375,CHEBI:4913
1222,Etybenzatropine,20055089,CHEBI:135972
1223,Etynodiol,14687,CHEBI:50785
1224,Everolimus,6442177,CHEBI:68478
1225,Evogliptin,25022354,
1226,Exatecan,151115,CHEBI:135709
1227,Exemestane,60198,CHEBI:4953
1228,Exisulind,5472495,CHEBI:64212
1229,Ezetimibe,150311,CHEBI:49040
1230,Ezogabine,121892,CHEBI:68584
1231,Fabomotizole,9862937,CHEBI:135309
1232,Fallypride,10021692,
1233,Famotidine,5702160,
1234,Famphur,5859,CHEBI:38677
1235,Farnesyl diphosphate,445713,CHEBI:17407
1236,Farnesyl thiopyrophosphate,657041,
1237,Fasitibant,11498853,
1238,Fasudil,3547,CHEBI:43871
1239,Favipiravir,492405,CHEBI:134722
1240,Fazadinium bromide,6321422,
1241,Febarbamate,25803,CHEBI:135655
1242,Febuxostat,134018,CHEBI:31596
1243,Fedratinib,16722836,CHEBI:91408
1244,Felbamate,3331,CHEBI:4995
1245,Felbinac,3332,CHEBI:31597
1246,Felcisetrag,11961293,
1247,Felodipine,3333,CHEBI:585948
1248,Fenbufen,3335,CHEBI:31599
1249,Fencamfamin,14584,CHEBI:134895
1250,Fendiline,3336,CHEBI:94434
1251,Fenethylline,19527,CHEBI:135451
1252,Fenofibrate,3339,CHEBI:5001
1253,Fenofibric acid,64929,CHEBI:83469
1254,Fenoldopam,3341,CHEBI:5002
1255,Fenoprofen,3342,CHEBI:5004
1256,Fenoterol,3343,CHEBI:149226
1257,Fenozolone,135436543,CHEBI:134865
1258,Fenpiverinium,71490,CHEBI:94773
1259,Fenproporex,61810,CHEBI:134837
1260,Fenprostalene,72734332,
1261,Fenquizone,68548,CHEBI:135435
1262,Fenretinide,5288209,CHEBI:42588
1263,Fentanyl,3345,CHEBI:119915
1264,Fenthion,3346,CHEBI:34761
1265,Fentiazac,28871,CHEBI:94523
1266,Fenyramidol,9470,CHEBI:134888
1267,Feprazone,35455,CHEBI:31603
1268,Ferric cation,29936,CHEBI:29034
1269,Ferric maltol,169535,
1270,Ferric oxide,518696,CHEBI:50819
1271,Ferric pyrophosphate,24877,CHEBI:132767
1272,Ferrous cation,27284,CHEBI:29033
1273,Ferrous fumarate,6433164,CHEBI:31607
1274,Ferrous succinate,10464762,
1275,Ferulic acid,445858,CHEBI:193350
1276,Fesoterodine,6918558,CHEBI:135920
1277,Fexinidazole,68792,
1278,Fexofenadine,3348,CHEBI:5050
1279,Fezolinetant,117604931,CHEBI:229236
1280,Fiacitabine,50312,
1281,Fidaxomicin,10034073,
1282,Filanesib,44224257,
1283,Filgotinib,49831257,
1284,Fimasartan,9870652,CHEBI:136044
1285,Fimepinostat,54575456,
1286,Finafloxacin,11567473,CHEBI:85176
1287,Finasteride,57363,CHEBI:5062
1288,Finerenone,60150535,
1289,Fingolimod,107970,CHEBI:63115
1290,Firocoxib,208910,CHEBI:76136
1291,Flavoxate,3354,CHEBI:5088
1292,Flecainide,3356,CHEBI:75984
1293,Fleroxacin,3357,CHEBI:31810
1294,Flibanserin,6918248,CHEBI:90865
1295,Floctafenine,3360,CHEBI:31612
1296,Flomoxef,65864,CHEBI:135813
1297,Florbetaben F-18,11501341,CHEBI:79033
1298,Florbetapir F-18,24822371,CHEBI:66880
1299,Florfenicol,114811,CHEBI:87185
1300,Floxuridine,5790,CHEBI:60761
1301,Fluanisone,15139,CHEBI:177744
1302,Fluasterone,133967,
1303,Fluclorolone,76962649,CHEBI:135986
1304,Flucloxacillin,21319,CHEBI:5098
1305,Fluconazole,3365,CHEBI:46081
1306,Flucytosine,3366,CHEBI:5100
1307,Fludeoxyglucose,170049,CHEBI:49135
1308,Fludiazepam,3369,CHEBI:31618
1309,Fludrocortisone,31378,CHEBI:50885
1310,Fluindione,68942,CHEBI:134975
1311,Flumatinib,46848036,CHEBI:233593
1312,Flumazenil,3373,CHEBI:5103
1313,Flumequine,3374,CHEBI:85269
1314,Flunarizine,941361,CHEBI:135652
1315,Flunisolide,82153,CHEBI:5106
1316,Flunitrazepam,3380,CHEBI:31622
1317,Flunixin,38081,CHEBI:76138
1318,Flunoxaprofen,68869,CHEBI:76154
1319,Fluocinolone acetonide,6215,CHEBI:31623
1320,Fluocinonide,9642,CHEBI:5109
1321,Fluocortin,22875828,CHEBI:182409
1322,Fluocortolone,9053,CHEBI:135581
1323,Fluocortolone caproate,20054915,CHEBI:177866
1324,Fluocortolone pivalate,119871,CHEBI:177427
1325,Fluorescein,16850,CHEBI:31624
1326,Fluoroestradiol F-18,10869981,
1327,Fluorometholone,9878,CHEBI:31625
1328,Fluorouracil,3385,CHEBI:46345
1329,Fluoxymesterone,6446,CHEBI:5120
1330,Flupentixol,5281881,CHEBI:10454
1331,Fluperolone,56841872,
1332,Fluphenazine,3372,CHEBI:5123
1333,Flupirtine,53276,CHEBI:94646
1334,Fluprednidene,11794741,CHEBI:135989
1335,Fluprednidene acetate,9980241,CHEBI:135700
1336,Fluprednisolone,5876,CHEBI:34474
1337,Fluprostenol,5311100,CHEBI:60782
1338,Flurandrenolide,15209,CHEBI:5127
1339,Flurazepam,3393,CHEBI:5128
1340,Flurbiprofen axetil,3395,CHEBI:31627
1341,Flurithromycin,71260,CHEBI:131719
1342,Fluspirilene,3396,CHEBI:93369
1343,Flutamide,3397,CHEBI:5132
1344,Fluticasone,5311101,CHEBI:5134
1345,Fluticasone furoate,9854489,CHEBI:74899
1346,Fluticasone propionate,444036,CHEBI:31441
1347,Fluvastatin,1548972,CHEBI:38561
1348,Fluvoxamine,5324346,CHEBI:5138
1349,Folic acid,135398658,CHEBI:27470
1350,Fomepizole,3406,CHEBI:5141
1351,Fondaparinux,5282448,CHEBI:61033
1352,Forasartan,132706,CHEBI:141552
1353,Foretinib,42642645,CHEBI:91418
1354,Formebolone,17150,CHEBI:135456
1355,Formestane,11273,CHEBI:75172
1356,Formic acid,284,CHEBI:30751
1357,Formocortal,289085,CHEBI:135834
1358,Formononetin,5280378,CHEBI:18088
1359,Fosamprenavir,131536,CHEBI:82941
1360,Fosaprepitant,135413538,CHEBI:64321
1361,Fosbretabulin,5351387,
1362,Foscarnet,3415,CHEBI:127780
1363,Fosfomycin,446987,CHEBI:28915
1364,Fosgemcitabine palabenamide,134812042,
1365,Fosinopril,9601226,
1366,Fosinoprilat,62956,CHEBI:116962
1367,Foslevodopa,127766,CHEBI:192509
1368,Fosmidomycin,572,CHEBI:443725
1369,Fosnetupitant,71544786,
1370,Fosphenytoin,56339,CHEBI:5165
1371,Fospropofol,3038498,CHEBI:135193
1372,Fostamatinib,11671467,
1373,Fostemsavir,11319217,
1374,Fotemustine,104799,CHEBI:131852
1375,Framycetin,8378,CHEBI:7508
1376,Frovatriptan,77992,CHEBI:134991
1377,Fruquintinib,44480399,CHEBI:229221
1378,Fulvestrant,104741,CHEBI:31638
1379,Fumagillin,6917655,CHEBI:48635
1380,Furafylline,3433,CHEBI:165840
1381,Furazolidone,5323714,CHEBI:5195
1382,Furosemide,3440,CHEBI:47426
1383,Fusafungine,3084092,
1384,Fusidic acid,3000226,CHEBI:29013
1385,Futibatinib,71621331,
1386,GE-2270A,16186054,
1387,GLPG-0492,59317190,
1388,GPI-1485,9837656,
1389,GSK-1004723,17747460,
1390,GSK-239512,9976892,
1391,GSK-256066,9827968,CHEBI:231666
1392,GSK-2636771,56949517,
1393,GTS-21,5310985,CHEBI:188219
1394,GW842166,10253143,CHEBI:191043
1395,Gabapentin,3446,CHEBI:42797
1396,Gabapentin enacarbil,9883933,CHEBI:68840
1397,Gabexate,3447,CHEBI:93036
1398,Gaboxadol,3448,CHEBI:34373
1399,Gadobenic acid,18177388,
1400,Gadodiamide,153921,
1401,Gadofosveset trisodium,73049652,
1402,Gadopentetic acid,6857474,CHEBI:35778
1403,Gadoteric acid,158536,
1404,Gadoteridol,60714,
1405,Gadoxetic acid,25203894,
1406,Galantamine,9651,CHEBI:42944
1407,Gallamine,67425,CHEBI:503442
1408,Gallamine triethiodide,6172,
1409,Gallopamil,1234,CHEBI:34772
1410,Gamithromycin,59364992,CHEBI:195437
1411,Gamolenic acid,5280933,CHEBI:28661
1412,Ganaxolone,6918305,CHEBI:177658
1413,Ganciclovir,135398740,CHEBI:465284
1414,Gantacurium,10102486,
1415,Garenoxacin,124093,CHEBI:131716
1416,Gatifloxacin,5379,CHEBI:5280
1417,Gavestinel,6450546,CHEBI:92867
1418,Gedocarnil,219095,CHEBI:177565
1419,Gefapixant,24764487,
1420,Gefitinib,123631,CHEBI:49668
1421,Geldanamycin,5288382,CHEBI:5292
1422,Gemcitabine,60750,CHEBI:175901
1423,Gemfibrozil,3463,CHEBI:5296
1424,Gemifloxacin,9571107,CHEBI:101853
1425,Gemigliptin,11953153,CHEBI:134731
1426,Geneticin,123865,
1427,Genistein,5280961,CHEBI:28088
1428,Gentamicin,3467,
1429,Gentamicin C1a,72396,CHEBI:27784
1430,Gepefrine,219105,
1431,Gepirone,55191,CHEBI:135990
1432,Geranyl Diphosphate,445995,CHEBI:17211
1433,Geranylgeranyl diphosphate,447277,CHEBI:48861
1434,Gestodene,3033968,CHEBI:135323
1435,Gestonorone,102210,CHEBI:135991
1436,Gestrinone,27812,CHEBI:89642
1437,Gilteritinib,49803313,CHEBI:145372
1438,Gimatecan,9577124,
1439,Gimeracil,54679224,CHEBI:31652
1440,Ginsenoside Rb1,9898279,CHEBI:67989
1441,Gitoformate,20055283,
1442,Givinostat,9804992,CHEBI:94187
1443,Glasdegib,25166913,CHEBI:145428
1444,Glecaprevir,66828839,
1446,Glibornuride,12818200,CHEBI:135545
1447,Gliclazide,3475,CHEBI:31654
1448,Glimepiride,3476,CHEBI:5383
1449,Glipizide,3478,CHEBI:5384
1450,Gliquidone,91610,CHEBI:93416
1451,Glisoxepide,32778,CHEBI:135731
1452,Glutaric Acid,743,CHEBI:17859
1453,Glutethimide,3487,CHEBI:5439
1454,Glyburide,3488,CHEBI:5441
1455,Glycerin,753,CHEBI:17754
1456,Glycerol phenylbutyrate,10482134,CHEBI:134745
1457,Glycochenodeoxycholic Acid,12544,CHEBI:36274
1458,Glycol salicylate,6880,CHEBI:86541
1459,Glycopyrronium,3494,CHEBI:94449
1460,Glycyrrhizic acid,14982,CHEBI:15939
1461,Glymidine,9565,CHEBI:146188
1462,Goserelin,5311128,CHEBI:5523
1463,Gosogliptin,11516136,CHEBI:177858
1464,Gramicidin D,45267103,
1465,Granisetron,5284566,CHEBI:5537
1466,Grapiprant,11677589,
1467,Grazoprevir,44603531,CHEBI:132975
1468,Grepafloxacin,72474,CHEBI:5543
1469,Griseofulvin,441140,CHEBI:27779
1470,Guacetisal,68749,CHEBI:135185
1471,Guadecitabine,135564655,CHEBI:231603
1472,Guanabenz,5702063,CHEBI:5553
1473,Guanadrel,38521,CHEBI:5555
1474,Guanazodine,36054,CHEBI:134828
1475,Guanethidine,3518,CHEBI:5557
1476,Guanfacine,3519,CHEBI:5558
1477,Guanidine,3520,CHEBI:42820
1478,Guanine,135398634,CHEBI:16235
1479,Guanoclor,71835,CHEBI:135992
1480,Guanoxabenz,9567831,CHEBI:135006
1481,Guanoxan,16564,CHEBI:134871
1482,HE3286,16739648,
1483,Hadacidin,12717,CHEBI:43040
1484,Halazepam,31640,CHEBI:5603
1485,Halcinonide,443943,CHEBI:31663
1486,Halofantrine,37393,CHEBI:94392
1487,Halofuginone,456390,
1488,Halometasone,9846332,CHEBI:135724
1489,Haloperidol,3559,CHEBI:5613
1490,Halothane,3562,CHEBI:5615
1491,Haloxon,9454,
1492,Harmaline,3564,CHEBI:28172
1493,Heptabarbital,10518,CHEBI:81297
1494,Hesperetin,72281,CHEBI:28230
1495,Hetacillin,443387,CHEBI:5683
1496,Hexafluronium,3601,CHEBI:135804
1497,Hexamethonium,3604,CHEBI:5700
1498,Hexaminolevulinate,6433083,CHEBI:134892
1499,Hexapropymate,9661,CHEBI:134823
1500,Hexestrol,192197,
1501,Hexobarbital,3608,CHEBI:5706
1502,Hexocyclium,24199,CHEBI:5707
1503,Hexoprenaline,3609,
1504,Higenamine,114840,CHEBI:18418
1505,Histamine,774,CHEBI:18295
1506,Histapyrrodine,68122,CHEBI:135164
1507,Histrelin,25077993,CHEBI:5739
1508,Homatropine,5282593,CHEBI:5747
1509,Homatropine methylbromide,6646,CHEBI:50373
1510,Huperzine A,854026,CHEBI:78330
1511,Hydracarbazine,71653,CHEBI:136055
1512,Hydralazine,3637,CHEBI:5775
1513,Hydrochlorothiazide,3639,CHEBI:5778
1514,Hydrocodone,5284569,CHEBI:5779
1515,Hydrocortamate,84088,CHEBI:50851
1516,Hydrocortisone,5754,CHEBI:17650
1517,Hydrocortisone aceponate,68921,CHEBI:135746
1518,Hydrocortisone acetate,5744,CHEBI:17609
1519,Hydrocortisone butyrate,26133,CHEBI:31674
1520,Hydrocortisone cypionate,223253,CHEBI:5783
1521,Hydrocortisone phosphate,441407,CHEBI:68634
1522,Hydrocortisone probutate,636398,CHEBI:31675
1523,Hydrocortisone succinate,16623,CHEBI:31677
1524,Hydrocortisone valerate,5282494,CHEBI:50865
1525,Hydroflumethiazide,3647,CHEBI:5784
1526,Hydrogen iodide,24841,CHEBI:24859
1527,Hydrogen peroxide,784,CHEBI:25940
1529,Hydromorphone,5284570,CHEBI:5790
1530,Hydroquinidine,91503,
1531,Hydroxocobalamin,44475014,
1532,Hydroxyamphetamine,3651,CHEBI:103855
1533,Hydroxychloroquine,3652,CHEBI:5801
1534,Hydroxyfasudil,3064778,
1535,Hydroxyprogesterone,6238,CHEBI:17252
1536,Hydroxyprogesterone caproate,169870,CHEBI:5812
1537,Hydroxytyrosol,82755,CHEBI:68889
1538,Hydroxyurea,3657,CHEBI:44423
1539,Hydroxyzine,3658,CHEBI:5818
1540,Hygromycin B,56928061,
1541,Hymecromone,5280567,CHEBI:17224
1542,Hyodeoxycholic Acid,5283820,CHEBI:52023
1543,Hyperforin,441298,CHEBI:5834
1544,Hypericin,3663,CHEBI:5835
1545,Hypoxanthine,135398638,CHEBI:17368
1546,Ibandronate,60852,
1547,Ibipinabant,9826744,
1548,Ibopamine,68555,CHEBI:135306
1549,Ibrexafungerp,46871657,
1550,Ibrutinib,24821094,CHEBI:76612
1551,Ibudilast,3671,CHEBI:31684
1552,Ibuproxam,68704,CHEBI:76160
1553,Ibutilide,60753,CHEBI:5856
1554,Icosapent,446284,CHEBI:28364
1555,Icosapent ethyl,9831415,CHEBI:84883
1556,Icotinib,22024915,
1557,Idalopirdine,21071390,
1558,Idarubicin,42890,CHEBI:42068
1559,Idazoxan,54459,CHEBI:5862
1560,Idebenone,3686,CHEBI:31687
1561,Idelalisib,11625818,CHEBI:82701
1562,Idraparinux,3083445,
1563,Ifenprodil,3689,CHEBI:93829
1564,Iferanserin,6445539,
1565,Ifetroban,3037233,CHEBI:188730
1566,Ifosfamide,3690,CHEBI:5864
1567,Ilaprazole,214351,CHEBI:135544
1568,Iloperidone,71360,CHEBI:65173
1569,Iloprost,5311181,CHEBI:63916
1570,Ilorasertib,46207586,
1571,Imagabalin,10236037,
1572,Imatinib,5291,CHEBI:45783
1573,Imetelstat,72941969,
1574,Imidafenacin,6433090,CHEBI:134720
1575,Imidapril,5464343,CHEBI:135654
1576,Imidazole salicylate,37425,
1577,Imipenem,104838,CHEBI:471744
1578,Imipramine,3696,CHEBI:47499
1579,Imipramine oxide,65589,CHEBI:135256
1580,Imiquimod,57469,CHEBI:36704
1581,Incadronic acid,3699,CHEBI:135189
1582,Indacaterol,6918554,CHEBI:68575
1583,Indalpine,44668,CHEBI:134939
1584,Indenolol,71955,
1585,Indigotindisulfonic acid,3705,CHEBI:90117
1586,Indinavir,5362440,CHEBI:44032
1587,Indiplon,6450813,CHEBI:188583
1588,Indirubin,10177,
1589,Indisulam,216468,CHEBI:145431
1590,Indium In-111 oxyquinoline,119117,
1591,Indobufen,107641,CHEBI:135239
1592,Indocyanine green,5282412,CHEBI:31696
1593,Indole-3-carbinol,3712,CHEBI:24814
1594,Indomethacin,3715,CHEBI:49662
1595,Indoprofen,3718,CHEBI:76162
1596,Indoramin,33625,CHEBI:135470
1597,Inecalcitol,6915835,
1598,Infigratinib,53235510,CHEBI:63451
1599,Inosine,135398641,CHEBI:17596
1600,Iobenguane,60860,CHEBI:92769
1601,Iodixanol,3724,CHEBI:31705
1602,Iofetamine I-123,156375,CHEBI:31708
1603,Ioflupane F-18,11626128,
1604,Iohexol,3730,CHEBI:31709
1605,Iopromide,3736,CHEBI:63578
1606,Iothalamic acid,3737,CHEBI:31713
1607,Ioversol,3741,CHEBI:31717
1608,Ioxilan,3743,CHEBI:135884
1609,Ipidacrine,604519,CHEBI:125612
1610,Ipragliflozin,10453870,CHEBI:134724
1611,Ipratropium,657309,CHEBI:5956
1612,Iprazochrome,65594,CHEBI:135088
1613,Iprindole,21722,CHEBI:135177
1614,Iproclozide,19063,CHEBI:134988
1615,Iproniazid,3748,CHEBI:5958
1616,Iptacopan,90467622,CHEBI:229652
1617,Irbesartan,3749,CHEBI:5959
1618,Irinotecan,60838,CHEBI:80630
1619,Irofulven,148189,CHEBI:135002
1620,Iron,23925,CHEBI:18248
1623,Isavuconazole,6918485,CHEBI:85979
1624,Isavuconazonium,6918606,CHEBI:85978
1625,Isepamicin,3037209,
1626,Isobromindione,68953,CHEBI:135275
1627,Isocarboxazid,3759,CHEBI:93635
1628,Isoetharine,3762,CHEBI:6005
1629,Isoflavone,72304,CHEBI:18220
1630,Isoflurane,3763,CHEBI:6015
1631,Isoflurophate,5936,CHEBI:17941
1632,Isoniazid,3767,CHEBI:6030
1633,Isoprenaline,3779,CHEBI:64317
1634,Isopropamide,3775,CHEBI:6043
1635,Isosorbide,12597,CHEBI:6060
1636,Isosorbide dinitrate,6883,CHEBI:6061
1637,Isosorbide mononitrate,27661,CHEBI:6062
1638,Isosulfan blue,50108,
1639,Isothipendyl,3781,CHEBI:135183
1640,Isoxicam,54677972,CHEBI:76163
1641,Isoxsuprine,11779629,
1642,Isradipine,3784,CHEBI:6073
1643,Istradefylline,5311037,CHEBI:134726
1644,Itraconazole,55283,CHEBI:6076
1645,Ivabradine,132999,CHEBI:85966
1647,Ivosidenib,71657455,CHEBI:145430
1648,Ixabepilone,6445540,CHEBI:63605
1649,Ixazomib,25183872,CHEBI:90942
1650,JNJ-26489112,11616111,
1651,Josamycin,5282165,CHEBI:31739
1652,KOS-1584,6918835,
1653,KRN-5500,6440176,
1654,KRN-7000,2826713,CHEBI:466659
1655,Kanamycin,6032,CHEBI:17630
1657,Kebuzone,3824,CHEBI:31749
1658,Ketanserin,3822,CHEBI:6123
1659,Ketazolam,33746,CHEBI:135556
1660,Ketobemidone,10101,CHEBI:6125
1661,Ketoconazole,47576,CHEBI:47518
1662,Ketorolac,3826,CHEBI:6129
1663,Ketotifen,3827,CHEBI:92511
1665,L-deprenyl-D2 C-11,90274764,
1666,LCL-161,24737642,CHEBI:193137
1667,Labetalol,3869,CHEBI:6343
1668,Lacidipine,5311217,CHEBI:135737
1669,Lacosamide,219078,CHEBI:135939
1670,Lactitol,157355,CHEBI:75323
1671,Lactulose,11333,CHEBI:6359
1672,Lafutidine,5282136,CHEBI:31759
1673,Lamivudine,60825,CHEBI:63577
1674,Lamotrigine,3878,CHEBI:6367
1675,Lanatoside C,656630,
1676,Landiolol,114905,CHEBI:135809
1677,Lanicemine,9794203,
1678,Laniquidar,6450806,
1679,Lanopepden,52918384,
1680,Lanreotide,6918011,
1681,Lanthanum III cation,104897,CHEBI:49701
1682,Lapatinib,208908,CHEBI:49603
1683,Laquinimod,54677946,CHEBI:134738
1684,Larotrectinib,46188928,
1685,Lasmiditan,11610526,
1686,Latanoprost,5311221,CHEBI:6384
1687,Latanoprostene bunod,11156438,CHEBI:177703
1688,Lavoltidine,55473,CHEBI:6550
1689,Lazertinib,121269225,
1690,Ledipasvir,67505836,CHEBI:85089
1691,Lefamulin,58076382,
1692,Leflunomide,3899,CHEBI:6402
1693,Lemborexant,56944144,
1694,Lenabasum,3083542,
1695,Lenacapavir,133082658,CHEBI:234519
1696,Lenalidomide,216326,CHEBI:63791
1697,Leniolisib,57495353,CHEBI:229649
1698,Lenvatinib,9823820,CHEBI:85994
1699,Lercanidipine,65866,CHEBI:135930
1700,Lesinurad,53465279,CHEBI:90929
1701,Lestaurtinib,126565,CHEBI:91471
1702,Letaxaban,11641515,
1703,Letermovir,45138674,
1704,Letrozole,3902,CHEBI:6413
1705,Levallorphan,5359371,CHEBI:6431
1706,Levmetamfetamine,36604,CHEBI:136013
1707,Levobunolol,39468,CHEBI:6438
1708,Levocabastine,54385,CHEBI:135679
1709,Levodopa,6047,CHEBI:15765
1710,Levomenol,442343,CHEBI:125
1711,Levomilnacipran,6917779,CHEBI:136040
1712,Levonordefrin,164739,CHEBI:141146
1713,Levonorgestrel,13109,CHEBI:6443
1714,Levosimendan,3033825,CHEBI:50567
1715,Levosulpiride,688272,CHEBI:64119
1716,Levovirin,460516,
1717,Lexacalcitol,5288670,
1718,Liarozole,60652,CHEBI:135316
1719,Licofelone,133021,CHEBI:47532
1720,Lidocaine,3676,CHEBI:6456
1721,Lidoflazine,3926,CHEBI:93095
1722,Limaprost,6438378,CHEBI:135594
1723,Linaclotide,16158208,CHEBI:68551
1724,Linagliptin,10096344,CHEBI:68610
1725,Lincomycin,3000540,CHEBI:6472
1726,Linezolid,441401,CHEBI:63607
1727,Linsidomine,5219,CHEBI:136004
1728,Linzagolix,16656889,
1729,Liothyronine,5920,CHEBI:18258
1730,Lipoic acid,6112,CHEBI:30314
1731,Lisdexamfetamine,11597698,CHEBI:135925
1732,Lisinopril,5362119,CHEBI:43755
1733,Lisofylline,501254,CHEBI:143527
1734,Lisuride,28864,CHEBI:51164
1735,Lithium cation,28486,CHEBI:49713
1736,Lobeglitazone,9826451,CHEBI:136052
1737,Lobeline,101616,CHEBI:48723
1738,Lobucavir,135413519,
1739,Lofentanil,65499,
1740,Lofepramine,3947,CHEBI:47782
1741,Lofexidine,30668,CHEBI:51368
1742,Lomefloxacin,3948,CHEBI:116278
1743,Lomerizine,3949,CHEBI:94682
1744,Lometrexol,135413518,
1745,Lomifylline,65599,CHEBI:94702
1746,Lomitapide,9853053,CHEBI:72297
1747,Lomustine,3950,CHEBI:6520
1748,Lonafarnib,148195,CHEBI:47097
1749,Lonazolac,68706,CHEBI:76164
1750,Lonidamine,39562,CHEBI:50138
1751,Loperamide,3955,CHEBI:6532
1752,Lopinavir,92727,CHEBI:31781
1753,Loprazolam,3033860,CHEBI:135754
1754,Lorajmine,76957773,CHEBI:135646
1755,Loratadine,3957,CHEBI:6538
1756,Lorazepam,3958,CHEBI:6539
1757,Lorcainide,42884,CHEBI:135568
1758,Lorcaserin,11658860,CHEBI:65353
1759,Lorlatinib,71731823,CHEBI:143117
1760,Lormetazepam,13314,CHEBI:52993
1761,Lornoxicam,54690031,CHEBI:31783
1762,Lorpiprazole,3045380,
1763,Lortalamine,70695665,
1764,Losartan,3961,CHEBI:6541
1765,Loteprednol,9865442,CHEBI:50848
1766,Lovastatin,53232,CHEBI:40303
1767,Loxapine,3964,CHEBI:50841
1768,Loxoprofen,3965,CHEBI:76172
1769,Lubiprostone,157920,
1770,Luliconazole,3003141,CHEBI:34825
1771,Lumacaftor,16678941,CHEBI:90951
1772,Lumateperone,21302490,
1773,Lumefantrine,6437380,CHEBI:156095
1774,Lumiracoxib,151166,CHEBI:73044
1775,Luprostiol,6441712,
1776,Lurasidone,213046,CHEBI:70735
1777,Lurbinectedin,57327016,
1778,Lurtotecan,60956,
1779,Luseogliflozin,11988953,CHEBI:134725
1780,Lusutrombopag,49843517,CHEBI:136051
1781,Lymecycline,54707177,CHEBI:59040
1782,Lynestrenol,5857,CHEBI:31790
1783,Lypressin,644076,CHEBI:94802
1784,Lysergic acid diethylamide,5761,CHEBI:6605
1785,MK-212,107992,CHEBI:92360
1786,MLN576,9886593,
1787,MMDA,26175,
1788,MRK-409,22609888,
1789,Macimorelin,9804938,
1790,Macitentan,16004692,CHEBI:76607
1791,Maduramicin,68595,CHEBI:189929
1792,Mafosfamide,76968809,
1793,Magnesium,5462224,CHEBI:25107
1794,Magnesium cation,888,CHEBI:18420
1795,Magnesium orotate,3036905,
1796,Magnesium silicate,72941442,
1797,Magnesium trisilicate,5311266,
1798,Malacidin B,132282519,CHEBI:140174
1799,Malathion,4004,CHEBI:141474
1800,Maltotetraose,123966,CHEBI:28460
1801,Mangafodipir,76967443,
1802,Manidipine,4008,CHEBI:135849
1803,Mannitol busulfan,142775,
1804,Mannosulfan,20055482,CHEBI:136005
1805,Maprotiline,4011,CHEBI:6690
1806,Maraviroc,3002977,CHEBI:63608
1807,Marbofloxacin,60651,CHEBI:94723
1808,Maribavir,471161,
1809,Masoprocol,71398,CHEBI:73468
1810,Mavacamten,117761397,
1811,Mavorixafor,11256587,CHEBI:138865
1812,Maxacalcitol,6398761,CHEBI:31801
1813,Mazaticol,68667,
1814,Mazindol,4020,CHEBI:6702
1815,Mebanazine,6179,CHEBI:134728
1816,Mebeverine,4031,CHEBI:91514
1817,Mebhydrolin,22530,CHEBI:135144
1818,Mebicar,122282,CHEBI:136038
1819,Mebrofenin,54158,CHEBI:135608
1820,Mebutamate,6151,CHEBI:31804
1821,Mebutizide,71652,CHEBI:135597
1822,Mechlorethamine,4033,CHEBI:28925
1823,Meclizine,4034,CHEBI:6709
1824,Meclocycline,54676539,CHEBI:135772
1825,Meclofenamic acid,4037,CHEBI:6710
1826,Medazepam,4041,CHEBI:31807
1827,Medifoxamine,36109,CHEBI:135061
1828,Medrogestone,9949848,CHEBI:135446
1829,Medroxyprogesterone acetate,6279,CHEBI:6716
1830,Medrysone,247839,CHEBI:34829
1831,Mefenamic acid,4044,CHEBI:6717
1832,Mefenorex,21777,CHEBI:134883
1833,Mefruside,4047,CHEBI:31809
1834,Megestrol acetate,11683,CHEBI:6723
1835,Melagatran,183797,CHEBI:43966
1836,Melatonin,896,CHEBI:16796
1837,Melengestrol,9906614,
1838,Melengestrol acetate,250948,CHEBI:34831
1839,Melevodopa,23497,CHEBI:134880
1840,Melitracen,25382,CHEBI:135214
1841,Meloxicam,54677470,CHEBI:6741
1842,Melperone,15387,CHEBI:93626
1843,Melphalan,460612,CHEBI:28876
1844,Memantine,4054,CHEBI:64312
1845,Menadione,4055,CHEBI:28869
1846,Menthyl salicylate,20055232,CHEBI:135976
1847,Mepenzolate,4057,CHEBI:94411
1848,Meperidine,4058,CHEBI:6754
1849,Mephedrone,45266826,CHEBI:59331
1850,Mephenesin,4059,CHEBI:94398
1851,Mephenoxalone,6257,CHEBI:134916
1852,Mephentermine,3677,CHEBI:6755
1853,Mephenytoin,4060,CHEBI:6757
1854,Mepindolol,71698,CHEBI:135082
1855,Mepivacaine,4062,CHEBI:6759
1856,Meprednisone,5284587,CHEBI:135573
1857,Meprobamate,4064,CHEBI:6761
1858,Meptazinol,41049,CHEBI:91484
1859,Mepyramine,4992,CHEBI:6762
1860,Mequitazine,4066,CHEBI:31821
1861,Mercaptopurine,667490,CHEBI:2208
1862,Merestinib,44603533,
1863,Meropenem,441130,CHEBI:43968
1864,Mersalyl,9806195,
1865,Mesalazine,4075,CHEBI:6775
1866,Mesoridazine,4078,CHEBI:6780
1867,Mesterolone,15020,CHEBI:135293
1868,Mestranol,6291,CHEBI:6784
1869,Metabutethamine,11115,CHEBI:81295
1870,Metacycline,54675785,CHEBI:6805
1871,Metadoxine,115198,
1872,Metahexamide,11259,CHEBI:135328
1873,Metamizole,3111,CHEBI:62088
1874,Metampicillin,6713928,CHEBI:52060
1875,Metaraminol,5906,CHEBI:6794
1876,Metaxalone,15459,CHEBI:6797
1877,Metenolone,3037705,CHEBI:135283
1878,Metergoline,28693,CHEBI:64216
1879,Metformin,4091,CHEBI:6801
1880,Methacholine,1993,CHEBI:6804
1881,Methallenestril,10599,CHEBI:6808
1882,Methanesulfonyl Fluoride,11207,
1883,Methantheline,4097,CHEBI:6817
1884,Methapyrilene,4098,CHEBI:6820
1885,Methaqualone,6292,CHEBI:6821
1886,Metharbital,4099,CHEBI:31827
1887,Methazolamide,4100,CHEBI:6822
1888,Methdilazine,14677,CHEBI:6823
1889,Methenamine,4101,CHEBI:6824
1890,Methimazole,1349907,CHEBI:50673
1891,Methocarbamol,4107,CHEBI:77498
1892,Methohexital,9034,CHEBI:102216
1893,Methoserpidine,71798,CHEBI:135848
1894,Methotrexate,126941,CHEBI:44185
1895,Methotrimeprazine,72287,CHEBI:6838
1896,Methoxamine,6082,CHEBI:6839
1897,Methoxsalen,4114,CHEBI:18358
1898,Methoxyflurane,4116,CHEBI:6843
1899,Methoxyphenamine,4117,CHEBI:134817
1900,Methscopolamine,71183,CHEBI:135361
1901,Methsuximide,6476,CHEBI:6846
1902,Methyclothiazide,4121,CHEBI:6847
1903,Methyl salicylate,4133,CHEBI:31832
1904,Methyl-1-testosterone,7092657,
1905,Methyldopa,38853,CHEBI:61058
1906,Methylecgonine,104904,CHEBI:31529
1907,Methylene blue,6099,CHEBI:6872
1908,Methylenedioxyethamphetamine,105039,CHEBI:132234
1909,Methylergometrine,8226,CHEBI:92607
1910,Methylestrenolone,5284597,CHEBI:34896
1911,Methylnaltrexone,5361918,CHEBI:136007
1912,Methylpentynol,6494,CHEBI:134752
1913,Methylphenobarbital,8271,CHEBI:6758
1914,Methylphosphinate,6369389,
1915,Methylprednisolone,6741,CHEBI:6888
1916,Methylprednisolone aceponate,63019,CHEBI:135762
1917,Methylprednisolone hemisuccinate,16923,CHEBI:135765
1918,Methylprednisone,124653,
1919,Methylpropylpropanediol dinitrate,25430,
1920,Methylselenocysteine,147004,CHEBI:27812
1921,Methyltestosterone,6010,CHEBI:27436
1922,Methylthiouracil,667493,CHEBI:82346
1923,Methyprylon,4162,CHEBI:31837
1924,Methysergide,9681,CHEBI:92629
1925,Metiamide,1548992,CHEBI:6896
1926,Meticillin,6087,CHEBI:6827
1927,Meticrane,4165,CHEBI:31839
1928,Metildigoxin,443946,CHEBI:135885
1929,Metipranolol,31477,CHEBI:6897
1930,Metixene,4167,CHEBI:51024
1931,Metoclopramide,4168,CHEBI:107736
1932,Metocurine,21233,CHEBI:6900
1933,Metolazone,4170,CHEBI:64354
1934,Metoprine,24466,
1935,Metoprolol,4171,CHEBI:6904
1936,Metrifonate,5853,CHEBI:6908
1937,Metronidazole,4173,CHEBI:6909
1938,Metyrapone,4174,CHEBI:44241
1939,Metyrosine,441350,CHEBI:6912
1940,Mevastatin,64715,CHEBI:34848
1941,Mezlocillin,656511,CHEBI:6919
1942,Mianserin,4184,CHEBI:51137
1943,Mibefradil,60663,CHEBI:6920
1944,Mibolerone,251636,CHEBI:34849
1945,Micafungin,477468,CHEBI:600520
1946,Miconazole,4189,CHEBI:82892
1947,Micronomicin,3037206,CHEBI:81283
1948,Midazolam,4192,CHEBI:6931
1949,Midecamycin,5282169,CHEBI:31845
1950,Midodrine,4195,CHEBI:6933
1951,Midomafetamine,1615,CHEBI:1391
1952,Midostaurin,9829523,CHEBI:63452
1953,Mifamurtide,123133557,
1954,Mifepristone,55245,CHEBI:50692
1955,Miglitol,441314,CHEBI:6935
1956,Milrinone,4197,CHEBI:50693
1957,Miltefosine,3599,CHEBI:75283
1958,Minaprine,4199,CHEBI:51038
1959,Minocycline,54675783,CHEBI:50694
1960,Minoxidil,4201,CHEBI:6942
1961,Mirabegron,9865528,CHEBI:65349
1962,Mirodenafil,135497803,CHEBI:136049
1963,Misoprostol,5282381,CHEBI:94387
1964,Mitapivat,59634741,
1965,Mitemcinal,6918267,
1966,Mitiglinide,121891,CHEBI:135349
1967,Mitobronitol,656655,CHEBI:34853
1968,Mitoguazone,5351154,CHEBI:43996
1969,Mitomycin,5746,CHEBI:27504
1970,Mitotane,4211,CHEBI:6954
1971,Mitoxantrone,4212,CHEBI:50729
1972,Mivacurium,5281042,CHEBI:6958
1973,Mizolastine,65906,CHEBI:31857
1974,Mizoribine,104762,CHEBI:31858
1975,Mobocertinib,118607832,
1976,Mocetinostat,9865515,
1977,Moclobemide,4235,CHEBI:83531
1978,Moexipril,91270,CHEBI:6960
1979,Moexiprilat,55331,
1980,Mofebutazone,16639,CHEBI:76252
1981,Molindone,23897,CHEBI:6965
1982,Molsidomine,5353788,CHEBI:92623
1983,Momelotinib,25062766,CHEBI:91407
1984,Mometasone,441335,CHEBI:6970
1985,Mometasone furoate,441336,CHEBI:47564
1986,Monastrol,794323,CHEBI:75384
1987,Monofluorophosphate ion,65241,CHEBI:42699
1988,Monomethyl fumarate,5369209,CHEBI:167450
1989,Montelukast,5281040,CHEBI:50730
1990,Montmorillonite,71586775,
1991,Moperone,4249,CHEBI:135500
1992,Moricizine,34633,CHEBI:6997
1993,Morniflumate,72106,CHEBI:136018
1994,Morphine,5288826,CHEBI:17303
1995,Mosapramine,4257,CHEBI:135775
1996,Mosapride,119584,CHEBI:94373
1997,Motesanib,11667893,CHEBI:51098
1998,Motexafin gadolinium,158385,
1999,Motretinide,6314185,CHEBI:135490
2000,Moxestrol,11954041,CHEBI:34857
2001,Moxifloxacin,152946,CHEBI:63611
2002,Moxisylyte,4260,CHEBI:94754
2003,Moxonidine,4810,CHEBI:7009
2004,Mupirocin,446596,CHEBI:7025
2005,Muraglitazar,206044,CHEBI:188851
2006,Murepavadin,91824766,
2007,Muzolimine,41386,CHEBI:135124
2008,Mycophenolate mofetil,5281078,CHEBI:8764
2009,Mycophenolic acid,446541,CHEBI:168396
2010,Myxothiazol,10972974,CHEBI:234560
2011,"N-(2-hydroxybenzyl)-2,5-dimethoxy-4-cyanophenylethylamine",90489020,CHEBI:145979
2012,N-Propargyl-1(S)-Aminoindan,5289310,
2013,N-acetyltyrosine,68310,CHEBI:21563
2014,N-methylnicotinamide,64950,CHEBI:64399
2015,NGX267,10013505,
2016,NS-398,4553,CHEBI:73458
2017,Nabilone,5284592,
2018,Nabumetone,4409,CHEBI:7443
2019,Nadolol,39147,
2020,Nafamostat,4413,CHEBI:135466
2021,Nafarelin,25077405,
2022,Nafcillin,8982,CHEBI:7447
2023,Naftidrofuryl,4417,CHEBI:91817
2024,Naftopidil,4418,CHEBI:31891
2025,Nalbuphine,5311304,CHEBI:7454
2026,Naldemedine,54732242,
2027,Nalidixic acid,4421,CHEBI:100147
2028,Nalmefene,5284594,CHEBI:7457
2029,Nalorphine,5284595,CHEBI:7458
2030,Naloxegol,56959087,CHEBI:82975
2031,Naloxone,5284596,CHEBI:7459
2032,Naltrexone,5360515,CHEBI:7465
2033,Naluzotan,11430856,
2034,Namitecan,10950142,
2035,Nanatinostat,49857317,
2036,Nandrolone,9904,CHEBI:7466
2037,Nandrolone decanoate,9677,CHEBI:7467
2038,Nandrolone phenpropionate,229455,CHEBI:7468
2039,Naphazoline,4436,CHEBI:93363
2040,Naproxen,156391,CHEBI:7476
2041,Naquotinib,71667668,
2042,Naratriptan,4440,CHEBI:7478
2043,Naringenin,439246,CHEBI:17846
2044,Naronapride,11237985,
2045,Natamycin,5284447,
2046,Nateglinide,5311309,CHEBI:31897
2047,Navitoclax,24978538,CHEBI:131174
2048,Neamine,72392,CHEBI:7489
2049,Nebivolol,71301,CHEBI:64019
2050,Nebularine,68368,CHEBI:18255
2051,Nedocromil,50294,CHEBI:7492
2052,Nefazodone,4449,CHEBI:7494
2053,Nefiracetam,71157,CHEBI:135004
2054,Nelarabine,3011155,CHEBI:63612
2055,Nelfinavir,64143,CHEBI:7496
2056,Nemonoxacin,11993740,CHEBI:136053
2057,Neocitrullamon,3084726,CHEBI:134734
2058,Neosaxitoxin,21117946,CHEBI:167561
2059,Neostigmine,4456,CHEBI:7514
2060,Nepafenac,151075,CHEBI:75922
2061,Neratinib,9915743,CHEBI:61397
2062,Netilmicin,441306,
2063,Netoglitazone,204109,
2064,Netupitant,6451149,CHEBI:85155
2065,Nevirapine,4463,CHEBI:63613
2066,Nialamide,4472,CHEBI:94510
2067,Niaprazine,71919,CHEBI:135505
2068,Nicardipine,4474,CHEBI:7550
2069,Nicergoline,34040,CHEBI:31902
2070,Niclosamide,4477,CHEBI:7553
2071,Nicomorphine,5362460,CHEBI:135797
2072,Nicorandil,47528,CHEBI:31905
2073,Nicotine,89594,CHEBI:17688
2074,Nicotinyl alcohol,7510,CHEBI:45213
2075,Nifedipine,4485,CHEBI:7565
2076,Nifenazone,4487,CHEBI:31910
2077,Niflumic acid,4488,CHEBI:34888
2078,Nifuratel,6433427,CHEBI:135180
2079,Nigericin,34230,CHEBI:7569
2080,Nilotinib,644241,CHEBI:52172
2081,Niludipine,89767,
2082,Nilutamide,4493,CHEBI:7573
2083,Nilvadipine,4494,CHEBI:31911
2084,Nimesulide,4495,CHEBI:44445
2085,Nimodipine,4497,CHEBI:7575
2086,Nimustine,39214,CHEBI:75270
2087,Nintedanib,135423438,CHEBI:85164
2088,Niperotidine,66753191,CHEBI:135706
2089,Niraparib,24958200,CHEBI:176844
2090,Nirmatrelvir,155903259,CHEBI:170007
2091,Nirogacestat,46224413,CHEBI:229217
2092,Nisoldipine,4499,CHEBI:76917
2093,Nisoxetine,4500,CHEBI:73410
2094,Nitrazepam,4506,CHEBI:7581
2095,Nitrendipine,4507,CHEBI:7582
2096,Nitric Oxide,145068,CHEBI:16480
2097,Nitrite,946,CHEBI:16301
2098,Nitroaspirin,119032,CHEBI:125482
2099,Nitrofurantoin,6604200,CHEBI:71415
2100,Nitroglycerin,4510,CHEBI:28787
2102,Nitrous oxide,948,CHEBI:17045
2103,Nizatidine,4513,
2104,Nizofenone,4514,CHEBI:135668
2105,Nocodazole,4122,CHEBI:34892
2106,Nolatrexed,135400184,
2107,Nomegestrol,68783,CHEBI:135993
2108,Nomegestrol acetate,91668,CHEBI:135564
2109,Nomifensine,4528,CHEBI:116225
2110,Nonoxynol-9,72385,CHEBI:53775
2111,Nordazepam,2997,CHEBI:111762
2112,Norelgestromin,62930,
2113,Norepinephrine,439260,CHEBI:18357
2114,Norethindrone enanthate,229295,CHEBI:34894
2115,Norethisterone,6230,CHEBI:7627
2116,Norethynodrel,6231,CHEBI:34895
2117,Norfenefrine,4538,CHEBI:134779
2118,Norfloxacin,4539,CHEBI:100246
2119,Norgestimate,6540478,CHEBI:50815
2120,Norgestrienone,13313,CHEBI:135231
2121,Normethadone,10090,CHEBI:135242
2122,Nortriptyline,4543,CHEBI:7640
2123,Noscapine,275196,CHEBI:73237
2124,Novobiocin,54675769,CHEBI:28368
2125,Nylidrin,4567,CHEBI:91656
2126,Nystatin,6433272,
2127,OBP-801,11178958,
2128,ONT-093,6450807,
2129,ORM-12741,71301276,
2130,OXI-4503,6918546,
2131,Obeticholic acid,447715,CHEBI:43602
2132,Ocinaplon,216456,
2133,Octamoxin,20811,CHEBI:134768
2134,Octinoxate,5355130,CHEBI:88667
2135,Octopamine,4581,CHEBI:17134
2137,Odanacatib,10152654,
2138,Olanzapine,135398745,CHEBI:7735
2139,Olaparib,23725625,CHEBI:83766
2140,Oleandomycin,72493,CHEBI:16869
2141,Oleandrin,11541511,CHEBI:59030
2142,Oliceridine,66553195,
2143,Olmesartan,158781,CHEBI:48416
2144,Olmutinib,54758501,
2145,Olodaterol,11504295,CHEBI:82700
2146,Olorofim,91885568,
2147,Olsalazine,22419,CHEBI:7770
2148,Oltipraz,47318,CHEBI:77319
2149,Olutasidenib,118955396,
2150,Omacetaxine mepesuccinate,285033,CHEBI:71019
2151,Omadacycline,54697325,CHEBI:177758
2152,Omapatrilat,656629,CHEBI:135660
2153,Omarigliptin,46209133,CHEBI:134735
2154,Omaveloxolone,71811910,CHEBI:229661
2155,Ombitasvir,54767916,CHEBI:85183
2156,Onapristone,5311505,CHEBI:229800
2157,Ondansetron,4595,CHEBI:7773
2158,Ondelopran,10457387,
2159,Opicapone,135565903,CHEBI:134699
2160,Opipramol,9417,CHEBI:94614
2161,Orbifloxacin,60605,CHEBI:183823
2162,Orciprenaline,4086,CHEBI:6792
2163,Oritavancin,16136912,CHEBI:82699
2164,Orlistat,3034010,CHEBI:94686
2165,Ormeloxifene,35805,
2166,Ornidazole,28061,CHEBI:75176
2167,Orphenadrine,4601,CHEBI:7789
2168,Orvepitant,9852175,CHEBI:230796
2169,Osanetant,219077,
2170,Oseltamivir,65028,CHEBI:7798
2171,Osilodrostat,44139752,
2172,Osimertinib,71496458,CHEBI:90943
2173,Ospemifene,3036505,CHEBI:73275
2174,Otamixaban,5496659,
2175,Oteseconazole,77050711,CHEBI:188153
2176,Otilonium,72093,CHEBI:135780
2177,Ouabain,439501,CHEBI:472805
2178,Oxabolone cipionate,68952,CHEBI:31940
2179,Oxacillin,6196,CHEBI:7809
2180,Oxaflozane,432824,CHEBI:135128
2181,Oxamniquine,4612,CHEBI:78416
2182,Oxandrolone,5878,CHEBI:7820
2183,Oxaprotiline,38207,
2184,Oxaprozin,4614,CHEBI:7822
2185,Oxatomide,4615,CHEBI:31943
2186,Oxazepam,4616,CHEBI:7823
2187,Oxazepam acetate,102697,
2188,Oxcarbazepine,34312,CHEBI:7824
2189,Oxetacaine,4621,CHEBI:31947
2190,Oxidronic acid,27304,CHEBI:134844
2191,Oxiracetam,4626,CHEBI:134788
2192,Oxitriptan,439280,CHEBI:17780
2193,Oxitropium,6917866,CHEBI:135418
2194,Oxolinic acid,4628,CHEBI:138856
2195,Oxprenolol,4631,CHEBI:91704
2196,Oxybenzone,4632,CHEBI:34283
2197,Oxybuprocaine,4633,CHEBI:309594
2198,Oxybutynin,4634,CHEBI:7856
2199,Oxycodone,5284603,CHEBI:7852
2200,Oxyfedrine,5489013,CHEBI:135343
2201,Oxymetazoline,4636,CHEBI:7862
2202,Oxymetholone,5281034,CHEBI:7864
2203,Oxymorphone,5284604,CHEBI:7865
2204,Oxypertine,4640,CHEBI:31952
2205,Oxyphenbutazone,4641,CHEBI:76258
2206,Oxyphencyclimine,4642,CHEBI:7868
2207,Oxyphenisatin,31315,CHEBI:135358
2208,Oxyphenisatin acetate,8269,CHEBI:135638
2209,Oxyphenonium,5749,CHEBI:94329
2210,Oxytetracycline,54675779,CHEBI:27701
2211,Ozanimod,52938427,CHEBI:234516
2212,PD173955,447077,CHEBI:49791
2213,PF-00610355,11505444,
2214,PRX-08066,76972919,
2215,Paclitaxel,36314,CHEBI:45863
2216,Pacritinib,46216796,CHEBI:231350
2217,Padeliporfin,171041442,
2218,Pagoclone,131664,
2219,Palbociclib,5330286,CHEBI:85993
2220,Palifosfamide,100427,CHEBI:80566
2221,Paliperidone,115237,CHEBI:83804
2222,Palmidrol,4671,CHEBI:71464
2223,Palonosetron,6337614,CHEBI:85161
2224,Palovarotene,10295295,CHEBI:188559
2225,Pamidronic acid,4674,CHEBI:7903
2226,Pancuronium,441289,CHEBI:7907
2227,Panobinostat,6918837,CHEBI:85990
2228,Pantoprazole,4679,CHEBI:7915
2229,Pantothenic acid,6613,CHEBI:46905
2230,Papaverine,4680,CHEBI:28241
2231,Paraldehyde,31264,CHEBI:27909
2232,Paramethadione,8280,CHEBI:7921
2233,Paramethasone,5875,CHEBI:7922
2234,Paraoxon,9395,CHEBI:27827
2235,Parecoxib,119828,CHEBI:73038
2236,Pargyline,4688,CHEBI:7930
2237,Paricalcitol,5281104,CHEBI:7931
2238,Paritaprevir,45110509,
2239,Paromomycin,165580,CHEBI:7934
2240,Paroxetine,43815,CHEBI:7936
2241,Pasireotide,9941444,CHEBI:72312
2242,Patent Blue,77074,CHEBI:59601
2243,Patupilone,448013,CHEBI:31550
2244,Pazopanib,10113978,CHEBI:71219
2245,Pazufloxacin,65957,CHEBI:94700
2246,Peficitinib,57928403,
2247,Pefloxacin,51081,CHEBI:50199
2248,Peldesine,135413525,
2249,Pelitinib,6445562,CHEBI:38927
2250,Pemafibrate,11526038,CHEBI:228365
2251,Pemetrexed,135410875,CHEBI:63616
2252,Pemigatinib,86705695,
2253,Penamecillin,10250769,CHEBI:131733
2254,Penbutolol,37464,CHEBI:7954
2255,Penciclovir,135398748,CHEBI:7956
2256,Penclomedine,60203,
2257,Penfluridol,33630,CHEBI:92278
2258,Penicillamine,5852,CHEBI:7959
2259,Penicillin G Acyl-Serine,131704224,
2260,Penimepicycline,54686187,CHEBI:75258
2261,Pentaerithrityl,8285,CHEBI:134760
2262,Pentaerythritol tetranitrate,6518,CHEBI:25879
2263,Pentamidine,4735,CHEBI:45081
2264,Pentazocine,441278,CHEBI:7982
2265,Penthienate,6067,CHEBI:135447
2266,Pentifylline,70569,CHEBI:135091
2267,Pentobarbital,4737,CHEBI:7983
2268,Pentolinium,5850,CHEBI:347401
2270,Pentostatin,439693,CHEBI:27834
2271,Pentoxifylline,4740,CHEBI:7986
2272,Perampanel,9924495,CHEBI:71013
2273,Perazine,4744,CHEBI:59118
2274,Perchlorate,123351,CHEBI:49706
2275,Perflubutane,9638,CHEBI:134964
2276,Perflutren,6432,CHEBI:31980
2277,Pergolide,47811,CHEBI:63617
2278,Perhexiline,4746,CHEBI:35553
2279,Periciazine,4747,CHEBI:31981
2280,Perillyl alcohol,10819,CHEBI:15420
2281,Perindopril,107807,CHEBI:8024
2282,Perindoprilat,72022,CHEBI:132041
2283,Permethrin,40326,CHEBI:34911
2284,Perospirone,115368,CHEBI:94777
2285,Perphenazine,4748,CHEBI:8028
2286,Perphenazine enanthate,62871,
2287,Peruvoside,12314120,CHEBI:135825
2288,Pexidartinib,25151352,CHEBI:145373
2289,Phenacemide,4753,CHEBI:8049
2290,Phenacetin,4754,CHEBI:8050
2291,Phenazocine,14707,
2292,Phenazopyridine,4756,CHEBI:71416
2293,Phencyclidine,6468,CHEBI:8058
2294,Phendimetrazine,30487,CHEBI:8059
2295,Phenelzine,3675,CHEBI:8060
2296,Phenethyl Isothiocyanate,16741,CHEBI:351346
2297,Phenethylamine,1001,CHEBI:18397
2298,Pheneticillin,272833,CHEBI:52427
2299,Pheneturide,72060,CHEBI:31989
2300,Phenformin,8249,CHEBI:8064
2301,Phenglutarimide,102669,CHEBI:135195
2302,Phenibut,14113,CHEBI:136039
2303,Phenindamine,11291,CHEBI:8065
2304,Phenindione,4760,CHEBI:8066
2305,Pheniprazine,5929,CHEBI:134773
2306,Pheniramine,4761,CHEBI:91591
2307,Phenmetrazine,4762,CHEBI:8067
2308,Phenobarbital,4763,CHEBI:8069
2309,Phenol,996,CHEBI:15882
2310,Phenolphthalein,4764,CHEBI:34914
2311,Phenoperidine,11226,CHEBI:135550
2312,Phenothiazine,7108,CHEBI:37931
2313,Phenoxybenzamine,4768,CHEBI:8077
2314,Phenoxymethylpenicillin,6869,CHEBI:27446
2315,Phenoxypropazine,71467,CHEBI:134799
2316,Phenprobamate,4770,CHEBI:31992
2317,Phenprocoumon,54680692,CHEBI:50438
2318,Phenserine,192706,
2319,Phensuximide,6839,CHEBI:8079
2320,Phentermine,4771,CHEBI:8080
2321,Phentolamine,5775,CHEBI:8081
2322,Phenyl aminosalicylate,8609,CHEBI:114203
2323,Phenylacetic acid,999,CHEBI:30745
2324,Phenylbutazone,4781,CHEBI:48574
2325,Phenylbutyric acid,4775,CHEBI:41500
2326,Phenylephrine,6041,CHEBI:8093
2327,Phenytoin,1775,CHEBI:8107
2328,Pholcodine,5311356,CHEBI:53579
2329,Phosmet,12901,CHEBI:38786
2330,Phosphocreatine,9548602,CHEBI:17287
2331,Phthalylsulfathiazole,4806,CHEBI:9336
2332,Phylloquinone,5284607,CHEBI:18067
2333,Physostigmine,5983,CHEBI:27953
2334,Pibrentasvir,58031952,
2335,Piceatannol,667639,CHEBI:28814
2336,Piclamilast,154575,CHEBI:47619
2337,Piclozotan,9801640,
2338,Picosulfuric acid,5243,
2339,Picotamide,4814,CHEBI:93175
2340,Pidotimod,65944,CHEBI:94618
2341,Pilocarpine,5910,CHEBI:8207
2342,Pilsicainide,4820,CHEBI:135127
2343,Pimavanserin,10071196,CHEBI:133017
2344,Pimecrolimus,6509979,CHEBI:135888
2345,Pimozide,16362,CHEBI:8212
2346,Pinacidil,55329,CHEBI:34923
2347,Pinaverium,40704,CHEBI:135811
2348,Pinazepam,40391,CHEBI:135315
2349,Pindolol,4828,CHEBI:8214
2350,Pinometostat,57345410,CHEBI:230493
2351,Pioglitazone,4829,CHEBI:8228
2352,Pipamperone,4830,CHEBI:78549
2353,Pipecuronium,50192,CHEBI:8230
2354,Pipemidic acid,4831,CHEBI:75250
2355,Pipenzolate,4832,CHEBI:95178
2356,Piperacillin,43672,CHEBI:8232
2357,Piperaquine,122262,CHEBI:91231
2358,Piperazine,4837,CHEBI:28568
2359,Piperidolate,4839,CHEBI:91986
2360,Piperine,638024,CHEBI:28821
2361,Pipobroman,4842,CHEBI:8242
2362,Pipotiazine,62867,
2363,Piracetam,4843,CHEBI:32010
2364,Pirarubicin,11296583,CHEBI:94770
2365,Pirbuterol,4845,CHEBI:8245
2366,Pirenzepine,4848,CHEBI:8247
2367,Piretanide,4849,CHEBI:32015
2368,Piribedil,4850,CHEBI:92833
2369,Piritramide,9331,CHEBI:135699
2370,Piritrexim,54369,
2371,Pirlimycin,157385,
2372,Pirlindole,68802,CHEBI:91755
2373,Piromidic acid,4855,CHEBI:32019
2374,Piroxicam,54676228,CHEBI:8249
2375,Pirprofen,35935,CHEBI:135028
2376,Pirtobrutinib,129269915,CHEBI:229212
2377,Pitavastatin,5282452,CHEBI:32020
2378,Pitolisant,9948102,CHEBI:134709
2379,Pivagabine,68888,CHEBI:134834
2380,Pivampicillin,33478,CHEBI:8255
2381,Pivhydrazine,9375,CHEBI:134868
2382,Pivmecillinam,115163,CHEBI:51210
2383,Pixantrone,134019,CHEBI:135945
2384,Pizotifen,27400,CHEBI:50212
2385,Platelet Activating Factor,108156,CHEBI:44811
2386,Platinum,23939,CHEBI:33364
2387,Plazomicin,42613186,
2388,Plecanatide,70693500,
2389,Plerixafor,65015,CHEBI:125354
2390,Plevitrexed,135430970,
2391,Plicamycin,163659,CHEBI:31856
2392,Plitidepsin,9812534,CHEBI:90205
2393,Plumbagin,10205,CHEBI:8273
2394,Polaprezinc,9817450,
2395,Poldine,11018,CHEBI:135443
2396,Polmacoxib,9841854,
2398,Pomalidomide,134780,CHEBI:72690
2399,Ponatinib,24826799,CHEBI:78543
2400,Ponesimod,11363176,CHEBI:233412
2401,Porfiromycin,13116,CHEBI:208611
2402,Posaconazole,468595,CHEBI:64355
2403,Posizolid,213049,
2404,Potassium,5462222,CHEBI:26216
2405,Potassium cation,813,CHEBI:29103
2406,Potassium triiodide,105053,CHEBI:5948
2407,Pracinostat,49855250,CHEBI:95071
2408,Practolol,4883,CHEBI:258351
2409,Pradigastat,53387035,
2410,Prajmaline,76959818,CHEBI:135560
2411,Pralatrexate,148121,CHEBI:71223
2412,Pralidoxime,135398747,CHEBI:8354
2413,Pralsetinib,129073603,
2414,Pramlintide,70691388,CHEBI:135922
2415,Pramocaine,4886,CHEBI:8357
2416,Pranlukast,4887,CHEBI:94810
2417,Pranoprofen,4888,CHEBI:32040
2418,Prasterone,5881,CHEBI:28689
2419,Prasterone enantate,163331,
2420,Prasterone sulfate,12594,CHEBI:16814
2421,Prasugrel,6918456,CHEBI:87723
2422,Pravastatin,54687,CHEBI:63618
2423,Prazepam,4890,CHEBI:8362
2424,Prazosin,4893,CHEBI:8364
2425,Prednicarbate,6714002,CHEBI:135791
2426,Prednimustine,34457,CHEBI:82524
2427,Prednisolone,5755,CHEBI:8378
2428,Prednisolone acetate,5834,CHEBI:8380
2429,Prednisolone hemisuccinate,656804,CHEBI:135745
2430,Prednisolone phosphate,72078,CHEBI:145705
2431,Prednisone,5865,CHEBI:8382
2432,Prednisone acetate,91438,CHEBI:34655
2433,Prednylidene,20055008,CHEBI:135572
2434,Pregabalin,5486971,CHEBI:64356
2435,Pregnenolone,8955,CHEBI:16581
2436,Prenalterol,42396,CHEBI:8391
2437,Prenylamine,9801,CHEBI:8397
2438,Pretomanid,456199,
2439,Previtamin D(3),5281058,CHEBI:8403
2440,Pridinol,4904,CHEBI:75247
2441,Prifinium,4905,
2442,Prilocaine,4906,CHEBI:8404
2443,Primaquine,4908,CHEBI:8405
2444,Primidone,4909,CHEBI:8412
2445,Probenecid,4911,CHEBI:8426
2446,Probucol,4912,CHEBI:8427
2447,Procainamide,4913,CHEBI:8428
2448,Procaine,4914,CHEBI:8430
2449,Procarbazine,4915,CHEBI:71417
2450,Procaterol,688563,CHEBI:135209
2451,Prochlorperazine,4917,CHEBI:8435
2452,Procyclidine,4919,CHEBI:8448
2453,Profenamine,3290,CHEBI:313639
2454,Progabide,44115,CHEBI:135422
2455,Progesterone,5994,CHEBI:17026
2456,Proglumetacin,4921,CHEBI:76263
2457,Proguanil,6178111,CHEBI:8455
2458,Promazine,4926,CHEBI:8459
2459,Promegestone,36709,CHEBI:73390
2460,Promethazine,4927,CHEBI:8461
2461,Propacetamol,68865,CHEBI:135089
2462,Propanidid,15004,CHEBI:135432
2463,Propantheline,4934,CHEBI:8481
2464,Proparacaine,4935,CHEBI:8485
2465,Propatyl nitrate,66261,CHEBI:135104
2466,Propenidazole,6446788,CHEBI:135098
2467,Propentofylline,4938,CHEBI:32061
2468,Propicillin,92879,CHEBI:52429
2469,Propiomazine,4940,CHEBI:8491
2470,Propiopromazine,24352,
2471,Propiverine,4942,CHEBI:8493
2472,Propofol,4943,CHEBI:44915
2473,Propoxycaine,6843,CHEBI:8496
2474,Propylthiouracil,657298,CHEBI:8502
2475,Propyphenazone,3778,CHEBI:135538
2476,Proquazone,31508,CHEBI:135151
2477,Proscillaridin,5284613,CHEBI:32065
2478,Prostaglandin B2,5280881,CHEBI:28099
2479,Prostaglandin D2,448457,CHEBI:15555
2480,Prostaglandin G2,5280883,CHEBI:27647
2481,Prostalene,6436031,
2482,Prothipendyl,14670,CHEBI:135182
2483,Protionamide,666418,CHEBI:32066
2484,Protirelin,638678,CHEBI:35940
2485,Protocatechualdehyde,8768,CHEBI:50205
2486,Protokylol,4969,CHEBI:135413
2487,Protriptyline,4976,CHEBI:8597
2488,Proxibarbal,17336,CHEBI:134928
2489,Proxyphylline,4977,CHEBI:32070
2490,Prucalopride,3052762,CHEBI:135552
2491,Prulifloxacin,65947,CHEBI:32071
2492,Prussian blue,2724251,CHEBI:30069
2493,Psilocybin,10624,CHEBI:8614
2494,Puromycin,439530,CHEBI:17939
2495,Pyrantel,708857,CHEBI:8654
2496,Pyrazinamide,1046,CHEBI:45285
2497,Pyrazolam,12562545,
2498,Pyridostigmine,4991,CHEBI:8665
2499,Pyrimethamine,4993,CHEBI:8673
2500,Pyrithyldione,4994,CHEBI:94590
2501,Pyronaridine,107771,CHEBI:135951
2502,Quazepam,4999,CHEBI:8694
2503,Quercetin,5280343,CHEBI:16243
2504,Quetiapine,5002,CHEBI:8707
2505,Quifenadine,65600,CHEBI:134746
2506,Quinacrine,237,CHEBI:8711
2507,Quinagolide,3086401,CHEBI:135627
2508,Quinapril,54892,CHEBI:8713
2509,Quinaprilat,107994,CHEBI:140296
2510,Quinestrol,9046,CHEBI:8716
2511,Quinethazone,6307,CHEBI:8717
2512,Quingestanol,9842127,
2513,Quingestanol acetate,18142,CHEBI:135661
2514,Quinidine,441074,CHEBI:28593
2515,Quinisocaine,6857,CHEBI:93295
2516,Quinupramine,93154,CHEBI:135292
2517,Quinupristin,5388937,
2518,Quizartinib,24889392,CHEBI:90217
2519,"R,S-Warfarin alcohol",54736486,
2520,R-306465,10309899,
2521,Raclopride,3033769,CHEBI:92070
2522,Ractopamine,56052,CHEBI:82647
2523,Radezolid,11224409,
2525,Raloxifene,5035,CHEBI:8772
2526,Raltegravir,54671008,CHEBI:82960
2527,Raltitrexed,135400182,CHEBI:5847
2528,Ramatroban,123879,CHEBI:32087
2529,Ramelteon,208902,CHEBI:109549
2530,Ramipril,5362129,CHEBI:8774
2531,Ramiprilat,5464096,CHEBI:77363
2532,Ramosetron,108000,CHEBI:135156
2533,Ranitidine,3001055,CHEBI:8776
2534,Ranolazine,56959,CHEBI:87690
2535,Rapacuronium,5311399,CHEBI:135845
2536,Ravuconazole,467825,CHEBI:143825
2537,Rebastinib,25066467,CHEBI:62166
2538,Regadenoson,219024,CHEBI:135613
2539,Regorafenib,11167602,CHEBI:68647
2540,Relcovaptan,60943,CHEBI:93701
2541,Relebactam,44129647,
2542,Relugolix,10348973,
2543,Remacemide,60511,CHEBI:91654
2544,Remdesivir,121304016,CHEBI:145994
2545,Remifentanil,60815,CHEBI:8802
2546,Remikiren,6324659,CHEBI:8803
2547,Remimazolam,9867812,
2548,Remogliflozin etabonate,9871420,CHEBI:177541
2549,Remoxipride,54477,CHEBI:92948
2550,Renzapride,119574,
2551,Repaglinide,65981,CHEBI:8805
2552,Repinotan,198757,
2553,Reposal,19254,CHEBI:135079
2554,Repotrectinib,135565923,CHEBI:229220
2555,Reproterol,25654,CHEBI:135612
2556,Rescinnamine,5280954,CHEBI:28572
2557,Reserpine,5770,CHEBI:28487
2558,Resmetirom,15981237,
2559,Resorcinol,5054,CHEBI:27810
2560,Resveratrol,445154,CHEBI:27881
2561,Retapamulin,6918462,CHEBI:166679
2562,Revefenacin,11753673,
2563,Revumenib,132212657,
2564,Rhein,10168,CHEBI:8825
2565,Ribociclib,44631912,CHEBI:230905
2566,Ribostamycin,33042,CHEBI:45257
2567,Ricolinostat,53340666,CHEBI:95073
2568,Ridaforolimus,11520894,
2569,Ridogrel,5362391,CHEBI:135542
2570,Rifabutin,135415564,
2571,Rifalazil,135431094,CHEBI:188526
2572,Rifampin,135398735,CHEBI:28077
2573,Rifamycin,6324616,CHEBI:29673
2574,Rifapentine,135403821,CHEBI:45304
2575,Rifaximin,6436173,CHEBI:75246
2576,Rigosertib,6918736,CHEBI:145417
2577,Rilmenidine,68712,CHEBI:8862
2578,Rilpivirine,6451164,CHEBI:68606
2579,Riluzole,5070,CHEBI:8863
2580,Rimegepant,51049968,
2581,Rimexolone,5311412,CHEBI:135566
2582,Rimiterol,46886609,
2583,Rimonabant,104850,CHEBI:34967
2584,Riociguat,11304743,CHEBI:76018
2585,Ripretinib,71584930,
2586,Risdiplam,118513932,
2587,Risedronic acid,5245,CHEBI:8869
2588,Risperidone,5073,CHEBI:8871
2589,Ritanserin,5074,CHEBI:64195
2590,Ritlecitinib,118115473,CHEBI:229233
2591,Ritobegron,9820882,
2592,Ritodrine,33572,
2593,Ritonavir,392622,CHEBI:45409
2594,Rivaroxaban,9875401,CHEBI:68579
2595,Rivastigmine,77991,CHEBI:8874
2596,Rivoceranib,11315474,
2597,Rivoglitazone,3055168,
2598,Rizatriptan,5078,CHEBI:48273
2599,Ro 12-7310,6438583,
2600,Robenacoxib,6433107,CHEBI:76269
2601,Rociletinib,57335384,
2602,Rociverine,24892842,CHEBI:135440
2603,Rocuronium,441290,CHEBI:8884
2604,Rofecoxib,5090,CHEBI:8887
2605,Roflumilast,449193,CHEBI:47657
2606,Rokitamycin,5282211,CHEBI:32103
2607,Rolapitant,10311306,CHEBI:90908
2608,Rolitetracycline,54682938,CHEBI:63334
2609,Rolofylline,11948288,
2610,Romidepsin,5352062,CHEBI:61080
2611,Romifidine,71969,
2612,Ronifibrate,68671,CHEBI:135588
2613,Ropinirole,5095,CHEBI:8888
2614,Ropivacaine,175805,CHEBI:8890
2615,Roquinimex,54676478,CHEBI:92056
2616,Rosiglitazone,77999,CHEBI:50122
2617,Rosoxacin,287180,CHEBI:131715
2618,Rosuvastatin,446157,CHEBI:38545
2619,Rotigotine,59227,CHEBI:135351
2620,Roxadustat,11256664,CHEBI:132774
2621,Roxarsone,5104,CHEBI:35817
2622,Roxatidine acetate,5105,CHEBI:94758
2623,Roxithromycin,6915744,CHEBI:48844
2624,Rucaparib,9931954,CHEBI:134689
2625,Rufinamide,129228,CHEBI:134966
2626,Rufloxacin,58258,CHEBI:8909
2627,Rupatadine,133017,CHEBI:135673
2628,S-Ethylisothiourea,5139,
2629,SC-236,9865808,
2630,SN-38,104842,CHEBI:8988
2631,Sacubitril,9811834,CHEBI:134714
2632,Safinamide,131682,CHEBI:134718
2633,Safrazine,34042,
2634,Sagopilone,11284169,CHEBI:177512
2635,Salicylamide,5147,CHEBI:32114
2636,Salinomycin,3085092,CHEBI:80025
2637,Salirasib,5469318,CHEBI:177460
2638,Salmeterol,5152,CHEBI:64064
2639,Salsalate,5161,CHEBI:9014
2640,Salvinorin A,128563,CHEBI:67900
2641,Samidorphan,11667832,CHEBI:177605
2642,Sapacitabine,153970,CHEBI:145429
2643,Saprisartan,60921,CHEBI:190069
2644,Saquinavir,441243,CHEBI:63621
2645,"Sar9, Met (O2)11-Substance P",163829,
2646,Saracatinib,10302451,CHEBI:47458
2647,Sarafloxacin,56208,CHEBI:94493
2648,Saralasin,6324663,CHEBI:135894
2649,Sarecycline,54681908,
2650,Saredutant,104974,CHEBI:233291
2651,Sarpogrelate,5160,CHEBI:135697
2652,Scopolamine,3000322,CHEBI:16794
2653,Secobarbital,5193,CHEBI:9073
2654,Segesterone acetate,108059,CHEBI:135563
2655,Seladelpar,11236126,
2656,Selamectin,9578507,CHEBI:177562
2657,Selenious acid,1091,CHEBI:26642
2658,Selenium,6326970,CHEBI:27568
2659,Seletracetam,9942725,CHEBI:188602
2660,Selexipag,9913767,CHEBI:90844
2661,Seliciclib,160355,CHEBI:45307
2662,Selinexor,71481097,CHEBI:229764
2663,Selpercatinib,134436906,
2664,Selumetinib,10127622,CHEBI:90227
2665,Semaglutide,56843331,CHEBI:167574
2666,Semaxanib,5329098,CHEBI:91083
2667,Sennosides,5199,
2668,Seocalcitol,5288149,
2669,Seproxetine,3058751,
2670,Seratrodast,2449,CHEBI:32126
2671,Serdexmethylphenidate,134823895,
2672,Serotonin,5202,CHEBI:28790
2673,Sertindole,60149,CHEBI:9122
2674,Sertraline,68617,CHEBI:9123
2675,Setiptiline,5205,CHEBI:135076
2676,Setrobuvir,135565932,
2678,Sevoflurane,5206,CHEBI:9130
2679,Sibutramine,5210,CHEBI:9137
2680,Sildenafil,135398744,CHEBI:9139
2681,Silibinin,31553,CHEBI:9144
2682,Silodosin,5312125,CHEBI:135929
2683,Silver sulfadiazine,441244,CHEBI:9142
2684,Simeprevir,24873435,CHEBI:134743
2685,Simfibrate,5217,CHEBI:32131
2686,Simvastatin,54454,CHEBI:9150
2687,Sinefungin,65482,CHEBI:45453
2688,Siponimod,44599207,
2689,Sirolimus,5284616,CHEBI:9168
2690,Sisomicin,36119,CHEBI:9169
2691,Sitafloxacin,461399,CHEBI:4304
2692,Sitagliptin,4369359,CHEBI:40237
2693,Sitaxentan,216235,CHEBI:135736
2694,Soblidotin,6918315,CHEBI:32135
2695,Sodium aurothiomalate,22318,CHEBI:35864
2696,Sodium aurotiosulfate,161780,
2697,Sodium cation,923,CHEBI:29101
2698,Sodium feredetate,27461,
2699,Sodium tetradecyl sulfate,23665772,CHEBI:75273
2700,Sodium zirconium cyclosilicate,155804812,
2701,Sofosbuvir,45375808,CHEBI:85083
2702,Sofpironium,86301317,
2703,Solabegron,9887812,CHEBI:141346
2704,Solifenacin,154059,CHEBI:135530
2705,Solithromycin,25242512,CHEBI:230261
2706,Solriamfetol,10130337,
2707,Somatostatin,16129706,CHEBI:64628
2708,Sonidegib,24775005,CHEBI:90863
2709,Sotagliflozin,24831714,CHEBI:229226
2710,Sotalol,5253,CHEBI:63622
2711,Sotorasib,137278711,CHEBI:178199
2712,Sparfloxacin,60464,CHEBI:9212
2713,Sparfosic acid,39981,
2714,Sparsentan,10257882,CHEBI:229526
2715,Sparsomycin,9543443,
2716,Spectinomycin,15541,CHEBI:9215
2717,Spermidine,1102,CHEBI:16610
2718,Spermine,1103,CHEBI:15746
2719,Spiradoline,55652,
2720,Spiramycin,5284619,
2721,Spirapril,5311447,CHEBI:135756
2722,Spironolactone,5833,CHEBI:9241
2723,Squalamine,72495,CHEBI:80765
2724,Stanolone acetate,11809740,
2725,Stanozolol,25249,CHEBI:9249
2726,Stavudine,18283,CHEBI:63581
2727,Stepronin,54120,CHEBI:135129
2728,Stiripentol,5311454,CHEBI:228488
2729,Streptolydigin,54708748,CHEBI:45773
2730,Streptomycin,19649,CHEBI:17076
2731,Streptozocin,29327,CHEBI:9288
2732,Strontium cation Sr-89,3083408,
2733,Strontium ranelate,6918182,
2734,Styramate,7186,CHEBI:134820
2735,Succinylcholine,5314,CHEBI:45652
2736,Succinylsulfathiazole,5315,CHEBI:9309
2738,Sufentanil,41693,CHEBI:9316
2739,Sugammadex,6918585,CHEBI:90953
2740,Sulbactam,130313,CHEBI:9321
2741,Sulbenicillin,20055036,
2742,Sulconazole,5318,CHEBI:77776
2743,Sulfacetamide,5320,CHEBI:63845
2744,Sulfadicramide,8281,CHEBI:135039
2745,Sulfadimethoxine,5323,CHEBI:32161
2746,Sulfadoxine,17134,CHEBI:9329
2747,Sulfaethoxypyridazine,13755,CHEBI:145407
2748,Sulfaguanidine,5324,CHEBI:94621
2749,Sulfaisodimidine,5343,CHEBI:32166
2750,Sulfamazone,187764,CHEBI:131763
2751,Sulfamerazine,5325,CHEBI:102130
2752,Sulfameter,5326,CHEBI:53727
2753,Sulfamethazine,5327,CHEBI:102265
2754,Sulfamethizole,5328,CHEBI:9331
2755,Sulfamethoxazole,5329,CHEBI:9332
2756,Sulfamethoxypyridazine,5330,CHEBI:102516
2757,Sulfametomidine,19596,CHEBI:32163
2758,Sulfametopyrazine,9047,CHEBI:32162
2759,Sulfametrole,64939,CHEBI:88258
2760,Sulfamoxole,12894,CHEBI:55548
2761,Sulfanilamide,5333,CHEBI:45373
2762,Sulfanitran,5334,CHEBI:114204
2763,Sulfaperin,68933,CHEBI:131722
2764,Sulfaphenazole,5335,CHEBI:77780
2765,Sulfapyridine,5336,CHEBI:132842
2766,Sulfaquinoxaline,5338,CHEBI:94719
2767,Sulfasalazine,5339,CHEBI:9334
2768,Sulfathiourea,3000579,CHEBI:131723
2769,Sulfinpyrazone,5342,CHEBI:9342
2770,Sulfisoxazole,5344,CHEBI:102484
2771,Sulforaphane,5350,CHEBI:47807
2772,Sulindac,1548887,CHEBI:9352
2773,Sulopenem etzadroxil,23642298,
2774,Sulprostone,5312153,CHEBI:135755
2775,Sultamicillin,444022,CHEBI:51770
2776,Sulthiame,5356,CHEBI:32171
2777,Sultopride,5357,CHEBI:9356
2778,Sumatriptan,5358,CHEBI:10650
2779,Sunitinib,5329102,CHEBI:38940
2780,Suprofen,5359,CHEBI:9362
2781,Surinabant,9849616,CHEBI:125484
2782,Suvorexant,24965990,CHEBI:82698
2783,Suxibuzone,5362,CHEBI:32173
2784,Synephrine,7172,CHEBI:29081
2785,TNP-470,369976,CHEBI:90748
2786,Tacrine,1935,CHEBI:45980
2787,Tacrolimus,445643,CHEBI:61049
2788,Tadalafil,110635,CHEBI:71940
2789,Tafamidis,11001318,CHEBI:78538
2790,Tafenoquine,115358,CHEBI:141487
2791,Tafluprost,9868491,CHEBI:66899
2792,Talampicillin,71447,CHEBI:9391
2793,Talastine,65624,CHEBI:135308
2794,Talazoparib,135565082,CHEBI:231344
2795,Talbutal,8275,CHEBI:134923
2796,Talinolol,68770,CHEBI:135533
2797,Tallimustine,65924,
2798,Talniflumate,48229,CHEBI:91991
2799,Talopram,23573,
2800,Tamoxifen,2733526,CHEBI:41774
2801,Tamsulosin,129211,CHEBI:9398
2802,Tandospirone,91273,CHEBI:145673
2803,Tandutinib,3038522,CHEBI:90237
2804,Tapentadol,9838022,CHEBI:135935
2805,Taranabant,11226090,CHEBI:177607
2806,Tariquidar,148201,CHEBI:177609
2807,Tasimelteon,10220503,CHEBI:79042
2808,Tasosartan,60919,CHEBI:135666
2809,Taspoglutide,56842233,
2810,Taurochenodeoxycholic acid,387316,CHEBI:16525
2811,Taurocholic acid,6675,CHEBI:28865
2812,Taurolidine,29566,CHEBI:135173
2813,Taxifolin,439533,CHEBI:17948
2814,Tazarotene,5381,CHEBI:32184
2815,Tazemetostat,66558664,CHEBI:231598
2816,Tazobactam,123630,CHEBI:9421
2817,Tecarfarin,54718618,
2818,Technetium Tc-99m sestamibi,22617237,
2819,Tecovirimat,16124688,
2820,Tedisamil,65825,CHEBI:134747
2821,Tedizolid,11234049,CHEBI:82717
2822,Tedizolid phosphate,11476460,CHEBI:83326
2823,Tefinostat,15940949,
2824,Tegafur,5386,CHEBI:32188
2825,Tegaserod,135409453,CHEBI:51043
2826,Tegoprazan,23582846,
2827,Teicoplanin,133065662,
2828,Telaprevir,3010818,CHEBI:68595
2829,Telavancin,3081362,CHEBI:71229
2830,Telithromycin,3002190,CHEBI:29688
2831,Telmisartan,65999,CHEBI:9434
2832,Telotristat ethyl,25181577,
2833,Temafloxacin,60021,CHEBI:77796
2834,Temazepam,5391,CHEBI:9435
2835,Temefos,5392,CHEBI:38954
2836,Temocapril,443874,CHEBI:135771
2837,Temocillin,171758,CHEBI:51817
2838,Temozolomide,5394,CHEBI:72564
2839,Temsirolimus,6918289,
2840,Tenamfetamine,1614,CHEBI:166520
2841,Tenapanor,71587953,
2842,Teneligliptin,11949652,CHEBI:136042
2843,Tenidap,60712,CHEBI:35847
2844,Teniposide,452548,
2845,Tenofovir,464205,CHEBI:63625
2846,Tenofovir alafenamide,9574768,CHEBI:90926
2847,Tenofovir disoproxil,5481350,CHEBI:63717
2848,Tenoxicam,54677971,CHEBI:32192
2849,Tepotinib,25171648,
2850,Tepoxalin,59757,CHEBI:76277
2851,Terazosin,5401,CHEBI:9445
2852,Terbinafine,1549008,CHEBI:9448
2853,Terbutaline,5403,CHEBI:9449
2854,Terfenadine,5405,CHEBI:9453
2855,Terguride,443951,CHEBI:32193
2856,Teriflunomide,54684141,CHEBI:68540
2857,Terodiline,23480,CHEBI:135168
2858,Tertatolol,36920,CHEBI:135244
2859,Tesevatinib,10458325,CHEBI:167674
2860,Tesmilifene,108092,CHEBI:93414
2861,Testolactone,13769,CHEBI:9460
2862,Testosterone cypionate,441404,CHEBI:9463
2863,Testosterone decanoate,155143,CHEBI:35000
2864,Testosterone enantate benzilic acid hydrazone,76971566,
2865,Testosterone enanthate,9416,CHEBI:9464
2866,Testosterone isocaproate,231084,CHEBI:35001
2867,Testosterone phenylpropionate,14743,CHEBI:35002
2868,Testosterone propionate,5995,CHEBI:9466
2869,Testosterone succinate,119202,
2870,Testosterone undecanoate,65157,CHEBI:135741
2871,Tetracaine,5411,CHEBI:9468
2872,Tetracosactide,16129617,
2873,Tetracycline,54675776,CHEBI:27902
2874,Tetrahydrocannabivarin,93147,
2875,Tetrahydropalmatine,72301,CHEBI:16563
2876,Tetrandrine,73078,CHEBI:49
2877,Tetrazepam,25215,CHEBI:135198
2878,Tetrodotoxin,11174599,
2879,Tetryzoline,5419,CHEBI:28674
2880,Tezacaftor,46199646,CHEBI:234517
2881,Tezacitabine,6435808,CHEBI:230773
2882,Tezosentan,151174,
2883,Thalidomide,5426,CHEBI:74947
2884,Theobromine,5429,CHEBI:28946
2885,Theodrenaline,71857,CHEBI:135580
2886,Thiabendazole,5430,CHEBI:45979
2887,Thiamine,1130,CHEBI:18385
2888,Thiamphenicol,27200,CHEBI:32215
2889,Thiamylal,3032285,CHEBI:9536
2890,Thiazinam,6016,CHEBI:135268
2891,Thiethylperazine,5440,CHEBI:9544
2892,Thiocolchicoside,9915886,CHEBI:94557
2893,Thiopental,3000715,CHEBI:102166
2894,Thiopropazate,6762,CHEBI:59119
2895,Thioproperazine,9429,CHEBI:59120
2896,Thiopyrophosphate,5289158,
2897,Thioridazine,5452,CHEBI:9566
2898,Thiosalicylic acid,5443,CHEBI:59124
2899,Thiostrepton,16129666,
2900,Thiotepa,5453,CHEBI:9570
2901,Thiothixene,941651,CHEBI:9571
2902,Thonzylamine,5457,CHEBI:104017
2903,Thymol,6989,CHEBI:27607
2904,Tiagabine,60648,CHEBI:9586
2905,Tiamulin,656958,CHEBI:44137
2906,Tianeptine,68870,CHEBI:91749
2907,Tiapride,5467,CHEBI:94666
2908,Tiaprofenic acid,5468,CHEBI:32221
2909,Tibolone,444008,CHEBI:32223
2910,Ticagrelor,9871419,CHEBI:68558
2911,Ticarcillin,36921,CHEBI:9587
2912,Ticlopidine,5472,CHEBI:9588
2913,Tiemonium iodide,72142,CHEBI:32224
2914,Tienilic acid,38409,CHEBI:9590
2915,Tigecycline,54686904,CHEBI:149836
2916,Tildipirosin,24860548,
2917,Tiletamine,26533,CHEBI:94356
2918,Tilmicosin,5282521,CHEBI:195409
2919,Tiludronic acid,60937,CHEBI:9598
2920,Timepidium,5476,
2921,Timolol,33624,CHEBI:9599
2922,Tinidazole,5479,CHEBI:63627
2923,Tinoridine,5480,CHEBI:135353
2924,Tioclomarol,54708299,CHEBI:135730
2925,Tioconazole,5482,CHEBI:77898
2926,Tioguanine,2723601,CHEBI:9555
2927,Tiopronin,5483,CHEBI:32229
2928,Tiotropium,5487427,CHEBI:90960
2929,Tipifarnib,159324,CHEBI:141969
2930,Tipiracil,6323266,CHEBI:90879
2931,Tipranavir,54682461,CHEBI:63628
2932,Tiracizine,71264,CHEBI:135549
2933,Tirapazamine,135413511,CHEBI:78887
2934,Tiratricol,5803,CHEBI:40021
2935,Tirofiban,60947,CHEBI:9605
2936,Tisopurine,135445058,CHEBI:134776
2937,Tivozanib,9911830,CHEBI:91327
2938,Tixocortol,162955,CHEBI:63560
2939,Tizanidine,5487,CHEBI:63629
2940,Tobramycin,36294,CHEBI:28864
2941,Tocainide,38945,CHEBI:9611
2942,Tocladesine,100299,
2943,Tocopherylquinone,2734086,
2944,Tocotrienol,9929901,CHEBI:197268
2945,Tofacitinib,9926791,CHEBI:71200
2946,Tofogliflozin,46908929,CHEBI:136041
2947,Tolazamide,5503,CHEBI:9613
2948,Tolazoline,5504,CHEBI:28502
2949,Tolbutamide,5505,CHEBI:27999
2950,Tolcapone,4659569,CHEBI:63630
2951,Tolfenamic acid,610479,CHEBI:32243
2952,Tolmetin,5509,CHEBI:71941
2953,Tolonidine,72138,CHEBI:134879
2954,Toloxatone,34521,CHEBI:156575
2955,Tolperisone,5511,CHEBI:93835
2956,Tolterodine,443879,CHEBI:9622
2957,Tolvaptan,216237,CHEBI:32246
2958,Topiramate,5284627,CHEBI:63631
2959,Topiroxostat,5288320,
2960,Topotecan,60700,CHEBI:63632
2961,Torasemide,41781,CHEBI:9637
2962,Toremifene,3005573,CHEBI:9635
2963,Tovorafenib,25161177,CHEBI:167672
2964,Toyocamycin,11824,CHEBI:134606
2965,Trabectedin,108150,CHEBI:84050
2966,Tramadol,33741,CHEBI:75725
2967,Tramazoline,5524,CHEBI:134893
2968,Trametinib,11707110,CHEBI:75998
2969,Tramiprosate,1646,CHEBI:1457
2970,Trandolapril,5484727,CHEBI:9649
2971,Trandolaprilat,5464097,CHEBI:141521
2972,Tranexamic acid,5526,CHEBI:48669
2973,Tranilast,5282230,CHEBI:77572
2974,Transcrocetinate,5281232,CHEBI:3918
2975,Trapidil,5531,CHEBI:32254
2976,Travoprost,5282226,CHEBI:746859
2977,Trazodone,5533,CHEBI:9654
2978,Treosulfan,9882105,CHEBI:82557
2979,Treprostinil,6918140,CHEBI:50861
2980,Trestolone,9838899,
2981,Trestolone acetate,10246085,
2982,Tretamine,5799,CHEBI:27919
2983,Tretazicar,89105,
2984,Tretoquinol,65772,CHEBI:135461
2985,Triamcinolone,31307,CHEBI:9667
2986,Triamterene,5546,CHEBI:9671
2987,Triaziquone,6235,CHEBI:27090
2988,Triazolam,5556,CHEBI:9674
2989,Tricaine,11400,CHEBI:81494
2990,Trichloroethylene,6575,CHEBI:16602
2991,Trichostatin A,444732,CHEBI:46024
2992,Triclabendazole,50248,CHEBI:94759
2993,Triclofos,5563,CHEBI:9695
2994,Tridihexethyl,20299,CHEBI:9701
2995,Triethylenetetramine,5565,CHEBI:39501
2996,Trifluoperazine,5566,CHEBI:45951
2997,Trifluperidol,5567,CHEBI:135662
2998,Triflupromazine,5568,CHEBI:9711
2999,Trifluridine,6256,CHEBI:75179
3000,Triflusal,9458,CHEBI:94721
3001,Triglu-5-formyl-tetrahydrofolate,135403827,
3002,Trihexyphenidyl,5572,CHEBI:9720
3003,Trilaciclib,68029831,CHEBI:231087
3004,Trilostane,656583,CHEBI:32260
3005,Trimazosin,37264,CHEBI:135710
3006,Trimebutine,5573,CHEBI:94458
3007,Trimethadione,5576,CHEBI:9727
3008,Trimethaphan,23576,CHEBI:9728
3009,Trimethobenzamide,5577,CHEBI:27796
3010,Trimetrexate,5583,CHEBI:9737
3011,Trimipramine,5584,CHEBI:9738
3012,Trioxsalen,5585,CHEBI:28329
3013,Tripamide,5282210,CHEBI:32264
3014,Tripelennamine,5587,CHEBI:9741
3015,Triprolidine,5282443,CHEBI:84116
3016,Triptolide,107985,CHEBI:9747
3017,Triptorelin,25074470,CHEBI:63633
3018,Trofinetide,11318905,CHEBI:229599
3019,Trofosfamide,65702,CHEBI:135381
3020,Trolamine,7618,CHEBI:28621
3021,Troleandomycin,202225,CHEBI:45735
3022,Trolnitrate,11499,CHEBI:135172
3023,Tropatepine,3034047,
3024,Tropicamide,5593,CHEBI:9757
3025,Tropisetron,656665,CHEBI:32269
3026,Trospium,5284632,CHEBI:145791
3027,Trovafloxacin,62959,CHEBI:9763
3028,Troxacitabine,454194,CHEBI:134886
3029,Troxerutin,5486699,
3030,Tubercidin,6245,CHEBI:48267
3031,Tubocurarine,6000,CHEBI:9774
3032,Tucaresol,55223,
3033,Tucatinib,51039094,
3034,Tucidinostat,12136798,CHEBI:135918
3035,Tulathromycin A,9832301,CHEBI:182495
3036,Tulobuterol,5606,CHEBI:93856
3037,Tylosin,5280440,CHEBI:17658
3038,Tylvalosin,6441094,
3039,Tyramine,5610,CHEBI:15760
3040,Ubenimex,72172,
3041,Ubidecarenone,5281915,CHEBI:46245
3042,Ubrogepant,68748835,CHEBI:234515
3043,Udenafil,135413547,CHEBI:135926
3044,Ularitide,16132416,
3045,Ulipristal,13559281,CHEBI:177631
3046,Ulobetasol,5311167,CHEBI:197151
3047,Umbralisib,72950888,
3048,Umeclidinium,11519070,CHEBI:79041
3049,Umifenovir,131411,CHEBI:134730
3050,Unoprostone,5311236,CHEBI:39455
3051,Upadacitinib,58557659,
3052,Uracil,1174,CHEBI:17568
3053,Uracil mustard,6194,CHEBI:9884
3054,Urapidil,5639,CHEBI:32278
3055,Urethane,5641,CHEBI:17967
3056,Uric acid,1175,CHEBI:17775
3057,Vabicaserin,11521822,
3058,Vaborbactam,56649692,
3059,Vadadustat,23634441,
3060,Vadimezan,123964,CHEBI:75934
3061,Valaciclovir,135398742,CHEBI:35854
3062,Valbenazine,24795069,
3063,Valdecoxib,119607,CHEBI:63634
3064,Valganciclovir,135413535,CHEBI:63635
3065,Valinomycin,3000706,CHEBI:28545
3066,Valnoctamide,20140,CHEBI:134767
3067,Valomaciclovir,135544014,
3068,Valproate bismuth,20835964,
3069,Valpromide,71113,CHEBI:74562
3070,Valrubicin,454216,CHEBI:135876
3071,Valsartan,60846,CHEBI:9927
3072,Valspodar,5281884,CHEBI:8985
3073,Vamorolone,3035000,CHEBI:228304
3074,Vancomycin,14969,CHEBI:28001
3075,Vandetanib,3081361,CHEBI:49960
3076,Vanoxerine,3455,CHEBI:64089
3077,Vardenafil,135400189,CHEBI:46295
3078,Varenicline,5310966,CHEBI:84500
3079,Vatalanib,151194,CHEBI:90620
3080,Vecuronium,39765,CHEBI:9939
3081,Velpatasvir,67683363,CHEBI:133009
3082,Vemurafenib,42611257,CHEBI:63637
3083,Venetoclax,49846579,CHEBI:133021
3084,Venlafaxine,5656,CHEBI:9943
3085,Veralipride,47979,CHEBI:135600
3086,Vericiguat,54674461,CHEBI:142432
3087,Verinurad,54767229,
3088,Vernakalant,9930049,CHEBI:135956
3089,Vesnarinone,5663,CHEBI:31237
3090,Vibegron,44472635,CHEBI:142418
3091,Vicriviroc,3009355,CHEBI:94843
3092,Vigabatrin,5665,CHEBI:63638
3093,Vilanterol,10184665,CHEBI:75037
3094,Vilazodone,6918314,CHEBI:70707
3095,Vildagliptin,6918537,CHEBI:135285
3096,Viloxazine,5666,CHEBI:94405
3097,Vinbarbital,5284636,CHEBI:134919
3098,Vinblastine,13342,
3099,Vincamine,15376,CHEBI:9985
3100,Vincristine,5978,CHEBI:28445
3101,Vindesine,40839,CHEBI:36373
3102,Vinflunine,10629256,CHEBI:90241
3103,Vinorelbine,5311497,CHEBI:480999
3104,Vinpocetine,443955,CHEBI:32297
3105,Vintafolide,25014653,
3106,Vinyl ether,8024,CHEBI:81293
3107,Vinylbital,72135,CHEBI:134922
3108,Viomycin,135398671,CHEBI:15782
3109,Vismodegib,24776445,CHEBI:66903
3110,Vitamin A,445354,CHEBI:17336
3111,Voclosporin,6918486,CHEBI:135957
3112,Voglibose,444020,CHEBI:32300
3113,Volasertib,10461508,CHEBI:231358
3114,Vonoprazan,15981397,CHEBI:136048
3115,Vorapaxar,10077130,CHEBI:82702
3116,Vorasidenib,117817422,
3117,Voriconazole,71616,CHEBI:10023
3118,Vorinostat,5311,CHEBI:45716
3119,Vortioxetine,9966051,CHEBI:76016
3120,Vosaroxin,9952884,CHEBI:231651
3121,Voxelotor,71602803,
3122,Voxilaprevir,89921642,
3123,WIN 55212-2,5311501,CHEBI:73295
3124,Wortmannin,312145,CHEBI:52289
3125,Xamoterol,155774,CHEBI:10055
3126,Xanomeline,60809,CHEBI:10056
3127,Xanthine,1188,CHEBI:17712
3128,Xenon,23991,CHEBI:49956
3129,Ximelagatran,9574101,CHEBI:65172
3130,Xipamide,26618,CHEBI:135499
3131,Xylazine,5707,CHEBI:92386
3132,Xylometazoline,5709,CHEBI:10082
3133,Yohimbine,8969,CHEBI:10093
3134,Zafirlukast,5717,CHEBI:10100
3135,Zalcitabine,24066,CHEBI:10101
3136,Zaleplon,5719,CHEBI:10102
3137,Zaltoprofen,5720,CHEBI:32306
3138,Zanamivir,60855,CHEBI:50663
3139,Zanubrutinib,135565884,
3140,Zavegepant,53472683,CHEBI:229643
3141,Zelavespib,9549213,
3142,Zeranol,2999413,CHEBI:35064
3143,Zidovudine,35370,CHEBI:10110
3144,Zileuton,60490,CHEBI:10112
3145,Zilucoplan,133083018,CHEBI:229659
3146,Zimelidine,5365247,CHEBI:135357
3147,Zinc,23994,CHEBI:27363
3148,Zinc Substituted Heme C,6323369,
3149,Zinc cation,32051,CHEBI:29105
3150,Zinc oxide,3007857,
3151,Ziprasidone,60854,CHEBI:10119
3152,Zofenopril,92400,CHEBI:78539
3153,Zolazepam,35775,
3154,"Zoledronate D,L-Lysine Monohydrate",91826755,
3155,Zolmitriptan,60857,CHEBI:10124
3156,Zolpidem,5732,CHEBI:10125
3157,Zomepirac,5733,CHEBI:35859
3158,Zonisamide,5734,CHEBI:10127
3159,Zorubicin,57164040,
3160,Zosuquidar,3036703,CHEBI:94717
3161,Zotepine,5736,CHEBI:32316
3162,Zuranolone,86294073,CHEBI:228302
3163,beta-D-Galactosamine,449462,CHEBI:39610
3164,beta-Isosparteine,168213,
3165,beta-Naphthoflavone,2361,CHEBI:77013
3166,cis-Diamminechlorocholylglycinateplatinum(II),154095,
3167,gamma-Hydroxybutyric acid,10413,CHEBI:30830
3168,m-Chlorophenylpiperazine,1355,CHEBI:10588
3169,trans-2-hydroxycinnamic acid,637540,CHEBI:18176
