DrugName,CID,ConnectivitySMILES,MolecularWeight,XLogP,TPSA,HBondDonorCount,HBondAcceptorCount,RotatableBondCount
Pentolinium,5850,C[N+]1(CCCC1)CCCCC[N+]2(CCCC2)C,240.43,2.4,0.0,0,0,6
Lorazepam,3958,C1=CC=C(C(=C1)C2=NC(C(=O)NC3=C2C=C(C=C3)Cl)O)Cl,321.2,2.4,61.7,2,3,1
Ebastine,3191,CC(C)(C)C1=CC=C(C=C1)C(=O)CCCN2CCC(CC2)OC(C3=CC=CC=C3)C4=CC=CC=C4,469.7,7.2,29.5,0,3,10
Chlorotrianisene,11289,COC1=CC=C(C=C1)C(=C(C2=CC=C(C=C2)OC)Cl)C3=CC=C(C=C3)OC,380.9,6.4,27.7,0,3,6
Dihydromorphine,5359421,CN1CCC23C4C1CC5=C2C(=C(C=C5)O)OC3C(CC4)O,287.35,1.8,52.9,2,4,0
Dexrazoxane,71384,CC(CN1CC(=O)NC(=O)C1)N2CC(=O)NC(=O)C2,268.27,-1.4,98.8,2,6,3
Alfentanil,51263,CCC(=O)N(C1=CC=CC=C1)C2(CCN(CC2)CCN3C(=O)N(N=N3)CC)COC,416.5,2.2,81.1,0,6,9
Colchicine,6167,CC(=O)NC1CCC2=CC(=C(C(=C2C3=CC=C(C(=O)C=C13)OC)OC)OC)OC,399.4,1.0,83.1,1,6,5
Amikacin,37768,C1C(C(C(C(C1NC(=O)C(CCN)O)OC2C(C(C(C(O2)CO)O)N)O)O)OC3C(C(C(C(O3)CN)O)O)O)N,585.6,-7.9,332.0,13,17,10
Azosemide,2273,C1=CSC(=C1)CNC2=CC(=C(C=C2C3=NNN=N3)S(=O)(=O)N)Cl,370.8,1.5,163.0,3,8,5
Ethylmorphine,5359271,CCOC1=C2C3=C(CC4C5C3(CCN4C)C(O2)C(C=C5)O)C=C1,313.4,1.5,41.9,1,4,2
Methylprednisolone aceponate,63019,CCC(=O)OC1(CCC2C1(CC(C3C2CC(C4=CC(=O)C=CC34C)C)O)C)C(=O)COC(=O)C,472.6,3.8,107.0,1,7,7
Tenofovir disoproxil,5481350,CC(C)OC(=O)OCOP(=O)(COC(C)CN1C=NC2=C(N=CN=C21)N)OCOC(=O)OC(C)C,519.4,1.6,185.0,1,14,17
Pipamperone,4830,C1CCN(CC1)C2(CCN(CC2)CCCC(=O)C3=CC=C(C=C3)F)C(=O)N,375.5,2.0,66.6,1,5,7
Oxyphenbutazone,4641,CCCCC1C(=O)N(N(C1=O)C2=CC=C(C=C2)O)C3=CC=CC=C3,324.4,2.7,60.9,1,3,5
Desloratadine,124087,C1CC2=C(C=CC(=C2)Cl)C(=C3CCNCC3)C4=C1C=CC=N4,310.8,4.5,24.9,1,2,0
Galantamine,9651,CN1CCC23C=CC(CC2OC4=C(C=CC(=C34)C1)OC)O,287.35,1.8,41.9,1,4,1
Azelastine,2267,CN1CCCC(CC1)N2C(=O)C3=CC=CC=C3C(=N2)CC4=CC=C(C=C4)Cl,381.9,4.4,35.9,0,3,3
Suvorexant,24965990,CC1CCN(CCN1C(=O)C2=C(C=CC(=C2)C)N3N=CC=N3)C4=NC5=C(O4)C=CC(=C5)Cl,450.9,4.9,80.3,0,6,3
Brilaroxazine,46861612,C1CN(CCN1CCCCOC2=CC3=C(C=C2)OCC(=O)N3)C4=C(C(=CC=C4)Cl)Cl,450.4,4.4,54.0,1,5,7
Procarbazine,4915,CC(C)NC(=O)C1=CC=C(C=C1)CNNC,221.30,0.1,53.2,3,3,5
Goserelin,5311128,CC(C)CC(C(=O)NC(CCCN=C(N)N)C(=O)N1CCCC1C(=O)NNC(=O)N)NC(=O)C(COC(C)(C)C)NC(=O)C(CC2=CC=C(C=C2)O)NC(=O)C(CO)NC(=O)C(CC3=CNC4=CC=CC=C43)NC(=O)C(CC5=CN=CN5)NC(=O)C6CCC(=O)N6,1269.4,-1.5,496.0,17,16,32
Hydrocortisone butyrate,26133,CCCC(=O)OC1(CCC2C1(CC(C3C2CCC4=CC(=O)CCC34C)O)C)C(=O)CO,432.5,3.2,101.0,2,6,6
Triamcinolone,31307,CC12CC(C3(C(C1CC(C2(C(=O)CO)O)O)CCC4=CC(=O)C=CC43C)F)O,394.4,1.2,115.0,4,7,2
9-(N-methyl-L-isoleucine)-cyclosporin A,6473876,CCC1C(=O)N(CC(=O)N(C(C(=O)NC(C(=O)N(C(C(=O)NC(C(=O)NC(C(=O)N(C(C(=O)N(C(C(=O)N(C(C(=O)N(C(C(=O)N1)C(C(C)CC=CC)O)C)C(C)C)C)CC(C)C)C)CC(C)C)C)C)C)CC(C)C)C)C(C)C)C(C)CC)C)C,1202.6,7.5,279.0,5,12,15
Tetryzoline,5419,C1CC(C2=CC=CC=C2C1)C3=NCCN3,200.28,1.8,24.4,1,1,1
Xipamide,26618,CC1=C(C(=CC=C1)C)NC(=O)C2=CC(=C(C=C2O)Cl)S(=O)(=O)N,354.8,2.9,118.0,3,5,3
Zimelidine,5365247,CN(C)CC=C(C1=CC=C(C=C1)Br)C2=CN=CC=C2,317.22,3.9,16.1,0,2,4
Arbaclofen,44602,C1=CC(=CC=C1C(CC(=O)O)CN)Cl,213.66,-1.0,63.3,2,3,4
Levosulpiride,688272,CCN1CCCC1CNC(=O)C2=C(C=CC(=C2)S(=O)(=O)N)OC,341.4,0.6,110.0,2,6,6
"Dihydro-2-thioxo-5-((5-(2-(trifluoromethyl)phenyl)-2-furanyl)methyl)-4,6(1H,5H)-pyrimidinedione",3003157,C1=CC=C(C(=C1)C2=CC=C(O2)CC3C(=O)NC(=S)NC3=O)C(F)(F)F,368.3,3.1,103.0,2,7,3
Droxicam,65679,CN1C2=C(C3=CC=CC=C3S1(=O)=O)OC(=O)N(C2=O)C4=CC=CC=N4,357.3,1.2,105.0,0,7,1
Selexipag,9913767,CC(C)N(CCCCOCC(=O)NS(=O)(=O)C)C1=CN=C(C(=N1)C2=CC=CC=C2)C3=CC=CC=C3,496.6,3.8,110.0,1,7,12
Palonosetron,6337614,C1CC2CN(C(=O)C3=CC=CC(=C23)C1)C4CN5CCC4CC5,296.4,2.8,23.6,0,2,1
Cortivazol,66249,CC1CC2C3C=C(C4=CC5=C(CC4(C3C(CC2(C1(C(=O)COC(=O)C)O)C)O)C)C=NN5C6=CC=CC=C6)C,530.7,3.9,102.0,2,6,5
Methyldopa,38853,CC(CC1=CC(=C(C=C1)O)O)(C(=O)O)N,211.21,-1.9,104.0,4,5,3
Cephaloglycin,19150,CC(=O)OCC1=C(N2C(C(C2=O)NC(=O)C(C3=CC=CC=C3)N)SC1)C(=O)O,405.4,-3.0,164.0,3,8,7
Guacetisal,68749,CC(=O)OC1=CC=CC=C1C(=O)OC2=CC=CC=C2OC,286.28,2.9,61.8,0,5,6
PF-00610355,11505444,CC(C)(CC1=CC=CC(=C1)CC(=O)NCC2=CC(=CC=C2)C3=CC=C(C=C3)O)NCC(C4=CC(=C(C=C4)O)NS(=O)(=O)C)O,617.8,3.8,156.0,6,8,13
Oxabolone cipionate,68952,CC12CCC3C(C1CCC2OC(=O)CCC4CCCC4)CCC5=C(C(=O)CCC35)O,414.6,5.7,63.6,1,4,5
Azathioprine,2265,CN1C=NC(=C1SC2=NC=NC3=C2NC=N3)[N+](=O)[O-],277.27,0.1,143.0,1,7,2
Lanicemine,9794203,C1=CC=C(C=C1)C(CC2=CC=CC=N2)N,198.26,1.7,38.9,1,2,3
Prednisolone hemisuccinate,656804,CC12CC(C3C(C1CCC2(C(=O)COC(=O)CCC(=O)O)O)CCC4=CC(=O)C=CC34C)O,460.5,1.8,138.0,3,8,7
Aripiprazole,60795,C1CC(=O)NC2=C1C=CC(=C2)OCCCCN3CCN(CC3)C4=C(C(=CC=C4)Cl)Cl,448.4,4.6,44.8,1,4,7
Cyclobenzaprine,2895,CN(C)CCC=C1C2=CC=CC=C2C=CC3=CC=CC=C31,275.4,5.2,3.2,0,1,3
Lobeglitazone,9826451,CN(CCOC1=CC=C(C=C1)CC2C(=O)NC(=O)S2)C3=CC(=NC=N3)OC4=CC=C(C=C4)OC,480.5,4.3,128.0,1,9,10
Lactulose,11333,C(C1C(C(C(C(O1)OC2C(OC(C2O)(CO)O)CO)O)O)O)O,342.30,-4.3,190.0,8,11,5
GW842166,10253143,C1COCCC1CNC(=O)C2=CN=C(N=C2C(F)(F)F)NC3=C(C=C(C=C3)Cl)Cl,449.3,4.1,76.1,2,8,5
Nevirapine,4463,CC1=C2C(=NC=C1)N(C3=C(C=CC=N3)C(=O)N2)C4CC4,266.30,2.0,58.1,1,4,1
Dofetilide,71329,CN(CCC1=CC=C(C=C1)NS(=O)(=O)C)CCOC2=CC=C(C=C2)NS(=O)(=O)C,441.6,1.8,122.0,2,8,11
Periciazine,4747,C1CN(CCC1O)CCCN2C3=CC=CC=C3SC4=C2C=C(C=C4)C#N,365.5,3.5,75.8,1,5,4
Mersalyl,9806195,COC(CNC(=O)C1=CC=CC=C1OCC(=O)[O-])C[Hg+].[OH-].[Na+],505.85,,88.7,2,6,7
Megestrol acetate,11683,CC1=CC2C(CCC3(C2CCC3(C(=O)C)OC(=O)C)C)C4(C1=CC(=O)CC4)C,384.5,3.1,60.4,0,4,3
Isoetharine,3762,CCC(C(C1=CC(=C(C=C1)O)O)O)NC(C)C,239.31,1.7,72.7,4,4,5
Flupirtine,53276,CCOC(=O)NC1=C(N=C(C=C1)NCC2=CC=C(C=C2)F)N,304.32,2.4,89.3,3,6,6
Dabrafenib,44462760,CC(C)(C)C1=NC(=C(S1)C2=NC(=NC=C2)N)C3=C(C(=CC=C3)NS(=O)(=O)C4=C(C=CC=C4F)F)F,519.6,4.8,147.0,2,11,6
Surinabant,9849616,CCC1=C(N(N=C1C(=O)NN2CCCCC2)C3=C(C=C(C=C3)Cl)Cl)C4=CC=C(C=C4)Br,522.3,7,50.2,1,3,5
Clorgiline,4380,CN(CCCOC1=C(C=C(C=C1)Cl)Cl)CC#C,272.17,4.2,12.5,0,2,6
Ethacizine,107841,CCN(CC)CCC(=O)N1C2=CC=CC=C2SC3=C1C=C(C=C3)NC(=O)OCC,413.5,4.1,87.2,1,5,8
Dexpramipexole,59868,CCCNC1CCC2=C(C1)SC(=N2)N,211.33,1.9,79.2,2,4,3
Vilanterol,10184665,C1=CC(=C(C(=C1)Cl)COCCOCCCCCCNCC(C2=CC(=C(C=C2)O)CO)O)Cl,486.4,3.8,91.2,4,6,16
Pralsetinib,129073603,CC1=CC(=NN1)NC2=NC(=NC(=C2)C)C3CCC(CC3)(C(=O)NC(C)C4=CN=C(C=C4)N5C=C(C=N5)F)OC,533.6,3.1,136.0,3,9,8
Naratriptan,4440,CNS(=O)(=O)CCC1=CC2=C(C=C1)NC=C2C3CCN(CC3)C,335.5,2,73.6,2,4,5
Pregabalin,5486971,CC(C)CC(CC(=O)O)CN,159.23,-1.6,63.3,2,3,5
Methimazole,1349907,CN1C=CNC1=S,114.17,-0.3,47.4,1,1,0
Azapropazone,26098,CCCC1C(=O)N2C3=C(C=CC(=C3)C)N=C(N2C1=O)N(C)C,300.36,4,56.2,0,3,3
Levonordefrin,164739,CC(C(C1=CC(=C(C=C1)O)O)O)N,183.20,-0.8,86.7,4,4,2
Serotonin,5202,C1=CC2=C(C=C1O)C(=CN2)CCN,176.21,0.2,62.0,3,2,2
Parecoxib,119828,CCC(=O)NS(=O)(=O)C1=CC=C(C=C1)C2=C(ON=C2C3=CC=CC=C3)C,370.4,3.3,97.7,1,5,5
Levomilnacipran,6917779,CCN(CC)C(=O)C1(CC1CN)C2=CC=CC=C2,246.35,1.4,46.3,1,2,5
Ceftolozane,53234134,CC(C)(C(=O)O)ON=C(C1=NSC(=N1)N)C(=O)NC2C3N(C2=O)C(=C(CS3)C[N+]4=CC(=C(N4C)N)NC(=O)NCCN)C(=O)[O-],666.7,-3.2,356.0,7,16,11
Prasugrel,6918456,CC(=O)OC1=CC2=C(S1)CCN(C2)C(C3=CC=CC=C3F)C(=O)C4CC4,373.4,3.6,74.9,0,6,6
Amantadine,2130,C1C2CC3CC1CC(C2)(C3)N,151.25,2.4,26.0,1,1,0
Fosinopril,9601226,CCC(=O)OC(C(C)C)OP(=O)(CCCCC1=CC=CC=C1)CC(=O)N2CC(CC2C(=O)O)C3CCCCC3,563.7,6.2,110.0,1,7,15
Trimethadione,5576,CC1(C(=O)N(C(=O)O1)C)C,143.14,0.3,46.6,0,3,0
Amisulpride,2159,CCN1CCCC1CNC(=O)C2=CC(=C(C=C2OC)N)S(=O)(=O)CC,369.5,1.5,110.0,2,6,7
Tenofovir,464205,CC(CN1C=NC2=C(N=CN=C21)N)OCP(=O)(O)O,287.21,-1.6,136.0,3,8,5
Troleandomycin,202225,CC1CC(C(C(O1)OC2C(CC3(CO3)C(=O)C(C(C(C(OC(=O)C(C(C2C)OC4CC(C(C(O4)C)OC(=O)C)OC)C)C)C)OC(=O)C)C)C)OC(=O)C)N(C)C,814.0,4.3,184.0,0,16,12
Ioxilan,3743,CC(=O)N(CC(CO)O)C1=C(C(=C(C(=C1I)C(=O)NCC(CO)O)I)C(=O)NCCO)I,791.1,-2.4,180.0,7,8,11
Fluvoxamine,5324346,COCCCCC(=NOCCN)C1=CC=C(C=C1)C(F)(F)F,318.33,2.6,56.8,1,7,9
Mometasone,441335,CC1CC2C3CCC4=CC(=O)C=CC4(C3(C(CC2(C1(C(=O)CCl)O)C)O)Cl)C,427.4,2.7,74.6,2,4,2
Penbutolol,37464,CC(C)(C)NCC(COC1=CC=CC=C1C2CCCC2)O,291.4,4.2,41.5,2,3,7
Bismuth subgallate,73415769,C1=C(C=C(C(=C1O)[O-])[O-])C(=O)O.[OH-].[Bi+3],394.09,,105.0,3,6,1
Pyridostigmine,4991,C[N+]1=CC=CC(=C1)OC(=O)N(C)C,181.21,0.7,33.4,0,2,2
Pentoxifylline,4740,CC(=O)CCCCN1C(=O)C2=C(N=CN2C)N(C1=O)C,278.31,0.3,75.5,0,4,5
Tazobactam,123630,CC1(C(N2C(S1(=O)=O)CC2=O)C(=O)O)CN3C=CN=N3,300.29,-2,131.0,1,7,3
Hydrogen peroxide,784,OO,34.015,-0.9,40.5,2,2,0
Clevidipine,153994,CCCC(=O)OCOC(=O)C1=C(NC(=C(C1C2=C(C(=CC=C2)Cl)Cl)C(=O)OC)C)C,456.3,4.3,90.9,1,7,10
Tinoridine,5480,CCOC(=O)C1=C(SC2=C1CCN(C2)CC3=CC=CC=C3)N,316.4,3.4,83.8,1,5,5
Flupentixol,5281881,C1CN(CCN1CCC=C2C3=CC=CC=C3SC4=C2C=C(C=C4)C(F)(F)F)CCO,434.5,4.5,52.0,1,7,5
Zotepine,5736,CN(C)CCOC1=CC2=CC=CC=C2SC3=C1C=C(C=C3)Cl,331.9,4.8,37.8,0,3,4
Diclofenac,3033,C1=CC=C(C(=C1)CC(=O)O)NC2=C(C=CC=C2Cl)Cl,296.1,4.4,49.3,2,3,4
Albuterol,2083,CC(C)(C)NCC(C1=CC(=C(C=C1)O)CO)O,239.31,0.3,72.7,4,4,5
Estradiol acetate,9818306,CC(=O)OC1=CC2=C(C=C1)C3CCC4(C(C3CC2)CCC4O)C,314.4,2.8,46.5,1,3,2
Tasosartan,60919,CC1=C2CCC(=O)N(C2=NC(=N1)C)CC3=CC=C(C=C3)C4=CC=CC=C4C5=NNN=N5,411.5,3,101.0,1,6,4
Carprofen,2581,CC(C1=CC2=C(C=C1)C3=C(N2)C=CC(=C3)Cl)C(=O)O,273.71,4,53.1,2,2,2
Gemfibrozil,3463,CC1=CC(=C(C=C1)C)OCCCC(C)(C)C(=O)O,250.33,3.8,46.5,1,3,6
Melperone,15387,CC1CCN(CC1)CCCC(=O)C2=CC=C(C=C2)F,263.35,3.3,20.3,0,3,5
Zolazepam,35775,CC1=NN(C2=C1C(=NCC(=O)N2C)C3=CC=CC=C3F)C,286.30,1.7,50.5,0,4,1
Amlodipine,2162,CCOC(=O)C1=C(NC(=C(C1C2=CC=CC=C2Cl)C(=O)OC)C)COCCN,408.9,3,99.9,2,7,10
Carbimazole,31072,CCOC(=O)N1C=CN(C1=S)C,186.23,0.7,64.9,0,3,2
Endralazine,47608,C1CN(CC2=CC(=NN=C21)NN)C(=O)C3=CC=CC=C3,269.30,0.4,84.1,2,5,2
Alaproclate,2081,CC(C(=O)OC(C)(C)CC1=CC=C(C=C1)Cl)N,255.74,2.8,52.3,1,3,5
Relugolix,10348973,CN(C)CC1=C(SC2=C1C(=O)N(C(=O)N2CC3=C(C=CC=C3F)F)C4=NN=C(C=C4)OC)C5=CC=C(C=C5)NC(=O)NOC,623.6,3.2,157.0,2,11,9
"(1R,2S)-2-Phenylcyclopropanaminium",11861988,C1C(C1[NH3+])C2=CC=CC=C2,134.20,1.5,27.6,1,0,1
Perindoprilat,72022,CCCC(C(=O)O)NC(C)C(=O)N1C2CCCCC2CC1C(=O)O,340.4,0.2,107.0,3,6,7
Metixene,4167,CN1CCCC(C1)CC2C3=CC=CC=C3SC4=CC=CC=C24,309.5,4.9,28.5,0,2,2
Barnidipine,443869,CC1=C(C(C(=C(N1)C)C(=O)OC2CCN(C2)CC3=CC=CC=C3)C4=CC(=CC=C4)[N+](=O)[O-])C(=O)OC,491.5,4.2,114.0,1,8,8
Ritonavir,392622,CC(C)C1=NC(=CS1)CN(C)C(=O)NC(C(C)C)C(=O)NC(CC2=CC=CC=C2)CC(C(CC3=CC=CC=C3)NC(=O)OCC4=CN=CS4)O,720.9,6,202.0,4,9,18
Melitracen,25382,CC1(C2=CC=CC=C2C(=CCCN(C)C)C3=CC=CC=C31)C,291.4,5.6,3.2,0,1,3
Phenibut,14113,C1=CC=C(C=C1)C(CC(=O)O)CN,179.22,-1.6,63.3,2,3,4
Bretylium,2431,CC[N+](C)(C)CC1=CC=CC=C1Br,243.16,2.8,0.0,0,0,3
Guanfacine,3519,C1=CC(=C(C(=C1)Cl)CC(=O)N=C(N)N)Cl,246.09,2,81.5,2,1,2
Pentobarbital,4737,CCCC(C)C1(C(=O)NC(=O)NC1=O)CC,226.27,2.1,75.3,2,3,4
Miconazole,4189,C1=CC(=C(C=C1Cl)Cl)COC(CN2C=CN=C2)C3=C(C=C(C=C3)Cl)Cl,416.1,5.3,27.1,0,2,6
Taspoglutide,56842233,CCC(C)C(C(=O)NC(C)C(=O)NC(CC1=CNC2=CC=CC=C21)C(=O)NC(CC(C)C)C(=O)NC(C(C)C)C(=O)NC(CCCCN)C(=O)NC(C)(C)C(=O)NC(CCCNC(=N)N)C(=O)N)NC(=O)C(CC3=CC=CC=C3)NC(=O)C(CCC(=O)O)NC(=O)C(CCCCN)NC(=O)C(C)NC(=O)C(C)NC(=O)C(CCC(=O)N)NC(=O)CNC(=O)C(CCC(=O)O)NC(=O)C(CC(C)C)NC(=O)C(CC4=CC=C(C=C4)O)NC(=O)C(CO)NC(=O)C(CO)NC(=O)C(C(C)C)NC(=O)C(CC(=O)O)NC(=O)C(CO)NC(=O)C(C(C)O)NC(=O)C(CC5=CC=CC=C5)NC(=O)C(C(C)O)NC(=O)CNC(=O)C(CCC(=O)O)NC(=O)C(C)(C)NC(=O)C(CC6=CN=CN6)N,3339.7,-13.4,1390.0,49,50,109
Hydrocodone,5284569,CN1CCC23C4C1CC5=C2C(=C(C=C5)OC)OC3C(=O)CC4,299.4,2.2,38.8,0,4,1
Buclizine,6729,CC(C)(C)C1=CC=C(C=C1)CN2CCN(CC2)C(C3=CC=CC=C3)C4=CC=C(C=C4)Cl,433.0,7.1,6.5,0,2,6
Candesartan cilexetil,2540,CCOC1=NC2=CC=CC(=C2N1CC3=CC=C(C=C3)C4=CC=CC=C4C5=NNN=N5)C(=O)OC(C)OC(=O)OC6CCCCC6,610.7,7,143.0,1,10,13
Dersalazine,135484128,CC1=NC2=C(N1CC3CCN(CC3)C(=O)C=C(C4=CC=CC=C4)C5=CC=C(C=C5)N=NC6=CC(=C(C=C6)O)C(=O)O)C=CN=C2,600.7,6.4,133.0,2,8,8
Quizartinib,24889392,CC(C)(C)C1=CC(=NO1)NC(=O)NC2=CC=C(C=C2)C3=CN4C5=C(C=C(C=C5)OCCN6CCOCC6)SC4=N3,560.7,5.6,134.0,2,8,8
Grepafloxacin,72474,CC1CN(CCN1)C2=C(C(=C3C(=C2)N(C=C(C3=O)C(=O)O)C4CC4)C)F,359.4,-0.2,72.9,2,7,3
Ipratropium,657309,CC(C)[N+]1(C2CCC1CC(C2)OC(=O)C(CO)C3=CC=CC=C3)C,332.5,2.6,46.5,1,3,6
Quinupramine,93154,C1CN2CCC1C(C2)N3C4=CC=CC=C4CCC5=CC=CC=C53,304.4,4.5,6.5,0,2,1
"2,4-Diamino-5-(3,4,5-Trimethoxy-Benzyl)-Pyrimidin-1-Ium",446998,COC1=CC(=CC(=C1OC)OC)CC2=C[NH+]=C(N=C2N)N,291.33,1.1,107.0,3,6,5
Finerenone,60150535,CCOC1=NC=C(C2=C1C(C(=C(N2)C)C(=O)N)C3=C(C=C(C=C3)C#N)OC)C,378.4,2.4,110.0,2,6,5
Carbutamide,9564,CCCCNC(=O)NS(=O)(=O)C1=CC=C(C=C1)N,271.34,1,110.0,3,4,5
Fondaparinux,5282448,COC1C(C(C(C(O1)COS(=O)(=O)O)OC2C(C(C(C(O2)C(=O)O)OC3C(C(C(C(O3)COS(=O)(=O)O)OC4C(C(C(C(O4)C(=O)O)OC5C(C(C(C(O5)COS(=O)(=O)O)O)O)NS(=O)(=O)O)O)O)OS(=O)(=O)O)NS(=O)(=O)O)O)OS(=O)(=O)O)O)NS(=O)(=O)O,1508.3,-14.7,873.0,19,52,30
Minaprine,4199,CC1=CC(=NN=C1NCCN2CCOCC2)C3=CC=CC=C3,298.4,2,50.3,1,5,5
Sitafloxacin,461399,C1CC12CN(CC2N)C3=C(C=C4C(=C3Cl)N(C=C(C4=O)C(=O)O)C5CC5F)F,409.8,0.7,86.9,2,8,3
Bupivacaine,2474,CCCCN1CCCCC1C(=O)NC2=C(C=CC=C2C)C,288.4,3.4,32.3,1,2,5
Ticlopidine,5472,C1CN(CC2=C1SC=C2)CC3=CC=CC=C3Cl,263.8,3.6,31.5,0,2,2
Oleandomycin,72493,CC1CC(C(C(O1)OC2C(CC3(CO3)C(=O)C(C(C(C(OC(=O)C(C(C2C)OC4CC(C(C(O4)C)O)OC)C)C)C)O)C)C)O)N(C)C,687.9,2.6,166.0,3,13,6
Propiomazine,4940,CCC(=O)C1=CC2=C(C=C1)SC3=CC=CC=C3N2CC(C)N(C)C,340.5,4.8,48.9,0,4,5
Nedocromil,50294,CCCC1=C2C(=CC3=C1OC(=CC3=O)C(=O)O)C(=O)C=C(N2CC)C(=O)O,371.3,2.2,121.0,2,8,5
Sirolimus,5284616,CC1CCC2CC(C(=CC=CC=CC(CC(C(=O)C(C(C(=CC(C(=O)CC(OC(=O)C3CCCCN3C(=O)C(=O)C1(O2)O)C(C)CC4CCC(C(C4)OC)O)C)C)O)OC)C)C)C)OC,914.2,6,195.0,3,13,6
Umifenovir,131411,CCOC(=O)C1=C(N(C2=CC(=C(C(=C21)CN(C)C)O)Br)C)CSC3=CC=CC=C3,477.4,4.4,80.0,1,5,8
Salicylamide,5147,C1=CC=C(C(=C1)C(=O)N)O,137.14,1.3,63.3,2,2,1
Edoxaban,10280735,CN1CCC2=C(C1)SC(=N2)C(=O)NC3CC(CCC3NC(=O)C(=O)NC4=NC=C(C=C4)Cl)C(=O)N(C)C,548.1,1.4,165.0,3,8,5
Finasteride,57363,CC12CCC3C(C1CCC2C(=O)NC(C)(C)C)CCC4C3(C=CC(=O)N4)C,372.5,3,58.2,2,2,2
Desvenlafaxine,125017,CN(C)CC(C1=CC=C(C=C1)O)C2(CCCCC2)O,263.37,2.6,43.7,2,3,4
Aprobarbital,6464,CC(C)C1(C(=O)NC(=O)NC1=O)CC=C,210.23,1.1,75.3,2,3,3
Norfenefrine,4538,C1=CC(=CC(=C1)O)C(CN)O,153.18,-0.8,66.5,3,3,2
Oxyfedrine,5489013,CC(C(C1=CC=CC=C1)O)NCCC(=O)C2=CC(=CC=C2)OC,313.4,2.4,58.6,2,4,8
Cloricromen,68876,CCN(CC)CCC1=C(C2=C(C(=C(C=C2)OCC(=O)OCC)Cl)OC1=O)C,395.9,3.8,65.1,0,6,10
Granisetron,5284566,CN1C2CCCC1CC(C2)NC(=O)C3=NN(C4=CC=CC=C43)C,312.4,2.8,50.2,1,3,2
Ebselen,3194,C1=CC=C(C=C1)N2C(=O)C3=CC=CC=C3[Se]2,274.19,,20.3,0,1,1
Nomegestrol,68783,CC1=CC2C(CCC3(C2CCC3(C(=O)C)O)C)C4C1=CC(=O)CC4,328.4,2,54.4,1,3,1
Aluminum chlorohydrate,71586946,O.[OH-].[OH-].[OH-].[OH-].[OH-].[Al+3].[Al+3].[Cl-],192.47,,6.0,6,7,0
Cabozantinib,25102847,COC1=CC2=C(C=CN=C2C=C1OC)OC3=CC=C(C=C3)NC(=O)C4(CC4)C(=O)NC5=CC=C(C=C5)F,501.5,5.4,98.8,2,7,8
Menthyl salicylate,20055232,CC1CCC(C(C1)OC(=O)C2=CC=CC=C2O)C(C)C,276.4,5.4,46.5,1,3,4
Carbromal,6488,CCC(CC)(C(=O)NC(=O)N)Br,237.09,1.5,72.2,2,2,3
Acemetacin,1981,CC1=C(C2=C(N1C(=O)C3=CC=C(C=C3)Cl)C=CC(=C2)OC)CC(=O)OCC(=O)O,415.8,4.2,94.8,1,6,7
Pivhydrazine,9375,CC(C)(C)C(=O)NNCC1=CC=CC=C1,206.28,2.2,41.1,2,2,4
Pioglitazone,4829,CCC1=CN=C(C=C1)CCOC2=CC=C(C=C2)CC3C(=O)NC(=O)S3,356.4,3.8,93.6,1,5,7
Bromocriptine,31101,CC(C)CC1C(=O)N2CCCC2C3(N1C(=O)C(O3)(C(C)C)NC(=O)C4CN(C5CC6=C(NC7=CC=CC(=C67)C5=C4)Br)C)O,654.6,3.8,118.0,3,6,5
Tacrolimus,445643,CC1CC(C2C(CC(C(O2)(C(=O)C(=O)N3CCCCC3C(=O)OC(C(C(CC(=O)C(C=C(C1)C)CC=C)O)C)C(=CC4CCC(C(C4)OC)O)C)O)C)OC)OC,804.0,2.7,178.0,3,12,7
Nilvadipine,4494,CC1=C(C(C(=C(N1)C#N)C(=O)OC)C2=CC(=CC=C2)[N+](=O)[O-])C(=O)OC(C)C,385.4,2.9,134.0,1,8,6
Licofelone,133021,CC1(CC2=C(C(=C(N2C1)CC(=O)O)C3=CC=C(C=C3)Cl)C4=CC=CC=C4)C,379.9,5.2,42.2,1,2,4
Deanol,7902,CN(C)CCO,89.14,-0.4,23.5,1,2,2
Esmirtazapine,3085218,CN1CCN2C(C1)C3=CC=CC=C3CC4=C2N=CC=C4,265.35,3.3,19.4,0,3,0
Terguride,443951,CCN(CC)C(=O)NC1CC2C(CC3=CNC4=CC=CC2=C34)N(C1)C,340.5,2.5,51.4,2,2,3
Meropenem,441130,CC1C2C(C(=O)N2C(=C1SC3CC(NC3)C(=O)N(C)C)C(=O)O)C(C)O,383.5,-2.4,135.0,3,7,5
Enoxacin,3229,CCN1C=C(C(=O)C2=CC(=C(N=C21)N3CCNCC3)F)C(=O)O,320.32,-0.2,85.8,2,8,3
Acetazolamide,1986,CC(=O)NC1=NN=C(S1)S(=O)(=O)N,222.3,-0.3,152.0,2,7,2
Ciprofloxacin,2764,C1CC1N2C=C(C(=O)C3=CC(=C(C=C32)N4CCNCC4)F)C(=O)O,331.34,-1.1,72.9,2,7,3
Mitotane,4211,C1=CC=C(C(=C1)C(C2=CC=C(C=C2)Cl)C(Cl)Cl)Cl,320.0,6.2,0.0,0,0,3
Trandolaprilat,5464097,CC(C(=O)N1C2CCCCC2CC1C(=O)O)NC(CCC3=CC=CC=C3)C(=O)O,402.5,1.2,107.0,3,6,8
Dihydroergocristine,107715,CC(C)C1(C(=O)N2C(C(=O)N3CCCC3C2(O1)O)CC4=CC=CC=C4)NC(=O)C5CC6C(CC7=CNC8=CC=CC6=C78)N(C5)C,611.7,3.3,118.0,3,6,5
Rucaparib,9931954,CNCC1=CC=C(C=C1)C2=C3CCNC(=O)C4=C3C(=CC(=C4)F)N2,323.4,2.5,56.9,3,3,3
Succinylcholine,5314,C[N+](C)(C)CCOC(=O)CCC(=O)OCC[N+](C)(C)C,290.40,0.6,52.6,0,4,11
Oxybuprocaine,4633,CCCCOC1=C(C=CC(=C1)C(=O)OCCN(CC)CC)N,308.4,3.1,64.8,1,5,11
Clozapine,135398737,CN1CCN(CC1)C2=NC3=C(C=CC(=C3)Cl)NC4=CC=CC=C42,326.8,3.1,30.9,1,3,1
Daunorubicin,30323,CC1C(C(CC(O1)OC2CC(CC3=C2C(=C4C(=C3O)C(=O)C5=C(C4=O)C(=CC=C5)OC)O)(C(=O)C)O)N)O,527.5,1.8,186.0,5,11,4
Nordazepam,2997,C1C(=O)NC2=C(C=C(C=C2)Cl)C(=N1)C3=CC=CC=C3,270.71,2.9,41.5,1,2,1
Guanethidine,3518,C1CCCN(CCC1)CCN=C(N)N,198.31,0.5,67.6,2,2,3
Selenium,6326970,[Se],78.97,,0.0,0,0,0
Fluconazole,3365,C1=CC(=C(C=C1F)F)C(CN2C=NC=N2)(CN3C=NC=N3)O,306.27,0.4,81.7,1,7,5
Benzoctamine,28425,CNCC12CCC(C3=CC=CC=C31)C4=CC=CC=C24,249.3,3.7,12.0,1,1,2
1-(2-Phenylethyl)-4-phenyl-4-acetoxypiperidine,60977,CC(=O)OC1(CCN(CC1)CCC2=CC=CC=C2)C3=CC=CC=C3,323.4,3.9,29.5,0,3,6
Ethyl chloride,6337,CCCl,64.51,1.2,0.0,0,0,0
Norfloxacin,4539,CCN1C=C(C(=O)C2=CC(=C(C=C21)N3CCNCC3)F)C(=O)O,319.33,-1,72.9,2,7,3
Meprobamate,4064,CCCC(C)(COC(=O)N)COC(=O)N,218.25,0.7,105.0,2,4,8
Dexamethasone acetate,236702,CC1CC2C3CCC4=CC(=O)C=CC4(C3(C(CC2(C1(C(=O)COC(=O)C)O)C)O)F)C,434.5,2.8,101.0,2,7,4
Entacapone,5281081,CCN(CC)C(=O)C(=CC1=CC(=C(C(=C1)O)O)[N+](=O)[O-])C#N,305.29,2.1,130.0,2,6,4
Celiprolol,2663,CCN(CC)C(=O)NC1=CC(=C(C=C1)OCC(CNC(C)(C)C)O)C(=O)C,379.5,1.9,90.9,3,5,10
Metrifonate,5853,COP(=O)(C(C(Cl)(Cl)Cl)O)OC,257.43,0.5,55.8,1,4,3
Phylloquinone,5284607,CC1=C(C(=O)C2=CC=CC=C2C1=O)CC=C(C)CCCC(C)CCCC(C)CCCC(C)C,450.7,10.9,34.1,0,2,14
Florbetaben F-18,11501341,CNC1=CC=C(C=C1)C=CC2=CC=C(C=C2)OCCOCCOCCF,358.4,4.2,39.7,1,5,12
Etizolam,3307,CCC1=CC2=C(S1)N3C(=NN=C3CN=C2C4=CC=CC=C4Cl)C,342.8,2.6,71.3,0,4,2
Spirapril,5311447,CCOC(=O)C(CCC1=CC=CC=C1)NC(C)C(=O)N2CC3(CC2C(=O)O)SCCS3,466.6,0.9,147.0,2,8,10
Acepromazine,6077,CC(=O)C1=CC2=C(C=C1)SC3=CC=CC=C3N2CCCN(C)C,326.5,4.2,48.9,0,4,5
Lenalidomide,216326,C1CC(=O)NC(=O)C1N2CC3=C(C2=O)C=CC=C3N,259.26,-0.5,92.5,2,4,1
Tolcapone,4659569,CC1=CC=C(C=C1)C(=O)C2=CC(=C(C(=C2)O)O)[N+](=O)[O-],273.24,3.3,103.0,2,5,2
Timolol,33624,CC(C)(C)NCC(COC1=NSN=C1N2CCOCC2)O,316.42,1.8,108.0,2,8,7
Dasabuvir,56640146,CC(C)(C)C1=CC(=CC(=C1OC)C2=CC3=C(C=C2)C=C(C=C3)NS(=O)(=O)C)N4C=CC(=O)NC4=O,493.6,4.3,113.0,2,6,6
Piperidolate,4839,CCN1CCCC(C1)OC(=O)C(C2=CC=CC=C2)C3=CC=CC=C3,323.4,4.4,29.5,0,3,6
Triazolam,5556,CC1=NN=C2N1C3=C(C=C(C=C3)Cl)C(=NC2)C4=CC=CC=C4Cl,343.2,2.4,43.1,0,3,1
Torasemide,41781,CC1=CC(=CC=C1)NC2=C(C=NC=C2)S(=O)(=O)NC(=O)NC(C)C,348.4,2.7,109.0,3,5,5
Tobramycin,36294,C1C(C(C(C(C1N)OC2C(C(C(C(O2)CO)O)N)O)O)OC3C(CC(C(O3)CN)O)N)N,467.5,-6.2,268.0,10,14,6
Pirlindole,68802,CC1=CC2=C(C=C1)N3CCNC4C3=C2CCC4,226.32,2.3,17.0,1,1,0
Phenprocoumon,54680692,CCC(C1=CC=CC=C1)C2=C(C3=CC=CC=C3OC2=O)O,280.3,3.6,46.5,1,3,3
Pindolol,4828,CC(C)NCC(COC1=CC=CC2=C1C=CN2)O,248.32,1.8,57.3,3,3,6
Bitolterol,35330,CC1=CC=C(C=C1)C(=O)OC2=C(C=C(C=C2)C(CNC(C)(C)C)O)OC(=O)C3=CC=C(C=C3)C,461.5,5.2,84.9,2,6,10
Carbamazepine,2554,C1=CC=C2C(=C1)C=CC3=CC=CC=C3N2C(=O)N,236.27,2.5,46.3,1,1,0
Sulfasalazine,5339,C1=CC=NC(=C1)NS(=O)(=O)C2=CC=C(C=C2)N=NC3=CC(=C(C=C3)O)C(=O)O,398.4,-0.7,150.0,3,9,6
Udenafil,135413547,CCCC1=NN(C2=C1N=C(NC2=O)C3=C(C=CC(=C3)S(=O)(=O)NCCC4CCCN4C)OCCC)C,516.7,3,126.0,2,8,11
Aluminium glycinate,73415751,C(C(=O)[O-])N.O.[OH-].[OH-].[Al+3],153.07,,69.2,4,6,0
Nialamide,4472,C1=CC=C(C=C1)CNC(=O)CCNNC(=O)C2=CC=NC=C2,298.34,0.9,83.1,3,4,7
Bevantolol,2372,CC1=CC(=CC=C1)OCC(CNCCC2=CC(=C(C=C2)OC)OC)O,345.4,3,60.0,2,5,10
Octamoxin,20811,CCCCCCC(C)NN,144.26,2.4,38.1,2,2,6
Midodrine,4195,COC1=CC(=C(C=C1)OC)C(CNC(=O)CN)O,254.28,-0.6,93.8,3,5,6
Piracetam,4843,C1CC(=O)N(C1)CC(=O)N,142.16,-1.3,63.4,1,2,2
Tenidap,60712,C1=CSC(=C1)C(=O)C2=C(N(C3=C2C=C(C=C3)Cl)C(=O)N)O,320.8,3.8,114.0,2,4,2
Patent Blue,77074,CCN(CC)C1=CC=C(C=C1)C(=C2C=CC(=[N+](CC)CC)C=C2)C3=CC(=C(C=C3S(=O)(=O)O)S(=O)(=O)O)O,561.7,3.8,152.0,3,8,9
Formocortal,289085,CC(=O)OCC(=O)C12C(CC3C1(CC(C4(C3CC(=C5C4(CCC(=C5)OCCCl)C)C=O)F)O)C)OC(O2)(C)C,569.1,3.8,108.0,1,9,8
Spermidine,1102,C(CCNCCCN)CN,145.25,-1,64.1,3,3,7
Cholecalciferol,5280795,CC(C)CCCC(C)C1CCC2C1(CCCC2=CC=C3CC(CCC3=C)O)C,384.6,7.9,20.2,1,1,6
Estrone sulfate,3001028,CC12CCC3C(C1CCC2=O)CCC4=C3C=CC(=C4)OS(=O)(=O)O,350.4,2.5,89.1,1,5,2
Methaqualone,6292,CC1=CC=CC=C1N2C(=NC3=CC=CC=C3C2=O)C,250.29,2.5,32.7,0,2,1
Tipranavir,54682461,CCCC1(CC(=C(C(=O)O1)C(CC)C2=CC(=CC=C2)NS(=O)(=O)C3=NC=C(C=C3)C(F)(F)F)O)CCC4=CC=CC=C4,602.7,7,114.0,2,10,11
Prilocaine,4906,CCCNC(C)C(=O)NC1=CC=CC=C1C,220.31,2.1,41.1,2,2,5
Acetylsalicylic acid,2244,CC(=O)OC1=CC=CC=C1C(=O)O,180.16,1.2,63.6,1,4,3
Metaraminol,5906,CC(C(C1=CC(=CC=C1)O)O)N,167.20,-0.4,66.5,3,3,2
Gadoteridol,60714,CC(CN1CCN(CCN(CCN(CC1)CC(=O)[O-])CC(=O)[O-])CC(=O)[O-])O.[Gd+3],558.7,,154.0,1,11,5
Nimesulide,4495,CS(=O)(=O)NC1=C(C=C(C=C1)[N+](=O)[O-])OC2=CC=CC=C2,308.31,2.6,110.0,1,6,4
Amifampridine,5918,C1=CN=CC(=C1N)N,109.13,-0.5,64.9,2,3,0
Pemigatinib,86705695,CCN1C2=C3C=C(NC3=NC=C2CN(C1=O)C4=C(C(=CC(=C4F)OC)OC)F)CN5CCOCC5,487.5,1.8,83.2,1,8,6
WIN 55212-2,5311501,CC1=C(C2=C3N1C(COC3=CC=C2)CN4CCOCC4)C(=O)C5=CC=CC6=CC=CC=C65,426.5,4.4,43.7,0,4,4
Alminoprofen,2097,CC(C1=CC=C(C=C1)NCC(=C)C)C(=O)O,219.28,3.2,49.3,2,3,5
Mepyramine,4992,CN(C)CCN(CC1=CC=C(C=C1)OC)C2=CC=CC=N2,285.4,3.3,28.6,0,4,7
Streptozocin,29327,CN(C(=O)NC1C(C(C(OC1O)CO)O)O)N=O,265.22,-1.4,152.0,5,8,2
Palbociclib,5330286,CC1=C(C(=O)N(C2=NC(=NC=C12)NC3=NC=C(C=C3)N4CCNCC4)C5CCCC5)C(=O)C,447.5,1.8,103.0,2,8,5
(S)-Indapamide,12598931,CC1CC2=CC=CC=C2N1NC(=O)C3=CC(=C(C=C3)Cl)S(=O)(=O)N,365.8,2.9,101.0,2,5,3
Fesoterodine,6918558,CC(C)C(=O)OC1=C(C=C(C=C1)CO)C(CCN(C(C)C)C(C)C)C2=CC=CC=C2,411.6,5.5,49.8,1,4,11
Glutaric Acid,743,C(CC(=O)O)CC(=O)O,132.11,-0.3,74.6,2,4,4
Eslicarbazepine,9881504,C1C(C2=CC=CC=C2N(C3=CC=CC=C31)C(=O)N)O,254.28,1.4,66.6,2,2,0
Cefapirin,30699,CC(=O)OCC1=C(N2C(C(C2=O)NC(=O)CSC3=CC=NC=C3)SC1)C(=O)O,423.5,-1.1,177.0,2,9,8
Benoxaprofen,39941,CC(C1=CC2=C(C=C1)OC(=N2)C3=CC=C(C=C3)Cl)C(=O)O,301.72,4.1,63.3,1,4,3
Samidorphan,11667832,C1CC1CN2CCC34CC(=O)CCC3(C2CC5=C4C(=C(C=C5)C(=O)N)O)O,370.4,1.1,104.0,3,5,3
Dienogest,68861,CC12CCC3=C4CCC(=O)C=C4CCC3C1CCC2(CC#N)O,311.4,1.8,61.1,1,3,1
Leniolisib,57495353,CCC(=O)N1CCC(C1)NC2=NC=NC3=C2CN(CC3)C4=CC(=C(N=C4)OC)C(F)(F)F,450.5,2.5,83.5,1,10,5
Oxybenzone,4632,COC1=CC(=C(C=C1)C(=O)C2=CC=CC=C2)O,228.24,3.6,46.5,1,3,3
Rotigotine,59227,CCCN(CCC1=CC=CS1)C2CCC3=C(C2)C=CC=C3O,315.5,4.9,51.7,1,3,6
Valinomycin,3000706,CC1C(=O)NC(C(=O)OC(C(=O)NC(C(=O)OC(C(=O)NC(C(=O)OC(C(=O)NC(C(=O)OC(C(=O)NC(C(=O)OC(C(=O)NC(C(=O)O1)C(C)C)C(C)C)C(C)C)C)C(C)C)C(C)C)C(C)C)C)C(C)C)C(C)C)C(C)C,1111.3,9.1,332.0,6,18,9
Chlorproguanil,9571037,CC(C)N=C(N)N=C(N)NC1=CC(=C(C=C1)Cl)Cl,288.17,3,88.8,3,1,4
Pracinostat,49855250,CCCCC1=NC2=C(N1CCN(CC)CC)C=CC(=C2)C=CC(=O)NO,358.5,3.1,70.4,2,4,10
Azilsartan medoxomil,135409642,CCOC1=NC2=CC=CC(=C2N1CC3=CC=C(C=C3)C4=CC=CC=C4C5=NOC(=O)N5)C(=O)OCC6=C(OC(=O)O6)C,568.5,4.9,140.0,1,10,10
Riociguat,11304743,CN(C1=C(N=C(N=C1N)C2=NN(C3=C2C=CC=N3)CC4=CC=CC=C4F)N)C(=O)OC,422.4,1.6,138.0,2,9,5
Puromycin,439530,CN(C)C1=NC=NC2=C1N=CN2C3C(C(C(O3)CO)NC(=O)C(CC4=CC=C(C=C4)OC)N)O,471.5,0,161.0,4,10,8
Enalapril,5388962,CCOC(=O)C(CCC1=CC=CC=C1)NC(C)C(=O)N2CCCC2C(=O)O,376.4,-0.1,95.9,2,6,10
Isavuconazole,6918485,CC(C1=NC(=CS1)C2=CC=C(C=C2)C#N)C(CN3C=NC=N3)(C4=C(C=CC(=C4)F)F)O,437.5,3.5,116.0,1,8,6
(R)-Propafenone,184819,CCCNCC(COC1=CC=CC=C1C(=O)CCC2=CC=CC=C2)O,341.4,3.3,58.6,2,4,11
Quinidine,441074,COC1=CC2=C(C=CN=C2C=C1)C(C3CC4CCN3CC4C=C)O,324.4,2.9,45.6,1,4,4
Paramethasone,5875,CC1CC2C3CC(C4=CC(=O)C=CC4(C3C(CC2(C1(C(=O)CO)O)C)O)C)F,392.5,2,94.8,3,6,2
Indobufen,107641,CCC(C1=CC=C(C=C1)N2CC3=CC=CC=C3C2=O)C(=O)O,295.3,3.1,57.6,1,3,4
Mianserin,4184,CN1CCN2C(C1)C3=CC=CC=C3CC4=CC=CC=C42,264.4,3.4,6.5,0,2,0
Benidipine,656668,CC1=C(C(C(=C(N1)C)C(=O)OC2CCCN(C2)CC3=CC=CC=C3)C4=CC(=CC=C4)[N+](=O)[O-])C(=O)OC,505.6,4.6,114.0,1,8,8
Phenoxypropazine,71467,CC(COC1=CC=CC=C1)NN,166.22,1.1,47.3,2,3,4
Acarbose,9811704,CC1C(C(C(C(O1)OC2C(OC(C(C2O)O)OC(C(CO)O)C(C(C=O)O)O)CO)O)O)NC3C=C(C(C(C3O)O)O)CO,645.6,-8.8,329.0,14,19,13
Dyclonine,3180,CCCCOC1=CC=C(C=C1)C(=O)CCN2CCCCC2,289.4,3.6,29.5,0,3,8
Valsartan,60846,CCCCC(=O)N(CC1=CC=C(C=C1)C2=CC=CC=C2C3=NNN=N3)C(C(C)C)C(=O)O,435.5,4.4,112.0,2,6,10
Bexarotene,82146,CC1=CC2=C(C=C1C(=C)C3=CC=C(C=C3)C(=O)O)C(CCC2(C)C)(C)C,348.5,7.6,37.3,1,2,3
5beta-dihydrotestosterone,11302,CC12CCC(=O)CC1CCC3C2CCC4(C3CCC4O)C,290.4,3.7,37.3,1,2,0
Etacrynic acid,3278,CCC(=C)C(=O)C1=C(C(=C(C=C1)OCC(=O)O)Cl)Cl,303.13,3.8,63.6,1,4,6
Phenol,996,C1=CC=C(C=C1)O,94.11,1.5,20.2,1,1,0
Penfluridol,33630,C1CN(CCC1(C2=CC(=C(C=C2)Cl)C(F)(F)F)O)CCCC(C3=CC=C(C=C3)F)C4=CC=C(C=C4)F,524.0,7.3,23.5,1,7,7
Linezolid,441401,CC(=O)NCC1CN(C(=O)O1)C2=CC(=C(C=C2)N3CCOCC3)F,337.35,0.7,71.1,1,6,4
Methotrexate,126941,CN(CC1=CN=C2C(=N1)C(=NC(=N2)N)N)C3=CC=C(C=C3)C(=O)NC(CCC(=O)O)C(=O)O,454.4,-1.8,211.0,5,12,9
Mibefradil,60663,CC(C)C1C2=C(CCC1(CCN(C)CCCC3=NC4=CC=CC=C4N3)OC(=O)COC)C=C(C=C2)F,495.6,5.8,67.5,1,6,12
Vinpocetine,443955,CCC12CCCN3C1C4=C(CC3)C5=CC=CC=C5N4C(=C2)C(=O)OCC,350.5,4.1,34.5,0,3,4
Cabazitaxel,9854073,CC1=C2C(C(=O)C3(C(CC4C(C3C(C(C2(C)C)(CC1OC(=O)C(C(C5=CC=CC=C5)NC(=O)OC(C)(C)C)O)O)OC(=O)C6=CC=CC=C6)(CO4)OC(=O)C)OC)C)OC,835.9,2.7,202.0,3,14,15
Indomethacin,3715,CC1=C(C2=C(N1C(=O)C3=CC=C(C=C3)Cl)C=CC(=C2)OC)CC(=O)O,357.8,4.3,68.5,1,4,4
Binimetinib,10288191,CN1C=NC2=C1C=C(C(=C2F)NC3=C(C=C(C=C3)Br)F)C(=O)NOCCO,441.2,3.1,88.4,3,7,6
Probucol,4912,CC(C)(C)C1=CC(=CC(=C1O)C(C)(C)C)SC(C)(C)SC2=CC(=C(C(=C2)C(C)(C)C)O)C(C)(C)C,516.8,11.3,91.1,2,4,8
Dacomitinib,11511120,COC1=C(C=C2C(=C1)N=CN=C2NC3=CC(=C(C=C3)F)Cl)NC(=O)C=CCN4CCCCC4,469.9,4.4,79.4,2,7,7
Ecopipam,107930,CN1CCC2=CC(=C(C=C2C3C1CCC4=CC=CC=C34)O)Cl,313.8,4.4,23.5,1,2,0
Fentiazac,28871,C1=CC=C(C=C1)C2=NC(=C(S2)CC(=O)O)C3=CC=C(C=C3)Cl,329.8,5.2,78.4,1,4,4
Dexmethylphenidate,154101,COC(=O)C(C1CCCCN1)C2=CC=CC=C2,233.31,0.2,38.3,1,3,4
Calcium cation,271,[Ca+2],40.08,,0.0,0,0,0
Tertatolol,36920,CC(C)(C)NCC(COC1=CC=CC2=C1SCCC2)O,295.4,2.7,66.8,2,4,6
Valproate bismuth,20835964,CCCC(CCC)C(=O)[O-].CCCC(CCC)C(=O)[O-].CCCC(CCC)C(=O)[O-].[Bi+3],638.6,,120.0,0,6,12
Abemaciclib,46220502,CCN1CCN(CC1)CC2=CN=C(C=C2)NC3=NC=C(C(=N3)C4=CC5=C(C(=C4)F)N=C(N5C(C)C)C)F,506.6,3.8,75.0,1,9,7
Astaxanthin,5281224,CC1=C(C(CC(C1=O)O)(C)C)C=CC(=CC=CC(=CC=CC=C(C)C=CC=C(C)C=CC2=C(C(=O)C(CC2(C)C)O)C)C)C,596.8,10.3,74.6,2,4,10
Sevoflurane,5206,C(OC(C(F)(F)F)C(F)(F)F)F,200.05,2.8,9.2,0,8,2
Cefamandole,456255,CN1C(=NN=N1)SCC2=C(N3C(C(C3=O)NC(=O)C(C4=CC=CC=C4)O)SC2)C(=O)O,462.5,-0.9,201.0,3,10,7
Oxaflozane,432824,CC(C)N1CCOC(C1)C2=CC(=CC=C2)C(F)(F)F,273.29,3.2,12.5,0,5,2
Astemizole,2247,COC1=CC=C(C=C1)CCN2CCC(CC2)NC3=NC4=CC=CC=C4N3CC5=CC=C(C=C5)F,458.6,6,42.3,1,5,8
Ziprasidone,60854,C1CN(CCN1CCC2=C(C=C3C(=C2)CC(=O)N3)Cl)C4=NSC5=CC=CC=C54,412.9,4,76.7,1,5,4
Allopurinol,135401907,C1=NNC2=C1C(=O)NC=N2,136.11,-0.7,70.1,2,3,0
Chlorambucil,2708,C1=CC(=CC=C1CCCC(=O)O)N(CCCl)CCCl,304.2,1.7,40.5,1,3,9
Risedronic acid,5245,C1=CC(=CN=C1)CC(O)(P(=O)(O)O)P(=O)(O)O,283.11,-3.1,148.0,5,8,4
Difenoxin,34328,C1CN(CCC1(C2=CC=CC=C2)C(=O)O)CCC(C#N)(C3=CC=CC=C3)C4=CC=CC=C4,424.5,2.7,64.3,1,4,7
Temsirolimus,6918289,CC1CCC2CC(C(=CC=CC=CC(CC(C(=O)C(C(C(=CC(C(=O)CC(OC(=O)C3CCCCN3C(=O)C(=O)C1(O2)O)C(C)CC4CCC(C(C4)OC)OC(=O)C(C)(CO)CO)C)C)O)OC)C)C)C)OC,1030.3,5.6,242.0,4,16,11
Allicin,65036,C=CCSS(=O)CC=C,162.3,1.3,61.6,0,3,5
2-chloro-5-[(1S)-1-hydroxy-3-oxo-2H-isoindol-1-yl]benzenesulfonamide,688424,C1=CC=C2C(=C1)C(=O)NC2(C3=CC(=C(C=C3)Cl)S(=O)(=O)N)O,338.8,0.9,118.0,3,5,2
Tapentadol,9838022,CCC(C1=CC(=CC=C1)O)C(C)CN(C)C,221.34,3.5,23.5,1,2,5
Silodosin,5312125,CC(CC1=CC2=C(C(=C1)C(=O)N)N(CC2)CCCO)NCCOC3=CC=CC=C3OCC(F)(F)F,495.5,3.6,97.1,3,9,13
Clonixin,28718,CC1=C(C=CC=C1Cl)NC2=C(C=CC=N2)C(=O)O,262.69,3.8,62.2,2,4,3
"6-CHLORO-3-(DICHLOROMETHYL)-3,4-DIHYDRO-2H-1,2,4-BENZOTHIADIAZINE-7-SULFONAMIDE 1,1-DIOXIDE",6604229,C1=C2C(=CC(=C1Cl)S(=O)(=O)N)S(=O)(=O)NC(N2)C(Cl)Cl,380.7,0.6,135.0,3,7,2
Tetrazepam,25215,CN1C(=O)CN=C(C2=C1C=CC(=C2)Cl)C3=CCCCC3,288.77,3.2,32.7,0,2,1
Methsuximide,6476,CC1(CC(=O)N(C1=O)C)C2=CC=CC=C2,203.24,1.2,37.4,0,2,1
Bucindolol,51045,CC(C)(CC1=CNC2=CC=CC=C21)NCC(COC3=CC=CC=C3C#N)O,363.5,3.3,81.1,3,4,8
Eprosartan,5281037,CCCCC1=NC=C(N1CC2=CC=C(C=C2)C(=O)O)C=C(CC3=CC=CS3)C(=O)O,424.5,4.5,121.0,2,6,10
N-acetyltyrosine,68310,CC(=O)NC(CC1=CC=C(C=C1)O)C(=O)O,223.22,-0.2,86.6,3,4,4
Fosnetupitant,71544786,CC1=CC=CC=C1C2=CC(=NC=C2N(C)C(=O)C(C)(C)C3=CC(=CC(=C3)C(F)(F)F)C(F)(F)F)N4CC[N+](CC4)(C)COP(=O)(O)[O-],688.6,5,106.0,1,13,8
Indacaterol,6918554,CCC1=C(C=C2CC(CC2=C1)NCC(C3=C4C=CC(=O)NC4=C(C=C3)O)O)CC,392.5,3.3,81.6,4,4,6
Fluocortolone caproate,20054915,CCCCCC(=O)OCC(=O)C1C(CC2C1(CC(C3C2CC(C4=CC(=O)C=CC34C)F)O)C)C,474.6,4.9,80.7,1,6,8
Phenolphthalein,4764,C1=CC=C2C(=C1)C(=O)OC2(C3=CC=C(C=C3)O)C4=CC=C(C=C4)O,318.3,3.6,66.8,2,4,2
Calcifediol,5283731,CC(CCCC(C)(C)O)C1CCC2C1(CCCC2=CC=C3CC(CCC3=C)O)C,400.6,6.2,40.5,2,2,6
Benzocaine,2337,CCOC(=O)C1=CC=C(C=C1)N,165.19,1.9,52.3,1,3,3
Iproclozide,19063,CC(C)NNC(=O)COC1=CC=C(C=C1)Cl,242.70,2,50.4,2,3,5
Alloin,9866696,C1=CC2=C(C(=C1)O)C(=O)C3=C(C2C4C(C(C(C(O4)CO)O)O)O)C=C(C=C3O)CO,418.4,-0.1,168.0,7,9,3
Benzatropine,1201549,CN1C2CCC1CC(C2)OC(C3=CC=CC=C3)C4=CC=CC=C4,307.4,4.5,12.5,0,2,4
Anisodamine,6918612,CN1C2CC(CC1C(C2)O)OC(=O)C(CO)C3=CC=CC=C3,305.4,0.9,70.0,2,5,5
Cefalotin,6024,CC(=O)OCC1=C(N2C(C(C2=O)NC(=O)CC3=CC=CS3)SC1)C(=O)O,396.4,-0.4,167.0,2,8,7
Protokylol,4969,CC(CC1=CC2=C(C=C1)OCO2)NCC(C3=CC(=C(C=C3)O)O)O,331.4,2.1,91.2,4,6,6
Ramiprilat,5464096,CC(C(=O)N1C2CCCC2CC1C(=O)O)NC(CCC3=CC=CC=C3)C(=O)O,388.5,0.7,107.0,3,6,8
Venetoclax,49846579,CC1(CCC(=C(C1)C2=CC=C(C=C2)Cl)CN3CCN(CC3)C4=CC(=C(C=C4)C(=O)NS(=O)(=O)C5=CC(=C(C=C5)NCC6CCOCC6)[N+](=O)[O-])OC7=CN=C8C(=C7)C=CN8)C,868.4,8.2,183.0,3,11,12
Fenoldopam,3341,C1CNCC(C2=CC(=C(C(=C21)Cl)O)O)C3=CC=C(C=C3)O,305.75,2.4,72.7,4,4,1
Alectinib,49806720,CCC1=CC2=C(C=C1N3CCC(CC3)N4CCOCC4)C(C5=C(C2=O)C6=C(N5)C=C(C=C6)C#N)(C)C,482.6,5.2,72.4,1,5,3
Nitrazepam,4506,C1C(=O)NC2=C(C=C(C=C2)[N+](=O)[O-])C(=N1)C3=CC=CC=C3,281.27,2.2,87.3,1,4,1
Dermatan sulfate,32756,CC(=O)NC1C(C(C(OC1O)CO)OS(=O)(=O)[O-])OC2C(C(C(C(O2)C(=O)[O-])O)O)O,475.4,-4.3,273.0,6,15,5
Netilmicin,441306,CCNC1CC(C(C(C1OC2C(C(C(CO2)(C)O)NC)O)O)OC3C(CC=C(O3)CN)N)N,475.6,-4.2,200.0,8,12,8
Aripiprazole lauroxil,49831411,CCCCCCCCCCCC(=O)OCN1C(=O)CCC2=C1C=C(C=C2)OCCCCN3CCN(CC3)C4=C(C(=CC=C4)Cl)Cl,660.7,10,62.3,0,6,20
Etonogestrel,6917715,CCC12CC(=C)C3C(C1CCC2(C#C)O)CCC4=CC(=O)CCC34,324.5,3.3,37.3,1,2,2
Ampicillin,6249,CC1(C(N2C(S1)C(C2=O)NC(=O)C(C3=CC=CC=C3)N)C(=O)O)C,349.4,-1.1,138.0,3,6,4
Hexafluronium,3601,C[N+](C)(CCCCCC[N+](C)(C)C1C2=CC=CC=C2C3=CC=CC=C13)C4C5=CC=CC=C5C6=CC=CC=C46,502.7,7.6,0.0,0,0,9
Mebutizide,71652,CCC(C)C(C)C1NC2=CC(=C(C=C2S(=O)(=O)N1)S(=O)(=O)N)Cl,381.9,2.4,135.0,3,7,4
Trihexyphenidyl,5572,C1CCC(CC1)C(CCN2CCCCC2)(C3=CC=CC=C3)O,301.5,4.5,23.5,1,2,5
Efonidipine,119171,CC1=C(C(C(=C(N1)C)P2(=O)OCC(CO2)(C)C)C3=CC(=CC=C3)[N+](=O)[O-])C(=O)OCCN(CC4=CC=CC=C4)C5=CC=CC=C5,631.7,5.9,123.0,1,9,10
Ketazolam,33746,CC1=CC(=O)N2CC(=O)N(C3=C(C2(O1)C4=CC=CC=C4)C=C(C=C3)Cl)C,368.8,3,49.9,0,3,1
Decamethonium,2968,C[N+](C)(C)CCCCCCCCCC[N+](C)(C)C,258.49,3.9,0.0,0,0,11
Sacubitril,9811834,CCOC(=O)C(C)CC(CC1=CC=C(C=C1)C2=CC=CC=C2)NC(=O)CCC(=O)O,411.5,3.7,92.7,2,5,12
Trifluridine,6256,C1C(C(OC1N2C=C(C(=O)NC2=O)C(F)(F)F)CO)O,296.20,-0.5,99.1,3,8,2
Imipramine oxide,65589,C[N+](C)(CCCN1C2=CC=CC=C2CCC3=CC=CC=C31)[O-],296.4,4.8,21.3,0,2,4
Osimertinib,71496458,CN1C=C(C2=CC=CC=C21)C3=NC(=NC=C3)NC4=C(C=C(C(=C4)NC(=O)C=C)N(C)CCN(C)C)OC,499.6,3.7,87.6,2,7,10
Brivaracetam,9837243,CCCC1CC(=O)N(C1)C(CC)C(=O)N,212.29,1,63.4,1,2,5
"7,9-Dimethylguanine",131704185,CN1C=[N+](C2=C1C(NC(N2)N)O)C,184.22,-1.6,79.1,4,4,0
Paclitaxel,36314,CC1=C2C(C(=O)C3(C(CC4C(C3C(C(C2(C)C)(CC1OC(=O)C(C(C5=CC=CC=C5)NC(=O)C6=CC=CC=C6)O)O)OC(=O)C7=CC=CC=C7)(CO4)OC(=O)C)O)C)OC(=O)C,853.9,2.5,221.0,4,14,14
Tetrodotoxin,11174599,C(C1(C2C3C(N=C(NC34C(C1OC(C4O)(O2)O)O)N)O)O)O,319.27,-5.9,190.0,8,9,1
Tegaserod,135409453,CCCCCN=C(N)NN=CC1=CNC2=C1C=C(C=C2)OC,301.39,2.6,87.8,3,3,8
Desomorphine,5362456,CN1CCC23C4C1CC5=C2C(=C(C=C5)O)OC3CCC4,271.35,2.8,32.7,1,3,0
Prazosin,4893,COC1=C(C=C2C(=C1)C(=NC(=N2)N3CCN(CC3)C(=O)C4=CC=CO4)N)OC,383.4,2,107.0,1,8,4
Deuruxolitinib,72704611,C1CCC(C1)C(CC#N)N2C=C(C=N2)C3=C4C=CNC4=NC=N3,314.41,2.1,83.2,1,4,4
Ixabepilone,6445540,CC1CCCC2(C(O2)CC(NC(=O)CC(C(C(=O)C(C1O)C)(C)C)O)C(=CC3=CSC(=N3)C)C)C,506.7,3.6,140.0,3,7,2
Febuxostat,134018,CC1=C(SC(=N1)C2=CC(=C(C=C2)OCC(C)C)C#N)C(=O)O,316.4,3.9,111.0,1,6,5
Tolperisone,5511,CC1=CC=C(C=C1)C(=O)C(C)CN2CCCCC2,245.36,3.4,20.3,0,2,4
Mercaptopurine,667490,C1=NC2=C(N1)C(=S)N=CN2,152.18,0,85.2,2,2,0
Testosterone undecanoate,65157,CCCCCCCCCCC(=O)OC1CCC2C1(CCC3C2CCC4=CC(=O)CCC34C)C,456.7,8.5,43.4,0,3,11
Bopindolol,44112,CC1=CC2=C(N1)C=CC=C2OCC(CNC(C)(C)C)OC(=O)C3=CC=CC=C3,380.5,4.7,63.4,2,4,9
Vecuronium,39765,CC(=O)OC1CC2CCC3C(C2(CC1N4CCCCC4)C)CCC5(C3CC(C5OC(=O)C)[N+]6(CCCCC6)C)C,557.8,6.5,55.8,0,5,6
Ibuproxam,68704,CC(C)CC1=CC=C(C=C1)C(C)C(=O)NO,221.29,2.8,49.3,2,2,4
Propiverine,4942,CCCOC(C1=CC=CC=C1)(C2=CC=CC=C2)C(=O)OC3CCN(CC3)C,367.5,4.7,38.8,0,4,8
Beraprost,6917951,CC#CCC(C)C(C=CC1C(CC2C1C3=CC=CC(=C3O2)CCCC(=O)O)O)O,398.5,3.2,87.0,3,5,8
Cefmenoxime,9570757,CN1C(=NN=N1)SCC2=C(N3C(C(C3=O)NC(=O)C(=NOC)C4=CSC(=N4)N)SC2)C(=O)O,511.6,0,270.0,3,14,8
Olanzapine,135398745,CC1=CC2=C(S1)NC3=CC=CC=C3N=C2N4CCN(CC4)C,312.4,2.9,59.1,1,4,1
Zinc Substituted Heme C,6323369,CC=C1C(=C2C=C3C(=CC)C(=C([N-]3)C=C4C(=C(C(=CC5=C(C(=C([N-]5)C=C1[N-]2)C)CCC(=O)O)[N-]4)CCC(=O)O)C)C)C.[Zn],628.0,,78.6,2,8,6
Perhexiline,4746,C1CCC(CC1)C(CC2CCCCN2)C3CCCCC3,277.5,6.8,12.0,1,1,4
Doxofylline,50942,CN1C2=C(C(=O)N(C1=O)C)N(C=N2)CC3OCCO3,266.25,-0.9,76.9,0,5,2
Evogliptin,25022354,CC(C)(C)OCC1C(=O)NCCN1C(=O)CC(CC2=CC(=C(C=C2F)F)F)N,401.4,1,84.7,2,7,7
Pirprofen,35935,CC(C1=CC(=C(C=C1)N2CC=CC2)Cl)C(=O)O,251.71,2.9,40.5,1,3,3
Capreomycin,3000502,CC1C(=O)NC(C(=O)NC(=CNC(=O)N)C(=O)NC(C(=O)NCC(C(=O)N1)N)C2CCN=C(N2)N)CNC(=O)CC(CCCN)N.C1CN=C(NC1C2C(=O)NCC(C(=O)NC(C(=O)NC(C(=O)NC(=CNC(=O)N)C(=O)N2)CNC(=O)CC(CCCN)N)CO)N)N,1321.4,,737.0,27,23,19
Tandutinib,3038522,CC(C)OC1=CC=C(C=C1)NC(=O)N2CCN(CC2)C3=NC=NC4=CC(=C(C=C43)OC)OCCCN5CCCCC5,562.7,4.6,92.3,1,8,10
Spironolactone,5833,CC(=O)SC1CC2=CC(=O)CCC2(C3C1C4CCC5(C4(CC3)C)CCC(=O)O5)C,416.6,2.9,85.7,0,5,2
Pargyline,4688,CN(CC#C)CC1=CC=CC=C1,159.23,2.1,3.2,0,1,3
Hydrochlorothiazide,3639,C1NC2=CC(=C(C=C2S(=O)(=O)N1)S(=O)(=O)N)Cl,297.7,-0.1,135.0,3,7,1
Darunavir,213039,CC(C)CN(CC(C(CC1=CC=CC=C1)NC(=O)OC2COC3C2CCO3)O)S(=O)(=O)C4=CC=C(C=C4)N,547.7,2.9,149.0,3,9,12
Fimasartan,9870652,CCCCC1=NC(=C(C(=O)N1CC2=CC=C(C=C2)C3=CC=CC=C3C4=NNN=N4)CC(=S)N(C)C)C,501.6,3.5,122.0,1,6,9
Oxprenolol,4631,CC(C)NCC(COC1=CC=CC=C1OCC=C)O,265.35,2.1,50.7,2,4,9
Vabicaserin,11521822,C1CC2CN3CCNCC4=C3C(=CC=C4)C2C1,228.33,2.5,15.3,1,2,0
Spermine,1103,C(CCNCCCN)CNCCCN,202.34,-1.1,76.1,4,4,11
Metoprolol,4171,CC(C)NCC(COC1=CC=C(C=C1)CCOC)O,267.36,1.9,50.7,2,4,9
Minocycline,54675783,CN(C)C1C2CC3CC4=C(C=CC(=C4C(=C3C(=O)C2(C(=C(C1=O)C(=O)N)O)O)O)O)N(C)C,457.5,-0.6,165.0,5,9,3
Tibolone,444008,CC1CC2=C(CCC(=O)C2)C3C1C4CCC(C4(CC3)C)(C#C)O,312.4,2.4,37.3,1,2,1
Cicletanine,54910,CC1=NC=C2C(OCC2=C1O)C3=CC=C(C=C3)Cl,261.70,2.4,42.4,1,3,1
Temazepam,5391,CN1C2=C(C=C(C=C2)Cl)C(=NC(C1=O)O)C3=CC=CC=C3,300.74,2.2,52.9,1,3,1
Primaquine,4908,CC(CCCN)NC1=C2C(=CC(=C1)OC)C=CC=N2,259.35,2.2,60.2,2,4,6
Benorilate,21102,CC(=O)NC1=CC=C(C=C1)OC(=O)C2=CC=CC=C2OC(=O)C,313.30,2.2,81.7,1,5,6
beta-Naphthoflavone,2361,C1=CC=C(C=C1)C2=CC(=O)C3=C(O2)C=CC4=CC=CC=C43,272.3,4.4,26.3,0,2,1
Felodipine,3333,CCOC(=O)C1=C(NC(=C(C1C2=C(C(=CC=C2)Cl)Cl)C(=O)OC)C)C,384.2,3.9,64.6,1,5,6
9-aminocamptothecin,72402,CCC1(C2=C(COC1=O)C(=O)N3CC4=CC5=C(C=CC=C5N=C4C3=C2)N)O,363.4,0.3,106.0,2,6,1
Mivacurium,5281042,C[N+]1(CCC2=CC(=C(C=C2C1CC3=CC(=C(C(=C3)OC)OC)OC)OC)OC)CCCOC(=O)CCC=CCCC(=O)OCCC[N+]4(CCC5=CC(=C(C=C5C4CC6=CC(=C(C(=C6)OC)OC)OC)OC)OC)C,1029.3,8.7,145.0,0,14,30
Methyclothiazide,4121,CN1C(NC2=CC(=C(C=C2S1(=O)=O)S(=O)(=O)N)Cl)CCl,360.2,1.4,126.0,2,7,2
Vancomycin,14969,CC1C(C(CC(O1)OC2C(C(C(OC2OC3=C4C=C5C=C3OC6=C(C=C(C=C6)C(C(C(=O)NC(C(=O)NC5C(=O)NC7C8=CC(=C(C=C8)O)C9=C(C=C(C=C9O)O)C(NC(=O)C(C(C1=CC(=C(O4)C=C1)Cl)O)NC7=O)C(=O)O)CC(=O)N)NC(=O)C(CC(C)C)NC)O)Cl)CO)O)O)(C)N)O,1449.2,-2.6,530.0,19,26,13
Magnesium trisilicate,5311266,[O-][Si](=O)O[Si]([O-])([O-])O[Si](=O)[O-].[Mg+2].[Mg+2],260.86,,145.0,0,8,2
Pancuronium,441289,CC(=O)OC1CC2CCC3C(C2(CC1[N+]4(CCCCC4)C)C)CCC5(C3CC(C5OC(=O)C)[N+]6(CCCCC6)C)C,572.9,6.6,52.6,0,4,6
Cimicoxib,213053,COC1=C(C=C(C=C1)C2=C(N=CN2C3=CC=C(C=C3)S(=O)(=O)N)Cl)F,381.8,2.9,95.6,1,6,4
Atipamezole,71310,CCC1(CC2=CC=CC=C2C1)C3=CN=CN3,212.29,3,28.7,1,1,2
Metamizole,3111,CC1=C(C(=O)N(N1C)C2=CC=CC=C2)N(C)CS(=O)(=O)O,311.36,0,89.5,1,6,4
Methysergide,9681,CCC(CO)NC(=O)C1CN(C2CC3=CN(C4=CC=CC(=C34)C2=C1)C)C,353.5,2.3,57.5,2,3,4
Bortezomib,387447,B(C(CC(C)C)NC(=O)C(CC1=CC=CC=C1)NC(=O)C2=NC=CN=C2)(O)O,384.2,,124.0,4,6,9
Eplivanserin,135456190,CN(C)CCON=C(C=CC1=CC=C(C=C1)O)C2=CC=CC=C2F,328.4,4.1,45.1,1,5,7
Vinorelbine,5311497,CCC1=CC2CC(C3=C(CN(C2)C1)C4=CC=CC=C4N3)(C5=C(C=C6C(=C5)C78CCN9C7C(C=CC9)(C(C(C8N6C)(C(=O)OC)O)OC(=O)C)CC)OC)C(=O)OC,778.9,3.6,134.0,2,11,10
Pirtobrutinib,129269915,CC(C(F)(F)F)N1C(=C(C(=N1)C2=CC=C(C=C2)CNC(=O)C3=C(C=CC(=C3)F)OC)C(=O)N)N,479.4,3.3,125.0,3,9,7
Fluocinolone acetonide,6215,CC1(OC2CC3C4CC(C5=CC(=O)C=CC5(C4(C(CC3(C2(O1)C(=O)CO)C)O)F)C)F)C,452.5,2.5,93.1,2,8,2
Aluminium nicotinate,16098,C1=CC(=CN=C1)C(=O)[O-].C1=CC(=CN=C1)C(=O)[O-].C1=CC(=CN=C1)C(=O)[O-].[Al+3],393.3,,159.0,0,9,0
Phentermine,4771,CC(C)(CC1=CC=CC=C1)N,149.23,1.9,26.0,1,1,2
Paricalcitol,5281104,CC(C=CC(C)C(C)(C)O)C1CCC2C1(CCCC2=CC=C3CC(CC(C3)O)O)C,416.6,5,60.7,3,3,5
Eszopiclone,969472,CN1CCN(CC1)C(=O)OC2C3=NC=CN=C3C(=O)N2C4=NC=C(C=C4)Cl,388.8,0.5,91.8,0,7,3
Robenacoxib,6433107,CCC1=CC(=C(C=C1)NC2=C(C(=CC(=C2F)F)F)F)CC(=O)O,327.27,4.1,49.3,2,7,5
Phosmet,12901,COP(=S)(OC)SCN1C(=O)C2=CC=CC=C2C1=O,317.3,2.8,113.0,0,6,5
Dicloxacillin,18381,CC1=C(C(=NO1)C2=C(C=CC=C2Cl)Cl)C(=O)NC3C4N(C3=O)C(C(S4)(C)C)C(=O)O,470.3,2.9,138.0,2,7,4
Tamoxifen,2733526,CCC(=C(C1=CC=CC=C1)C2=CC=C(C=C2)OCCN(C)C)C3=CC=CC=C3,371.5,7.1,12.5,0,2,8
Dexmedetomidine,5311068,CC1=C(C(=CC=C1)C(C)C2=CN=CN2)C,200.28,3.1,28.7,1,1,2
Andrographolide,5318517,CC12CCC(C(C1CCC(=C)C2CC=C3C(COC3=O)O)(C)CO)O,350.4,2.2,87.0,3,5,3
Cinchocaine,3025,CCCCOC1=NC2=CC=CC=C2C(=C1)C(=O)NCCN(CC)CC,343.5,4.4,54.5,1,4,10
Nateglinide,5311309,CC(C)C1CCC(CC1)C(=O)NC(CC2=CC=CC=C2)C(=O)O,317.4,3.2,66.4,2,3,6
Muraglitazar,206044,CC1=C(N=C(O1)C2=CC=CC=C2)CCOC3=CC=C(C=C3)CN(CC(=O)O)C(=O)OC4=CC=C(C=C4)OC,516.5,5.2,111.0,1,8,12
Lapatinib,208908,CS(=O)(=O)CCNCC1=CC=C(O1)C2=CC3=C(C=C2)N=CN=C3NC4=CC(=C(C=C4)OCC5=CC(=CC=C5)F)Cl,581.1,5.1,115.0,2,9,11
7-((Carboxy(4-Hydroxyphenyl)Acetyl)Amino)-7-Methoxy-(3-((1-Methyl-1h-Tetrazol-5-Yl)Thio)Methyl)-8-Oxo-5-Oxa-1-Azabicyclo[4.2.0]Oct-2-Ene-2-Carboxylic Acid,5488645,CN1C(=NN=N1)SCC2=C(N3C(C(C3=O)(NC(=O)C(C4=CC=C(C=C4)O)C(=O)O)OC)OC2)C(=O)O,520.5,-0.6,232.0,4,13,9
Oxycodone,5284603,CN1CCC23C4C(=O)CCC2(C1CC5=C3C(=C(C=C5)OC)O4)O,315.4,1.2,59.0,1,5,1
Framycetin,8378,C1C(C(C(C(C1N)OC2C(C(C(C(O2)CN)O)O)N)OC3C(C(C(O3)CO)OC4C(C(C(C(O4)CN)O)O)N)O)O)N,614.6,-9,353.0,13,19,9
Chloroprocaine,8612,CCN(CC)CCOC(=O)C1=C(C=C(C=C1)N)Cl,270.75,2.9,55.6,1,4,7
Arotinolol,2239,CC(C)(C)NCC(CSC1=NC(=CS1)C2=CC=C(S2)C(=O)N)O,371.5,2.3,170.0,3,7,8
Tiaprofenic acid,5468,CC(C1=CC=C(S1)C(=O)C2=CC=CC=C2)C(=O)O,260.31,3.3,82.6,1,4,4
Vinbarbital,5284636,CCC=C(C)C1(C(=O)NC(=O)NC1=O)CC,224.26,1.7,75.3,2,3,3
Clomipramine,2801,CN(C)CCCN1C2=CC=CC=C2CCC3=C1C=C(C=C3)Cl,314.9,5.2,6.5,0,2,4
Cabergoline,54746,CCNC(=O)N(CCCN(C)C)C(=O)C1CC2C(CC3=CNC4=CC=CC2=C34)N(C1)CC=C,451.6,3.4,71.7,2,4,8
Fentanyl,3345,CCC(=O)N(C1CCN(CC1)CCC2=CC=CC=C2)C3=CC=CC=C3,336.5,4,23.6,0,2,6
Nitric Oxide,145068,[N]=O,30.006,0.2,18.1,0,1,0
Telaprevir,3010818,CCCC(C(=O)C(=O)NC1CC1)NC(=O)C2C3CCCC3CN2C(=O)C(C(C)(C)C)NC(=O)C(C4CCCCC4)NC(=O)C5=NC=CN=C5,679.8,4.2,180.0,4,8,14
Farnesyl thiopyrophosphate,657041,CC(=CCCC(=CCCC(=CCSP(=O)(O)OP(=O)(O)O)C)C)C,398.4,3,129.0,3,7,11
Venlafaxine,5656,CN(C)CC(C1=CC=C(C=C1)OC)C2(CCCCC2)O,277.4,2.9,32.7,1,3,5
Moxonidine,4810,CC1=NC(=C(C(=N1)Cl)NC2=NCCN2)OC,241.68,0.6,71.4,2,4,3
Chloropyramine,25295,CN(C)CCN(CC1=CC=C(C=C1)Cl)C2=CC=CC=N2,289.80,3.9,19.4,0,3,6
Brexanolone,92786,CC(=O)C1CCC2C1(CCC3C2CCC4C3(CCC(C4)O)C)C,318.5,4.9,37.3,1,2,1
Doxorubicin,31703,CC1C(C(CC(O1)OC2CC(CC3=C2C(=C4C(=C3O)C(=O)C5=C(C4=O)C(=CC=C5)OC)O)(C(=O)CO)O)N)O,543.5,1.3,206.0,6,12,5
Edivoxetine,11186829,COC1=C(C=C(C=C1)F)CC(C2CCOCC2)(C3CNCCO3)O,339.4,1.3,60.0,2,6,5
Fostamatinib,11671467,CC1(C(=O)N(C2=C(O1)C=CC(=N2)NC3=NC(=NC=C3F)NC4=CC(=C(C(=C4)OC)OC)OC)COP(=O)(O)O)C,580.5,1.6,187.0,4,15,10
Ivabradine,132999,CN(CCCN1CCC2=CC(=C(C=C2CC1=O)OC)OC)CC3CC4=CC(=C(C=C34)OC)OC,468.6,2.4,60.5,0,6,10
Netoglitazone,204109,C1=CC=C(C(=C1)COC2=CC3=C(C=C2)C=C(C=C3)CC4C(=O)NC(=O)S4)F,381.4,4.9,80.7,1,5,5
Ifenprodil,3689,CC(C(C1=CC=C(C=C1)O)O)N2CCC(CC2)CC3=CC=CC=C3,325.4,3.9,43.7,2,3,5
Padeliporfin,171041442,[H+].[H+].CCC1C(C2=NC1=CC3=C(C(=C([N-]3)C(=C4C(C(C(=N4)C=C5C(=C(C(=C2)[N-]5)C(=O)C)C)C)CCC(=O)[O-])CC(=O)OC)C(=O)NCCS(=O)(=O)[O-])C)C.[Pd+2],840.3,,205.0,3,13,10
Coumaphos,2871,CCOP(=S)(OCC)OC1=CC2=C(C=C1)C(=C(C(=O)O2)Cl)C,362.8,4.5,86.1,0,6,6
Diosmin,5281613,CC1C(C(C(C(O1)OCC2C(C(C(C(O2)OC3=CC(=C4C(=C3)OC(=CC4=O)C5=CC(=C(C=C5)OC)O)O)O)O)O)O)O)O,608.5,-0.8,234.0,8,15,7
Fluorouracil,3385,C1=C(C(=O)NC(=O)N1)F,130.08,-0.9,58.2,2,3,0
Dalfopristin,6323289,CCN(CC)CCS(=O)(=O)C1CCN2C1C(=O)OC(C(C=CC(=O)NCC=CC(=CC(CC(=O)CC3=NC(=CO3)C2=O)O)C)C)C(C)C,690.8,2.2,185.0,2,11,7
Melagatran,183797,C1CCC(CC1)C(C(=O)N2CCC2C(=O)NCC3=CC=C(C=C3)C(=N)N)NCC(=O)O,429.5,-1,149.0,5,6,9
Hydroflumethiazide,3647,C1NC2=C(C=C(C(=C2)C(F)(F)F)S(=O)(=O)N)S(=O)(=O)N1,331.3,0.4,135.0,3,10,1
Fluocortolone,9053,CC1CC2C3CC(C4=CC(=O)C=CC4(C3C(CC2(C1C(=O)CO)C)O)C)F,376.5,2.4,74.6,2,5,2
Apalutamide,24872560,CNC(=O)C1=C(C=C(C=C1)N2C(=S)N(C(=O)C23CCC3)C4=CC(=C(N=C4)C#N)C(F)(F)F)F,477.4,3,121.0,1,9,3
Lefamulin,58076382,CC1CCC23CCC(=O)C2C1(C(CC(C(C3C)O)(C)C=C)OC(=O)CSC4CCC(CC4O)N)C,507.7,4.3,135.0,3,7,6
Orciprenaline,4086,CC(C)NCC(C1=CC(=CC(=C1)O)O)O,211.26,0.7,72.7,4,4,4
Sertraline,68617,CNC1CCC(C2=CC=CC=C12)C3=CC(=C(C=C3)Cl)Cl,306.2,4.8,12.0,1,1,2
Otilonium,72093,CCCCCCCCOC1=CC=CC=C1C(=O)NC2=CC=C(C=C2)C(=O)OCC[N+](C)(CC)CC,483.7,6.8,64.6,1,4,17
Imipramine,3696,CN(C)CCCN1C2=CC=CC=C2CCC3=CC=CC=C31,280.4,4.8,6.5,0,2,4
Flumequine,3374,CC1CCC2=C3N1C=C(C(=O)C3=CC(=C2)F)C(=O)O,261.25,2.9,57.6,1,5,1
Allylestrenol,235905,CC12CCC3C(C1CCC2(CC=C)O)CCC4=CCCCC34,300.5,5.3,20.2,1,1,2
Lenacapavir,133082658,CC(C)(C#CC1=NC(=C(C=C1)C2=C3C(=C(C=C2)Cl)C(=NN3CC(F)(F)F)NS(=O)(=O)C)C(CC4=CC(=CC(=C4)F)F)NC(=O)CN5C6=C(C7CC7C6(F)F)C(=N5)C(F)(F)F)S(=O)(=O)C,968.3,6.4,175.0,2,19,13
Hydralazine,3637,C1=CC=C2C(=C1)C=NN=C2NN,160.18,0.7,63.8,2,4,1
(R)-etodolac,667528,CCC1=C2C(=CC=C1)C3=C(N2)C(OCC3)(CC)CC(=O)O,287.35,2.8,62.3,2,3,4
Latanoprostene bunod,11156438,C1C(C(C(C1O)CC=CCCCC(=O)OCCCCO[N+](=O)[O-])CCC(CCC2=CC=CC=C2)O)O,507.6,4.4,142.0,3,8,18
Methantheline,4097,CC[N+](C)(CC)CCOC(=O)C1C2=CC=CC=C2OC3=CC=CC=C13,340.4,3.3,35.5,0,3,7
Gentamicin,3467,CC(C1CCC(C(O1)OC2C(CC(C(C2O)OC3C(C(C(CO3)(C)O)NC)O)N)N)N)NC,477.6,-4.1,200.0,8,12,7
Taxifolin,439533,C1=CC(=C(C=C1C2C(C(=O)C3=C(C=C(C=C3O2)O)O)O)O)O,304.25,1.5,127.0,5,7,1
Cimetidine,2756,CC1=C(N=CN1)CSCCNC(=NC)NC#N,252.34,0.4,114.0,3,4,7
Aprepitant,135413536,CC(C1=CC(=CC(=C1)C(F)(F)F)C(F)(F)F)OC2C(N(CCO2)CC3=NNC(=O)N3)C4=CC=C(C=C4)F,534.4,4.2,75.2,2,12,6
Cyproheptadine,2913,CN1CCC(=C2C3=CC=CC=C3C=CC4=CC=CC=C42)CC1,287.4,4.7,3.2,0,1,0
Relcovaptan,60943,COC1=C(C=C(C=C1)S(=O)(=O)N2C(C(C3=C2C=CC(=C3)Cl)(C4=CC=CC=C4Cl)O)C(=O)N5CCCC5C(=O)N)OC,620.5,3.8,148.0,2,8,7
Phenobarbital,4763,CCC1(C(=O)NC(=O)NC1=O)C2=CC=CC=C2,232.23,1.5,75.3,2,3,2
Revefenacin,11753673,CN(CCN1CCC(CC1)OC(=O)NC2=CC=CC=C2C3=CC=CC=C3)C(=O)C4=CC=C(C=C4)CN5CCC(CC5)C(=O)N,597.7,4.1,108.0,2,6,11
Pentostatin,439693,C1C(C(OC1N2C=NC3=C2NC=NCC3O)CO)O,268.27,-2.1,112.0,4,6,2
Benmoxin,71671,CC(C1=CC=CC=C1)NNC(=O)C2=CC=CC=C2,240.30,2.9,41.1,2,2,4
Phenglutarimide,102669,CCN(CC)CCC1(CCC(=O)NC1=O)C2=CC=CC=C2,288.4,2.1,49.4,1,3,6
Metolazone,4170,CC1NC2=CC(=C(C=C2C(=O)N1C3=CC=CC=C3C)S(=O)(=O)N)Cl,365.8,4.1,101.0,2,5,2
Phenoperidine,11226,CCOC(=O)C1(CCN(CC1)CCC(C2=CC=CC=C2)O)C3=CC=CC=C3,367.5,3.7,49.8,1,4,8
Lacidipine,5311217,CCOC(=O)C1=C(NC(=C(C1C2=CC=CC=C2C=CC(=O)OC(C)(C)C)C(=O)OCC)C)C,455.5,4.5,90.9,1,7,11
Delorazepam,17925,C1C(=O)NC2=C(C=C(C=C2)Cl)C(=N1)C3=CC=CC=C3Cl,305.2,3.1,41.5,1,2,1
Fludrocortisone,31378,CC12CCC(=O)C=C1CCC3C2(C(CC4(C3CCC4(C(=O)CO)O)C)O)F,380.4,1.7,94.8,3,6,2
Dienestrol,667476,CC=C(C1=CC=C(C=C1)O)C(=CC)C2=CC=C(C=C2)O,266.3,5.4,40.5,2,2,3
Fostemsavir,11319217,CC1=NN(C=N1)C2=NC=C(C3=C2N(C=C3C(=O)C(=O)N4CCN(CC4)C(=O)C5=CC=CC=C5)COP(=O)(O)O)OC,583.5,-0.1,182.0,2,11,8
Ibutilide,60753,CCCCCCCN(CC)CCCC(C1=CC=C(C=C1)NS(=O)(=O)C)O,384.6,4,78.0,2,5,14
DL-Methylephedrine,64782,CC(C(C1=CC=CC=C1)O)N(C)C,179.26,1.7,23.5,1,2,3
Deferasirox,214348,C1=CC=C(C(=C1)C2=NN(C(=N2)C3=CC=CC=C3O)C4=CC=C(C=C4)C(=O)O)O,373.4,3.8,108.0,3,6,4
Tramadol,33741,CN(C)CC1CCCCC1(C2=CC(=CC=C2)OC)O,263.37,2.6,32.7,1,3,4
Clarithromycin,84029,CCC1C(C(C(C(=O)C(CC(C(C(C(C(C(=O)O1)C)OC2CC(C(C(O2)C)O)(C)OC)C)OC3C(C(CC(O3)C)N(C)C)O)(C)OC)C)C)O)(C)O,748.0,3.2,183.0,4,14,8
Naftidrofuryl,4417,CCN(CC)CCOC(=O)C(CC1CCCO1)CC2=CC=CC3=CC=CC=C32,383.5,4.8,38.8,0,4,11
Cycloserine,6234,C1C(C(=O)NO1)N,102.09,-1.5,64.4,2,3,0
Isradipine,3784,CC1=C(C(C(=C(N1)C)C(=O)OC(C)C)C2=CC=CC3=NON=C32)C(=O)OC,371.4,4.3,104.0,1,8,6
Tenoxicam,54677971,CN1C(=C(C2=C(S1(=O)=O)C=CS2)O)C(=O)NC3=CC=CC=N3,337.4,1.1,136.0,2,7,2
Ethambutol,14052,CCC(CO)NCCNC(CC)CO,204.31,-0.1,64.5,4,4,9
Paramethadione,8280,CCC1(C(=O)N(C(=O)O1)C)C,157.17,0.8,46.6,0,3,1
Oxaprozin,4614,C1=CC=C(C=C1)C2=C(OC(=N2)CCC(=O)O)C3=CC=CC=C3,293.3,4.2,63.3,1,4,5
Iprindole,21722,CN(C)CCCN1C2=C(CCCCCC2)C3=CC=CC=C31,284.4,4.6,8.2,0,1,4
Ergometrine,443884,CC(CO)NC(=O)C1CN(C2CC3=CNC4=CC=CC(=C34)C2=C1)C,325.4,1.8,68.4,3,3,3
Dibromotyrosine,67532,C1=C(C=C(C(=C1Br)O)Br)CC(C(=O)O)N,338.98,-0.4,83.6,3,4,3
Prothipendyl,14670,CN(C)CCCN1C2=CC=CC=C2SC3=C1N=CC=C3,285.4,3.4,44.7,0,4,4
Dextrorphan,5360697,CN1CCC23CCCCC2C1CC4=C3C=C(C=C4)O,257.37,3.1,23.5,1,2,0
Epirizole,3242,CC1=CC(=NC(=N1)N2C(=CC(=N2)C)OC)OC,234.25,1.3,62.1,0,5,3
Amdinocillin,36273,CC1(C(N2C(S1)C(C2=O)N=CN3CCCCCC3)C(=O)O)C,325.4,2.1,98.5,1,5,3
Protriptyline,4976,CNCCCC1C2=CC=CC=C2C=CC3=CC=CC=C13,263.4,4.4,12.0,1,1,4
"2,5-Dimethoxy-4-ethylthioamphetamine",10264356,CCSC1=C(C=C(C(=C1)OC)CC(C)N)OC,255.38,2.5,69.8,1,4,6
Tetracaine,5411,CCCCNC1=CC=C(C=C1)C(=O)OCCN(C)C,264.36,3.7,41.6,1,4,9
Velpatasvir,67683363,CC1CCC(N1C(=O)C(C(C)C)NC(=O)OC)C2=NC3=C(N2)C=CC4=CC5=C(C=C43)OCC6=C5C=CC(=C6)C7=CN=C(N7)C8CC(CN8C(=O)C(C9=CC=CC=C9)NC(=O)OC)COC,883.0,6.2,193.0,4,10,13
L-deprenyl-D2 C-11,90274764,CC(CC1=CC=CC=C1)N(C)CC#C,188.29,2.8,3.2,0,1,4
Harmaline,3564,CC1=NCCC2=C1NC3=C2C=CC(=C3)OC,214.26,2.1,37.4,1,2,1
(R)-Praziquantel,445900,C1CCC(CC1)C(=O)N2CC3C4=CC=CC=C4CCN3C(=O)C2,312.4,2.7,40.6,0,2,1
Hydrocortisone cypionate,223253,CC12CCC(=O)C=C1CCC3C2C(CC4(C3CCC4(C(=O)COC(=O)CCC5CCCC5)O)C)O,486.6,4.7,101.0,2,6,7
Bupropion,444,CC(C(=O)C1=CC(=CC=C1)Cl)NC(C)(C)C,239.74,3.2,29.1,1,2,4
2-Fluoroadenosine,8975,C1=NC2=C(N=C(N=C2N1C3C(C(C(O3)CO)O)O)F)N,285.23,-0.6,140.0,4,9,2
Etifoxine,135413553,CCN=C1NC2=C(C=C(C=C2)Cl)C(O1)(C)C3=CC=CC=C3,300.8,4.1,33.6,1,2,2
Diazepam,3016,CN1C(=O)CN=C(C2=C1C=CC(=C2)Cl)C3=CC=CC=C3,284.74,3,32.7,0,2,1
Phenformin,8249,C1=CC=C(C=C1)CCN=C(N)N=C(N)N,205.26,-0.8,103.0,3,1,4
Thiosalicylic acid,5443,C1=CC=C(C(=C1)C(=O)O)S,154.19,2.4,38.3,2,3,1
Proquazone,31508,CC1=CC2=C(C=C1)C(=NC(=O)N2C(C)C)C3=CC=CC=C3,278.3,3,32.7,0,1,2
Gemcitabine,60750,C1=CN(C(=O)N=C1N)C2C(C(C(O2)CO)O)(F)F,263.20,-1.5,108.0,3,6,2
Ondansetron,4595,CC1=NC=CN1CC2CCC3=C(C2=O)C4=CC=CC=C4N3C,293.4,2.3,39.8,0,2,2
Alprenolol,2119,CC(C)NCC(COC1=CC=CC=C1CC=C)O,249.35,3.1,41.5,2,3,8
Plazomicin,42613186,CC1(COC(C(C1NC)O)OC2C(CC(C(C2O)OC3C(CC=C(O3)CNCCO)N)N)NC(=O)C(CCN)O)O,592.7,-6.2,269.0,11,15,13
Tretamine,5799,C1CN1C2=NC(=NC(=N2)N3CC3)N4CC4,204.23,0.7,47.7,0,6,3
Trimebutine,5573,CCC(COC(=O)C1=CC(=C(C(=C1)OC)OC)OC)(C2=CC=CC=C2)N(C)C,387.5,4,57.2,0,6,10
Rilmenidine,68712,C1CC1C(C2CC2)NC3=NCCO3,180.25,1.2,33.6,1,2,4
Cefradine,38103,CC1=C(N2C(C(C2=O)NC(=O)C(C3=CCC=CC3)N)SC1)C(=O)O,349.4,0.4,138.0,3,6,4
Doxacurium,60169,C[N+]1(CCC2=CC(=C(C(=C2C1CC3=CC(=C(C(=C3)OC)OC)OC)OC)OC)OC)CCCOC(=O)CCC(=O)OCCC[N+]4(CCC5=CC(=C(C(=C5C4CC6=CC(=C(C(=C6)OC)OC)OC)OC)OC)OC)C,1035.2,7.4,163.0,0,16,29
Clonazepam,2802,C1C(=O)NC2=C(C=C(C=C2)[N+](=O)[O-])C(=N1)C3=CC=CC=C3Cl,315.71,2.4,87.3,1,4,1
Cetirizine,2678,C1CN(CCN1CCOCC(=O)O)C(C2=CC=CC=C2)C3=CC=C(C=C3)Cl,388.9,1.7,53.0,1,5,8
Alexitol sodium,91663271,C(C(C(C(C(CO)O)O)O)O)O.C(=O)([O-])[O-].[OH-].[Na+].[Al+3],309.16,,186.0,7,10,5
Glecaprevir,66828839,CC1(CC1)S(=O)(=O)NC(=O)C2(CC2C(F)F)NC(=O)C3CC4CN3C(=O)C(NC(=O)OC5CCCC5OCC=CC(C6=NC7=CC=CC=C7N=C6O4)(F)F)C(C)(C)C,838.9,4.6,204.0,3,15,7
Nanatinostat,49857317,C1C2C(C2NCC3=NC4=C(C=C3)C=C(C=C4)F)CN1C5=NC=C(C=N5)C(=O)NO,394.4,1,103.0,3,8,5
Estazolam,3261,C1C2=NN=CN2C3=C(C=C(C=C3)Cl)C(=N1)C4=CC=CC=C4,294.74,1.7,43.1,0,3,1
Dexibuprofen,39912,CC(C)CC1=CC=C(C=C1)C(C)C(=O)O,206.28,3.5,37.3,1,2,4
1-deoxymannojirimycin,72258,C1C(C(C(C(N1)CO)O)O)O,163.17,-2.3,93.0,5,5,1
Daclatasvir,25154714,CC(C)C(C(=O)N1CCCC1C2=NC=C(N2)C3=CC=C(C=C3)C4=CC=C(C=C4)C5=CN=C(N5)C6CCCN6C(=O)C(C(C)C)NC(=O)OC)NC(=O)OC,738.9,5.1,175.0,4,8,13
Nifenazone,4487,CC1=C(C(=O)N(N1C)C2=CC=CC=C2)NC(=O)C3=CN=CC=C3,308.33,2,65.5,1,4,3
Butobarbital,6473,CCCCC1(C(=O)NC(=O)NC1=O)CC,212.25,1.7,75.3,2,3,4
Ceftazidime,5481173,CC(C)(C(=O)O)ON=C(C1=CSC(=N1)N)C(=O)NC2C3N(C2=O)C(=C(CS3)C[N+]4=CC=CC=C4)C(=O)[O-],546.6,0.4,245.0,3,12,8
Ozanimod,52938427,CC(C)OC1=C(C=C(C=C1)C2=NC(=NO2)C3=C4CCC(C4=CC=C3)NCCO)C#N,404.5,3.1,104.0,2,7,7
Crizotinib,11626560,CC(C1=C(C=CC(=C1Cl)F)Cl)OC2=C(N=CC(=C2)C3=CN(N=C3)C4CCNCC4)N,450.3,3.7,78.0,2,6,5
Teneligliptin,11949652,CC1=NN(C(=C1)N2CCN(CC2)C3CC(NC3)C(=O)N4CCSC4)C5=CC=CC=C5,426.6,2.4,81.9,1,6,4
Folic acid,135398658,C1=CC(=CC=C1C(=O)NC(CCC(=O)O)C(=O)O)NCC2=CN=C3C(=N2)C(=O)NC(=N3)N,441.4,-1.1,209.0,6,10,9
Angiotensin 1-7,123805,CCC(C)C(C(=O)NC(CC1=CN=CN1)C(=O)N2CCCC2C(=O)O)NC(=O)C(CC3=CC=C(C=C3)O)NC(=O)C(C(C)C)NC(=O)C(CCCN=C(N)N)NC(=O)C(CC(=O)O)N,899.0,-3,380.0,12,14,25
Xylazine,5707,CC1=C(C(=CC=C1)C)NC2=NCCCS2,220.34,2.8,49.7,1,2,2
Vortioxetine,9966051,CC1=CC(=C(C=C1)SC2=CC=CC=C2N3CCNCC3)C,298.4,4.2,40.6,1,3,3
Clofenamide,69594,C1=CC(=C(C=C1S(=O)(=O)N)S(=O)(=O)N)Cl,270.7,-0.7,137.0,2,6,2
Tropicamide,5593,CCN(CC1=CC=NC=C1)C(=O)C(CO)C2=CC=CC=C2,284.35,1.5,53.4,1,3,6
Desipramine,2995,CNCCCN1C2=CC=CC=C2CCC3=CC=CC=C31,266.4,4.9,15.3,1,2,4
Difenpiramide,100472,C1=CC=C(C=C1)C2=CC=C(C=C2)CC(=O)NC3=CC=CC=N3,288.3,3.8,42.0,1,2,4
Mefenamic acid,4044,CC1=C(C(=CC=C1)NC2=CC=CC=C2C(=O)O)C,241.28,5.1,49.3,2,3,3
Zolmitriptan,60857,CN(C)CCC1=CNC2=C1C=C(C=C2)CC3COC(=O)N3,287.36,2.2,57.4,2,3,5
Midazolam,4192,CC1=NC=C2N1C3=C(C=C(C=C3)Cl)C(=NC2)C4=CC=CC=C4F,325.8,2.5,30.2,0,3,1
Medrysone,247839,CC1CC2C3CCC(C3(CC(C2C4(C1=CC(=O)CC4)C)O)C)C(=O)C,344.5,2.7,54.4,1,3,1
Naftopidil,4418,COC1=CC=CC=C1N2CCN(CC2)CC(COC3=CC=CC4=CC=CC=C43)O,392.5,4.1,45.2,1,5,7
Etorphine,644209,CCCC(C)(C1CC23C=CC1(C4C25CCN(C3CC6=C5C(=C(C=C6)O)O4)C)OC)O,411.5,3.1,62.2,2,5,4
Butamben,2482,CCCCOC(=O)C1=CC=C(C=C1)N,193.24,2.9,52.3,1,3,5
Tolmetin,5509,CC1=CC=C(C=C1)C(=O)C2=CC=C(N2C)CC(=O)O,257.28,2.8,59.3,1,3,4
Bencyclane,2312,CN(C)CCCOC1(CCCCCC1)CC2=CC=CC=C2,289.5,4.6,12.5,0,2,7
Rifaximin,6436173,CC1C=CC=C(C(=O)NC2=C(C3=C(C4=C(C(=C3O)C)OC(C4=O)(OC=CC(C(C(C(C(C(C1O)C)O)C)OC(=O)C)C)OC)C)C5=C2N6C=CC(=CC6=N5)C)O)C,785.9,6.9,198.0,5,12,3
Sulfamethoxazole,5329,CC1=CC(=NO1)NS(=O)(=O)C2=CC=C(C=C2)N,253.28,0.9,107.0,2,6,3
Digoxin,2724385,CC1C(C(CC(O1)OC2C(OC(CC2O)OC3C(OC(CC3O)OC4CCC5(C(C4)CCC6C5CC(C7(C6(CCC7C8=CC(=O)OC8)O)C)O)C)C)C)O)O,780.9,1.3,203.0,6,14,7
Cidoxepin,667468,CN(C)CCC=C1C2=CC=CC=C2COC3=CC=CC=C31,279.4,4.3,12.5,0,2,3
Bendroflumethiazide,2315,C1=CC=C(C=C1)CC2NC3=C(C=C(C(=C3)C(F)(F)F)S(=O)(=O)N)S(=O)(=O)N2,421.4,1.2,135.0,3,10,3
Glutethimide,3487,CCC1(CCC(=O)NC1=O)C2=CC=CC=C2,217.26,1.9,46.2,1,2,2
Lithium cation,28486,[Li+],7.0,,0.0,0,0,0
Drospirenone,68873,CC12CCC(=O)C=C1C3CC3C4C2CCC5(C4C6CC6C57CCC(=O)O7)C,366.5,3.5,43.4,0,3,0
Tolbutamide,5505,CCCCNC(=O)NS(=O)(=O)C1=CC=C(C=C1)C,270.35,2.3,83.7,2,3,5
Hydroxyprogesterone caproate,169870,CCCCCC(=O)OC1(CCC2C1(CCC3C2CCC4=CC(=O)CCC34C)C)C(=O)C,428.6,5.7,60.4,0,4,7
Elexacaftor,134587348,CC1CC(N(C1)C2=C(C=CC(=N2)N3C=CC(=N3)OCC(C)(C)C(F)(F)F)C(=O)NS(=O)(=O)C4=CN(N=C4C)C)(C)C,597.7,4.9,133.0,1,11,8
Vinblastine,13342,CCC1(CC2CC(C3=C(CCN(C2)C1)C4=CC=CC=C4N3)(C5=C(C=C6C(=C5)C78CCN9C7C(C=CC9)(C(C(C8N6C)(C(=O)OC)O)OC(=O)C)CC)OC)C(=O)OC)O,811.0,3.7,154.0,3,12,10
Enalaprilat,5462501,CC(C(=O)N1CCCC1C(=O)O)NC(CCC2=CC=CC=C2)C(=O)O,348.4,-0.7,107.0,3,6,8
Sumatriptan,5358,CNS(=O)(=O)CC1=CC2=C(C=C1)NC=C2CCN(C)C,295.40,0.9,73.6,2,4,6
Thiopental,3000715,CCCC(C)C1(C(=O)NC(=S)NC1=O)CC,242.34,2.9,90.3,2,3,4
Halothane,3562,C(C(F)(F)F)(Cl)Br,197.38,2.3,0.0,0,3,0
Tolazoline,5504,C1CN=C(N1)CC2=CC=CC=C2,160.22,2.6,24.4,1,1,2
Hypoxanthine,135398638,C1=NC2=C(N1)C(=O)NC=N2,136.11,-0.5,70.1,2,3,0
Didox,3045,C1=CC(=C(C=C1C(=O)NO)O)O,169.13,0.4,89.8,4,4,1
Desmopressin,5311065,C1CC(N(C1)C(=O)C2CSSCCC(=O)NC(C(=O)NC(C(=O)NC(C(=O)NC(C(=O)N2)CC(=O)N)CCC(=O)N)CC3=CC=CC=C3)CC4=CC=C(C=C4)O)C(=O)NC(CCCN=C(N)N)C(=O)NCC(=O)N,1069.2,-4,489.0,13,15,19
Molindone,23897,CCC1=C(NC2=C1C(=O)C(CC2)CN3CCOCC3)C,276.37,1.7,45.3,1,3,3
Bumadizone,19161,CCCCC(C(=O)N(C1=CC=CC=C1)NC2=CC=CC=C2)C(=O)O,326.4,4.9,69.6,2,4,8
Selenious acid,1091,O[Se](=O)O,128.99,,57.5,2,3,0
Nabilone,5284592,CCCCCCC(C)(C)C1=CC(=C2C3CC(=O)CCC3C(OC2=C1)(C)C)O,372.5,6.4,46.5,1,3,6
Mazaticol,68667,CC1(CCC2CC(CC1N2C)OC(=O)C(C3=CC=CS3)(C4=CC=CS4)O)C,405.6,4.5,106.0,1,6,5
Capecitabine,60953,CCCCCOC(=O)NC1=NC(=O)N(C=C1F)C2C(C(C(O2)C)O)O,359.35,0.6,121.0,3,7,7
Kebuzone,3824,CC(=O)CCC1C(=O)N(N(C1=O)C2=CC=CC=C2)C3=CC=CC=C3,322.4,1.2,57.7,0,3,5
Phenmetrazine,4762,CC1C(OCCN1)C2=CC=CC=C2,177.24,1.4,21.3,1,2,1
Arsenic trioxide,14888,[O-2].[O-2].[O-2].[As+3].[As+3],197.841,,3.0,0,3,0
Tivozanib,9911830,CC1=CC(=NO1)NC(=O)NC2=C(C=C(C=C2)OC3=C4C=C(C(=CC4=NC=C3)OC)OC)Cl,454.9,4,108.0,2,7,6
Trimethaphan,23576,C1CC2C3C(C[S+]2C1)N(C(=O)N3CC4=CC=CC=C4)CC5=CC=CC=C5,365.5,3.6,24.6,0,1,4
Flumazenil,3373,CCOC(=O)C1=C2CN(C(=O)C3=C(N2C=N1)C=CC(=C3)F)C,303.29,1,64.4,0,5,3
Saprisartan,60921,CCC1=NC(=C(N1CC2=CC3=C(C=C2)OC(=C3Br)C4=CC=CC=C4NS(=O)(=O)C(F)(F)F)C(=O)N)C5CC5,611.4,5.2,129.0,2,9,8
Ethyl biscoumacetate,54685524,CCOC(=O)C(C1=C(C2=CC=CC=C2OC1=O)O)C3=C(C4=CC=CC=C4OC3=O)O,408.4,2.5,119.0,2,8,5
Elafibranor,9864881,CC1=CC(=CC(=C1OC(C)(C)C(=O)O)C)C=CC(=O)C2=CC=C(C=C2)SC,384.5,5.1,88.9,1,5,7
Boceprevir,10324367,CC1(C2C1C(N(C2)C(=O)C(C(C)(C)C)NC(=O)NC(C)(C)C)C(=O)NC(CC3CCC3)C(=O)C(=O)N)C,519.7,3.1,151.0,4,5,10
Carbetocin,16681432,CCC(C)C1C(=O)NC(C(=O)NC(C(=O)NC(CSCCCC(=O)NC(C(=O)N1)CC2=CC=C(C=C2)OC)C(=O)N3CCCC3C(=O)NC(CC(C)C)C(=O)NCC(=O)N)CC(=O)N)CCC(=O)N,988.2,-1.1,388.0,10,13,18
Acefylline,69550,CN1C2=C(C(=O)N(C1=O)C)N(C=N2)CC(=O)O,238.20,-0.8,95.7,1,5,2
Sulfamethoxypyridazine,5330,COC1=NN=C(C=C1)NS(=O)(=O)C2=CC=C(C=C2)N,280.31,0.3,116.0,2,7,4
Testosterone cypionate,441404,CC12CCC3C(C1CCC2OC(=O)CCC4CCCC4)CCC5=CC(=O)CCC35C,412.6,6.4,43.4,0,3,5
Noscapine,275196,CN1CCC2=CC3=C(C(=C2C1C4C5=C(C(=C(C=C5)OC)OC)C(=O)O4)OC)OCO3,413.4,2.7,75.7,0,8,4
Cibenzoline,2747,C1CN=C(N1)C2CC2(C3=CC=CC=C3)C4=CC=CC=C4,262.3,2.7,24.4,1,1,3
Erdafitinib,67462786,CC(C)NCCN(C1=CC2=NC(=CN=C2C=C1)C3=CN(N=C3)C)C4=CC(=CC(=C4)OC)OC,446.5,3.2,77.3,1,7,9
Bunazosin,2472,CCCC(=O)N1CCCN(CC1)C2=NC3=CC(=C(C=C3C(=N2)N)OC)OC,373.4,2.2,93.8,1,7,5
Primidone,4909,CCC1(C(=O)NCNC1=O)C2=CC=CC=C2,218.25,0.9,58.2,2,2,2
Fluphenazine,3372,C1CN(CCN1CCCN2C3=CC=CC=C3SC4=C2C=C(C=C4)C(F)(F)F)CCO,437.5,4.4,55.3,1,8,6
Hydrogen iodide,24841,I,127.9124,0.9,0.0,1,0,0
Secobarbital,5193,CCCC(C)C1(C(=O)NC(=O)NC1=O)CC=C,238.28,2,75.3,2,3,5
Naproxen,156391,CC(C1=CC2=C(C=C1)C=C(C=C2)OC)C(=O)O,230.26,3.3,46.5,1,3,3
Bleomycin,5360373,CC1=C(N=C(N=C1N)C(CC(=O)N)NCC(C(=O)N)N)C(=O)NC(C(C2=CN=CN2)OC3C(C(C(C(O3)CO)O)O)OC4C(C(C(C(O4)CO)O)OC(=O)N)O)C(=O)NC(C)C(C(C)C(=O)NC(C(C)O)C(=O)NCCC5=NC(=CS5)C6=NC(=CS6)C(=O)NCCC[S+](C)C)O,1415.6,-7.5,685.0,20,31,36
Palifosfamide,100427,C(CCl)NP(=O)(NCCCl)O,221.02,-0.4,61.4,3,4,6
Ethadione,10630,CCN1C(=O)C(OC1=O)(C)C,157.17,0.7,46.6,0,3,1
Lonafarnib,148195,C1CN(CCC1CC(=O)N2CCC(CC2)C3C4=C(CCC5=C3N=CC(=C5)Br)C=C(C=C4Br)Cl)C(=O)N,638.8,4.8,79.5,1,3,3
Bezafibrate,39042,CC(C)(C(=O)O)OC1=CC=C(C=C1)CCNC(=O)C2=CC=C(C=C2)Cl,361.8,3.8,75.6,2,4,7
Romifidine,71969,C1CN=C(N1)NC2=C(C=CC=C2Br)F,258.09,1.4,36.4,2,2,2
Amobarbital,2164,CCC1(C(=O)NC(=O)NC1=O)CCC(C)C,226.27,2.1,75.3,2,3,4
Probenecid,4911,CCCN(CCC)S(=O)(=O)C1=CC=C(C=C1)C(=O)O,285.36,3.2,83.1,1,5,7
Fabomotizole,9862937,CCOC1=CC2=C(C=C1)N=C(N2)SCCN3CCOCC3,307.4,2.3,75.7,1,5,6
Midostaurin,9829523,CC12C(C(CC(O1)N3C4=CC=CC=C4C5=C6C(=C7C8=CC=CC=C8N2C7=C53)CNC6=O)N(C)C(=O)C9=CC=CC=C9)OC,570.6,4.8,77.7,1,4,3
Paroxetine,43815,C1CNCC(C1C2=CC=C(C=C2)F)COC3=CC4=C(C=C3)OCO4,329.4,3.5,39.7,1,5,4
Benazepril,5362124,CCOC(=O)C(CCC1=CC=CC=C1)NC2CCC3=CC=CC=C3N(C2=O)CC(=O)O,424.5,1.3,95.9,2,6,10
Pipenzolate,4832,CC[N+]1(CCCC(C1)OC(=O)C(C2=CC=CC=C2)(C3=CC=CC=C3)O)C,354.5,3.6,46.5,1,3,6
Dobutamine,36811,CC(CCC1=CC=C(C=C1)O)NCCC2=CC(=C(C=C2)O)O,301.4,3.4,72.7,4,4,7
Xanthine,1188,C1=NC2=C(N1)C(=O)NC(=O)N2,152.11,-0.7,86.9,3,3,0
Cisapride,6917698,COC1CN(CCC1NC(=O)C2=CC(=C(C=C2OC)N)Cl)CCCOC3=CC=C(C=C3)F,465.9,3.4,86.1,2,7,9
Acetaminophen,1983,CC(=O)NC1=CC=C(C=C1)O,151.16,0.5,49.3,2,2,1
Propentofylline,4938,CCCN1C=NC2=C1C(=O)N(C(=O)N2C)CCCCC(=O)C,306.36,0.7,75.5,0,4,7
Pheneturide,72060,CCC(C1=CC=CC=C1)C(=O)NC(=O)N,206.24,1.8,72.2,2,2,3
Vandetanib,3081361,CN1CCC(CC1)COC2=C(C=C3C(=C2)N=CN=C3NC4=C(C=C(C=C4)Br)F)OC,475.4,4.9,59.5,1,7,6
Vinylbital,72135,CCCC(C)C1(C(=O)NC(=O)NC1=O)C=C,224.26,2,75.3,2,3,4
Emepronium,34055,CC[N+](C)(C)C(C)CC(C1=CC=CC=C1)C2=CC=CC=C2,282.4,4.8,0.0,0,0,6
Roflumilast,449193,C1CC1COC2=C(C=CC(=C2)C(=O)NC3=C(C=NC=C3Cl)Cl)OC(F)F,403.2,4.6,60.5,1,6,7
Piperacillin,43672,CCN1CCN(C(=O)C1=O)C(=O)NC(C2=CC=CC=C2)C(=O)NC3C4N(C3=O)C(C(S4)(C)C)C(=O)O,517.6,0.5,182.0,3,8,6
Alcaftadine,19371515,CN1CCC(=C2C3=CC=CC=C3CCN4C2=NC=C4C=O)CC1,307.4,1.7,38.1,0,3,1
Rifampin,135398735,CC1C=CC=C(C(=O)NC2=C(C(=C3C(=C2O)C(=C(C4=C3C(=O)C(O4)(OC=CC(C(C(C(C(C(C1O)C)O)C)OC(=O)C)C)OC)C)C)O)O)C=NN5CCN(CC5)C)C,822.9,4.9,220.0,6,15,5
Meclofenamic acid,4037,CC1=C(C(=C(C=C1)Cl)NC2=CC=CC=C2C(=O)O)Cl,296.1,5.2,49.3,2,3,3
Eravacycline,54726192,CN(C)C1C2CC3CC4=C(C=C(C(=C4C(=C3C(=O)C2(C(=C(C1=O)C(=O)N)O)O)O)O)NC(=O)CN5CCCC5)F,558.6,1,194.0,6,11,5
Sparfloxacin,60464,CC1CN(CC(N1)C)C2=C(C(=C3C(=C2F)N(C=C(C3=O)C(=O)O)C4CC4)N)F,392.4,0.1,98.9,3,9,3
Lofexidine,30668,CC(C1=NCCN1)OC2=C(C=CC=C2Cl)Cl,259.13,2.6,33.6,1,2,3
Remacemide,60511,CC(CC1=CC=CC=C1)(C2=CC=CC=C2)NC(=O)CN,268.35,2.3,55.1,2,2,5
Lisuride,28864,CCN(CC)C(=O)NC1CN(C2CC3=CNC4=CC=CC(=C34)C2=C1)C,338.4,2.7,51.4,2,2,3
Pomalidomide,134780,C1CC(=O)NC(=O)C1N2C(=O)C3=C(C2=O)C(=CC=C3)N,273.24,0.2,110.0,2,5,1
Oxaprotiline,38207,CNCC(CC12CCC(C3=CC=CC=C31)C4=CC=CC=C24)O,293.4,3.6,32.3,2,2,4
Adipiplon,11198924,CCCC1=C(N=CN2C1=NC(=N2)C)CN3C=CN=C3C4=C(C=CC=N4)F,351.4,2.3,73.8,0,6,5
Pizotifen,27400,CN1CCC(=C2C3=C(CCC4=CC=CC=C42)SC=C3)CC1,295.4,3.8,31.5,0,2,0
Tamsulosin,129211,CCOC1=CC=CC=C1OCCNC(C)CC2=CC(=C(C=C2)OC)S(=O)(=O)N,408.5,2.7,108.0,2,7,11
Ethanol,702,CCO,46.07,-0.1,20.2,1,1,0
Clomifene,1548955,CCN(CC)CCOC1=CC=C(C=C1)C(=C(C2=CC=CC=C2)Cl)C3=CC=CC=C3,406.0,7.2,12.5,0,2,9
Tafenoquine,115358,CC1=CC(=NC2=C1C(=C(C=C2NC(C)CCCN)OC)OC3=CC=CC(=C3)C(F)(F)F)OC,463.5,5.4,78.6,2,9,9
Zosuquidar,3036703,C1CN(CCN1CC(COC2=CC=CC3=C2C=CC=N3)O)C4C5=CC=CC=C5C6C(C6(F)F)C7=CC=CC=C47,527.6,4.9,48.8,1,7,6
Rimegepant,51049968,C1CC(C2=C(C=CC=N2)C(C1C3=C(C(=CC=C3)F)F)N)OC(=O)N4CCC(CC4)N5C6=C(NC5=O)N=CC=C6,534.6,2.3,114.0,2,8,4
Dichlorvos,3039,COP(=O)(OC)OC=C(Cl)Cl,220.97,1.4,44.8,0,4,4
Encorafenib,50922675,CC(C)N1C=C(C(=N1)C2=C(C(=CC(=C2)Cl)NS(=O)(=O)C)F)C3=NC(=NC=C3)NCC(C)NC(=O)OC,540.0,2.7,149.0,3,10,10
Ethinylestradiol,5991,CC12CCC3C(C1CCC2(C#C)O)CCC4=C3C=CC(=C4)O,296.4,3.7,40.5,2,2,1
Propylthiouracil,657298,CCCC1=CC(=O)NC(=S)N1,170.23,0.8,73.2,2,2,2
Penamecillin,10250769,CC(=O)OCOC(=O)C1C(SC2N1C(=O)C2NC(=O)CC3=CC=CC=C3)(C)C,406.5,2.1,127.0,1,7,8
Fenozolone,135436543,CCN=C1NC(=O)C(O1)C2=CC=CC=C2,204.22,1.6,50.7,1,3,2
Hydrocortisone acetate,5744,CC(=O)OCC(=O)C1(CCC2C1(CC(C3C2CCC4=CC(=O)CCC34C)O)C)O,404.5,2.2,101.0,2,6,4
Zaleplon,5719,CCN(C1=CC=CC(=C1)C2=CC=NC3=C(C=NN23)C#N)C(=O)C,305.33,1,74.3,0,4,3
Flurazepam,3393,CCN(CC)CCN1C(=O)CN=C(C2=C1C=CC(=C2)Cl)C3=CC=CC=C3F,387.9,3,35.9,0,4,6
Nicotine,89594,CN1CCCC1C2=CN=CC=C2,162.23,1.2,16.1,0,2,1
Amiodarone,2157,CCCCC1=C(C2=CC=CC=C2O1)C(=O)C3=CC(=C(C(=C3)I)OCCN(CC)CC)I,645.3,7.6,42.7,0,4,11
Olodaterol,11504295,CC(C)(CC1=CC=C(C=C1)OC)NCC(C2=C3C(=CC(=C2)O)NC(=O)CO3)O,386.4,1.8,100.0,4,6,7
Xylometazoline,5709,CC1=CC(=CC(=C1CC2=NCCN2)C)C(C)(C)C,244.37,3.2,24.4,1,1,3
Reposal,19254,CCC1(C(=O)NC(=O)NC1=O)C2=CC3CCC(C3)C2,262.30,1.7,75.3,2,3,2
Bentazepam,135412795,C1CCC2=C(C1)C3=C(S2)NC(=O)CN=C3C4=CC=CC=C4,296.4,3.7,69.7,1,3,1
Acetylcysteine,12035,CC(=O)NC(CS)C(=O)O,163.20,0.4,67.4,3,4,3
Metabutethamine,11115,CC(C)CNCCOC(=O)C1=CC(=CC=C1)N,236.31,2,64.4,2,4,7
Pramocaine,4886,CCCCOC1=CC=C(C=C1)OCCCN2CCOCC2,293.4,3.1,30.9,0,4,9
Cortisone acetate,5745,CC(=O)OCC(=O)C1(CCC2C1(CC(=O)C3C2CCC4=CC(=O)CCC34C)C)O,402.5,2.1,97.7,1,6,4
Ganciclovir,135398740,C1=NC2=C(N1COC(CO)CO)N=C(NC2=O)N,255.23,-2.5,135.0,4,6,5
Albendazole,2082,CCCSC1=CC2=C(C=C1)N=C(N2)NC(=O)OC,265.33,2.9,92.3,2,4,5
Quazepam,4999,C1C(=S)N(C2=C(C=C(C=C2)Cl)C(=N1)C3=CC=CC=C3F)CC(F)(F)F,386.8,4,47.7,0,6,2
Pazopanib,10113978,CC1=C(C=C(C=C1)NC2=NC=CC(=N2)N(C)C3=CC4=NN(C(=C4C=C3)C)C)S(=O)(=O)N,437.5,3.1,127.0,2,8,5
Tedizolid phosphate,11476460,CN1N=C(N=N1)C2=NC=C(C=C2)C3=C(C=C(C=C3)N4CC(OC4=O)COP(=O)(O)O)F,450.3,0.3,153.0,2,11,6
Omapatrilat,656629,C1CC(N2C(C1)SCCC(C2=O)NC(=O)C(CC3=CC=CC=C3)S)C(=O)O,408.5,2.8,113.0,3,6,5
Mavacamten,117761397,CC(C)N1C(=O)C=C(NC1=O)NC(C)C2=CC=CC=C2,273.33,2.1,61.4,2,3,4
Amitriptyline,2160,CN(C)CCC=C1C2=CC=CC=C2CCC3=CC=CC=C31,277.4,5,3.2,0,1,3
Danazol,28417,CC12CCC3C(C1CCC2(C#C)O)CCC4=CC5=C(CC34C)C=NO5,337.5,3.8,46.3,1,3,1
Captopril,44093,CC(CS)C(=O)N1CCCC1C(=O)O,217.29,0.3,58.6,2,4,3
Adinazolam,37632,CN(C)CC1=NN=C2N1C3=C(C=C(C=C3)Cl)C(=NC2)C4=CC=CC=C4,351.8,1.6,46.3,0,4,3
Disulfiram,3117,CCN(CC)C(=S)SSC(=S)N(CC)CC,296.5,3.9,121.0,0,4,7
Difluocortolone,11954369,CC1CC2C3CC(C4=CC(=O)C=CC4(C3(C(CC2(C1C(=O)CO)C)O)F)C)F,394.5,2.3,74.6,2,6,2
Vilazodone,6918314,C1CN(CCN1CCCCC2=CNC3=C2C=C(C=C3)C#N)C4=CC5=C(C=C4)OC(=C5)C(=O)N,441.5,4,102.0,2,5,7
Pipecuronium,50192,CC(=O)OC1CC2CCC3C(C2(CC1N4CC[N+](CC4)(C)C)C)CCC5(C3CC(C5OC(=O)C)N6CC[N+](CC6)(C)C)C,602.9,4.5,59.1,0,6,6
1-benzylimidazole,77918,C1=CC=C(C=C1)CN2C=CN=C2,158.20,1.6,17.8,0,1,2
Ixazomib,25183872,B(C(CC(C)C)NC(=O)CNC(=O)C1=C(C=CC(=C1)Cl)Cl)(O)O,361.0,,98.7,4,4,7
Choline,305,C[N+](C)(C)CCO,104.17,-0.4,20.2,1,1,2
Mifepristone,55245,CC#CC1(CCC2C1(CC(C3=C4CCC(=O)C=C4CCC23)C5=CC=C(C=C5)N(C)C)C)O,429.6,3.8,40.5,1,3,3
Cefaclor,51039,C1C(=C(N2C(S1)C(C2=O)NC(=O)C(C3=CC=CC=C3)N)C(=O)O)Cl,367.8,-1.8,138.0,3,6,4
Metocurine,21233,C[N+]1(CCC2=CC(=C3C=C2C1CC4=CC=C(C=C4)OC5=C6C(CC7=CC(=C(C=C7)OC)O3)[N+](CCC6=CC(=C5OC)OC)(C)C)OC)C,652.8,6.7,55.4,0,6,4
Artemether,68911,CC1CCC2C(C(OC3C24C1CCC(O3)(OO4)C)OC)C,298.37,3.1,46.2,0,5,1
Englitazone,6918151,C1CC2=C(C=CC(=C2)CC3C(=O)NC(=O)S3)OC1CC4=CC=CC=C4,353.4,4.4,80.7,1,4,4
Cefatrizine,6410758,C1C(=C(N2C(S1)C(C2=O)NC(=O)C(C3=CC=C(C=C3)O)N)C(=O)O)CSC4=NNN=C4,462.5,-2.3,225.0,5,10,7
Proparacaine,4935,CCCOC1=C(C=C(C=C1)C(=O)OCCN(CC)CC)N,294.39,2.7,64.8,1,5,10
Triclabendazole,50248,CSC1=NC2=CC(=C(C=C2N1)Cl)OC3=C(C(=CC=C3)Cl)Cl,359.7,5.7,63.2,1,3,3
Gadopentetic acid,6857474,C(CN(CC(=O)O)CC(=O)[O-])N(CCN(CC(=O)O)CC(=O)[O-])CC(=O)[O-].[Gd+3],547.57,,205.0,2,13,13
Chlordiazepoxide,2712,CN=C1CN(C(=C2C=C(C=CC2=N1)Cl)C3=CC=CC=C3)O,299.75,2.4,48.2,1,3,1
Nirogacestat,46224413,CCCC(C(=O)NC1=CN(C=N1)C(C)(C)CNCC(C)(C)C)NC2CCC3=C(C2)C(=CC(=C3)F)F,489.6,4.8,71.0,3,6,11
Carbinoxamine,2564,CN(C)CCOC(C1=CC=C(C=C1)Cl)C2=CC=CC=N2,290.79,2.9,25.4,0,3,6
Floctafenine,3360,C1=CC=C(C(=C1)C(=O)OCC(CO)O)NC2=C3C=CC=C(C3=NC=C2)C(F)(F)F,406.4,3.7,91.7,3,9,7
Nicomorphine,5362460,CN1CCC23C4C1CC5=C2C(=C(C=C5)OC(=O)C6=CN=CC=C6)OC3C(C=C4)OC(=O)C7=CN=CC=C7,495.5,2.7,90.9,0,8,6
Hexestrol,192197,CCC(C1=CC=C(C=C1)O)C(CC)C2=CC=C(C=C2)O,270.4,5.2,40.5,2,2,5
Bexagliflozin,25195624,C1CC1OCCOC2=CC=C(C=C2)CC3=C(C=CC(=C3)C4C(C(C(C(O4)CO)O)O)O)Cl,464.9,2.4,109.0,4,7,9
Deflazacort,189821,CC1=NC2(C(O1)CC3C2(CC(C4C3CCC5=CC(=O)C=CC45C)O)C)C(=O)COC(=O)C,441.5,2,102.0,1,7,4
Xamoterol,155774,C1COCCN1C(=O)NCCNCC(COC2=CC=C(C=C2)O)O,339.39,-0.6,103.0,4,6,8
Lesinurad,53465279,C1CC1C2=CC=C(C3=CC=CC=C23)N4C(=NN=C4Br)SCC(=O)O,404.3,4.7,93.3,1,5,5
Vaborbactam,56649692,B1(C(CCC(O1)CC(=O)O)NC(=O)CC2=CC=CS2)O,297.14,,124.0,3,6,5
Deudextromethorphan,25052519,CN1CCC23CCCCC2C1CC4=C3C=C(C=C4)OC,277.4,3.4,12.5,0,2,1
Progabide,44115,C1=CC(=CC=C1C(=NCCCC(=O)N)C2=C(C=CC(=C2)F)O)Cl,334.8,3,75.7,2,4,6
Phenytoin,1775,C1=CC=C(C=C1)C2(C(=O)NC(=O)N2)C3=CC=CC=C3,252.27,2.5,58.2,2,2,2
Clofibrate,2796,CCOC(=O)C(C)(C)OC1=CC=C(C=C1)Cl,242.70,3.3,35.5,0,3,5
Norepinephrine,439260,C1=CC(=C(C=C1C(CN)O)O)O,169.18,-1.2,86.7,4,4,2
Phenindione,4760,C1=CC=C(C=C1)C2C(=O)C3=CC=CC=C3C2=O,222.24,2.9,34.1,0,2,1
Phenprobamate,4770,C1=CC=C(C=C1)CCCOC(=O)N,179.22,2,52.3,1,2,5
Monomethyl fumarate,5369209,COC(=O)C=CC(=O)O,130.10,0.4,63.6,1,4,3
Brigatinib,68165256,CN1CCN(CC1)C2CCN(CC2)C3=CC(=C(C=C3)NC4=NC=C(C(=N4)NC5=CC=CC=C5P(=O)(C)C)Cl)OC,584.1,4.6,85.9,2,9,8
Manidipine,4008,CC1=C(C(C(=C(N1)C)C(=O)OCCN2CCN(CC2)C(C3=CC=CC=C3)C4=CC=CC=C4)C5=CC(=CC=C5)[N+](=O)[O-])C(=O)OC,610.7,5.6,117.0,1,9,11
Ticagrelor,9871419,CCCSC1=NC(=C2C(=N1)N(N=N2)C3CC(C(C3O)O)OCCO)NC4CC4C5=CC(=C(C=C5)F)F,522.6,2,164.0,4,12,10
Gallamine,67425,CCN(CC)CCOC1=C(C(=CC=C1)OCCN(CC)CC)OCCN(CC)CC,423.6,4.1,37.4,0,6,18
Pivmecillinam,115163,CC1(C(N2C(S1)C(C2=O)N=CN3CCCCCC3)C(=O)OCOC(=O)C(C)(C)C)C,439.6,3.1,114.0,0,7,8
Lornoxicam,54690031,CN1C(=C(C2=C(S1(=O)=O)C=C(S2)Cl)O)C(=O)NC3=CC=CC=N3,371.8,2.1,136.0,2,7,2
Remoxipride,54477,CCN1CCCC1CNC(=O)C2=C(C=CC(=C2OC)Br)OC,371.27,2.1,50.8,1,4,6
Fospropofol,3038498,CC(C)C1=C(C(=CC=C1)C(C)C)OCOP(=O)(O)O,288.28,2.5,76.0,2,5,6
9-Deazaguanine,135461003,C1=CNC2=C1N=C(NC2=O)N,150.14,-0.8,83.3,3,2,0
Fosamprenavir,131536,CC(C)CN(CC(C(CC1=CC=CC=C1)NC(=O)OC2CCOC2)OP(=O)(O)O)S(=O)(=O)C3=CC=C(C=C3)N,585.6,1.8,186.0,4,11,14
Clidinium,2784,C[N+]12CCC(CC1)C(C2)OC(=O)C(C3=CC=CC=C3)(C4=CC=CC=C4)O,352.4,3.3,46.5,1,3,5
Cefoperazone,44187,CCN1CCN(C(=O)C1=O)C(=O)NC(C2=CC=C(C=C2)O)C(=O)NC3C4N(C3=O)C(=C(CS4)CSC5=NN=NN5C)C(=O)O,645.7,-0.7,271.0,4,13,9
Fenquizone,68548,C1=CC=C(C=C1)C2NC3=CC(=C(C=C3C(=O)N2)S(=O)(=O)N)Cl,337.8,1.8,110.0,3,5,2
Fendiline,3336,CC(C1=CC=CC=C1)NCCC(C2=CC=CC=C2)C3=CC=CC=C3,315.5,5.5,12.0,1,1,7
Ganaxolone,6918305,CC(=O)C1CCC2C1(CCC3C2CCC4C3(CCC(C4)(C)O)C)C,332.5,5,37.3,1,2,1
Bifemelane,2377,CNCCCCOC1=CC=CC=C1CC2=CC=CC=C2,269.4,4.1,21.3,1,2,8
Nifedipine,4485,CC1=C(C(C(=C(N1)C)C(=O)OC)C2=CC=CC=C2[N+](=O)[O-])C(=O)OC,346.3,2.2,110.0,1,7,5
Adrafinil,3033226,C1=CC=C(C=C1)C(C2=CC=CC=C2)S(=O)CC(=O)NO,289.4,1.6,85.6,2,4,5
Triprolidine,5282443,CC1=CC=C(C=C1)C(=CCN2CCCC2)C3=CC=CC=N3,278.4,3.9,16.1,0,2,4
Aluminium acetotartrate,76968033,CC(=O)[O-].C(C(C(=O)[O-])O)(C(=O)[O-])O.[Al+3],234.10,,161.0,2,8,1
Sunitinib,5329102,CCN(CC)CCNC(=O)C1=C(NC(=C1C)C=C2C3=C(C=CC(=C3)F)NC2=O)C,398.5,2.6,77.2,3,4,7
Testolactone,13769,CC12CCC3C(C1CCC(=O)O2)CCC4=CC(=O)C=CC34C,300.4,3,43.4,0,3,0
(S)-econazole,12773795,C1=CC(=CC=C1COC(CN2C=CN=C2)C3=C(C=C(C=C3)Cl)Cl)Cl,381.7,5.3,27.1,0,2,6
Cefamandole nafate,23665731,CN1C(=NN=N1)SCC2=C(N3C(C(C3=O)NC(=O)C(C4=CC=CC=C4)OC=O)SC2)C(=O)[O-].[Na+],512.5,,210.0,1,11,9
Fosphenytoin,56339,C1=CC=C(C=C1)C2(C(=O)N(C(=O)N2)COP(=O)(O)O)C3=CC=CC=C3,362.27,0.6,116.0,3,6,5
Nicorandil,47528,C1=CC(=CN=C1)C(=O)NCCO[N+](=O)[O-],211.17,0.8,97.0,1,5,4
Lorpiprazole,3045380,C1CC2CN3C(=NN=C3C2C1)CCN4CCN(CC4)C5=CC=CC(=C5)C(F)(F)F,405.5,3.3,37.2,0,7,4
Etiracetam,59708,CCC(C(=O)N)N1CCCC1=O,170.21,-0.3,63.4,1,2,3
Rhein,10168,C1=CC2=C(C(=C1)O)C(=O)C3=C(C2=O)C=C(C=C3O)C(=O)O,284.22,2.2,112.0,3,6,1
Bupranolol,2475,CC1=CC(=C(C=C1)Cl)OCC(CNC(C)(C)C)O,271.78,2.8,41.5,2,3,6
Aluminium phosphate,64655,[O-]P(=O)([O-])[O-].[Al+3],121.953,,86.3,0,4,0
Promethazine,4927,CC(CN1C2=CC=CC=C2SC3=CC=CC=C31)N(C)C,284.4,4.8,31.8,0,3,3
Clonidine,2803,C1CN=C(N1)NC2=C(C=CC=C2Cl)Cl,230.09,1.6,36.4,2,1,2
Curcumin,969516,COC1=C(C=CC(=C1)C=CC(=O)CC(=O)C=CC2=CC(=C(C=C2)O)OC)O,368.4,3.2,93.1,2,6,8
Tiletamine,26533,CCNC1(CCCCC1=O)C2=CC=CS2,223.34,2,57.3,1,3,3
Fruquintinib,44480399,CC1=C(C2=C(O1)C=C(C=C2)OC3=NC=NC4=CC(=C(C=C43)OC)OC)C(=O)NC,393.4,3.4,95.7,1,7,5
Rapacuronium,5311399,CCC(=O)OC1C(CC2C1(CCC3C2CCC4C3(CC(C(C4)OC(=O)C)N5CCCCC5)C)C)[N+]6(CCCCC6)CC=C,597.9,7.6,55.8,0,5,9
Olaparib,23725625,C1CC1C(=O)N2CCN(CC2)C(=O)C3=C(C=CC(=C3)CC4=NNC(=O)C5=CC=CC=C54)F,434.5,1.9,82.1,1,5,4
Tegoprazan,23582846,CC1=NC2=C(N1)C=C(C=C2OC3CCOC4=C3C(=CC(=C4)F)F)C(=O)N(C)C,387.4,3.2,67.5,1,6,3
Pramlintide,70691388,CCC(C)C(C(=O)NC(CC(C)C)C(=O)N1CCCC1C(=O)N2CCCC2C(=O)NC(C(C)O)C(=O)NC(CC(=O)N)C(=O)NC(C(C)C)C(=O)NCC(=O)NC(CO)C(=O)NC(CC(=O)N)C(=O)NC(C(C)O)C(=O)NC(CC3=CC=C(C=C3)O)C(=O)N)NC(=O)C4CCCN4C(=O)CNC(=O)C(CC5=CC=CC=C5)NC(=O)C(CC(=O)N)NC(=O)C(CC(=O)N)NC(=O)C(CO)NC(=O)C(CO)NC(=O)C(CC6=CNC=N6)NC(=O)C(C(C)C)NC(=O)C(CC(C)C)NC(=O)C(CC7=CC=CC=C7)NC(=O)C(CC(=O)N)NC(=O)C(C)NC(=O)C(CC(C)C)NC(=O)C(CCCNC(=N)N)NC(=O)C(CCC(=O)N)NC(=O)C(C(C)O)NC(=O)C(C)NC(=O)C8CSSCC(C(=O)NC(C(=O)NC(C(=O)NC(C(=O)NC(C(=O)N8)C(C)O)C)C(C)O)CC(=O)N)NC(=O)C(CCCCN)N,3949,-15.7,1740.0,56,59,110
Iprazochrome,65594,CC(C)N1CC(C2=CC(=C(C=C21)O)N=NC(=O)N)O,264.28,0.8,112.0,3,5,2
Tazemetostat,66558664,CCN(C1CCOCC1)C2=CC(=CC(=C2C)C(=O)NCC3=C(C=C(NC3=O)C)C)C4=CC=C(C=C4)CN5CCOCC5,572.7,4.2,83.1,2,6,9
Atazanavir,148192,CC(C)(C)C(C(=O)NC(CC1=CC=CC=C1)C(CN(CC2=CC=C(C=C2)C3=CC=CC=N3)NC(=O)C(C(C)(C)C)NC(=O)OC)O)NC(=O)OC,704.9,5.6,171.0,5,9,18
4-Methoxyamphetamine,31721,CC(CC1=CC=C(C=C1)OC)N,165.23,1.8,35.3,1,2,3
Oxymetazoline,4636,CC1=CC(=C(C(=C1CC2=NCCN2)C)O)C(C)(C)C,260.37,2.9,44.6,2,2,3
Omadacycline,54697325,CC(C)(C)CNCC1=CC(=C2CC3CC4C(C(=O)C(=C(C4(C(=O)C3=C(C2=C1O)O)O)O)C(=O)N)N(C)C)N(C)C,556.6,3,177.0,6,10,7
Artemisinin,68827,CC1CCC2C(C(=O)OC3C24C1CCC(O3)(OO4)C)C,282.33,2.8,54.0,0,5,0
"(1S,3S,5S)-2-{(2S)-2-amino-2-[(1R,3S,5R,7S)-3-hydroxytricyclo[3.3.1.1~3,7~]dec-1-yl]acetyl}-2-azabicyclo[3.1.0]hexane-3-carbonitrile",11235729,C1C2CC2N(C1C#N)C(=O)C(C34CC5CC(C3)CC(C5)(C4)O)N,315.4,0.7,90.4,2,4,2
Metronidazole,4173,CC1=NC=C(N1CCO)[N+](=O)[O-],171.15,0,83.9,1,4,2
Tenamfetamine,1614,CC(CC1=CC2=C(C=C1)OCO2)N,179.22,1.6,44.5,1,3,2
Ammonium bicarbonate,14013,C(=O)(O)[O-].[NH4+],79.056,,61.4,2,3,0
Paliperidone,115237,CC1=C(C(=O)N2CCCC(C2=N1)O)CCN3CCC(CC3)C4=NOC5=C4C=CC(=C5)F,426.5,2.2,82.2,1,7,4
Rosuvastatin,446157,CC(C)C1=NC(=NC(=C1C=CC(CC(CC(=O)O)O)O)C2=CC=C(C=C2)F)N(C)S(=O)(=O)C,481.5,1.6,149.0,3,10,10
Fexinidazole,68792,CN1C(=CN=C1COC2=CC=C(C=C2)SC)[N+](=O)[O-],279.32,2.5,98.2,0,5,4
Thiazinam,6016,CC(CN1C2=CC=CC=C2SC3=CC=CC=C31)[N+](C)(C)C,299.5,4.8,28.5,0,2,3
Niflumic acid,4488,C1=CC(=CC(=C1)NC2=C(C=CC=N2)C(=O)O)C(F)(F)F,282.22,3.7,62.2,2,7,3
Daptomycin,21585658,CCCCCCCCCC(=O)NC(CC1=CNC2=CC=CC=C21)C(=O)NC(CC(=O)N)C(=O)NC(CC(=O)O)C(=O)NC3C(OC(=O)C(NC(=O)C(NC(=O)C(NC(=O)CNC(=O)C(NC(=O)C(NC(=O)C(NC(=O)C(NC(=O)CNC3=O)CCCN)CC(=O)O)C)CC(=O)O)CO)C(C)CC(=O)O)CC(=O)C4=CC=CC=C4N)C,1620.7,-5.1,702.0,22,28,35
Moperone,4249,CC1=CC=C(C=C1)C2(CCN(CC2)CCCC(=O)C3=CC=C(C=C3)F)O,355.4,3,40.5,1,4,6
Mycophenolic acid,446541,CC1=C2COC(=O)C2=C(C(=C1OC)CC=C(C)CCC(=O)O)O,320.3,3.2,93.1,2,6,6
Amphotericin B,5280965,CC1C=CC=CC=CC=CC=CC=CC=CC(CC2C(C(CC(O2)(CC(CC(C(CCC(CC(CC(=O)OC(C(C1O)C)C)O)O)O)O)O)O)O)C(=O)O)OC3C(C(C(C(O3)C)O)N)O,924.1,0,320.0,12,18,3
Ipragliflozin,10453870,C1=CC=C2C(=C1)C=C(S2)CC3=C(C=CC(=C3)C4C(C(C(C(O4)CO)O)O)O)F,404.5,2.5,118.0,4,7,4
Methapyrilene,4098,CN(C)CCN(CC1=CC=CS1)C2=CC=CC=N2,261.39,2.6,47.6,0,4,6
Tranilast,5282230,COC1=C(C=C(C=C1)C=CC(=O)NC2=CC=CC=C2C(=O)O)OC,327.3,3.2,84.9,2,5,6
Uric acid,1175,C12=C(NC(=O)N1)NC(=O)NC2=O,168.11,-1.9,99.3,4,3,0
Midomafetamine,1615,CC(CC1=CC2=C(C=C1)OCO2)NC,193.24,2.2,30.5,1,3,3
Melengestrol acetate,250948,CC1=CC2C(CCC3(C2CC(=C)C3(C(=O)C)OC(=O)C)C)C4(C1=CC(=O)CC4)C,396.5,3.1,60.4,0,4,3
Hexapropymate,9661,C#CCC1(CCCCC1)OC(=O)N,181.23,1.7,52.3,1,2,3
Rofecoxib,5090,CS(=O)(=O)C1=CC=C(C=C1)C2=C(C(=O)OC2)C3=CC=CC=C3,314.4,2.3,68.8,0,4,3
Amodiaquine,2165,CCN(CC)CC1=C(C=CC(=C1)NC2=C3C=CC(=CC3=NC=C2)Cl)O,355.9,2.6,48.4,2,4,6
Lopinavir,92727,CC1=C(C(=CC=C1)C)OCC(=O)NC(CC2=CC=CC=C2)C(CC(CC3=CC=CC=C3)NC(=O)C(C(C)C)N4CCCNC4=O)O,628.8,5.9,120.0,4,5,15
Talniflumate,48229,C1=CC=C2C(=C1)C(OC2=O)OC(=O)C3=C(N=CC=C3)NC4=CC=CC(=C4)C(F)(F)F,414.3,5.3,77.5,1,9,5
Diltiazem,39186,CC(=O)OC1C(SC2=CC=CC=C2N(C1=O)CCN(C)C)C3=CC=C(C=C3)OC,414.5,3.1,84.4,0,6,7
Dicoumarol,54676038,C1=CC=C2C(=C1)C(=C(C(=O)O2)CC3=C(C4=CC=CC=C4OC3=O)O)O,336.3,2.6,93.1,2,6,2
Umeclidinium,11519070,C1C[N+]2(CCC1(CC2)C(C3=CC=CC=C3)(C4=CC=CC=C4)O)CCOCC5=CC=CC=C5,428.6,4.7,29.5,1,2,8
Dexmecamylamine,12358972,CC1(C2CCC(C2)C1(C)NC)C,167.29,2.6,12.0,1,1,1
Conivaptan,151171,CC1=NC2=C(N1)CCN(C3=CC=CC=C32)C(=O)C4=CC=C(C=C4)NC(=O)C5=CC=CC=C5C6=CC=CC=C6,498.6,5.7,78.1,2,3,4
Candesartan,2541,CCOC1=NC2=CC=CC(=C2N1CC3=CC=C(C=C3)C4=CC=CC=C4C5=NNN=N5)C(=O)O,440.5,4.1,119.0,2,7,7
Nafcillin,8982,CCOC1=C(C2=CC=CC=C2C=C1)C(=O)NC3C4N(C3=O)C(C(S4)(C)C)C(=O)O,414.5,2.9,121.0,2,6,5
Morphine,5288826,CN1CCC23C4C1CC5=C2C(=C(C=C5)O)OC3C(C=C4)O,285.34,0.8,52.9,2,4,0
Seladelpar,11236126,CCOC(COC1=CC=C(C=C1)C(F)(F)F)CSC2=CC(=C(C=C2)OCC(=O)O)C,444.5,5.2,90.3,1,9,11
Dotarizine,55285,C1CN(CCN1CCCC2(OCCO2)C3=CC=CC=C3)C(C4=CC=CC=C4)C5=CC=CC=C5,442.6,4.9,24.9,0,4,8
Cefozopran,9571080,CON=C(C1=NSC(=N1)N)C(=O)NC2C3N(C2=O)C(=C(CS3)C[N+]4=C5C=CC=NN5C=C4)C(=O)[O-],515.5,0.7,238.0,2,12,6
Pheniprazine,5929,CC(CC1=CC=CC=C1)NN,150.22,1.3,38.1,2,2,3
Pilsicainide,4820,CC1=C(C(=CC=C1)C)NC(=O)CC23CCCN2CCC3,272.4,2.7,32.3,1,2,3
Prednisolone acetate,5834,CC(=O)OCC(=O)C1(CCC2C1(CC(C3C2CCC4=CC(=O)C=CC34C)O)C)O,402.5,2.4,101.0,2,6,4
Lidocaine,3676,CCN(CC)CC(=O)NC1=C(C=CC=C1C)C,234.34,2.3,32.3,1,2,5
Sulfadoxine,17134,COC1=C(N=CN=C1OC)NS(=O)(=O)C2=CC=C(C=C2)N,310.33,0.7,125.0,2,8,5
Vemurafenib,42611257,CCCS(=O)(=O)NC1=C(C(=C(C=C1)F)C(=O)C2=CNC3=C2C=C(C=N3)C4=CC=C(C=C4)Cl)F,489.9,5,100.0,2,7,7
Melatonin,896,CC(=O)NCCC1=CNC2=C1C=C(C=C2)OC,232.28,0.8,54.1,2,2,4
Telmisartan,65999,CCCC1=NC2=C(N1CC3=CC=C(C=C3)C4=CC=CC=C4C(=O)O)C=C(C=C2C)C5=NC6=CC=CC=C6N5C,514.6,6.9,72.9,1,4,7
Procaine,4914,CCN(CC)CCOC(=O)C1=CC=C(C=C1)N,236.31,1.9,55.6,1,4,7
Quinethazone,6307,CCC1NC2=CC(=C(C=C2C(=O)N1)S(=O)(=O)N)Cl,289.74,1.2,110.0,3,5,2
Bolasterone,102146,CC1CC2=CC(=O)CCC2(C3C1C4CCC(C4(CC3)C)(C)O)C,316.5,3.6,37.3,1,2,0
Ornidazole,28061,CC1=NC=C(N1CC(CCl)O)[N+](=O)[O-],219.62,0.6,83.9,1,4,3
Orphenadrine,4601,CC1=CC=CC=C1C(C2=CC=CC=C2)OCCN(C)C,269.4,3.8,12.5,0,2,6
Alprazolam,2118,CC1=NN=C2N1C3=C(C=C(C=C3)Cl)C(=NC2)C4=CC=CC=C4,308.8,2.1,43.1,0,3,1
Incadronic acid,3699,C1CCCC(CC1)NC(P(=O)(O)O)P(=O)(O)O,287.19,-3.5,127.0,5,7,4
Tinidazole,5479,CCS(=O)(=O)CCN1C(=NC=C1[N+](=O)[O-])C,247.27,-0.4,106.0,0,5,4
Distigmine,3116,C[N+]1=CC=CC(=C1)OC(=O)N(C)CCCCCCN(C)C(=O)OC2=C[N+](=CC=C2)C,416.5,2.7,66.8,0,4,11
Imatinib,5291,CC1=C(C=C(C=C1)NC(=O)C2=CC=C(C=C2)CN3CCN(CC3)C)NC4=NC=CC(=N4)C5=CN=CC=C5,493.6,3.5,86.3,2,7,7
Isoflurophate,5936,CC(C)OP(=O)(OC(C)C)F,184.15,1.2,35.5,0,4,4
Beclomethasone dipropionate,21700,CCC(=O)OCC(=O)C1(C(CC2C1(CC(C3(C2CCC4=CC(=O)C=CC43C)Cl)O)C)C)OC(=O)CC,521.0,3,107.0,1,7,8
Solithromycin,25242512,CCC1C2(C(C(C(=O)C(CC(C(C(C(=O)C(C(=O)O1)(C)F)C)OC3C(C(CC(O3)C)N(C)C)O)(C)OC)C)C)N(C(=O)O2)CCCCN4C=C(N=N4)C5=CC(=CC=C5)N)C,845.0,4.3,198.0,2,15,11
Magnesium,5462224,[Mg],24.305,,0.0,0,0,0
Sulfinpyrazone,5342,C1=CC=C(C=C1)N2C(=O)C(C(=O)N2C3=CC=CC=C3)CCS(=O)C4=CC=CC=C4,404.5,2.3,76.9,0,4,6
Osanetant,219077,CC(=O)N(C)C1(CCN(CC1)CCCC2(CCCN(C2)C(=O)C3=CC=CC=C3)C4=CC(=C(C=C4)Cl)Cl)C5=CC=CC=C5,606.6,7,43.9,0,3,8
Mebanazine,6179,CC(C1=CC=CC=C1)NN,136.19,0.9,38.1,2,2,2
Morniflumate,72106,C1COCCN1CCOC(=O)C2=C(N=CC=C2)NC3=CC=CC(=C3)C(F)(F)F,395.4,3.7,63.7,1,9,7
Thioridazine,5452,CN1CCCCC1CCN2C3=CC=CC=C3SC4=C2C=C(C=C4)SC,370.6,5.9,57.1,0,4,4
Lenvatinib,9823820,COC1=CC2=NC=CC(=C2C=C1C(=O)N)OC3=CC(=C(C=C3)NC(=O)NC4CC4)Cl,426.9,2.8,116.0,3,5,6
Esomeprazole,9568614,CC1=CN=C(C(=C1OC)C)CS(=O)C2=NC3=C(N2)C=C(C=C3)OC,345.4,2.2,96.3,1,6,5
Propofol,4943,CC(C)C1=C(C(=CC=C1)C(C)C)O,178.27,3.8,20.2,1,1,2
Cefdinir,6915944,C=CC1=C(N2C(C(C2=O)NC(=O)C(=NO)C3=CSC(=N3)N)SC1)C(=O)O,395.4,0,212.0,4,10,5
7-(2-Amino-2-Phenyl-Acetylamino)-3-Chloro-8-Oxo-1-Aza-Bicyclo[4.2.0]Oct-2-Ene-2-Carboxylic Acid,12897341,C1CC(=C(N2C1C(C2=O)NC(=O)C(C3=CC=CC=C3)N)C(=O)O)Cl,349.77,-1.7,113.0,3,5,4
Sufentanil,41693,CCC(=O)N(C1=CC=CC=C1)C2(CCN(CC2)CCC3=CC=CS3)COC,386.6,4,61.0,0,4,8
Buthiazide,16274,CC(C)CC1NC2=CC(=C(C=C2S(=O)(=O)N1)S(=O)(=O)N)Cl,353.8,1.1,135.0,3,7,3
Ceftezole,65755,C1C(=C(N2C(S1)C(C2=O)NC(=O)CN3C=NN=N3)C(=O)O)CSC4=NN=CS4,440.5,-0.7,235.0,2,12,7
Mepenzolate,4057,C[N+]1(CCCC(C1)OC(=O)C(C2=CC=CC=C2)(C3=CC=CC=C3)O)C,340.4,3.2,46.5,1,3,5
Nitrofurantoin,6604200,C1C(=O)NC(=O)N1N=CC2=CC=C(O2)[N+](=O)[O-],238.16,-0.5,121.0,1,6,2
D-Levofloxacin,452723,CC1COC2=C3N1C=C(C(=O)C3=CC(=C2N4CCN(CC4)C)F)C(=O)O,361.4,-0.4,73.3,1,8,2
Isoprenaline,3779,CC(C)NCC(C1=CC(=C(C=C1)O)O)O,211.26,-0.6,72.7,4,4,4
Nortriptyline,4543,CNCCC=C1C2=CC=CC=C2CCC3=CC=CC=C31,263.4,4.5,12.0,1,1,3
Flibanserin,6918248,C1CN(CCN1CCN2C3=CC=CC=C3NC2=O)C4=CC=CC(=C4)C(F)(F)F,390.4,3.3,38.8,1,6,4
Methylphosphinate,6369389,CP(=O)=O,78.007,-1.3,34.1,0,2,0
Elagolix,11250647,CC1=C(C(=O)N(C(=O)N1CC2=C(C=CC=C2F)C(F)(F)F)CC(C3=CC=CC=C3)NCCCC(=O)O)C4=C(C(=CC=C4)OC)F,631.6,2.6,99.2,2,11,12
Resmetirom,15981237,CC(C)C1=CC(=NNC1=O)OC2=C(C=C(C=C2Cl)N3C(=O)NC(=O)C(=N3)C#N)Cl,435.2,2.7,136.0,2,7,4
Lumiracoxib,151166,CC1=CC(=C(C=C1)NC2=C(C=CC=C2Cl)F)CC(=O)O,293.72,4.2,49.3,2,4,4
Fludiazepam,3369,CN1C(=O)CN=C(C2=C1C=CC(=C2)Cl)C3=CC=CC=C3F,302.73,2.8,32.7,0,3,1
Hesperetin,72281,COC1=C(C=C(C=C1)C2CC(=O)C3=C(C=C(C=C3O2)O)O)O,302.28,2.4,96.2,3,6,2
Pinaverium,40704,CC1(C2CCC(C1C2)CCOCC[N+]3(CCOCC3)CC4=CC(=C(C=C4Br)OC)OC)C,511.5,5.4,36.9,0,4,10
Bismuth subcitrate potassium,91667825,C(C(=O)[O-])C(CC(=O)[O-])(C(=O)[O-])[O-].C(C(=O)[O-])C(CC(=O)[O-])(C(=O)[O-])[O-].[K+].[K+].[K+].[K+].[K+].[Bi+3],780.65,,287.0,0,14,4
Pergolide,47811,CCCN1CC(CC2C1CC3=CNC4=CC=CC2=C34)CSC,314.5,4.2,44.3,1,2,4
Celecoxib,2662,CC1=CC=C(C=C1)C2=CC(=NN2C3=CC=C(C=C3)S(=O)(=O)N)C(F)(F)F,381.4,3.4,86.4,1,7,3
Pimavanserin,10071196,CC(C)COC1=CC=C(C=C1)CNC(=O)N(CC2=CC=C(C=C2)F)C3CCN(CC3)C,427.6,4.5,44.8,1,4,8
Deudomperidone,153420471,C1CN(CCC1N2C3=C(C=C(C=C3)Cl)NC2=O)CCCN4C5=CC=CC=C5NC4=O,429.9,3.9,67.9,2,3,5
Amoxicillin,33613,CC1(C(N2C(S1)C(C2=O)NC(=O)C(C3=CC=C(C=C3)O)N)C(=O)O)C,365.4,-2,158.0,4,7,4
Imagabalin,10236037,CCCC(C)CC(CC(=O)O)N,173.25,-0.7,63.3,2,3,6
Naldemedine,54732242,CC(C)(C1=NC(=NO1)C2=CC=CC=C2)NC(=O)C3=C(C4C56CCN(C(C5(C3)O)CC7=C6C(=C(C=C7)O)O4)CC8CC8)O,570.6,3.2,141.0,4,9,6
"3,5-Diiodotyrosine",6181,C1=C(C=C(C(=C1I)O)I)CC(C(=O)O)N,432.98,-0.5,83.6,3,4,3
Ciclesonide,6918155,CC(C)C(=O)OCC(=O)C12C(CC3C1(CC(C4C3CCC5=CC(=O)C=CC45C)O)C)OC(O2)C6CCCCC6,540.7,5.3,99.1,1,7,6
Nelfinavir,64143,CC1=C(C=CC=C1O)C(=O)NC(CSC2=CC=CC=C2)C(CN3CC4CCCCC4CC3C(=O)NC(C)(C)C)O,567.8,5.7,127.0,4,6,10
Tianeptine,68870,CN1C2=CC=CC=C2C(C3=C(S1(=O)=O)C=C(C=C3)Cl)NCCCCCCC(=O)O,437.0,1.2,95.1,2,6,8
Garenoxacin,124093,CC1C2=C(CN1)C=C(C=C2)C3=C(C4=C(C=C3)C(=O)C(=CN4C5CC5)C(=O)O)OC(F)F,426.4,2.1,78.9,2,8,5
Oxiracetam,4626,C1C(CN(C1=O)CC(=O)N)O,158.16,-2.2,83.6,2,3,2
Methylene blue,6099,CN(C)C1=CC2=C(C=C1)N=C3C=CC(=[N+](C)C)C=C3S2.[Cl-],319.9,,43.9,0,4,1
Talinolol,68770,CC(C)(C)NCC(COC1=CC=C(C=C1)NC(=O)NC2CCCCC2)O,363.5,2.6,82.6,4,4,8
Methylnaltrexone,5361918,C[N+]1(CCC23C4C(=O)CCC2(C1CC5=C3C(=C(C=C5)O)O4)O)CC6CC6,356.4,1.6,66.8,2,4,2
Lovastatin,53232,CCC(C)C(=O)OC1CC(C=C2C1C(C(C=C2)C)CCC3CC(CC(=O)O3)O)C,404.5,4.3,72.8,1,5,7
Lemborexant,56944144,CC1=NC(=NC=C1OCC2(CC2C(=O)NC3=NC=C(C=C3)F)C4=CC(=CC=C4)F)C,410.4,3.2,77.0,1,7,6
Algestone,11687,CC(=O)C1(C(CC2C1(CCC3C2CCC4=CC(=O)CCC34C)C)O)O,346.5,2.7,74.6,2,4,1
Barbexaclone,71196,CCC1(C(=O)NC(=O)NC1=O)C2=CC=CC=C2.CC(CC1CCCCC1)NC,387.5,,87.3,3,4,5
Prenylamine,9801,CC(CC1=CC=CC=C1)NCCC(C2=CC=CC=C2)C3=CC=CC=C3,329.5,6,12.0,1,1,8
Ketobemidone,10101,CCC(=O)C1(CCN(CC1)C)C2=CC(=CC=C2)O,247.33,1,40.5,1,3,3
Pipemidic acid,4831,CCN1C=C(C(=O)C2=CN=C(N=C21)N3CCNCC3)C(=O)O,303.32,-2.1,98.7,2,8,3
Articaine,32170,CCCNC(C)C(=O)NC1=C(SC=C1C)C(=O)OC,284.38,2.8,95.7,2,5,7
Canrenoic acid,656615,CC12CCC(=O)C=C1C=CC3C2CCC4(C3CCC4(CCC(=O)O)O)C,358.5,1.9,74.6,2,4,3
Ripretinib,71584930,CCN1C2=CC(=NC=C2C=C(C1=O)C3=CC(=C(C=C3Br)F)NC(=O)NC4=CC=CC=C4)NC,510.4,4.1,86.4,3,5,5
Azatadine,19861,CN1CCC(=C2C3=CC=CC=C3CCC4=C2N=CC=C4)CC1,290.4,3.6,16.1,0,2,0
Pholcodine,5311356,CN1CCC23C4C1CC5=C2C(=C(C=C5)OCCN6CCOCC6)OC3C(C=C4)O,398.5,0.8,54.4,1,6,4
Carmegliptin,11417567,COC1=C(C=C2C3CC(C(CN3CCC2=C1)N4CC(CC4=O)CF)N)OC,377.5,0.9,68.0,1,6,4
Psilocybin,10624,CN(C)CCC1=CNC2=C1C(=CC=C2)OP(=O)(O)O,284.25,-1.6,85.8,3,5,5
Butacaine,2480,CCCCN(CCCC)CCCOC(=O)C1=CC=C(C=C1)N,306.4,4.5,55.6,1,4,12
Ramosetron,108000,CN1C=C(C2=CC=CC=C21)C(=O)C3CCC4=C(C3)NC=N4,279.34,2.2,50.7,1,2,2
Toloxatone,34521,CC1=CC(=CC=C1)N2CC(OC2=O)CO,207.23,1.2,49.8,1,3,2
Sulfapyridine,5336,C1=CC=NC(=C1)NS(=O)(=O)C2=CC=C(C=C2)N,249.29,0,93.5,2,5,3
Mepindolol,71698,CC1=CC2=C(N1)C=CC=C2OCC(CNC(C)C)O,262.35,2.3,57.3,3,3,6
Caspofungin,16119814,CCC(C)CC(C)CCCCCCCCC(=O)NC1CC(C(NC(=O)C2C(CCN2C(=O)C(NC(=O)C(NC(=O)C3CC(CN3C(=O)C(NC1=O)C(C)O)O)C(C(C4=CC=C(C=C4)O)O)O)C(CCN)O)O)NCCN)O,1093.3,0.3,412.0,16,18,23
Naphazoline,4436,C1CN=C(N1)CC2=CC=CC3=CC=CC=C32,210.27,2.1,24.4,1,1,2
Salmeterol,5152,C1=CC=C(C=C1)CCCCOCCCCCCNCC(C2=CC(=C(C=C2)O)CO)O,415.6,3.9,82.0,4,5,16
(R)-Fluoxetine,1548970,CNCCC(C1=CC=CC=C1)OC2=CC=C(C=C2)C(F)(F)F,309.33,4,21.3,1,5,6
Methylergometrine,8226,CCC(CO)NC(=O)C1CN(C2CC3=CNC4=CC=CC(=C34)C2=C1)C,339.4,2.3,68.4,3,3,4
Memantine,4054,CC12CC3CC(C1)(CC(C3)(C2)N)C,179.30,3.3,26.0,1,1,0
Sibutramine,5210,CC(C)CC(C1(CCC1)C2=CC=C(C=C2)Cl)N(C)C,279.8,5.4,3.2,0,1,5
Arbaclofen Placarbil,11281011,CC(C)C(OC(=O)C(C)C)OC(=O)NCC(CC(=O)O)C1=CC=C(C=C1)Cl,399.9,4.2,102.0,2,6,11
Metyrapone,4174,CC(C)(C1=CN=CC=C1)C(=O)C2=CN=CC=C2,226.27,2,42.9,0,3,3
Cefaloridine,5773,C1C(=C(N2C(S1)C(C2=O)NC(=O)CC3=CC=CS3)C(=O)[O-])C[N+]4=CC=CC=C4,415.5,1.9,147.0,1,6,5
Ritlecitinib,118115473,CC1CCC(CN1C(=O)C=C)NC2=NC=NC3=C2C=CN3,285.34,2.1,73.9,2,4,3
Ouabain,439501,CC1C(C(C(C(O1)OC2CC(C3(C4C(CCC3(C2)O)C5(CCC(C5(CC4O)C)C6=CC(=O)OC6)O)CO)O)O)O)O,584.7,-1.7,207.0,8,12,4
Nafamostat,4413,C1=CC(=CC=C1C(=O)OC2=CC3=C(C=C2)C=C(C=C3)C(=N)N)N=C(N)N,347.4,2,141.0,4,4,5
Vicriviroc,3009355,CC1CN(CCN1C(COC)C2=CC=C(C=C2)C(F)(F)F)C3(CCN(CC3)C(=O)C4=C(N=CN=C4C)C)C,533.6,3.7,61.8,0,9,6
Geranylgeranyl diphosphate,447277,CC(=CCCC(=CCCC(=CCCC(=CCOP(=O)(O)OP(=O)(O)O)C)C)C)C,450.4,4.4,113.0,3,7,14
Cenobamate,11962412,C1=CC=C(C(=C1)C(CN2N=CN=N2)OC(=O)N)Cl,267.67,1.5,95.9,1,5,5
Glymidine,9565,COCCOC1=CN=C(N=C1)NS(=O)(=O)C2=CC=CC=C2,309.34,0.9,98.8,1,7,7
Dexfenfluramine,66265,CCNC(C)CC1=CC(=CC=C1)C(F)(F)F,231.26,3.4,12.0,1,4,4
Isosorbide,12597,C1C(C2C(O1)C(CO2)O)O,146.14,-1.4,58.9,2,4,0
Perampanel,9924495,C1=CC=C(C=C1)N2C=C(C=C(C2=O)C3=CC=CC=C3C#N)C4=CC=CC=N4,349.4,3.4,57.0,0,3,3
Cannabidiol,644019,CCCCCC1=CC(=C(C(=C1)O)C2C=C(CCC2C(=C)C)C)O,314.5,6.5,40.5,2,2,6
Doxazosin,3157,COC1=C(C=C2C(=C1)C(=NC(=N2)N3CCN(CC3)C(=O)C4COC5=CC=CC=C5O4)N)OC,451.5,2.5,112.0,1,9,4
Dihydroetorphine,107765,CCCC(C)(C1CC23CCC1(C4C25CCN(C3CC6=C5C(=C(C=C6)O)O4)C)OC)O,413.5,3.8,62.2,2,5,4
Androstenedione,6128,CC12CCC(=O)C=C1CCC3C2CCC4(C3CCC4=O)C,286.4,2.7,34.1,0,2,0
Cefditoren,9870843,CC1=C(SC=N1)C=CC2=C(N3C(C(C3=O)NC(=O)C(=NOC)C4=CSC(=N4)N)SC2)C(=O)O,506.6,0.7,242.0,3,12,7
Debrisoquine,2966,C1CN(CC2=CC=CC=C21)C(=N)N,175.23,0.8,53.1,2,1,1
Nalbuphine,5311304,C1CC(C1)CN2CCC34C5C(CCC3(C2CC6=C4C(=C(C=C6)O)O5)O)O,357.4,0.2,73.2,3,5,2
Macitentan,16004692,CCCNS(=O)(=O)NC1=C(C(=NC=N1)OCCOC2=NC=C(C=N2)Br)C3=CC=C(C=C3)Br,588.3,3.7,137.0,2,10,11
Estradiol dienanthate,165688,CCCCCCC(=O)OC1CCC2C1(CCC3C2CCC4=C3C=CC(=C4)OC(=O)CCCCCC)C,496.7,8.3,52.6,0,4,14
Repaglinide,65981,CCOC1=C(C=CC(=C1)CC(=O)NC(CC(C)C)C2=CC=CC=C2N3CCCCC3)C(=O)O,452.6,5.2,78.9,2,5,10
Teriflunomide,54684141,CC(=C(C#N)C(=O)NC1=CC=C(C=C1)C(F)(F)F)O,270.21,3.3,73.1,2,6,2
Sulindac,1548887,CC1=C(C2=C(C1=CC3=CC=C(C=C3)S(=O)C)C=CC(=C2)F)CC(=O)O,356.4,3.4,73.6,1,5,4
Metoclopramide,4168,CCN(CC)CCNC(=O)C1=CC(=C(C=C1OC)N)Cl,299.79,2.6,67.6,2,4,7
Neostigmine,4456,CN(C)C(=O)OC1=CC=CC(=C1)[N+](C)(C)C,223.29,1.5,29.5,0,2,3
Entrectinib,25141092,CN1CCN(CC1)C2=CC(=C(C=C2)C(=O)NC3=NNC4=C3C=C(C=C4)CC5=CC(=CC(=C5)F)F)NC6CCOCC6,560.6,5.7,85.5,3,8,7
Hydrocortisone succinate,16623,CC12CCC(=O)C=C1CCC3C2C(CC4(C3CCC4(C(=O)COC(=O)CCC(=O)O)O)C)O,462.5,1.8,138.0,3,8,7
Doxylamine,3162,CC(C1=CC=CC=C1)(C2=CC=CC=N2)OCCN(C)C,270.37,2.5,25.4,0,3,6
Taranabant,11226090,CC(C(CC1=CC=C(C=C1)Cl)C2=CC=CC(=C2)C#N)NC(=O)C(C)(C)OC3=NC=C(C=C3)C(F)(F)F,516.0,6.5,75.0,1,7,8
Deutetrabenazine,73442840,CC(C)CC1CN2CCC3=CC(=C(C=C3C2CC1=O)OC)OC,323.5,2.9,38.8,0,4,4
Styramate,7186,C1=CC=C(C=C1)C(COC(=O)N)O,181.19,0.4,72.6,2,3,4
Pyrazinamide,1046,C1=CN=C(C=N1)C(=O)N,123.11,-0.6,68.9,1,3,1
Ceftibuten,5282242,C1C=C(N2C(S1)C(C2=O)NC(=O)C(=CCC(=O)O)C3=CSC(=N3)N)C(=O)O,410.4,-0.3,216.0,4,10,6
Cinazepam,629281,C1=CC=C(C(=C1)C2=NC(C(=O)NC3=C2C=C(C=C3)Br)OC(=O)CCC(=O)O)Cl,465.7,2.5,105.0,2,6,6
Zidovudine,35370,CC1=CN(C(=O)NC1=O)C2CC(C(O2)CO)N=[N+]=[N-],267.24,0,93.2,2,6,3
Nomegestrol acetate,91668,CC1=CC2C(CCC3(C2CCC3(C(=O)C)OC(=O)C)C)C4C1=CC(=O)CC4,370.5,2.6,60.4,0,4,3
(R)-Bicalutamide,56069,CC(CS(=O)(=O)C1=CC=C(C=C1)F)(C(=O)NC2=CC(=C(C=C2)C#N)C(F)(F)F)O,430.4,2.3,116.0,2,9,5
R-306465,10309899,C1CN(CCN1C2=NC=C(C=N2)C(=O)NO)S(=O)(=O)C3=CC4=CC=CC=C4C=C3,413.5,1.3,124.0,2,8,4
Ciglitazone,2750,CC1(CCCCC1)COC2=CC=C(C=C2)CC3C(=O)NC(=O)S3,333.4,4.8,80.7,1,4,5
Cyclothiazide,2910,C1C2CC(C1C=C2)C3NC4=CC(=C(C=C4S(=O)(=O)N3)S(=O)(=O)N)Cl,389.9,2,135.0,3,7,2
Moxifloxacin,152946,COC1=C2C(=CC(=C1N3CC4CCCNC4C3)F)C(=O)C(=CN2C5CC5)C(=O)O,401.4,0.6,82.1,2,8,4
Loprazolam,3033860,CN1CCN(CC1)C=C2C(=O)N3C(=N2)CN=C(C4=C3C=CC(=C4)[N+](=O)[O-])C5=CC=CC=C5Cl,464.9,2.9,97.3,0,7,2
Peldesine,135413525,C1=CC(=CN=C1)CC2=CNC3=C2N=C(NC3=O)N,241.25,0.1,96.2,3,3,2
Methotrimeprazine,72287,CC(CN1C2=CC=CC=C2SC3=C1C=C(C=C3)OC)CN(C)C,328.5,4.7,41.0,0,4,5
Chlorproethazine,65750,CCN(CC)CCCN1C2=CC=CC=C2SC3=C1C=C(C=C3)Cl,346.9,5.9,31.8,0,3,6
Quinaprilat,107994,CC(C(=O)N1CC2=CC=CC=C2CC1C(=O)O)NC(CCC3=CC=CC=C3)C(=O)O,410.5,0.5,107.0,3,6,8
Estetrol,27125,CC12CCC3C(C1C(C(C2O)O)O)CCC4=C3C=CC(=C4)O,304.4,1.5,80.9,4,4,0
Cephalothin Group,46936680,COC(=O)CC1=C(NC(SC1)C(C=O)NC(=O)CC2=CC=CS2)C(=O)O,398.5,0.4,175.0,3,9,9
Terfenadine,5405,CC(C)(C)C1=CC=C(C=C1)C(CCCN2CCC(CC2)C(C3=CC=CC=C3)(C4=CC=CC=C4)O)O,471.7,6.6,43.7,2,3,9
Butalbital,2481,CC(C)CC1(C(=O)NC(=O)NC1=O)CC=C,224.26,1.7,75.3,2,3,4
Cathine,441457,CC(C(C1=CC=CC=C1)O)N,151.21,0.8,46.3,2,2,2
Pexidartinib,25151352,C1=CC(=NC=C1CC2=CNC3=C2C=C(C=N3)Cl)NCC4=CN=C(C=C4)C(F)(F)F,417.8,4.5,66.5,2,7,5
Glycopyrronium,3494,C[N+]1(CCC(C1)OC(=O)C(C2CCCC2)(C3=CC=CC=C3)O)C,318.4,3.1,46.5,1,3,5
Dichlorobenzyl alcohol,15684,C1=CC(=C(C=C1Cl)Cl)CO,177.02,2.5,20.2,1,1,1
Tezacaftor,46199646,CC(C)(CO)C1=CC2=CC(=C(C=C2N1CC(CO)O)F)NC(=O)C3(CC3)C4=CC5=C(C=C4)OC(O5)(F)F,520.5,2.9,113.0,4,9,8
Amineptine,34870,C1CC2=CC=CC=C2C(C3=CC=CC=C31)NCCCCCCC(=O)O,337.5,2.1,49.3,2,3,8
Sodium cation,923,[Na+],22.9897693,,0.0,0,0,0
10-hydroxycamptothecin,97226,CCC1(C2=C(COC1=O)C(=O)N3CC4=C(C3=C2)N=C5C=CC(=CC5=C4)O)O,364.4,0.6,100.0,2,6,1
Carmustine,2578,C(CCl)NC(=O)N(CCCl)N=O,214.05,1.5,61.8,1,3,4
Norethynodrel,6231,CC12CCC3C(C1CCC2(C#C)O)CCC4=C3CCC(=O)C4,298.4,2.1,37.3,1,2,1
Iproniazid,3748,CC(C)NNC(=O)C1=CC=NC=C1,179.22,0.4,54.0,2,3,3
Voriconazole,71616,CC(C1=NC=NC=C1F)C(CN2C=NC=N2)(C3=C(C=C(C=C3)F)F)O,349.31,1.5,76.7,1,8,5
Decitabine,451668,C1C(C(OC1N2C=NC(=NC2=O)N)CO)O,228.21,-1.2,121.0,3,4,2
Tiotropium,5487427,C[N+]1(C2CC(CC1C3C2O3)OC(=O)C(C4=CC=CS4)(C5=CC=CS5)O)C,392.5,2.3,116.0,1,6,5
Irinotecan,60838,CCC1=C2CN3C(=CC4=C(C3=O)COC(=O)C4(CC)O)C2=NC5=C1C=C(C=C5)OC(=O)N6CCC(CC6)N7CCCCC7,586.7,3,113.0,1,8,5
Epoprostenol,5282411,CCCCCC(C=CC1C(CC2C1CC(=CCCCC(=O)O)O2)O)O,352.5,2.9,87.0,3,5,10
Polmacoxib,9841854,CC1(C(=O)C(=C(O1)C2=CC=C(C=C2)S(=O)(=O)N)C3=CC(=CC=C3)F)C,361.4,2.6,94.8,1,6,3
DL-alpha-Tocopherol,2116,CC1=C(C2=C(CCC(O2)(C)CCCC(C)CCCC(C)CCCC(C)C)C(=C1O)C)C,430.7,10.7,29.5,1,2,12
Delafloxacin,487101,C1C(CN1C2=C(C=C3C(=C2Cl)N(C=C(C3=O)C(=O)O)C4=C(C=C(C(=N4)N)F)F)F)O,440.8,2.7,120.0,3,11,3
Bismuth subnitrate,73415757,[N+](=O)([O-])[O-].[N+](=O)([O-])[O-].[N+](=O)([O-])[O-].[N+](=O)([O-])[O-].[OH-].[OH-].[OH-].[OH-].[OH-].[OH-].[OH-].[OH-].[OH-].[O-2].[Bi+3].[Bi+3].[Bi+3].[Bi+3].[Bi+3],1461.99,,262.0,9,22,0
Etoricoxib,123619,CC1=NC=C(C=C1)C2=C(C=C(C=N2)Cl)C3=CC=C(C=C3)S(=O)(=O)C,358.8,3.3,68.3,0,4,3
Chlorzoxazone,2733,C1=CC2=C(C=C1Cl)NC(=O)O2,169.56,1.8,38.3,1,2,0
Oxazepam,4616,C1=CC=C(C=C1)C2=NC(C(=O)NC3=C2C=C(C=C3)Cl)O,286.71,2.2,61.7,2,3,1
Gedocarnil,219095,CC(C)OC(=O)C1=NC=C2C(=C1COC)C3=C(N2)C=CC=C3OC4=CC=C(C=C4)Cl,424.9,5.1,73.4,1,5,7
Penicillamine,5852,CC(C)(C(C(=O)O)N)S,149.21,-1.8,64.3,3,4,2
Bosentan,104865,CC(C)(C)C1=CC=C(C=C1)S(=O)(=O)NC2=C(C(=NC(=N2)C3=NC=CC=N3)OCCO)OC4=CC=CC=C4OC,551.6,3.8,154.0,2,11,11
Iofetamine I-123,156375,CC(C)NC(C)CC1=CC=C(C=C1)I,299.18,3.6,12.0,1,1,4
Nimodipine,4497,CC1=C(C(C(=C(N1)C)C(=O)OC(C)C)C2=CC(=CC=C2)[N+](=O)[O-])C(=O)OCCOC,418.4,3.1,120.0,1,8,9
Ezogabine,121892,CCOC(=O)NC1=C(C=C(C=C1)NCC2=CC=C(C=C2)F)N,303.33,2.8,76.4,3,5,6
Alfaxalone,104845,CC(=O)C1CCC2C1(CC(=O)C3C2CCC4C3(CCC(C4)O)C)C,332.5,3.2,54.4,1,3,1
Ridaforolimus,11520894,CC1CCC2CC(C(=CC=CC=CC(CC(C(=O)C(C(C(=CC(C(=O)CC(OC(=O)C3CCCCN3C(=O)C(=O)C1(O2)O)C(C)CC4CCC(C(C4)OC)OP(=O)(C)C)C)C)O)OC)C)C)C)OC,990.2,5.9,202.0,2,14,8
Talopram,23573,CC1(C2=CC=CC=C2C(O1)(CCCNC)C3=CC=CC=C3)C,295.4,3.5,21.3,1,2,5
Acalabrutinib,71226662,CC#CC(=O)N1CCCC1C2=NC(=C3N2C=CN=C3N)C4=CC=C(C=C4)C(=O)NC5=CC=CC=N5,465.5,3,119.0,2,6,4
Etoperidone,40589,CCC1=NN(C(=O)N1CC)CCCN2CCN(CC2)C3=CC(=CC=C3)Cl,377.9,3,42.4,0,4,7
Metaxalone,15459,CC1=CC(=CC(=C1)OCC2CNC(=O)O2)C,221.25,2.2,47.6,1,3,3
Ifosfamide,3690,C1CN(P(=O)(OC1)NCCCl)CCCl,261.08,0.9,41.6,1,4,5
Darexaban,9912771,CN1CCCN(CC1)C2=CC=C(C=C2)C(=O)NC3=C(C=CC=C3O)NC(=O)C4=CC=C(C=C4)OC,474.6,3.5,94.1,3,6,6
Lurasidone,213046,C1CCC(C(C1)CN2CCN(CC2)C3=NSC4=CC=CC=C43)CN5C(=O)C6C7CCC(C7)C6C5=O,492.7,5.4,85.0,0,6,5
Guanoxabenz,9567831,C1=CC(=C(C(=C1)Cl)C=NN=C(N)NO)Cl,247.08,1.6,83.0,3,3,3
Eplerenone,443872,CC12CCC(=O)C=C1CC(C3C24C(O4)CC5(C3CCC56CCC(=O)O6)C)C(=O)OC,414.5,1.4,82.2,0,6,2
Valpromide,71113,CCCC(CCC)C(=O)N,143.23,2.1,43.1,1,1,5
Ketorolac,3826,C1CN2C(=CC=C2C(=O)C3=CC=CC=C3)C1C(=O)O,255.27,1.9,59.3,1,3,3
Cannabidivarin,11601669,CCCC1=CC(=C(C(=C1)O)C2C=C(CCC2C(=C)C)C)O,286.4,5.4,40.5,2,2,4
Lysergic acid diethylamide,5761,CCN(CC)C(=O)C1CN(C2CC3=CNC4=CC=CC(=C34)C2=C1)C,323.4,3,39.3,1,2,3
Oxetacaine,4621,CC(C)(CC1=CC=CC=C1)N(C)C(=O)CN(CCO)CC(=O)N(C)C(C)(C)CC2=CC=CC=C2,467.6,3.8,64.1,1,4,12
Ribociclib,44631912,CN(C)C(=O)C1=CC2=CN=C(N=C2N1C3CCCC3)NC4=NC=C(C=C4)N5CCNCC5,434.5,2.2,91.2,2,7,5
Erlotinib,176870,COCCOC1=C(C=C2C(=C1)C(=NC=N2)NC3=CC=CC(=C3)C#C)OCCOC,393.4,3.3,74.7,1,7,11
(R)-Atenolol,180559,CC(C)NCC(COC1=CC=C(C=C1)CC(=O)N)O,266.34,0.2,84.6,3,4,8
Doxefazepam,38668,C1=CC=C(C(=C1)C2=NC(C(=O)N(C3=C2C=C(C=C3)Cl)CCO)O)F,348.8,1.6,73.1,2,5,3
Diphenadione,6719,C1=CC=C(C=C1)C(C2=CC=CC=C2)C(=O)C3C(=O)C4=CC=CC=C4C3=O,340.4,3.7,51.2,0,3,4
Pitolisant,9948102,C1CCN(CC1)CCCOCCCC2=CC=C(C=C2)Cl,295.8,4.3,12.5,0,2,8
Dexpropranolol,21138,CC(C)NCC(COC1=CC=CC2=CC=CC=C21)O,259.34,3,41.5,2,3,6
Clorazepic acid,2809,C1=CC=C(C=C1)C2=NC(C(=O)NC3=C2C=C(C=C3)Cl)C(=O)O,314.72,3.3,78.8,2,4,2
Lamivudine,60825,C1C(OC(S1)CO)N2C=CC(=NC2=O)N,229.26,-0.9,113.0,2,4,2
Geneticin,123865,CC(C1C(C(C(C(O1)OC2C(CC(C(C2O)OC3C(C(C(CO3)(C)O)NC)O)N)N)N)O)O)O,496.6,-5.8,248.0,10,14,6
Fosaprepitant,135413538,CC(C1=CC(=CC(=C1)C(F)(F)F)C(F)(F)F)OC2C(N(CCO2)CC3=NN(C(=O)N3)P(=O)(O)O)C4=CC=C(C=C4)F,614.4,1,124.0,3,15,7
Azithromycin,447043,CCC1C(C(C(N(CC(CC(C(C(C(C(C(=O)O1)C)OC2CC(C(C(O2)C)O)(C)OC)C)OC3C(C(CC(O3)C)N(C)C)O)(C)O)C)C)C)O)(C)O,749.0,4,180.0,5,14,7
Brequinar,57030,CC1=C(C2=C(C=CC(=C2)F)N=C1C3=CC=C(C=C3)C4=CC=CC=C4F)C(=O)O,375.4,5.6,50.2,1,5,3
Cefadroxil,47965,CC1=C(N2C(C(C2=O)NC(=O)C(C3=CC=C(C=C3)O)N)SC1)C(=O)O,363.4,-2.1,158.0,4,7,4
Docusate,11339,CCCCC(CC)COC(=O)CC(C(=O)OCC(CC)CCCC)S(=O)(=O)O,422.6,5.1,115.0,1,7,18
Procaterol,688563,CCC(C(C1=C2C=CC(=O)NC2=C(C=C1)O)O)NC(C)C,290.36,1.5,81.6,4,4,5
Nitroaspirin,119032,CC(=O)OC1=CC=CC=C1C(=O)OC2=CC=CC(=C2)CO[N+](=O)[O-],331.28,2.9,108.0,0,7,7
Tienilic acid,38409,C1=CSC(=C1)C(=O)C2=C(C(=C(C=C2)OCC(=O)O)Cl)Cl,331.2,4.1,91.8,1,5,5
Xenon,23991,[Xe],131.29,,0.0,0,0,0
Linagliptin,10096344,CC#CCN1C2=C(N=C1N3CCCC(C3)N)N(C(=O)N(C2=O)CC4=NC5=CC=CC=C5C(=N4)C)C,472.5,1.9,113.0,1,7,4
Saralasin,6324663,CC(C)C(C(=O)NC(CC1=CC=C(C=C1)O)C(=O)NC(C(C)C)C(=O)NC(CC2=CN=CN2)C(=O)N3CCCC3C(=O)NC(C)C(=O)O)NC(=O)C(CCCN=C(N)N)NC(=O)CNC,912.0,-2.6,358.0,12,13,25
Caroverine,65709,CCN(CC)CCN1C2=CC=CC=C2N=C(C1=O)CC3=CC=C(C=C3)OC,365.5,3.2,45.1,0,4,8
Varenicline,5310966,C1C2CNCC1C3=CC4=NC=CN=C4C=C23,211.26,0.8,37.8,1,3,0
Copanlisib,135565596,COC1=C(C=CC2=C3NCCN3C(=NC(=O)C4=CN=C(N=C4)N)N=C21)OCCCN5CCOCC5,480.5,0.3,140.0,2,9,7
Flunixin,38081,CC1=C(C=CC=C1NC2=C(C=CC=N2)C(=O)O)C(F)(F)F,296.24,4.1,62.2,2,7,3
Zanubrutinib,135565884,C=CC(=O)N1CCC(CC1)C2CCNC3=C(C(=NN23)C4=CC=C(C=C4)OC5=CC=CC=C5)C(=O)N,471.5,3.5,102.0,2,5,6
Testosterone enanthate,9416,CCCCCCC(=O)OC1CCC2C1(CCC3C2CCC4=CC(=O)CCC34C)C,400.6,6.3,43.4,0,3,7
Darifenacin,444031,C1CN(CC1C(C2=CC=CC=C2)(C3=CC=CC=C3)C(=O)N)CCC4=CC5=C(C=C4)OCC5,426.5,4.6,55.6,1,3,7
Naluzotan,11430856,CC(=O)NC1=CC(=CC=C1)N2CCN(CC2)CCCCNS(=O)(=O)CC3CCCCC3,450.6,3.2,90.1,2,6,10
Riluzole,5070,C1=CC2=C(C=C1OC(F)(F)F)SC(=N2)N,234.20,3.6,76.4,1,7,1
Rivoglitazone,3055168,CN1C2=C(C=CC(=C2)OC)N=C1COC3=CC=C(C=C3)CC4C(=O)NC(=O)S4,397.4,3.1,108.0,1,6,6
Idelalisib,11625818,CCC(C1=NC2=C(C(=CC=C2)F)C(=O)N1C3=CC=CC=C3)NC4=NC=NC5=C4NC=N5,415.4,3.7,99.2,2,7,5
Vigabatrin,5665,C=CC(CCC(=O)O)N,129.16,-2.2,63.3,2,3,4
8-azaguanine,135403646,C12=NNN=C1N=C(NC2=O)N,152.11,-1.5,109.0,3,4,0
Thiopropazate,6762,CC(=O)OCCN1CCN(CC1)CCCN2C3=CC=CC=C3SC4=C2C=C(C=C4)Cl,446.0,4.8,61.3,0,6,8
Phenethylamine,1001,C1=CC=C(C=C1)CCN,121.18,1.4,26.0,1,1,2
Dronabinol,16078,CCCCCC1=CC(=C2C3C=C(CCC3C(OC2=C1)(C)C)C)O,314.5,7,29.5,1,2,4
Temozolomide,5394,CN1C(=O)N2C=NC(=C2N=N1)C(=O)N,194.15,-1.1,106.0,1,5,1
Clobetasol propionate,32798,CCC(=O)OC1(C(CC2C1(CC(C3(C2CCC4=CC(=O)C=CC43C)F)O)C)C)C(=O)CCl,467.0,3.8,80.7,1,6,5
"1-BENZYL-4-[(5,6-DIMETHOXY-1-INDANON-2-YL)METHYL]PIPERIDINE",1150567,COC1=C(C=C2C(=C1)CC(C2=O)CC3CCN(CC3)CC4=CC=CC=C4)OC,379.5,4.3,38.8,0,4,6
Romidepsin,5352062,CC=C1C(=O)NC(C(=O)OC2CC(=O)NC(C(=O)NC(CSSCCC=C2)C(=O)N1)C(C)C)C(C)C,540.7,2.2,193.0,4,8,2
"(5R)-5-(4-{[(2R)-6-HYDROXY-2,5,7,8-TETRAMETHYL-3,4-DIHYDRO-2H-CHROMEN-2-YL]METHOXY}BENZYL)-1,3-THIAZOLIDINE-2,4-DIONE",9824580,CC1=C(C2=C(CCC(O2)(C)COC3=CC=C(C=C3)CC4C(=O)NC(=O)S4)C(=C1O)C)C,441.5,5.1,110.0,2,6,5
Fedratinib,16722836,CC1=CN=C(N=C1NC2=CC(=CC=C2)S(=O)(=O)NC(C)(C)C)NC3=CC=C(C=C3)OCCN4CCCC4,524.7,4.8,117.0,3,9,11
Milrinone,4197,CC1=C(C=C(C(=O)N1)C#N)C2=CC=NC=C2,211.22,0,65.8,1,3,1
Metacycline,54675785,CN(C)C1C2C(C3C(=C)C4=C(C(=CC=C4)O)C(=C3C(=O)C2(C(=C(C1=O)C(=O)N)O)O)O)O,442.4,0.3,182.0,6,9,2
Perospirone,115368,C1CCC2C(C1)C(=O)N(C2=O)CCCCN3CCN(CC3)C4=NSC5=CC=CC=C54,426.6,3.9,85.0,0,6,6
Icosapent,446284,CCC=CCC=CCC=CCC=CCC=CCCCC(=O)O,302.5,5.6,37.3,1,2,13
Yohimbine,8969,COC(=O)C1C(CCC2C1CC3C4=C(CCN3C2)C5=CC=CC=C5N4)O,354.4,2.9,65.6,2,4,2
Buprenorphine,644073,CC(C)(C)C(C)(C1CC23CCC1(C4C25CCN(C3CC6=C5C(=C(C=C6)O)O4)CC7CC7)OC)O,467.6,5,62.2,2,5,5
"1alpha,24S-Dihydroxyvitamin D2",9547261,CC(C)C(C)(C=CC(C)C1CCC2C1(CCCC2=CC=C3CC(CC(C3=C)O)O)C)O,428.6,5.1,60.7,3,3,5
Enasidenib,89683805,CC(C)(CNC1=NC(=NC(=N1)C2=NC(=CC=C2)C(F)(F)F)NC3=CC(=NC=C3)C(F)(F)F)O,473.4,3.5,109.0,3,14,6
Cilazaprilat,64766,C1CC(C(=O)N2C(CCCN2C1)C(=O)O)NC(CCC3=CC=CC=C3)C(=O)O,389.4,-2.4,110.0,3,7,7
Methoxsalen,4114,COC1=C2C(=CC3=C1OC=C3)C=CC(=O)O2,216.19,1.9,48.7,0,4,1
Hydroxychloroquine,3652,CCN(CCCC(C)NC1=C2C=CC(=CC2=NC=C1)Cl)CCO,335.9,3.6,48.4,2,4,9
Flunitrazepam,3380,CN1C(=O)CN=C(C2=C1C=CC(=C2)[N+](=O)[O-])C3=CC=CC=C3F,313.28,2.1,78.5,0,5,1
Sulfathiourea,3000579,C1=CC(=CC=C1N)S(=O)(=O)NC(=S)N,231.3,-0.7,139.0,3,4,2
Doripenem,73303,CC1C2C(C(=O)N2C(=C1SC3CC(NC3)CNS(=O)(=O)N)C(=O)O)C(C)O,420.5,-3.4,196.0,5,10,7
Mesalazine,4075,C1=CC(=C(C=C1N)C(=O)O)O,153.14,1.3,83.6,3,4,1
Ambroxol,2132,C1CC(CCC1NCC2=C(C(=CC(=C2)Br)Br)N)O,378.10,2.6,58.3,3,3,3
Isepamicin,3037209,CC1(COC(C(C1NC)O)OC2C(CC(C(C2O)OC3C(C(C(C(O3)CN)O)O)O)N)NC(=O)C(CN)O)O,569.6,-6.9,298.0,12,16,9
Propoxycaine,6843,CCCOC1=C(C=CC(=C1)N)C(=O)OCCN(CC)CC,294.39,3.1,64.8,1,5,10
Taurocholic acid,6675,CC(CCC(=O)NCCS(=O)(=O)O)C1CCC2C1(C(CC3C2C(CC4C3(CCC(C4)O)C)O)O)C,515.7,2.2,153.0,5,7,7
Hydrocortisone phosphate,441407,CC12CCC(=O)C=C1CCC3C2C(CC4(C3CCC4(C(=O)COP(=O)(O)O)O)C)O,442.4,0,141.0,4,8,4
Genistein,5280961,C1=CC(=CC=C1C2=COC3=CC(=CC(=C3C2=O)O)O)O,270.24,2.7,87.0,3,5,1
Mepivacaine,4062,CC1=C(C(=CC=C1)C)NC(=O)C2CCCCN2C,246.35,1.9,32.3,1,2,2
Cyclophosphamide,2907,C1CNP(=O)(OC1)N(CCCl)CCCl,261.08,0.6,41.6,1,4,5
Seletracetam,9942725,CCC(C(=O)N)N1CC(CC1=O)C=C(F)F,232.23,0.3,63.4,1,4,4
Tepoxalin,59757,CN(C(=O)CCC1=NN(C(=C1)C2=CC=C(C=C2)Cl)C3=CC=C(C=C3)OC)O,385.8,3.4,67.6,1,4,6
Ephedrine,9294,CC(C(C1=CC=CC=C1)O)NC,165.23,0.9,32.3,2,2,3
Mycophenolate mofetil,5281078,CC1=C2COC(=O)C2=C(C(=C1OC)CC=C(C)CCC(=O)OCCN3CCOCC3)O,433.5,3.2,94.5,1,8,10
Resorcinol,5054,C1=CC(=CC(=C1)O)O,110.11,0.8,40.5,2,2,0
Phenacetin,4754,CCOC1=CC=C(C=C1)NC(=O)C,179.22,1.6,38.3,1,2,3
MK-212,107992,C1CN(CCN1)C2=CN=CC(=N2)Cl,198.65,0.5,41.1,1,4,1
Proglumetacin,4921,CCCN(CCC)C(=O)C(CCC(=O)OCCCN1CCN(CC1)CCOC(=O)CC2=C(N(C3=C2C=C(C=C3)OC)C(=O)C4=CC=C(C=C4)Cl)C)NC(=O)C5=CC=CC=C5,844.4,7.3,140.0,1,10,23
Sarafloxacin,56208,C1CN(CCN1)C2=C(C=C3C(=C2)N(C=C(C3=O)C(=O)O)C4=CC=C(C=C4)F)F,385.4,0.3,72.9,2,8,3
Grapiprant,11677589,CCC1=NC2=C(N1C3=CC=C(C=C3)CCNC(=O)NS(=O)(=O)C4=CC=C(C=C4)C)C=C(N=C2C)C,491.6,4.6,114.0,2,5,7
Metharbital,4099,CCC1(C(=O)NC(=O)N(C1=O)C)CC,198.22,1.2,66.5,1,3,2
Avacopan,49841217,CC1=C(C(=CC=C1)F)C(=O)N2CCCC(C2C3=CC=C(C=C3)NC4CCCC4)C(=O)NC5=CC(=C(C=C5)C)C(F)(F)F,581.6,7.2,61.4,2,7,6
Vadadustat,23634441,C1=CC(=CC(=C1)Cl)C2=CC(=C(N=C2)C(=O)NCC(=O)O)O,306.70,2.5,99.5,3,5,4
Clothiapine,16351,CN1CCN(CC1)C2=NC3=CC=CC=C3SC4=C2C=C(C=C4)Cl,343.9,3.6,44.1,0,3,1
Tolvaptan,216237,CC1=CC=CC=C1C(=O)NC2=CC(=C(C=C2)C(=O)N3CCCC(C4=C3C=CC(=C4)Cl)O)C,448.9,4.8,69.6,2,3,3
Testosterone propionate,5995,CCC(=O)OC1CCC2C1(CCC3C2CCC4=CC(=O)CCC34C)C,344.5,4.4,43.4,0,3,3
Norethindrone enanthate,229295,CCCCCCC(=O)OC1(CCC2C1(CCC3C2CCC4=CC(=O)CCC34)C)C#C,410.6,6,43.4,0,3,8
DPDPE,104787,CC1(C(C(=O)NCC(=O)NC(C(=O)NC(C(SS1)(C)C)C(=O)O)CC2=CC=CC=C2)NC(=O)C(CC3=CC=C(C=C3)O)N)C,645.8,-0.6,251.0,7,10,7
Mephenytoin,4060,CCC1(C(=O)N(C(=O)N1)C)C2=CC=CC=C2,218.25,1.5,49.4,1,2,2
Anagrelide,135409400,C1C2=C(C=CC(=C2Cl)Cl)N=C3N1CC(=O)N3,256.08,1.6,44.7,1,2,0
Abiraterone,132971,CC12CCC(CC1=CCC3C2CCC4(C3CC=C4C5=CN=CC=C5)C)O,349.5,4.6,33.1,1,2,1
Desflurane,42113,C(C(F)(F)F)(OC(F)F)F,168.04,2.6,9.2,0,7,2
Methoxyflurane,4116,COC(C(Cl)Cl)(F)F,164.96,2.2,9.2,0,3,2
Meprednisone,5284587,CC1CC2C3CCC4=CC(=O)C=CC4(C3C(=O)CC2(C1(C(=O)CO)O)C)C,372.5,1.9,91.7,2,5,2
D-chiro-Inositol,892,C1(C(C(C(C(C1O)O)O)O)O)O,180.16,-3.7,121.0,6,6,0
Diflunisal,3059,C1=CC(=C(C=C1C2=C(C=C(C=C2)F)F)C(=O)O)O,250.20,4.4,57.5,2,5,2
Vorasidenib,117817422,CC(C(F)(F)F)NC1=NC(=NC(=N1)C2=NC(=CC=C2)Cl)NC(C)C(F)(F)F,414.74,5.3,75.6,2,12,5
Guanadrel,38521,C1CCC2(CC1)OCC(O2)CN=C(N)N,213.28,0,82.9,2,3,2
Methoxamine,6082,CC(C(C1=C(C=CC(=C1)OC)OC)O)N,211.26,0.5,64.7,2,4,4
Testosterone succinate,119202,CC12CCC3C(C1CCC2OC(=O)CCC(=O)O)CCC4=CC(=O)CCC34C,388.5,3.3,80.7,1,5,5
Cilazapril,56330,CCOC(=O)C(CCC1=CC=CC=C1)NC2CCCN3CCCC(N3C2=O)C(=O)O,417.5,0.6,99.2,2,7,9
Panobinostat,6918837,CC1=C(C2=CC=CC=C2N1)CCNCC3=CC=C(C=C3)C=CC(=O)NO,349.4,3,77.2,4,3,7
Phosphocreatine,9548602,CN(CC(=O)O)C(=NP(=O)(O)O)N,211.11,-2.6,136.0,4,6,4
Tandospirone,91273,C1CC2CC1C3C2C(=O)N(C3=O)CCCCN4CCN(CC4)C5=NC=CC=N5,383.5,1.9,69.6,0,6,6
Aminophenazone,6009,CC1=C(C(=O)N(N1C)C2=CC=CC=C2)N(C)C,231.29,1,26.8,0,3,2
Everolimus,6442177,CC1CCC2CC(C(=CC=CC=CC(CC(C(=O)C(C(C(=CC(C(=O)CC(OC(=O)C3CCCCN3C(=O)C(=O)C1(O2)O)C(C)CC4CCC(C(C4)OC)OCCO)C)C)O)OC)C)C)C)OC,958.2,5.9,205.0,3,14,9
Letrozole,3902,C1=CC(=CC=C1C#N)C(C2=CC=C(C=C2)C#N)N3C=NC=N3,285.30,2.7,78.3,0,4,3
Prednisolone phosphate,72078,CC12CC(C3C(C1CCC2(C(=O)COP(=O)(O)O)O)CCC4=CC(=O)C=CC34C)O,440.4,0,141.0,4,8,4
Dihydrocodeine,5284543,CN1CCC23C4C1CC5=C2C(=C(C=C5)OC)OC3C(CC4)O,301.4,2.2,41.9,1,4,1
Ensartinib,56960363,CC1CN(CC(N1)C)C(=O)C2=CC=C(C=C2)NC(=O)C3=NN=C(C(=C3)OC(C)C4=C(C=CC(=C4Cl)F)Cl)N,561.4,3.6,122.0,3,8,6
"2,5-Dimethoxy-4-ethylamphetamine",27402,CCC1=CC(=C(C=C1OC)CC(C)N)OC,223.31,2.8,44.5,1,3,5
Phentolamine,5775,CC1=CC=C(C=C1)N(CC2=NCCN2)C3=CC(=CC=C3)O,281.35,2.6,47.9,2,3,4
"1,2-Benzodiazepine",134664,C1=CC=C2C(=C1)C=CC=NN2,144.17,1.9,24.4,1,2,0
Rolitetracycline,54682938,CC1(C2CC3C(C(=O)C(=C(C3(C(=O)C2=C(C4=C1C=CC=C4O)O)O)O)C(=O)NCN5CCCC5)N(C)C)O,527.6,-0.9,171.0,6,10,4
Ibrutinib,24821094,C=CC(=O)N1CCCC(C1)N2C3=NC=NC(=C3C(=N2)C4=CC=C(C=C4)OC5=CC=CC=C5)N,440.5,3.6,99.2,1,6,5
Nebivolol,71301,C1CC2=C(C=CC(=C2)F)OC1C(CNCC(C3CCC4=C(O3)C=CC(=C4)F)O)O,405.4,3,71.0,3,7,6
Telithromycin,3002190,CCC1C2(C(C(C(=O)C(CC(C(C(C(=O)C(C(=O)O1)C)C)OC3C(C(CC(O3)C)N(C)C)O)(C)OC)C)C)N(C(=O)O2)CCCCN4C=C(N=C4)C5=CN=CC=C5)C,812.0,4.2,172.0,1,13,11
Trifluperidol,5567,C1CN(CCC1(C2=CC(=CC=C2)C(F)(F)F)O)CCCC(=O)C3=CC=C(C=C3)F,409.4,3.5,40.5,1,7,6
Roxithromycin,6915744,CCC1C(C(C(C(=NOCOCCOC)C(CC(C(C(C(C(C(=O)O1)C)OC2CC(C(C(O2)C)O)(C)OC)C)OC3C(C(CC(O3)C)N(C)C)O)(C)O)C)C)O)(C)O,837.0,3.1,217.0,5,17,13
Fluorescein,16850,C1=CC=C2C(=C1)C(=O)OC23C4=C(C=C(C=C4)O)OC5=C3C=CC(=C5)O,332.3,3.4,76.0,2,5,0
Fezolinetant,117604931,CC1C2=NN=C(N2CCN1C(=O)C3=CC=C(C=C3)F)C4=NC(=NS4)C,358.4,1.6,105.0,0,7,2
6-O-benzylguanine,4578,C1=CC=C(C=C1)COC2=NC(=NC3=C2NC=N3)N,241.25,1.2,89.7,2,5,3
Propanidid,15004,CCCOC(=O)CC1=CC(=C(C=C1)OCC(=O)N(CC)CC)OC,337.4,2.8,65.1,0,5,11
Isoflavone,72304,C1=CC=C(C=C1)C2=COC3=CC=CC=C3C2=O,222.24,3.2,26.3,0,2,1
Limaprost,6438378,CCCCC(C)CC(C=CC1C(CC(=O)C1CCCCC=CC(=O)O)O)O,380.5,4.1,94.8,3,5,13
Clobazam,2789,CN1C(=O)CC(=O)N(C2=C1C=CC(=C2)Cl)C3=CC=CC=C3,300.74,2.1,40.6,0,2,1
Erythromycin,12560,CCC1C(C(C(C(=O)C(CC(C(C(C(C(C(=O)O1)C)OC2CC(C(C(O2)C)O)(C)OC)C)OC3C(C(CC(O3)C)N(C)C)O)(C)O)C)C)O)(C)O,733.9,2.7,194.0,5,14,7
Inecalcitol,6915835,CC(CC#CC(C)(C)O)C1CCC2C1(CCCC2=CC=C3CC(CC(C3)O)O)C,400.6,4.4,60.7,3,3,4
Acetate,175,CC(=O)[O-],59.04,0.4,40.1,0,2,0
Aceclofenac,71771,C1=CC=C(C(=C1)CC(=O)OCC(=O)O)NC2=C(C=CC=C2Cl)Cl,354.2,4.3,75.6,2,5,7
Cobimetinib,16222096,C1CCNC(C1)C2(CN(C2)C(=O)C3=C(C(=C(C=C3)F)F)NC4=C(C=C(C=C4)I)F)O,531.3,3.9,64.6,3,7,4
Piperaquine,122262,C1CN(CCN1CCCN2CCN(CC2)C3=C4C=CC(=CC4=NC=C3)Cl)C5=C6C=CC(=CC6=NC=C5)Cl,535.5,5.6,38.7,0,6,6
Etilefrine,3306,CCNCC(C1=CC(=CC=C1)O)O,181.23,0.1,52.5,3,3,4
Nilotinib,644241,CC1=C(C=C(C=C1)C(=O)NC2=CC(=CC(=C2)C(F)(F)F)N3C=C(N=C3)C)NC4=NC=CC(=N4)C5=CN=CC=C5,529.5,4.9,97.6,2,9,6
Nadolol,39147,CC(C)(C)NCC(COC1=CC=CC2=C1CC(C(C2)O)O)O,309.4,0.7,82.0,4,5,6
Cloranolol,65814,CC(C)(C)NCC(COC1=C(C=CC(=C1)Cl)Cl)O,292.20,3.1,41.5,2,3,6
Feprazone,35455,CC(=CCC1C(=O)N(N(C1=O)C2=CC=CC=C2)C3=CC=CC=C3)C,320.4,3.1,40.6,0,2,4
Arketamine,644025,CNC1(CCCCC1=O)C2=CC=CC=C2Cl,237.72,2.2,29.1,1,2,2
Permethrin,40326,CC1(C(C1C(=O)OCC2=CC(=CC=C2)OC3=CC=CC=C3)C=C(Cl)Cl)C,391.3,6.5,35.5,0,3,7
Bosutinib,5328940,CN1CCN(CC1)CCCOC2=C(C=C3C(=C2)N=CC(=C3NC4=CC(=C(C=C4Cl)Cl)OC)C#N)OC,530.4,5.4,82.9,1,8,9
Balsalazide,54585,C1=CC(=CC=C1C(=O)NCCC(=O)O)N=NC2=CC(=C(C=C2)O)C(=O)O,357.32,2.2,149.0,4,8,7
Clotiazepam,2811,CCC1=CC2=C(S1)N(C(=O)CN=C2C3=CC=CC=C3Cl)C,318.8,3.5,60.9,0,3,2
Ethosuximide,3291,CCC1(CC(=O)NC1=O)C,141.17,0.4,46.2,1,2,1
Tetrahydropalmatine,72301,COC1=C(C2=C(CC3C4=CC(=C(C=C4CCN3C2)OC)OC)C=C1)OC,355.4,3.2,40.2,0,5,4
Moricizine,34633,CCOC(=O)NC1=CC2=C(C=C1)SC3=CC=CC=C3N2C(=O)CCN4CCOCC4,427.5,3,96.4,1,6,6
Isavuconazonium,6918606,CC(C1=NC(=CS1)C2=CC=C(C=C2)C#N)C(CN3C=[N+](C=N3)C(C)OC(=O)N(C)C4=C(C=CC=N4)COC(=O)CNC)(C5=C(C=CC(=C5)F)F)O,717.8,4.1,188.0,2,13,15
Cefpirome,5479539,CON=C(C1=CSC(=N1)N)C(=O)NC2C3N(C2=O)C(=C(CS3)C[N+]4=CC=CC5=C4CCC5)C(=O)[O-],514.6,0.9,207.0,2,10,6
Methoxyphenamine,4117,CC(CC1=CC=CC=C1OC)NC,179.26,2.6,21.3,1,2,4
Fomepizole,3406,CC1=CNN=C1,82.10,1.4,28.7,1,1,0
Istradefylline,5311037,CCN1C2=C(C(=O)N(C1=O)CC)N(C(=N2)C=CC3=CC(=C(C=C3)OC)OC)C,384.4,2.5,76.9,0,5,6
Pirarubicin,11296583,CC1C(C(CC(O1)OC2CC(CC3=C2C(=C4C(=C3O)C(=O)C5=C(C4=O)C(=CC=C5)OC)O)(C(=O)CO)O)N)OC6CCCCO6,627.6,2.7,204.0,5,13,7
Losartan,3961,CCCCC1=NC(=C(N1CC2=CC=C(C=C2)C3=CC=CC=C3C4=NNN=N4)CO)Cl,422.9,4.3,92.5,2,5,8
Famphur,5859,CN(C)S(=O)(=O)C1=CC=C(C=C1)OP(=S)(OC)OC,325.3,2.2,106.0,0,7,6
Nemonoxacin,11993740,CC1CC(CN(C1)C2=C(C3=C(C=C2)C(=O)C(=CN3C4CC4)C(=O)O)OC)N,371.4,0.4,96.1,2,7,4
Dixyrazine,17182,CC(CN1CCN(CC1)CCOCCO)CN2C3=CC=CC=C3SC4=CC=CC=C42,427.6,3.7,64.5,1,6,9
Carmofur,2577,CCCCCCNC(=O)N1C=C(C(=O)NC1=O)F,257.26,2.6,78.5,2,4,5
Apremilast,11561674,CCOC1=C(C=CC(=C1)C(CS(=O)(=O)C)N2C(=O)C3=C(C2=O)C(=CC=C3)NC(=O)C)OC,460.5,1.8,127.0,1,7,8
Quetiapine,5002,C1CN(CCN1CCOCCO)C2=NC3=CC=CC=C3SC4=CC=CC=C42,383.5,2.1,73.6,1,5,6
Nonoxynol-9,72385,CCCCCCCCCC1=CC=C(C=C1)OCCOCCOCCOCCOCCOCCOCCOCCOCCO,616.8,4.6,103.0,1,10,35
Dopexamine,55483,C1=CC=C(C=C1)CCNCCCCCCNCCC2=CC(=C(C=C2)O)O,356.5,2.5,64.5,4,4,13
Acebutolol,1978,CCCC(=O)NC1=CC(=C(C=C1)OCC(CNC(C)C)O)C(=O)C,336.4,1.7,87.7,3,5,10
Phendimetrazine,30487,CC1C(OCCN1C)C2=CC=CC=C2,191.27,1.9,12.5,0,2,1
Ibipinabant,9826744,CN=C(NS(=O)(=O)C1=CC=C(C=C1)Cl)N2CC(C(=N2)C3=CC=C(C=C3)Cl)C4=CC=CC=C4,487.4,5.3,82.5,1,4,6
Salvinorin A,128563,CC(=O)OC1CC(C2(CCC3C(=O)OC(CC3(C2C1=O)C)C4=COC=C4)C)C(=O)OC,432.5,2.5,109.0,0,8,5
Alendronic acid,2088,C(CC(O)(P(=O)(O)O)P(=O)(O)O)CN,249.10,-6.5,161.0,6,8,5
Clopenthixol,12454,C1CN(CCN1CCC=C2C3=CC=CC=C3SC4=C2C=C(C=C4)Cl)CCO,401.0,4.3,52.0,1,4,5
Safrazine,34042,CC(CCC1=CC2=C(C=C1)OCO2)NN,208.26,1.8,56.5,2,4,4
Dipyridamole,3108,C1CCN(CC1)C2=NC(=NC3=C2N=C(N=C3N4CCCCC4)N(CCO)CCO)N(CCO)CCO,504.6,0.7,145.0,4,12,12
Dihexyverine,21788,C1CCC(CC1)C2(CCCCC2)C(=O)OCCN3CCCCC3,321.5,5.6,29.5,0,3,6
Azelaic acid,2266,C(CCCC(=O)O)CCCC(=O)O,188.22,1.6,74.6,2,4,8
Arformoterol,3083544,CC(CC1=CC=C(C=C1)OC)NCC(C2=CC(=C(C=C2)O)NC=O)O,344.4,1.8,90.8,4,5,8
Omaveloxolone,71811910,CC1(CCC2(CCC3(C(C2C1)C(=O)C=C4C3(CCC5C4(C=C(C(=O)C5(C)C)C#N)C)C)C)NC(=O)C(C)(F)F)C,554.7,6.7,87.0,1,6,2
Sildenafil,135398744,CCCC1=NN(C2=C1N=C(NC2=O)C3=C(C=CC(=C3)S(=O)(=O)N4CCN(CC4)C)OCC)C,474.6,1.5,118.0,1,8,7
Valomaciclovir,135544014,CC(C)C(C(=O)OCCC(CN1C=NC2=C1N=C(NC2=O)N)CO)N,352.39,-0.9,158.0,4,7,9
Allobarbital,5842,C=CCC1(C(=O)NC(=O)NC1=O)CC=C,208.21,1,75.3,2,3,4
Dabigatran etexilate,135565674,CCCCCCOC(=O)NC(=N)C1=CC=C(C=C1)NCC2=NC3=C(N2C)C=CC(=C3)C(=O)N(CCC(=O)OCC)C4=CC=CC=N4,627.7,5.3,152.0,3,9,18
DAR-0100A,6603820,C1CC2=CC(=C(C=C2C3C1NCC4=CC=CC=C34)O)O,267.32,2.5,52.5,3,3,0
Isoniazid,3767,C1=CN=CC=C1C(=O)NN,137.14,-0.7,68.0,2,3,1
Flunarizine,941361,C1CN(CCN1CC=CC2=CC=CC=C2)C(C3=CC=C(C=C3)F)C4=CC=C(C=C4)F,404.5,6,6.5,0,4,6
Fenretinide,5288209,CC1=C(C(CCC1)(C)C)C=CC(=CC=CC(=CC(=O)NC2=CC=C(C=C2)O)C)C,391.5,7.3,49.3,2,2,6
Fluclorolone,76962649,CC12CC(C3(C(C1CC(C2(C(=O)CO)O)O)CC(C4=CC(=O)C=CC43C)F)Cl)Cl,447.3,2.6,94.8,3,6,2
Gliclazide,3475,CC1=CC=C(C=C1)S(=O)(=O)NC(=O)NN2CC3CCCC3C2,323.4,1.5,86.9,2,4,3
Cilnidipine,5282138,CC1=C(C(C(=C(N1)C)C(=O)OCC=CC2=CC=CC=C2)C3=CC(=CC=C3)[N+](=O)[O-])C(=O)OCCOC,492.5,4.4,120.0,1,8,11
Benzthiazide,2343,C1=CC=C(C=C1)CSCC2=NS(=O)(=O)C3=CC(=C(C=C3N2)Cl)S(=O)(=O)N,431.9,1.7,161.0,2,7,5
GPI-1485,9837656,CCC(C)(C)C(=O)C(=O)N1CCCC1C(=O)O,241.28,1.5,74.7,1,4,4
Bicifadine,47953,CC1=CC=C(C=C1)C23CC2CNC3,173.25,2.1,12.0,1,1,1
Zilucoplan,133083018,CCCCCCCCCCCCCCCC(=O)NC(CCC(=O)NCCOCCOCCOCCOCCOCCOCCOCCOCCOCCOCCOCCOCCOCCOCCOCCOCCOCCOCCOCCOCCOCCOCCOCCOCCC(=O)NCCCCC(C(=O)O)NC(=O)C(C1CCCCC1)NC(=O)C2CCCN2C(=O)C(CC3=CC=C(C=C3)O)NC(=O)C(CCC(=O)O)NC(=O)C(CC4=CNC5=C4C=CC=N5)NC(=O)C(CC6=CC=C(C=C6)O)NC(=O)C(C(C)(C)C)NC(=O)C(CC(=O)O)N(C)C(=O)C7CC(=O)NCCCCC(C(=O)NC(C(=O)NC(C(=O)NC(C(=O)NC(C(=O)N7)CC8=CC=CC=C8)CCCNC(=N)N)CCC(=O)O)C(C)C)NC(=O)C)C(=O)O,3562,4.8,1070.0,28,57,142
Aprocitentan,25099191,C1=CC(=CC=C1C2=C(N=CN=C2OCCOC3=NC=C(C=N3)Br)NS(=O)(=O)N)Br,546.2,2.4,151.0,2,10,8
Dihydroergotamine,10531,CC1(C(=O)N2C(C(=O)N3CCCC3C2(O1)O)CC4=CC=CC=C4)NC(=O)C5CC6C(CC7=CNC8=CC=CC6=C78)N(C5)C,583.7,2.4,118.0,3,6,4
Carteolol,2583,CC(C)(C)NCC(COC1=CC=CC2=C1CCC(=O)N2)O,292.37,1,70.6,3,4,6
Cefoxitin,441199,COC1(C2N(C1=O)C(=C(CS2)COC(=O)N)C(=O)O)NC(=O)CC3=CC=CS3,427.5,0,202.0,3,9,8
Pralidoxime,135398747,C[N+]1=CC=CC=C1C=NO,137.16,1,36.5,1,2,1
Suprofen,5359,CC(C1=CC=C(C=C1)C(=O)C2=CC=CS2)C(=O)O,260.31,3.3,82.6,1,4,4
Chlorpropamide,2727,CCCNC(=O)NS(=O)(=O)C1=CC=C(C=C1)Cl,276.74,2.3,83.7,2,3,4
Troxerutin,5486699,CC1C(C(C(C(O1)OCC2C(C(C(C(O2)OC3=C(OC4=CC(=CC(=C4C3=O)O)OCCO)C5=CC(=C(C=C5)OCCO)OCCO)O)O)O)O)O)O,742.7,-2.4,293.0,10,19,15
Meticrane,4165,CC1=CC2=C(C=C1S(=O)(=O)N)S(=O)(=O)CCC2,275.3,0.5,111.0,1,5,1
"(6S)-5,6,7,8-tetrahydrofolic acid",135398650,C1C(NC2=C(N1)N=C(NC2=O)N)CNC3=CC=C(C=C3)C(=O)NC(CCC(=O)O)C(=O)O,445.4,-0.6,207.0,8,10,9
Lamotrigine,3878,C1=CC(=C(C(=C1)Cl)Cl)C2=C(N=C(N=N2)N)N,256.09,1.4,90.7,2,5,1
Taurochenodeoxycholic acid,387316,CC(CCC(=O)NCCS(=O)(=O)O)C1CCC2C1(CCC3C2C(CC4C3(CCC(C4)O)C)O)C,499.7,3.6,132.0,4,6,7
Anagliptin,44513473,CC1=NN2C=C(C=NC2=C1)C(=O)NCC(C)(C)NCC(=O)N3CCCC3C#N,383.4,0,115.0,2,6,6
Tioclomarol,54708299,C1=CC=C2C(=C1)C(=C(C(=O)O2)C(CC(C3=CC=C(C=C3)Cl)O)C4=CC=C(S4)Cl)O,447.3,5.5,95.0,2,5,5
Ulipristal,13559281,CC(=O)C1(CCC2C1(CC(C3=C4CCC(=O)C=C4CCC23)C5=CC=C(C=C5)N(C)C)C)O,433.6,2.9,57.6,1,4,3
Practolol,4883,CC(C)NCC(COC1=CC=C(C=C1)NC(=O)C)O,266.34,0.8,70.6,3,4,7
Stiripentol,5311454,CC(C)(C)C(C=CC1=CC2=C(C=C1)OCO2)O,234.29,3.6,38.7,1,3,3
Deserpidine,8550,COC1C(CC2CN3CCC4=C(C3CC2C1C(=O)OC)NC5=CC=CC=C45)OC(=O)C6=CC(=C(C(=C6)OC)OC)OC,578.7,4.1,109.0,1,9,9
Clomethiazole,10783,CC1=C(SC=N1)CCCl,161.65,2.1,41.1,0,2,2
Trazodone,5533,C1CN(CCN1CCCN2C(=O)N3C=CC=CC3=N2)C4=CC(=CC=C4)Cl,371.9,2.8,42.4,0,4,5
Halofantrine,37393,CCCCN(CCCC)CCC(C1=C2C=CC(=CC2=C3C=C(C=C(C3=C1)Cl)Cl)C(F)(F)F)O,500.4,8.6,23.5,1,5,10
Isoflurane,3763,C(C(F)(F)F)(OC(F)F)Cl,184.49,2.1,9.2,0,6,2
Elvitegravir,5277135,CC(C)C(CO)N1C=C(C(=O)C2=C1C=C(C(=C2)CC3=C(C(=CC=C3)Cl)F)OC)C(=O)O,447.9,5.3,87.1,2,7,7
Pheneticillin,272833,CC(C(=O)NC1C2N(C1=O)C(C(S2)(C)C)C(=O)O)OC3=CC=CC=C3,364.4,2.2,121.0,2,6,5
Lomerizine,3949,COC1=C(C(=C(C=C1)CN2CCN(CC2)C(C3=CC=C(C=C3)F)C4=CC=C(C=C4)F)OC)OC,468.5,4.9,34.2,0,7,8
Zaltoprofen,5720,CC(C1=CC2=C(C=C1)SC3=CC=CC=C3C(=O)C2)C(=O)O,298.4,3.5,79.7,1,4,2
Mefruside,4047,CC1(CCCO1)CN(C)S(=O)(=O)C2=CC(=C(C=C2)Cl)S(=O)(=O)N,382.9,0.9,124.0,1,7,5
Tirofiban,60947,CCCCS(=O)(=O)NC(CC1=CC=C(C=C1)OCCCCC2CCNCC2)C(=O)O,440.6,1.4,113.0,3,7,14
Zanamivir,60855,CC(=O)NC1C(C=C(OC1C(C(CO)O)O)C(=O)O)N=C(N)N,332.31,-3.2,201.0,7,8,6
Ropinirole,5095,CCCN(CCC)CCC1=C2CC(=O)NC2=CC=C1,260.37,2.7,32.3,1,2,7
Abexinostat,11749858,CN(C)CC1=C(OC2=CC=CC=C21)C(=O)NCCOC3=CC=C(C=C3)C(=O)NO,397.4,2.2,104.0,3,6,8
Liothyronine,5920,C1=CC(=C(C=C1OC2=C(C=C(C=C2I)CC(C(=O)O)N)I)I)O,650.97,1.7,92.8,3,5,5
Levovirin,460516,C1=NC(=NN1C2C(C(C(O2)CO)O)O)C(=O)N,244.20,-1.8,144.0,4,7,3
Selumetinib,10127622,CN1C=NC2=C1C=C(C(=C2F)NC3=C(C=C(C=C3)Br)Cl)C(=O)NOCCO,457.7,3.6,88.4,3,6,6
Pamidronic acid,4674,C(CN)C(O)(P(=O)(O)O)P(=O)(O)O,235.07,-6.9,161.0,6,8,4
6-Deoxyerythronolide B,121904,CCC1C(C(C(C(=O)C(CC(C(C(C(C(C(=O)O1)C)O)C)O)C)C)C)O)C,386.5,3.1,104.0,3,6,1
Epitizide,15671,C1=C2C(=CC(=C1Cl)S(=O)(=O)N)S(=O)(=O)NC(N2)CSCC(F)(F)F,425.9,1.3,160.0,3,11,4
Sonidegib,24775005,CC1CN(CC(O1)C)C2=NC=C(C=C2)NC(=O)C3=CC=CC(=C3C)C4=CC=C(C=C4)OC(F)(F)F,485.5,5.8,63.7,1,8,5
Difloxacin,56206,CN1CCN(CC1)C2=C(C=C3C(=C2)N(C=C(C3=O)C(=O)O)C4=CC=C(C=C4)F)F,399.4,1.6,64.1,1,8,3
Captodiame,10240,CCCCSC1=CC=C(C=C1)C(C2=CC=CC=C2)SCCN(C)C,359.6,5.9,53.8,0,3,10
Solifenacin,154059,C1CN2CCC1C(C2)OC(=O)N3CCC4=CC=CC=C4C3C5=CC=CC=C5,362.5,4,32.8,0,3,3
Indiplon,6450813,CC(=O)N(C)C1=CC=CC(=C1)C2=CC=NC3=C(C=NN23)C(=O)C4=CC=CS4,376.4,2.3,95.8,0,5,4
Tiemonium iodide,72142,C[N+]1(CCOCC1)CCC(C2=CC=CC=C2)(C3=CC=CS3)O.[I-],445.4,,57.7,1,4,5
Durlobactam,89851852,CC1=CC2CN(C1C(=O)N)C(=O)N2OS(=O)(=O)O,277.26,-2,139.0,2,6,3
Bromodiphenhydramine,2444,CN(C)CCOC(C1=CC=CC=C1)C2=CC=C(C=C2)Br,334.2,4,12.5,0,2,6
Tenofovir alafenamide,9574768,CC(C)OC(=O)C(C)NP(=O)(COC(C)CN1C=NC2=C(N=CN=C21)N)OC3=CC=CC=C3,476.5,1.9,143.0,2,10,12
Fluvastatin,1548972,CC(C)N1C2=CC=CC=C2C(=C1C=CC(CC(CC(=O)O)O)O)C3=CC=C(C=C3)F,411.5,3.5,82.7,3,5,8
Meclizine,4034,CC1=CC(=CC=C1)CN2CCN(CC2)C(C3=CC=CC=C3)C4=CC=C(C=C4)Cl,390.9,5.8,6.5,0,2,5
Pantoprazole,4679,COC1=C(C(=NC=C1)CS(=O)C2=NC3=C(N2)C=C(C=C3)OC(F)F)OC,383.4,2.4,106.0,1,9,7
Etynodiol,14687,CC12CCC3C(C1CCC2(C#C)O)CCC4=CC(CCC34)O,300.4,3.1,40.5,2,2,1
Mavorixafor,11256587,C1CC(C2=C(C1)C=CC=N2)N(CCCCN)CC3=NC4=CC=CC=C4N3,349.5,2.4,70.8,2,4,7
Vindesine,40839,CCC1(CC2CC(C3=C(CCN(C2)C1)C4=CC=CC=C4N3)(C5=C(C=C6C(=C5)C78CCN9C7C(C=CC9)(C(C(C8N6C)(C(=O)N)O)O)CC)OC)C(=O)OC)O,753.9,2.7,165.0,5,10,7
Butylphthalide,61361,CCCCC1C2=CC=CC=C2C(=O)O1,190.24,2.8,26.3,0,2,3
Loxoprofen,3965,CC(C1=CC=C(C=C1)CC2CCCC2=O)C(=O)O,246.30,2.4,54.4,1,3,4
Temafloxacin,60021,CC1CN(CCN1)C2=C(C=C3C(=C2)N(C=C(C3=O)C(=O)O)C4=C(C=C(C=C4)F)F)F,417.4,0.6,72.9,2,9,3
Gatifloxacin,5379,CC1CN(CCN1)C2=C(C=C3C(=C2OC)N(C=C(C3=O)C(=O)O)C4CC4)F,375.4,-0.7,82.1,2,8,4
Mirabegron,9865528,C1=CC=C(C=C1)C(CNCCC2=CC=C(C=C2)NC(=O)CC3=CSC(=N3)N)O,396.5,2.1,129.0,4,6,9
Phenazopyridine,4756,C1=CC=C(C=C1)N=NC2=C(N=C(C=C2)N)N,213.24,1.9,89.7,2,5,2
Benzyl alcohol,244,C1=CC=C(C=C1)CO,108.14,1.1,20.2,1,1,1
Benfluorex,2318,CC(CC1=CC(=CC=C1)C(F)(F)F)NCCOC(=O)C2=CC=CC=C2,351.4,4.6,38.3,1,6,8
Carisoprodol,2576,CCCC(C)(COC(=O)N)COC(=O)NC(C)C,260.33,1.9,90.7,2,4,9
Gallamine triethiodide,6172,CC[N+](CC)(CC)CCOC1=C(C(=CC=C1)OCC[N+](CC)(CC)CC)OCC[N+](CC)(CC)CC.[I-].[I-].[I-],891.5,,27.7,0,6,21
Imetelstat,72941969,CCCCCCCCCCCCCCCC(=O)NCC(COP(=S)(O)OCC1C(CC(O1)N2C=C(C(=O)NC2=O)C)NP(=S)(O)OCC3C(CC(O3)N4C=NC5=C(N=CN=C54)N)NP(=S)(O)OCC6C(CC(O6)N7C=NC8=C7N=C(NC8=O)N)NP(=S)(O)OCC9C(CC(O9)N1C=NC2=C1N=C(NC2=O)N)NP(=S)(O)OCC1C(CC(O1)N1C=NC2=C1N=C(NC2=O)N)NP(=S)(O)OCC1C(CC(O1)N1C=C(C(=O)NC1=O)C)NP(=S)(O)OCC1C(CC(O1)N1C=C(C(=O)NC1=O)C)NP(=S)(O)OCC1C(CC(O1)N1C=NC2=C(N=CN=C21)N)NP(=S)(O)OCC1C(CC(O1)N1C=NC2=C1N=C(NC2=O)N)NP(=S)(O)OCC1C(CC(O1)N1C=NC2=C(N=CN=C21)N)NP(=S)(O)OCC1C(CC(O1)N1C=CC(=NC1=O)N)NP(=S)(O)OCC1C(CC(O1)N1C=NC2=C(N=CN=C21)N)NP(=S)(O)OCC1C(CC(O1)N1C=NC2=C(N=CN=C21)N)N)O,4610,-0.3,2050.0,45,107,95
Mequitazine,4066,C1CN2CCC1C(C2)CN3C4=CC=CC=C4SC5=CC=CC=C53,322.5,4.6,31.8,0,3,2
Ajmaline,6100671,CCC1C2CC3C4C5(CC(C2C5O)N3C1O)C6=CC=CC=C6N4C,326.4,1.8,46.9,2,4,1
Dexniguldipine,6918097,CC1=C(C(C(=C(N1)C)C(=O)OCCCN2CCC(CC2)(C3=CC=CC=C3)C4=CC=CC=C4)C5=CC(=CC=C5)[N+](=O)[O-])C(=O)OC,609.7,6.8,114.0,1,8,11
Tasimelteon,10220503,CCC(=O)NCC1CC1C2=C3CCOC3=CC=C2,245.32,2.2,38.3,1,2,4
Thiothixene,941651,CN1CCN(CC1)CCC=C2C3=CC=CC=C3SC4=C2C=C(C=C4)S(=O)(=O)N(C)C,443.6,3.8,77.5,0,6,5
Silibinin,31553,COC1=C(C=CC(=C1)C2C(OC3=C(O2)C=C(C=C3)C4C(C(=O)C5=C(C=C(C=C5O4)O)O)O)CO)O,482.4,2.4,155.0,5,10,4
Carbomycin,5287879,CC1CC(C(C(C(CC(=O)OC(CC2C(O2)C=CC1=O)C)OC(=O)C)OC)OC3C(C(C(C(O3)C)OC4CC(C(C(O4)C)OC(=O)CC(C)C)(C)O)N(C)C)O)CC=O,842.0,1.8,215.0,2,17,14
Urapidil,5639,CN1C(=CC(=O)N(C1=O)C)NCCCN2CCN(CC2)C3=CC=CC=C3OC,387.5,1.5,68.4,1,6,7
Patupilone,448013,CC1CCCC2(C(O2)CC(OC(=O)CC(C(C(=O)C(C1O)C)(C)C)O)C(=CC3=CSC(=N3)C)C)C,507.7,4.2,137.0,2,8,2
Eslicarbazepine acetate,179344,CC(=O)OC1CC2=CC=CC=C2N(C3=CC=CC=C13)C(=O)N,296.32,2,72.6,1,3,2
Esreboxetine,65856,CCOC1=CC=CC=C1OC(C2CNCCO2)C3=CC=CC=C3,313.4,3,39.7,1,4,6
Neosaxitoxin,21117946,C1CN2C(=N)N(C(C3C2(C1(O)O)NC(=N3)N)COC(=O)N)O,315.29,-4.3,194.0,7,7,3
Prednicarbate,6714002,CCC(=O)OCC(=O)C1(CCC2C1(CC(C3C2CCC4=CC(=O)C=CC34C)O)C)OC(=O)OCC,488.6,4.2,116.0,1,8,9
Altretamine,2123,CN(C)C1=NC(=NC(=N1)N(C)C)N(C)C,210.28,2.7,48.4,0,6,3
Repotrectinib,135565923,CC1CNC(=O)C2=C3N=C(C=CN3N=C2)NC(C4=C(O1)C=CC(=C4)F)C,355.4,2.1,80.6,2,6,0
Methyltestosterone,6010,CC12CCC(=O)C=C1CCC3C2CCC4(C3CCC4(C)O)C,302.5,3.4,37.3,1,2,0
Hypericin,3663,CC1=CC(=O)C2=C(C3=C(C=C(C4=C3C5=C2C1=C6C(=CC(=O)C7=C(C8=C(C=C(C4=C8C5=C67)O)O)O)C)O)O)O,504.4,5.7,156.0,6,8,0
Profenamine,3290,CCN(CC)C(C)CN1C2=CC=CC=C2SC3=CC=CC=C31,312.5,4.8,31.8,0,3,5
Cinnarizine,1547484,C1CN(CCN1CC=CC2=CC=CC=C2)C(C3=CC=CC=C3)C4=CC=CC=C4,368.5,5.8,6.5,0,2,6
Atomoxetine,54841,CC1=CC=CC=C1OC(CCNC)C2=CC=CC=C2,255.35,3.7,21.3,1,2,6
Gepirone,55191,CC1(CC(=O)N(C(=O)C1)CCCCN2CCN(CC2)C3=NC=CC=N3)C,359.5,1.8,69.6,0,6,6
Cefetamet,5487888,CC1=C(N2C(C(C2=O)NC(=O)C(=NOC)C3=CSC(=N3)N)SC1)C(=O)O,397.4,-0.7,201.0,3,10,5
Methscopolamine,71183,C[N+]1(C2CC(CC1C3C2O3)OC(=O)C(CO)C4=CC=CC=C4)C,318.4,1.3,59.1,1,4,5
Estradiol,5757,CC12CCC3C(C1CCC2O)CCC4=C3C=CC(=C4)O,272.4,4,40.5,2,2,0
Lorajmine,76957773,CCC1C2CC3C4C5(CC(C2C5OC(=O)CCl)N3C1O)C6=CC=CC=C6N4C,402.9,3,53.0,1,5,4
Pranoprofen,4888,CC(C1=CC2=C(C=C1)OC3=C(C2)C=CC=N3)C(=O)O,255.27,2.7,59.4,1,4,2
Vincristine,5978,CCC1(CC2CC(C3=C(CCN(C2)C1)C4=CC=CC=C4N3)(C5=C(C=C6C(=C5)C78CCN9C7C(C=CC9)(C(C(C8N6C=O)(C(=O)OC)O)OC(=O)C)CC)OC)C(=O)OC)O,825.0,2.8,171.0,3,12,10
Mazindol,4020,C1CN2C(=N1)C3=CC=CC=C3C2(C4=CC=C(C=C4)Cl)O,284.74,2.2,35.8,1,2,1
Temocillin,171758,CC1(C(N2C(S1)C(C2=O)(NC(=O)C(C3=CSC=C3)C(=O)O)OC)C(=O)O)C,414.5,1.1,187.0,3,9,6
Carindacillin,93184,CC1(C(N2C(S1)C(C2=O)NC(=O)C(C3=CC=CC=C3)C(=O)OC4=CC5=C(CCC5)C=C4)C(=O)O)C,494.6,3.8,138.0,2,7,7
Neocitrullamon,3084726,C1=CC=C(C=C1)C2(C(=O)N(C(=O)N2)CCCC(C(=O)O)N)C3=CC=CC=C3,367.4,-0.6,113.0,3,5,7
Methazolamide,4100,CC(=O)N=C1N(N=C(S1)S(=O)(=O)N)C,236.3,0.1,139.0,1,6,1
Oxitriptan,439280,C1=CC2=C(C=C1O)C(=CN2)CC(C(=O)O)N,220.22,-1.2,99.3,4,4,3
Indenolol,71955,CC(C)NCC(COC1=CC=CC2=C1C=CC2)O,247.33,2.4,41.5,2,3,6
Suxibuzone,5362,CCCCC1(C(=O)N(N(C1=O)C2=CC=CC=C2)C3=CC=CC=C3)COC(=O)CCC(=O)O,438.5,3.6,104.0,1,6,11
Zuranolone,86294073,CC1(CCC2C(C1)CCC3C2CCC4(C3CCC4C(=O)CN5C=C(C=N5)C#N)C)O,409.6,4.5,78.9,1,4,3
Gestonorone,102210,CC(=O)C1(CCC2C1(CCC3C2CCC4=CC(=O)CCC34)C)O,316.4,2.6,54.4,1,3,1
Omarigliptin,46209133,CS(=O)(=O)N1C=C2CN(CC2=N1)C3CC(C(OC3)C4=C(C=CC(=C4)F)F)N,398.4,0.3,98.8,1,8,3
Safinamide,131682,CC(C(=O)N)NCC1=CC=C(C=C1)OCC2=CC(=CC=C2)F,302.34,2.2,64.4,2,4,7
Pasireotide,9941444,C1C(CN2C1C(=O)NC(C(=O)NC(C(=O)NC(C(=O)NC(C(=O)NC(C2=O)CC3=CC=CC=C3)CC4=CC=C(C=C4)OCC5=CC=CC=C5)CCCCN)CC6=CNC7=CC=CC=C76)C8=CC=CC=C8)OC(=O)NCCN,1047.2,4.7,281.0,9,11,18
Gosogliptin,11516136,C1CN(CC1(F)F)C(=O)C2CC(CN2)N3CCN(CC3)C4=NC=CC=N4,366.4,0.6,64.6,1,8,3
Tubocurarine,6000,CN1CCC2=CC(=C3C=C2C1CC4=CC=C(C=C4)OC5=C6C(CC7=CC(=C(C=C7)O)O3)[N+](CCC6=CC(=C5O)OC)(C)C)OC,609.7,6,80.6,2,7,2
Bifeprunox,208951,C1CN(CCN1CC2=CC(=CC=C2)C3=CC=CC=C3)C4=CC=CC5=C4OC(=O)N5,385.5,4.2,44.8,1,4,4
Etafedrine,94532,CCN(C)C(C)C(C1=CC=CC=C1)O,193.28,2.1,23.5,1,2,4
Amithiozone,9568512,CC(=O)NC1=CC=C(C=C1)C=NNC(=S)N,236.30,1,112.0,3,3,3
Fenoprofen,3342,CC(C1=CC(=CC=C1)OC2=CC=CC=C2)C(=O)O,242.27,3.3,46.5,1,3,4
Rimiterol,46886609,C1CCNC(C1)C(C2=CC(=C(C=C2)O)O)O,223.27,0.8,72.7,4,4,2
Dutasteride,6918296,CC12CCC3C(C1CCC2C(=O)NC4=C(C=CC(=C4)C(F)(F)F)C(F)(F)F)CCC5C3(C=CC(=O)N5)C,528.5,5.4,58.2,2,8,2
Aranidipine,2225,CC1=C(C(C(=C(N1)C)C(=O)OCC(=O)C)C2=CC=CC=C2[N+](=O)[O-])C(=O)OC,388.4,2,128.0,1,8,7
Thiamylal,3032285,CCCC(C)C1(C(=O)NC(=S)NC1=O)CC=C,254.35,3.2,90.3,2,3,5
Fasitibant,11498853,CC1=CC(=NC2=C1C=CC=C2OCC3=C(C=CC(=C3Cl)S(=O)(=O)NC4(CCOCC4)C(=O)N5CCN(CC5)C(=O)C(CCC[N+](C)(C)C)N)Cl)C,764.8,3.5,153.0,2,9,12
Methylthiouracil,667493,CC1=CC(=O)NC(=S)N1,142.18,-0.2,73.2,2,2,0
Dibenzepin,9419,CN1C2=CC=CC=C2C(=O)N(C3=CC=CC=C31)CCN(C)C,295.4,2.7,26.8,0,3,3
Betamethasone,9782,CC1CC2C3CCC4=CC(=O)C=CC4(C3(C(CC2(C1(C(=O)CO)O)C)O)F)C,392.5,1.9,94.8,3,6,2
7-Deazaguanine,135408714,C1=CNC2=C1C(=O)NC(=N2)N,150.14,-0.8,83.3,3,2,0
Solabegron,9887812,C1=CC(=CC(=C1)C(=O)O)C2=CC(=CC=C2)NCCNCC(C3=CC(=CC=C3)Cl)O,410.9,1.8,81.6,4,5,9
Tolterodine,443879,CC1=CC(=C(C=C1)O)C(CCN(C(C)C)C(C)C)C2=CC=CC=C2,325.5,5.6,23.5,1,2,7
Indinavir,5362440,CC(C)(C)NC(=O)C1CN(CCN1CC(CC(CC2=CC=CC=C2)C(=O)NC3C(CC4=CC=CC=C34)O)O)CC5=CN=CC=C5,613.8,2.8,118.0,4,7,12
Canrenone,13789,CC12CCC(=O)C=C1C=CC3C2CCC4(C3CCC45CCC(=O)O5)C,340.5,2.7,43.4,0,3,0
Artenimol,3000518,CC1CCC2C(C(OC3C24C1CCC(O3)(OO4)C)O)C,284.35,2.5,57.2,1,5,0
Cerlapirdine,16071605,CN(C)CCCOC1=CC2=C(NN=C2C=C1)S(=O)(=O)C3=CC=CC4=CC=CC=C43,409.5,4.3,83.7,1,5,7
Butorphanol,5361092,C1CCC2(C3CC4=C(C2(C1)CCN3CC5CCC5)C=C(C=C4)O)O,327.5,3.8,43.7,2,3,2
Vorinostat,5311,C1=CC=C(C=C1)NC(=O)CCCCCCC(=O)NO,264.32,1.9,78.4,3,3,8
Dextromoramide,92943,CC(CN1CCOCC1)C(C2=CC=CC=C2)(C3=CC=CC=C3)C(=O)N4CCCC4,392.5,3.8,32.8,0,3,6
Ergotamine,8223,CC1(C(=O)N2C(C(=O)N3CCCC3C2(O1)O)CC4=CC=CC=C4)NC(=O)C5CN(C6CC7=CNC8=CC=CC(=C78)C6=C5)C,581.7,2,118.0,3,6,4
Temocapril,443874,CCOC(=O)C(CCC1=CC=CC=C1)NC2CSC(CN(C2=O)CC(=O)O)C3=CC=CS3,476.6,1,149.0,2,8,11
Bisoxatin,28689,C1=CC=C2C(=C1)NC(=O)C(O2)(C3=CC=C(C=C3)O)C4=CC=C(C=C4)O,333.3,3.3,78.8,3,4,2
NS-398,4553,CS(=O)(=O)NC1=C(C=C(C=C1)[N+](=O)[O-])OC2CCCCC2,314.36,2.9,110.0,1,6,4
Esmolol,59768,CC(C)NCC(COC1=CC=C(C=C1)CCC(=O)OC)O,295.37,1.9,67.8,2,5,10
Artefenomel,24999143,C1CC2(CCC1C3=CC=C(C=C3)OCCN4CCOCC4)OC5(C6CC7CC(C6)CC5C7)OO2,469.6,4.6,49.4,0,6,5
Ethyl loflazepate,3299,CCOC(=O)C1C(=O)NC2=C(C=C(C=C2)Cl)C(=N1)C3=CC=CC=C3F,360.8,2.9,67.8,1,5,4
Darodipine,51701,CCOC(=O)C1=C(NC(=C(C1C2=CC=CC3=NON=C32)C(=O)OCC)C)C,371.4,4.2,104.0,1,8,7
Methylpentynol,6494,CCC(C)(C#C)O,98.14,0.8,20.2,1,1,2
MRK-409,22609888,CN1C(=NC=N1)COC2=NN3C(=NN=C3C4=C(C=CC=C4F)F)C=C2C5CCC5,397.4,3,83.0,0,8,5
Efavirenz,64139,C1CC1C#CC2(C3=C(C=CC(=C3)Cl)NC(=O)O2)C(F)(F)F,315.67,4,38.3,1,5,1
Mephentermine,3677,CC(C)(CC1=CC=CC=C1)NC,163.26,2.4,12.0,1,1,3
Pefloxacin,51081,CCN1C=C(C(=O)C2=CC(=C(C=C21)N3CCN(CC3)C)F)C(=O)O,333.36,0.3,64.1,1,7,3
Dextrothyroxine,8730,C1=C(C=C(C(=C1I)OC2=CC(=C(C(=C2)I)O)I)I)CC(C(=O)O)N,776.87,2.4,92.8,3,5,5
Bambuterol,54766,CC(C)(C)NCC(C1=CC(=CC(=C1)OC(=O)N(C)C)OC(=O)N(C)C)O,367.4,1.2,91.3,2,6,8
Sodium tetradecyl sulfate,23665772,CCCCC(CC)CCC(CC(C)C)OS(=O)(=O)[O-].[Na+],316.43,,74.8,0,4,11
Isosulfan blue,50108,CCN(CC)C1=CC=C(C=C1)C(=C2C=CC(=[N+](CC)CC)C=C2)C3=C(C=CC(=C3)S(=O)(=O)[O-])S(=O)(=O)[O-].[Na+],566.7,,137.0,0,7,7
Gliquidone,91610,CC1(C2=C(C=C(C=C2)OC)C(=O)N(C1=O)CCC3=CC=C(C=C3)S(=O)(=O)NC(=O)NC4CCCCC4)C,527.6,4.6,130.0,2,6,7
Tiracizine,71264,CCOC(=O)NC1=CC2=C(CCC3=CC=CC=C3N2C(=O)CN(C)C)C=C1,367.4,3.1,61.9,1,4,5
Chromic cation,27668,[Cr+3],51.996,,0.0,0,0,0
Picosulfuric acid,5243,C1=CC=NC(=C1)C(C2=CC=C(C=C2)OS(=O)(=O)O)C3=CC=C(C=C3)OS(=O)(=O)O,437.4,2.4,157.0,2,9,7
Gilteritinib,49803313,CCC1=C(N=C(C(=N1)C(=O)N)NC2=CC(=C(C=C2)N3CCC(CC3)N4CCN(CC4)C)OC)NC5CCOCC5,552.7,3.5,121.0,3,10,9
Asciminib,72165228,C1CN(CC1O)C2=C(C=C(C=N2)C(=O)NC3=CC=C(C=C3)OC(F)(F)Cl)C4=CC=NN4,449.8,3,103.0,3,8,6
Ceftaroline fosamil,9852981,CCON=C(C1=NSC(=N1)NP(=O)(O)O)C(=O)NC2C3N(C2=O)C(=C(CS3)SC4=NC(=CS4)C5=CC=[N+](C=C5)C)C(=O)[O-],684.7,2.3,330.0,4,17,10
Buspirone,2477,C1CCC2(C1)CC(=O)N(C(=O)C2)CCCCN3CCN(CC3)C4=NC=CC=N4,385.5,2.6,69.6,0,6,6
Bethanidine,2368,CNC(=NC)NCC1=CC=CC=C1,177.25,0.9,36.4,2,1,4
Barbital,2294,CCC1(C(=O)NC(=O)NC1=O)CC,184.19,0.6,75.3,2,3,2
Ioversol,3741,C(CO)N(C1=C(C(=C(C(=C1I)C(=O)NCC(CO)O)I)C(=O)NCC(CO)O)I)C(=O)CO,807.1,-3,200.0,8,9,12
Dapsone,2955,C1=CC(=CC=C1N)S(=O)(=O)C2=CC=C(C=C2)N,248.30,1,94.6,2,4,2
Sulthiame,5356,C1CCS(=O)(=O)N(C1)C2=CC=C(C=C2)S(=O)(=O)N,290.4,0.1,114.0,1,6,2
(R)-Gossypol,3503,CC1=CC2=C(C(=C(C(=C2C(C)C)O)O)C=O)C(=C1C3=C(C4=C(C=C3C)C(=C(C(=C4C=O)O)O)C(C)C)O)O,518.6,6.9,156.0,6,8,5
Icotinib,22024915,C#CC1=CC(=CC=C1)NC2=NC=NC3=CC4=C(C=C32)OCCOCCOCCO4,391.4,3.1,74.7,1,7,3
Isoxicam,54677972,CC1=CC(=NO1)NC(=O)C2=C(C3=CC=CC=C3S(=O)(=O)N2C)O,335.34,3,121.0,2,7,2
Quinagolide,3086401,CCCN1CC(CC2C1CC3=C(C2)C(=CC=C3)O)NS(=O)(=O)N(CC)CC,395.6,3.1,81.3,2,6,7
Apixaban,10182969,COC1=CC=C(C=C1)N2C3=C(CCN(C3=O)C4=CC=C(C=C4)N5CCCCC5=O)C(=N2)C(=O)N,459.5,2.2,111.0,1,5,5
Clocortolone acetate,11954353,CC1CC2C3CC(C4=CC(=O)C=CC4(C3(C(CC2(C1C(=O)COC(=O)C)C)O)Cl)C)F,452.9,3.1,80.7,1,6,4
Mocetinostat,9865515,C1=CC=C(C(=C1)N)NC(=O)C2=CC=C(C=C2)CNC3=NC=CC(=N3)C4=CN=CC=C4,396.4,2.8,106.0,3,6,6
Indalpine,44668,C1CNCCC1CCC2=CNC3=CC=CC=C32,228.33,3.3,27.8,2,1,3
Cilostazol,2754,C1CCC(CC1)N2C(=NN=N2)CCCCOC3=CC4=C(C=C3)NC(=O)CC4,369.5,3.1,81.9,1,5,7
Rimonabant,104850,CC1=C(N(N=C1C(=O)NN2CCCCC2)C3=C(C=C(C=C3)Cl)Cl)C4=CC=C(C=C4)Cl,463.8,6.5,50.2,1,3,4
Tiludronic acid,60937,C1=CC(=CC=C1SC(P(=O)(O)O)P(=O)(O)O)Cl,318.61,-0.3,140.0,4,7,4
Metyrosine,441350,CC(CC1=CC=C(C=C1)O)(C(=O)O)N,195.21,-1.6,83.6,3,4,3
Chlormadinone acetate,9324,CC(=O)C1(CCC2C1(CCC3C2C=C(C4=CC(=O)CCC34C)Cl)C)OC(=O)C,404.9,3.6,60.4,0,4,3
Doxycycline,54671203,CC1C2C(C3C(C(=O)C(=C(C3(C(=O)C2=C(C4=C1C=CC=C4O)O)O)O)C(=O)N)N(C)C)O,444.4,-0.7,182.0,6,9,2
Dinoprost,5280363,CCCCCC(C=CC1C(CC(C1CC=CCCCC(=O)O)O)O)O,354.5,2.7,98.0,4,5,12
Argatroban,92722,CC1CCN(C(C1)C(=O)O)C(=O)C(CCCN=C(N)N)NS(=O)(=O)C2=CC=CC3=C2NCC(C3)C,508.6,1.3,189.0,5,8,9
Cannabinol,2543,CCCCCC1=CC(=C2C(=C1)OC(C3=C2C=C(C=C3)C)(C)C)O,310.4,6.1,29.5,1,2,4
Pinazepam,40391,C#CCN1C(=O)CN=C(C2=C1C=CC(=C2)Cl)C3=CC=CC=C3,308.8,3.1,32.7,0,2,2
Dexketoprofen,667550,CC(C1=CC(=CC=C1)C(=O)C2=CC=CC=C2)C(=O)O,254.28,3.1,54.4,1,3,4
9-Beta-D-Xylofuranosyl-Adenine,447916,C1=NC(=C2C(=N1)N(C=N2)C3C(C(C(O3)CO)O)O)N,267.24,-1.1,140.0,4,8,2
Vismodegib,24776445,CS(=O)(=O)C1=CC(=C(C=C1)C(=O)NC2=CC(=C(C=C2)Cl)C3=CC=CC=N3)Cl,421.3,3.8,84.5,1,4,4
Mizoribine,104762,C1=NC(=C(N1C2C(C(C(O2)CO)O)O)O)C(=O)N,259.22,-1.9,151.0,5,7,3
Butanilicaine,22379,CCCCNCC(=O)NC1=C(C=CC=C1Cl)C,254.75,2.1,41.1,2,2,6
Dimetindene,21855,CC(C1=CC=CC=N1)C2=C(CC3=CC=CC=C32)CCN(C)C,292.4,2.7,16.1,0,2,5
Tecovirimat,16124688,C1C2C1C3C=CC2C4C3C(=O)N(C4=O)NC(=O)C5=CC=C(C=C5)C(F)(F)F,376.3,2.6,66.5,1,6,1
Cefacetrile,91562,CC(=O)OCC1=C(N2C(C(C2=O)NC(=O)CC#N)SC1)C(=O)O,339.33,-0.5,162.0,2,8,6
Glycochenodeoxycholic Acid,12544,CC(CCC(=O)NCC(=O)O)C1CCC2C1(CCC3C2C(CC4C3(CCC(C4)O)C)O)C,449.6,4.3,107.0,4,5,6
Nabumetone,4409,CC(=O)CCC1=CC2=C(C=C1)C=C(C=C2)OC,228.29,3.1,26.3,0,2,4
Fluprednisolone,5876,CC12CC(C3C(C1CCC2(C(=O)CO)O)CC(C4=CC(=O)C=CC34C)F)O,378.4,1.4,94.8,3,6,2
Nitrous oxide,948,[N-]=[N+]=O,44.013,0.5,19.1,0,2,0
Dicyclomine,3042,CCN(CC)CCOC(=O)C1(CCCCC1)C2CCCCC2,309.5,5.5,29.5,0,3,8
Methylphenobarbital,8271,CCC1(C(=O)NC(=O)N(C1=O)C)C2=CC=CC=C2,246.26,1.8,66.5,1,3,2
Fenoterol,3343,CC(CC1=CC=C(C=C1)O)NCC(C2=CC(=CC(=C2)O)O)O,303.35,2,93.0,5,5,6
Acetyl sulfisoxazole,6662,CC1=C(ON=C1C)N(C(=O)C)S(=O)(=O)C2=CC=C(C=C2)N,309.34,1.3,115.0,1,6,3
Alfuzosin,2092,CN(CCCNC(=O)C1CCCO1)C2=NC3=CC(=C(C=C3C(=N2)N)OC)OC,389.4,1.7,112.0,2,8,8
Fluorometholone,9878,CC1CC2C3CCC(C3(CC(C2(C4(C1=CC(=O)C=C4)C)F)O)C)(C(=O)C)O,376.5,2,74.6,2,5,1
Proxyphylline,4977,CC(CN1C=NC2=C1C(=O)N(C(=O)N2C)C)O,238.24,-0.8,78.7,1,4,2
Ospemifene,3036505,C1=CC=C(C=C1)C(=C(C2=CC=CC=C2)C3=CC=C(C=C3)OCCO)CCCl,378.9,6.5,29.5,1,2,8
Oxatomide,4615,C1CN(CCN1CCCN2C3=CC=CC=C3NC2=O)C(C4=CC=CC=C4)C5=CC=CC=C5,426.6,4.1,38.8,1,3,7
Phenelzine,3675,C1=CC=C(C=C1)CCNN,136.19,1.2,38.1,2,2,3
Abacavir,441300,C1CC1NC2=C3C(=NC(=N2)N)N(C=N3)C4CC(C=C4)CO,286.33,0.9,102.0,3,6,4
Trolamine,7618,C(CO)N(CCO)CCO,149.19,-1,63.9,3,4,6
Iopromide,3736,CN(CC(CO)O)C(=O)C1=C(C(=C(C(=C1I)C(=O)NCC(CO)O)I)NC(=O)COC)I,791.1,-2.1,169.0,6,8,11
Letermovir,45138674,COC1=C(C=C(C=C1)C(F)(F)F)N2C(C3=C(C(=CC=C3)F)N=C2N4CCN(CC4)C5=CC(=CC=C5)OC)CC(=O)O,572.5,4.6,77.8,1,10,7
Bacitracin,10909430,CCC(C)C1C(=O)NC(C(=O)NC(C(=O)NC(C(=O)NC(C(=O)NCCCCC(C(=O)NC(C(=O)N1)CCCN)NC(=O)C(C(C)CC)NC(=O)C(CCC(=O)O)NC(=O)C(CC(C)C)NC(=O)C2CSC(=N2)C(C(C)CC)N)CC(=O)N)CC(=O)O)CC3=CN=CN3)CC4=CC=CC=C4,1422.7,-4.1,556.0,17,21,31
Avanafil,9869929,COC1=C(C=C(C=C1)CNC2=NC(=NC=C2C(=O)NCC3=NC=CC=N3)N4CCCC4CO)Cl,483.9,2.6,125.0,3,9,9
"4-Bromo-2,5-dimethoxyamphetamine",62065,CC(CC1=CC(=C(C=C1OC)Br)OC)N,274.15,2.6,44.5,1,3,4
Tegafur,5386,C1CC(OC1)N2C=C(C(=O)NC2=O)F,200.17,-0.3,58.6,1,4,1
Ammonium lactate,62358,CC(C(=O)[O-])O.[NH4+],107.11,,61.4,2,3,0
Amoxapine,2170,C1CN(CCN1)C2=NC3=CC=CC=C3OC4=C2C=C(C=C4)Cl,313.8,2.6,36.9,1,3,1
Cefepime,5479537,C[N+]1(CCCC1)CC2=C(N3C(C(C3=O)NC(=O)C(=NOC)C4=CSC(=N4)N)SC2)C(=O)[O-],480.6,-0.1,204.0,2,10,6
Bornaprine,70687267,CCN(CC)CCCOC(=O)C1(CC2CCC1C2)C3=CC=CC=C3,329.5,4.7,29.5,0,3,9
Dacarbazine,135398738,CN(C)N=NC1=C(NC=N1)C(=O)N,182.18,-0.6,99.7,2,5,3
Abametapir,15664,CC1=CN=C(C=C1)C2=NC=C(C=C2)C,184.24,2.2,25.8,0,2,1
Lofepramine,3947,CN(CCCN1C2=CC=CC=C2CCC3=CC=CC=C31)CC(=O)C4=CC=C(C=C4)Cl,419.0,6.8,23.6,0,3,7
Alclofenac,30951,C=CCOC1=C(C=C(C=C1)CC(=O)O)Cl,226.65,2.5,46.5,1,3,5
Pyrantel,708857,CN1CCCN=C1C=CC2=CC=CS2,206.31,1.6,43.8,0,2,2
Terodiline,23480,CC(CC(C1=CC=CC=C1)C2=CC=CC=C2)NC(C)(C)C,281.4,5,12.0,1,1,6
Sulfamoxole,12894,CC1=C(OC(=N1)NS(=O)(=O)C2=CC=C(C=C2)N)C,267.31,1.3,107.0,2,6,3
Indium In-111 oxyquinoline,119117,C1=CC2=C(C(=C1)[O-])N=CC=C2.C1=CC2=C(C(=C1)[O-])N=CC=C2.C1=CC2=C(C(=C1)[O-])N=CC=C2.[In+3],543.4,,108.0,0,6,0
Orbifloxacin,60605,CC1CN(CC(N1)C)C2=C(C3=C(C(=C2F)F)C(=O)C(=CN3C4CC4)C(=O)O)F,395.4,0.9,72.9,2,9,3
Etrasimod,44623998,C1CCC(C1)C2=C(C=C(C=C2)COC3=CC4=C(C=C3)NC5=C4CCC5CC(=O)O)C(F)(F)F,457.5,6.4,62.3,2,6,6
Fazadinium bromide,6321422,CC1=C(N(C2=CC=CC=[N+]12)N=NN3C4=CC=CC=[N+]4C(=C3C5=CC=CC=C5)C)C6=CC=CC=C6.[Br-].[Br-],604.3,,42.8,0,4,4
Fosfomycin,446987,CC1C(O1)P(=O)(O)O,138.06,-1.4,70.1,2,4,1
(3-Carboxy-2-(R)-Hydroxy-Propyl)-Trimethyl-Ammonium,10918,C[N+](C)(C)CC(CC(=O)O)O,162.21,-0.8,57.5,2,3,4
Epofolate,135566069,CC1CCCC2C(N2CCOC(=O)OCCSSCC(C(=O)O)NC(=O)C(CC(=O)O)NC(=O)C(CCCN=C(N)N)NC(=O)C(CC(=O)O)NC(=O)CCC(C(=O)O)NC(=O)C3=CC=C(C=C3)NCC4=CN=C5C(=N4)C(=O)NC(=N5)N)CC(OC(=O)CC(C(C(=O)C(C1O)C)(C)C)O)C(=CC6=CSC(=N6)C)C,1569.7,-2.7,678.0,16,32,38
Maprotiline,4011,CNCCCC12CCC(C3=CC=CC=C31)C4=CC=CC=C24,277.4,4.6,12.0,1,1,4
Diphenoxylate,13505,CCOC(=O)C1(CCN(CC1)CCC(C#N)(C2=CC=CC=C2)C3=CC=CC=C3)C4=CC=CC=C4,452.6,5.7,53.3,0,4,9
Remogliflozin etabonate,9871420,CCOC(=O)OCC1C(C(C(C(O1)OC2=NN(C(=C2CC3=CC=C(C=C3)OC(C)C)C)C(C)C)O)O)O,522.6,3,142.0,3,10,12
Ritodrine,33572,CC(C(C1=CC=C(C=C1)O)O)NCCC2=CC=C(C=C2)O,287.35,2.3,72.7,4,4,6
Alcuronium,21158560,C=CC[N+]12CCC34C1CC(C(=CCO)C2)C5=CN6C7C(=CN(C53)C8=CC=CC=C48)C9CC1C7(CC[N+]1(CC9=CCO)CC=C)C1=CC=CC=C16,666.9,3.1,46.9,2,4,6
Citalopram,2771,CN(C)CCCC1(C2=C(CO1)C=C(C=C2)C#N)C3=CC=C(C=C3)F,324.4,3.2,36.3,0,4,5
Phenoxybenzamine,4768,CC(COC1=CC=CC=C1)N(CCCl)CC2=CC=CC=C2,303.8,4.4,12.5,0,2,8
Oxazepam acetate,102697,CC(=O)OC1C(=O)NC2=C(C=C(C=C2)Cl)C(=N1)C3=CC=CC=C3,328.7,3,67.8,1,4,3
Aluminum sulfate,24850,[O-]S(=O)(=O)[O-].[O-]S(=O)(=O)[O-].[O-]S(=O)(=O)[O-].[Al+3].[Al+3],342.2,,266.0,0,12,0
Norgestimate,6540478,CCC12CCC3C(C1CCC2(C#C)OC(=O)C)CCC4=CC(=NO)CCC34,369.5,4.1,58.9,1,4,4
Dextromethadone,643985,CCC(=O)C(CC(C)N(C)C)(C1=CC=CC=C1)C2=CC=CC=C2,309.4,3.9,20.3,0,2,7
Emedastine,3219,CCOCCN1C2=CC=CC=C2N=C1N3CCCN(CC3)C,302.4,2.2,33.5,0,4,5
Voclosporin,6918486,CCC1C(=O)N(CC(=O)N(C(C(=O)NC(C(=O)N(C(C(=O)NC(C(=O)NC(C(=O)N(C(C(=O)N(C(C(=O)N(C(C(=O)N(C(C(=O)N1)C(C(C)CC=CC=C)O)C)C(C)C)C)CC(C)C)C)CC(C)C)C)C)C)CC(C)C)C)C(C)C)CC(C)C)C)C,1214.6,7.9,279.0,5,12,16
Lomitapide,9853053,C1CN(CCC1NC(=O)C2=CC=CC=C2C3=CC=C(C=C3)C(F)(F)F)CCCCC4(C5=CC=CC=C5C6=CC=CC=C64)C(=O)NCC(F)(F)F,693.7,8.6,61.4,2,9,10
Tildipirosin,24860548,CCC1C(C=C(C=CC(=O)C(CC(C(C(C(CC(=O)O1)O)C)OC2C(C(C(C(O2)C)O)N(C)C)O)CCN3CCCCC3)C)C)CN4CCCCC4,734.0,4.3,132.0,3,11,9
Piroxicam,54676228,CN1C(=C(C2=CC=CC=C2S1(=O)=O)O)C(=O)NC3=CC=CC=N3,331.3,3.1,108.0,2,6,2
Caroxazone,29083,C1C2=CC=CC=C2OC(=O)N1CC(=O)N,206.20,0.2,72.6,1,3,2
Mitoxantrone,4212,C1=CC(=C2C(=C1NCCNCCO)C(=O)C3=C(C=CC(=C3C2=O)O)O)NCCNCCO,444.5,1,163.0,8,10,12
Belinostat,6918638,C1=CC=C(C=C1)NS(=O)(=O)C2=CC=CC(=C2)C=CC(=O)NO,318.3,1.7,104.0,3,5,5
Prazepam,4890,C1CC1CN2C(=O)CN=C(C3=C2C=CC(=C3)Cl)C4=CC=CC=C4,324.8,3.6,32.7,0,2,3
Thioproperazine,9429,CN1CCN(CC1)CCCN2C3=CC=CC=C3SC4=C2C=C(C=C4)S(=O)(=O)N(C)C,446.6,3.7,80.8,0,7,6
Voxelotor,71602803,CC(C)N1C(=CC=N1)C2=C(C=CC=N2)COC3=CC=CC(=C3C=O)O,337.4,2.7,77.2,1,5,6
Siponimod,44599207,CCC1=C(C=CC(=C1)C(=NOCC2=CC(=C(C=C2)C3CCCCC3)C(F)(F)F)C)CN4CC(C4)C(=O)O,516.6,4.8,62.1,1,8,9
Topiramate,5284627,CC1(OC2COC3(C(C2O1)OC(O3)(C)C)COS(=O)(=O)N)C,339.36,-0.8,124.0,1,9,3
Benzydamine,12555,CN(C)CCCOC1=NN(C2=CC=CC=C21)CC3=CC=CC=C3,309.4,3.9,30.3,0,3,7
Floxuridine,5790,C1C(C(OC1N2C=C(C(=O)NC2=O)F)CO)O,246.19,-1.2,99.1,3,6,2
Peruvoside,12314120,CC1C(C(C(C(O1)OC2CCC3(C(C2)CCC4C3CCC5(C4(CCC5C6=CC(=O)OC6)O)C)C=O)O)OC)O,548.7,0.7,132.0,3,9,5
Cerivastatin,446156,CC(C)C1=C(C(=C(C(=N1)C(C)C)COC)C2=CC=C(C=C2)F)C=CC(CC(CC(=O)O)O)O,459.5,3.6,99.9,3,7,11
Ellagic acid,5281855,C1=C2C3=C(C(=C1O)O)OC(=O)C4=CC(=C(C(=C43)OC2=O)O)O,302.19,1.1,134.0,4,8,0
Dyphylline,3182,CN1C2=C(C(=O)N(C1=O)C)N(C=N2)CC(CO)O,254.24,-1.8,98.9,2,5,3
Zofenopril,92400,CC(CSC(=O)C1=CC=CC=C1)C(=O)N2CC(CC2C(=O)O)SC3=CC=CC=C3,429.6,4.4,125.0,1,6,8
Bromisoval,2447,CC(C)C(C(=O)NC(=O)N)Br,223.07,1.1,72.2,2,2,2
Firocoxib,208910,CC1(C(=C(C(=O)O1)OCC2CC2)C3=CC=C(C=C3)S(=O)(=O)C)C,336.4,2.2,78.1,0,5,5
Levodopa,6047,C1=CC(=C(C=C1CC(C(=O)O)N)O)O,197.19,-2.7,104.0,4,5,3
Tocopherylquinone,2734086,CC1=C(C(=O)C(=C(C1=O)C)CCC(C)(CCCC(C)CCCC(C)CCCC(C)C)O)C,446.7,8.8,54.4,1,3,15
Busulfan,2478,CS(=O)(=O)OCCCCOS(=O)(=O)C,246.3,-0.5,104.0,0,6,7
AZD-3043,10286834,CCCOC(=O)CC1=CC(=C(C=C1)OCC(=O)N(CC)CC)OCC,351.4,3.2,65.1,0,5,12
Soblidotin,6918315,CCC(C)C(C(CC(=O)N1CCCC1C(C(C)C(=O)NCCC2=CC=CC=C2)OC)OC)N(C)C(=O)C(C(C)C)NC(=O)C(C(C)C)N(C)C,702.0,5.2,121.0,2,7,20
Delapril,5362116,CCOC(=O)C(CCC1=CC=CC=C1)NC(C)C(=O)N(CC(=O)O)C2CC3=CC=CC=C3C2,452.5,1.7,95.9,2,6,12
Dimethyl sulfoxide,679,CS(=O)C,78.14,-0.6,36.3,0,2,0
Sulfisoxazole,5344,CC1=C(ON=C1C)NS(=O)(=O)C2=CC=C(C=C2)N,267.31,1,107.0,2,6,3
Etomidate,667484,CCOC(=O)C1=CN=CN1C(C)C2=CC=CC=C2,244.29,3,44.1,0,3,5
Tropatepine,3034047,CN1C2CCC1CC(=C3C4=CC=CC=C4CSC5=CC=CC=C53)C2,333.5,4.8,28.5,0,2,0
Avatrombopag,9852519,C1CCC(CC1)N2CCN(CC2)C3=C(N=C(S3)NC(=O)C4=CC(=C(N=C4)N5CCC(CC5)C(=O)O)Cl)C6=CC(=CS6)Cl,649.7,4,158.0,2,10,7
Rufinamide,129228,C1=CC(=C(C(=C1)F)CN2C=C(N=N2)C(=O)N)F,238.19,0.7,73.8,1,5,3
Adefovir,60172,C1=NC(=C2C(=N1)N(C=N2)CCOCP(=O)(O)O)N,273.19,-2,136.0,3,8,5
Ubrogepant,68748835,CC1C(CC(C(=O)N1CC(F)(F)F)NC(=O)C2=CC3=C(CC4(C3)C5=C(NC4=O)N=CC=C5)N=C2)C6=CC=CC=C6,549.5,3.1,104.0,2,8,4
Alitretinoin,449171,CC1=C(C(CCC1)(C)C)C=CC(=CC=CC(=CC(=O)O)C)C,300.4,6.3,37.3,1,2,5
Oliceridine,66553195,COC1=C(SC=C1)CNCCC2(CCOC3(C2)CCCC3)C4=CC=CC=N4,386.6,3.5,71.6,1,5,7
Progesterone,5994,CC(=O)C1CCC2C1(CCC3C2CCC4=CC(=O)CCC34C)C,314.5,3.9,34.1,0,2,1
Deutivacaftor,71470491,CC(C)(C)C1=CC(=C(C=C1NC(=O)C2=CNC3=CC=CC=C3C2=O)O)C(C)(C)C,401.5,5.6,78.4,3,4,4
Dexamethasone isonicotinate,16752,CC1CC2C3CCC4=CC(=O)C=CC4(C3(C(CC2(C1(C(=O)COC(=O)C5=CC=NC=C5)O)C)O)F)C,497.6,3.4,114.0,2,8,5
Desogestrel,40973,CCC12CC(=C)C3C(C1CCC2(C#C)O)CCC4=CCCCC34,310.5,4.9,20.2,1,1,2
Carfilzomib,11556711,CC(C)CC(C(=O)C1(CO1)C)NC(=O)C(CC2=CC=CC=C2)NC(=O)C(CC(C)C)NC(=O)C(CCC3=CC=CC=C3)NC(=O)CN4CCOCC4,719.9,4.7,158.0,4,8,20
(R)-Rolipram,448055,COC1=C(C=C(C=C1)C2CC(=O)NC2)OC3CCCC3,275.34,2.2,47.6,1,3,4
Rifamycin,6324616,CC1C=CC=C(C(=O)NC2=CC(=C3C(=C2O)C(=C(C4=C3C(=O)C(O4)(OC=CC(C(C(C(C(C(C1O)C)O)C)OC(=O)C)C)OC)C)C)O)O)C,697.8,4.9,201.0,6,12,3
Oxcarbazepine,34312,C1C2=CC=CC=C2N(C3=CC=CC=C3C1=O)C(=O)N,252.27,1.7,63.4,1,2,0
Cefotaxime,5742673,CC(=O)OCC1=C(N2C(C(C2=O)NC(=O)C(=NOC)C3=CSC(=N3)N)SC1)C(=O)O,455.5,-1.4,227.0,3,12,8
Dorzolamide,5284549,CCNC1CC(S(=O)(=O)C2=C1C=C(S2)S(=O)(=O)N)C,324.4,0.4,151.0,2,7,3
Ditiocarb,8987,CCN(CC)C(=S)S,149.3,1.6,36.3,1,2,2
Phenserine,192706,CC12CCN(C1N(C3=C2C=C(C=C3)OC(=O)NC4=CC=CC=C4)C)C,337.4,2.3,44.8,1,4,3
Cefonicid,43594,C1C(=C(N2C(S1)C(C2=O)NC(=O)C(C3=CC=CC=C3)O)C(=O)O)CSC4=NN=NN4CS(=O)(=O)O,542.6,-1.9,264.0,4,13,9
Hydrocortisone,5754,CC12CCC(=O)C=C1CCC3C2C(CC4(C3CCC4(C(=O)CO)O)C)O,362.5,1.6,94.8,3,5,2
Hexamethonium,3604,C[N+](C)(C)CCCCCC[N+](C)(C)C,202.38,1.8,0.0,0,0,7
Cilansetron,6918107,CC1=NC=CN1CC2CCC3=C(C2=O)C4=CC=CC5=C4N3CCC5,319.4,2.6,39.8,0,2,2
Sagopilone,11284169,CC1CCCC2(C(O2)CC(OC(=O)CC(C(C(=O)C(C1O)CC=C)(C)C)O)C3=CC4=C(C=C3)SC(=N4)C)C,543.7,4.9,137.0,2,8,3
Febarbamate,25803,CCCCOCC(CN1C(=O)C(C(=O)NC1=O)(CC)C2=CC=CC=C2)OC(=O)N,405.4,2.3,128.0,2,6,11
Trapidil,5531,CCN(CC)C1=CC(=NC2=NC=NN12)C,205.26,1.7,46.3,0,4,3
Cyclopenthiazide,2904,C1CCC(C1)CC2NC3=CC(=C(C=C3S(=O)(=O)N2)S(=O)(=O)N)Cl,379.9,1.3,135.0,3,7,3
Oxandrolone,5878,CC12CCC3C(C1CCC2(C)O)CCC4C3(COC(=O)C4)C,306.4,3.7,46.5,1,3,0
Chlorpheniramine,2725,CN(C)CCC(C1=CC=C(C=C1)Cl)C2=CC=CC=N2,274.79,3.4,16.1,0,2,5
Valdecoxib,119607,CC1=C(C(=NO1)C2=CC=CC=C2)C3=CC=C(C=C3)S(=O)(=O)N,314.4,2.6,94.6,1,5,3
(R)-warfarin,54684598,CC(=O)CC(C1=CC=CC=C1)C2=C(C3=CC=CC=C3OC2=O)O,308.3,2.7,63.6,1,4,4
Methylprednisolone,6741,CC1CC2C3CCC(C3(CC(C2C4(C1=CC(=O)C=C4)C)O)C)(C(=O)CO)O,374.5,1.9,94.8,3,5,2
Beclamide,10391,C1=CC=C(C=C1)CNC(=O)CCCl,197.66,1.7,29.1,1,1,4
Bufexamac,2466,CCCCOC1=CC=C(C=C1)CC(=O)NO,223.27,1.9,58.6,2,3,6
Encainide,48041,CN1CCCCC1CCC2=CC=CC=C2NC(=O)C3=CC=C(C=C3)OC,352.5,4.3,41.6,1,3,6
Ceftobiprole medocaril,135413544,CC1=C(OC(=O)O1)COC(=O)N2CCC(C2)N3CCC(=CC4=C(N5C(C(C5=O)NC(=O)C(=NO)C6=NSC(=N6)N)SC4)C(=O)O)C3=O,690.7,0.4,310.0,4,17,9
Telavancin,3081362,CCCCCCCCCCNCCNC1(CC(OC(C1O)C)OC2C(C(C(OC2OC3=C4C=C5C=C3OC6=C(C=C(C=C6)C(C(C(=O)NC(C(=O)NC5C(=O)NC7C8=CC(=C(C=C8)O)C9=C(C(=C(C=C9C(NC(=O)C(C(C1=CC(=C(O4)C=C1)Cl)O)NC7=O)C(=O)O)O)CNCP(=O)(O)O)O)CC(=O)N)NC(=O)C(CC(C)C)NC)O)Cl)CO)O)O)C,1755.6,-2.1,598.0,23,31,30
Cyclopropane,6351,C1CC1,42.08,1.6,0.0,0,0,0
Calcium,5460341,[Ca],40.08,,0.0,0,0,0
Mechlorethamine,4033,CN(CCCl)CCCl,156.05,0.9,3.2,0,1,4
Pagoclone,131664,CC(C)CCC(=O)CC1C2=CC=CC=C2C(=O)N1C3=NC4=C(C=C3)C=CC(=N4)Cl,407.9,4.6,63.2,0,4,6
Auranofin,16667669,CCP(CC)CC.CC(=O)OCC1C(C(C(C(O1)[S-])OC(=O)C)OC(=O)C)OC(=O)C.[Au+],678.5,,115.0,0,10,12
D-Tryptophan,9060,C1=CC=C2C(=C1)C(=CN2)CC(C(=O)O)N,204.22,-1.1,79.1,3,3,3
Deupirfenidone,25145077,CC1=CN(C(=O)C=C1)C2=CC=CC=C2,188.24,1.9,20.3,0,1,1
Aclidinium,11434515,C1C[N+]2(CCC1C(C2)OC(=O)C(C3=CC=CS3)(C4=CC=CS4)O)CCCOC5=CC=CC=C5,484.7,4.7,112.0,1,6,10
Tripamide,5282210,C1CC2CC1C3C2CN(C3)NC(=O)C4=CC(=C(C=C4)Cl)S(=O)(=O)N,369.9,2.6,101.0,2,5,3
Saracatinib,10302451,CN1CCN(CC1)CCOC2=CC3=C(C(=C2)OC4CCOCC4)C(=NC=N3)NC5=C(C=CC6=C5OCO6)Cl,542.0,4.1,90.4,1,10,8
Cyclopentamine,7608,CC(CC1CCCC1)NC,141.25,2.9,12.0,1,1,3
Lisofylline,501254,CC(CCCCN1C(=O)C2=C(N=CN2C)N(C1=O)C)O,280.32,0.7,78.7,1,4,5
Talastine,65624,CN(C)CCN1C(=O)C2=CC=CC=C2C(=N1)CC3=CC=CC=C3,307.4,2.8,35.9,0,3,5
Odanacatib,10152654,CC(C)(CC(C(=O)NC1(CC1)C#N)NC(C2=CC=C(C=C2)C3=CC=C(C=C3)S(=O)(=O)C)C(F)(F)F)F,525.6,4.1,107.0,2,9,9
Selinexor,71481097,C1=CN=C(C=N1)NNC(=O)C=CN2C=NC(=N2)C3=CC(=CC(=C3)C(F)(F)F)C(F)(F)F,443.3,3,97.6,2,12,5
Aminoglutethimide,2145,CCC1(CCC(=O)NC1=O)C2=CC=C(C=C2)N,232.28,1.2,72.2,2,3,2
Bamifylline,16229,CCN(CCN1C(=NC2=C1C(=O)N(C(=O)N2C)C)CC3=CC=CC=C3)CCO,385.5,1.2,81.9,1,5,8
Vinflunine,10629256,CCC12C=CCN3C1C4(CC3)C(C(C2OC(=O)C)(C(=O)OC)O)N(C5=CC(=C(C=C45)C6(CC7CC(CN(C7)CC8=C6NC9=CC=CC=C89)C(C)(F)F)C(=O)OC)OC)C,816.9,4.4,134.0,2,13,10
Zonisamide,5734,C1=CC=C2C(=C1)C(=NO2)CS(=O)(=O)N,212.23,0.2,94.6,1,5,2
Cefuroxime,5479529,CON=C(C1=CC=CO1)C(=O)NC2C3N(C2=O)C(=C(CS3)COC(=O)N)C(=O)O,424.4,-0.2,199.0,3,10,8
Teniposide,452548,COC1=CC(=CC(=C1O)OC)C2C3C(COC3=O)C(C4=CC5=C(C=C24)OCO5)OC6C(C(C7C(O6)COC(O7)C8=CC=CS8)O)O,656.7,1.2,189.0,3,14,6
Testosterone enantate benzilic acid hydrazone,76971566,CCCCCCC(=O)OC1CCC2C1(CCC3C2CCC4=CC(=NNC(=O)C(C5=CC=CC=C5)(C6=CC=CC=C6)O)CCC34C)C,624.9,8.7,88.0,2,5,11
Alosetron,2099,CC1=C(N=CN1)CN2CCC3=C(C2=O)C4=CC=CC=C4N3C,294.35,1.6,53.9,1,2,2
Cobicistat,25151504,CC(C)C1=NC(=CS1)CN(C)C(=O)NC(CCN2CCOCC2)C(=O)NC(CCC(CC3=CC=CC=C3)NC(=O)OCC4=CN=CS4)CC5=CC=CC=C5,776.0,5.7,195.0,3,10,20
Fluanisone,15139,COC1=CC=CC=C1N2CCN(CC2)CCCC(=O)C3=CC=C(C=C3)F,356.4,3.6,32.8,0,5,7
Eliglustat,23652731,CCCCCCCC(=O)NC(CN1CCCC1)C(C2=CC3=C(C=C2)OCCO3)O,404.5,3.7,71.0,2,5,11
Thiocolchicoside,9915886,CC(=O)NC1CCC2=CC(=C(C(=C2C3=CC=C(C(=O)C=C13)SC)OC)OC)OC4C(C(C(C(O4)CO)O)O)O,563.6,-0.4,189.0,5,11,7
Hetacillin,443387,CC1(C(N2C(S1)C(C2=O)N3C(=O)C(NC3(C)C)C4=CC=CC=C4)C(=O)O)C,389.5,-0.6,115.0,2,6,3
Serdexmethylphenidate,134823895,COC(=O)C(C1CCCCN1C(=O)OC[N+]2=CC=CC(=C2)C(=O)NC(CO)C(=O)[O-])C3=CC=CC=C3,499.5,2.2,149.0,2,8,10
Hygromycin B,56928061,CNC1CC(C(C(C1O)OC2C3C(C(C(O2)CO)O)OC4(O3)C(C(C(C(O4)C(CO)N)O)O)O)O)N,527.5,-6.6,272.0,11,16,6
N-Propargyl-1(S)-Aminoindan,5289310,C#CCNC1CCC2=CC=CC=C12,171.24,1.8,12.0,1,1,2
Alcloxa,136146352,C1(C(=O)NC(=N1)[O-])NC(=O)N.[OH-].[OH-].[OH-].[OH-].[Al+3].[Al+3].[Cl-],314.55,,124.0,7,9,1
Terbinafine,1549008,CC(C)(C)C#CC=CCN(C)CC1=CC=CC2=CC=CC=C21,291.4,5.6,3.2,0,1,5
"7,8-Dichloro-1,2,3,4-tetrahydroisoquinoline",123920,C1CNCC2=C1C=CC(=C2Cl)Cl,202.08,2.6,12.0,1,1,0
Ponatinib,24826799,CC1=C(C=C(C=C1)C(=O)NC2=CC(=C(C=C2)CN3CCN(CC3)C)C(F)(F)F)C#CC4=CN=C5N4N=CC=C5,532.6,4.1,65.8,1,8,6
Ceftizoxime,6533629,CON=C(C1=CSC(=N1)N)C(=O)NC2C3N(C2=O)C(=CCS3)C(=O)O,383.4,0,201.0,3,10,5
Quinapril,54892,CCOC(=O)C(CCC1=CC=CC=C1)NC(C)C(=O)N2CC3=CC=CC=C3CC2C(=O)O,438.5,1.2,95.9,2,6,10
Adefovir dipivoxil,60871,CC(C)(C)C(=O)OCOP(=O)(COCCN1C=NC2=C(N=CN=C21)N)OCOC(=O)C(C)(C)C,501.5,1.8,167.0,1,12,15
Prednisone acetate,91438,CC(=O)OCC(=O)C1(CCC2C1(CC(=O)C3C2CCC4=CC(=O)C=CC34C)C)O,400.5,1.5,97.7,1,6,4
Nefazodone,4449,CCC1=NN(C(=O)N1CCOC2=CC=CC=C2)CCCN3CCN(CC3)C4=CC(=CC=C4)Cl,470.0,4.3,51.6,0,5,10
Magnesium cation,888,[Mg+2],24.305,,0.0,0,0,0
Mosapramine,4257,C1CCN2C(C1)NC(=O)C23CCN(CC3)CCCN4C5=CC=CC=C5CCC6=C4C=C(C=C6)Cl,479.1,5.4,38.8,1,4,4
Nalidixic acid,4421,CCN1C=C(C(=O)C2=C1N=C(C=C2)C)C(=O)O,232.23,1.4,70.5,1,5,2
Tramiprosate,1646,C(CN)CS(=O)(=O)O,139.18,-3.8,88.8,2,4,3
Ertugliflozin,44814423,CCOC1=CC=C(C=C1)CC2=C(C=CC(=C2)C34C(C(C(C(O3)(CO4)CO)O)O)O)Cl,436.9,1.7,109.0,4,7,6
"(1,2,6,7-3H)Testosterone",91667979,CC12CCC3C(C1CCC2O)CCC4=CC(=O)CCC34C,296.5,3.3,37.3,1,2,0
Segesterone acetate,108059,CC(=O)C1(C(=C)CC2C1(CCC3C2CCC4=CC(=O)CCC34)C)OC(=O)C,370.5,2.9,60.4,0,4,3
Eltrombopag,135449332,CC1=C(C=C(C=C1)N2C(=O)C(=C(N2)C)N=NC3=CC=CC(=C3O)C4=CC(=CC=C4)C(=O)O)C,442.5,5.4,115.0,3,7,5
Aticaprant,44129648,CC1=CC(=CC(=C1)C2CCCN2CC3=CC=C(C=C3)OC4=C(C=C(C=C4)C(=O)N)F)C,418.5,5,55.6,1,4,6
Lexacalcitol,5288670,CCC(CC)(CCCOC(C)C1CCC2C1(CCCC2=CC=C3CC(CC(C3=C)O)O)C)O,460.7,4.9,69.9,3,4,9
Indisulam,216468,C1=CC2=C(C(=C1)NS(=O)(=O)C3=CC=C(C=C3)S(=O)(=O)N)NC=C2Cl,385.8,1.8,139.0,3,6,4
Pyrithyldione,4994,CCC1(C(=O)C=CNC1=O)CC,167.20,1,46.2,1,2,2
Nizatidine,4513,CNC(=C[N+](=O)[O-])NCCSCC1=CSC(=N1)CN(C)C,331.5,1.6,140.0,2,8,9
Cefodizime,5361871,CC1=C(SC(=N1)SCC2=C(N3C(C(C3=O)NC(=O)C(=NOC)C4=CSC(=N4)N)SC2)C(=O)O)CC(=O)O,584.7,0.2,304.0,4,15,10
Triamterene,5546,C1=CC=C(C=C1)C2=NC3=C(N=C(N=C3N=C2N)N)N,253.26,1,130.0,3,7,1
Furafylline,3433,CC1=NC2=C(N1)C(=O)N(C(=O)N2CC3=CC=CO3)C,260.25,0.6,82.4,1,4,2
Kanamycin,6032,C1C(C(C(C(C1N)OC2C(C(C(C(O2)CN)O)O)O)O)OC3C(C(C(C(O3)CO)O)N)O)N,484.5,-6.9,283.0,11,15,6
Metadoxine,115198,CC1=NC=C(C(=C1O)CO)CO.C1CC(=O)NC1C(=O)O,298.29,,140.0,5,7,3
Gabapentin,3446,C1CCC(CC1)(CC(=O)O)CN,171.24,-1.1,63.3,2,3,3
Melengestrol,9906614,CC1=CC2C(CCC3(C2CC(=C)C3(C(=O)C)O)C)C4(C1=CC(=O)CC4)C,354.5,2.5,54.4,1,3,1
Methylprednisolone hemisuccinate,16923,CC1CC2C3CCC(C3(CC(C2C4(C1=CC(=O)C=C4)C)O)C)(C(=O)COC(=O)CCC(=O)O)O,474.5,2.2,138.0,3,8,7
Selamectin,9578507,CC1CCC2(CC3CC(O2)CC=C(C(C(C=CC=C4COC5C4(C(C=C(C5=NO)C)C(=O)O3)O)C)OC6CC(C(C(O6)C)O)OC)C)OC1C7CCCCC7,770.0,5.4,155.0,3,12,4
Fenpiverinium,71490,C[N+]1(CCCCC1)CCC(C2=CC=CC=C2)(C3=CC=CC=C3)C(=O)N,337.5,3.5,43.1,1,1,6
Palmidrol,4671,CCCCCCCCCCCCCCCC(=O)NCCO,299.5,6.2,49.3,2,2,16
Epicillin,71392,CC1(C(N2C(S1)C(C2=O)NC(=O)C(C3=CCC=CC3)N)C(=O)O)C,351.4,-1.3,138.0,3,6,4
Deucravacitinib,134821691,CNC(=O)C1=NN=C(C=C1NC2=CC=CC(=C2OC)C3=NN(C=N3)C)NC(=O)C4CC4,425.5,1.2,136.0,3,8,7
Remimazolam,9867812,CC1=CN=C2N1C3=C(C=C(C=C3)Br)C(=NC2CCC(=O)OC)C4=CC=CC=N4,439.3,3.4,69.4,0,5,5
Sulfaphenazole,5335,C1=CC=C(C=C1)N2C(=CC=N2)NS(=O)(=O)C3=CC=C(C=C3)N,314.4,1.5,98.4,2,5,4
Estrone,5870,CC12CCC3C(C1CCC2=O)CCC4=C3C=CC(=C4)O,270.4,3.1,37.3,1,2,0
Renzapride,119574,COC1=CC(=C(C=C1C(=O)NC2CCN3CCCC2C3)Cl)N,323.82,2.1,67.6,2,4,3
Etidocaine,37497,CCCN(CC)C(CC)C(=O)NC1=C(C=CC=C1C)C,276.4,3.7,32.3,1,2,7
Balaglitazone,9889200,CN1C(=NC2=CC=CC=C2C1=O)COC3=CC=C(C=C3)CC4C(=O)NC(=O)S4,395.4,2.7,113.0,1,6,5
Doramectin,9832750,CC1C=CC=C2COC3C2(C(C=C(C3O)C)C(=O)OC4CC(CC=C(C1OC5CC(C(C(O5)C)OC6CC(C(C(O6)C)O)OC)OC)C)OC7(C4)C=CC(C(O7)C8CCCCC8)C)O,899.1,4.5,170.0,3,14,7
Tricaine,11400,CCOC(=O)C1=CC(=CC=C1)N,165.19,1.8,52.3,1,3,3
Acetyldigitoxin,5284512,CC1C(C(CC(O1)OC2C(OC(CC2O)OC3C(OC(CC3O)OC4CCC5(C(C4)CCC6C5CCC7(C6(CCC7C8=CC(=O)OC8)O)C)C)C)C)OC(=O)C)O,807.0,2.8,189.0,4,14,9
Esflurbiprofen,72099,CC(C1=CC(=C(C=C1)C2=CC=CC=C2)F)C(=O)O,244.26,4.2,37.3,1,3,3
Propacetamol,68865,CCN(CC)CC(=O)OC1=CC=C(C=C1)NC(=O)C,264.32,1.1,58.6,1,4,7
Ridogrel,5362391,C1=CC(=CC(=C1)C(F)(F)F)C(=NOCCCCC(=O)O)C2=CN=CC=C2,366.3,3.9,71.8,1,8,8
Enflurane,3226,C(C(OC(F)F)(F)F)(F)Cl,184.49,2.1,9.2,0,6,3
SC-236,9865808,C1=CC(=CC=C1C2=CC(=NN2C3=CC=C(C=C3)S(=O)(=O)N)C(F)(F)F)Cl,401.8,3.7,86.4,1,7,3
Betaxolol,2369,CC(C)NCC(COC1=CC=C(C=C1)CCOCC2CC2)O,307.4,2.8,50.7,2,4,11
Pirbuterol,4845,CC(C)(C)NCC(C1=NC(=C(C=C1)O)CO)O,240.30,-0.1,85.6,4,5,5
Tylvalosin,6441094,CCC1C(C=C(C=CC(=O)C(CC(C(C(C(CC(=O)O1)OC(=O)C)C)OC2C(C(C(C(O2)C)OC3CC(C(C(O3)C)OC(=O)CC(C)C)(C)O)N(C)C)O)CC=O)C)C)COC4C(C(C(C(O4)C)O)OC)OC,1042.3,3.4,251.0,3,20,19
Gallopamil,1234,CC(C)C(CCCN(C)CCC1=CC(=C(C=C1)OC)OC)(C#N)C2=CC(=C(C(=C2)OC)OC)OC,484.6,3.8,73.2,0,7,14
Metildigoxin,443946,CC1C(C(CC(O1)OC2C(OC(CC2O)OC3C(OC(CC3O)OC4CCC5(C(C4)CCC6C5CC(C7(C6(CCC7C8=CC(=O)OC8)O)C)O)C)C)C)O)OC,795.0,1.8,192.0,5,14,8
Tolonidine,72138,CC1=CC(=C(C=C1)NC2=NCCN2)Cl,209.67,1.8,36.4,2,1,2
Dosulepin,5284550,CN(C)CCC=C1C2=CC=CC=C2CSC3=CC=CC=C31,295.4,4.5,28.5,0,2,3
Methacholine,1993,CC(C[N+](C)(C)C)OC(=O)C,160.23,0.6,26.3,0,2,4
Capmatinib,25145656,CNC(=O)C1=C(C=C(C=C1)C2=NN3C(=CN=C3N=C2)CC4=CC5=C(C=C4)N=CC=C5)F,412.4,2.9,85.1,1,6,4
Doconexent,445580,CCC=CCC=CCC=CCC=CCC=CCC=CCCC(=O)O,328.5,6.2,37.3,1,2,14
Bufotenine,10257,CN(C)CCC1=CNC2=C1C=C(C=C2)O,204.27,1.2,39.3,2,2,3
Levosimendan,3033825,CC1CC(=O)NN=C1C2=CC=C(C=C2)NN=C(C#N)C#N,280.28,2.3,113.0,2,6,3
Tretoquinol,65772,COC1=CC(=CC(=C1OC)OC)CC2C3=CC(=C(C=C3CCN2)O)O,345.4,2.5,80.2,3,6,5
Dimercaprol,3080,C(C(CS)S)O,124.23,0.2,22.2,3,3,2
Methocarbamol,4107,COC1=CC=CC=C1OCC(COC(=O)N)O,241.24,0.6,91.0,2,5,7
Talbutal,8275,CCC(C)C1(C(=O)NC(=O)NC1=O)CC=C,224.26,1.4,75.3,2,3,4
Clorindione,70846,C1=CC=C2C(=C1)C(=O)C(C2=O)C3=CC=C(C=C3)Cl,256.68,3.5,34.1,0,2,1
Triethylenetetramine,5565,C(CNCCNCCN)N,146.23,-2.5,76.1,4,4,7
Tocainide,38945,CC1=C(C(=CC=C1)C)NC(=O)C(C)N,192.26,0.8,55.1,2,2,2
Deramciclane,119590,CC1(C2CCC1(C(C2)(C3=CC=CC=C3)OCCN(C)C)C)C,301.5,4.4,12.5,0,2,5
Laquinimod,54677946,CCN(C1=CC=CC=C1)C(=O)C2=C(C3=C(C=CC=C3Cl)N(C2=O)C)O,356.8,3.7,60.9,1,3,3
Mebrofenin,54158,CC1=CC(=C(C(=C1NC(=O)CN(CC(=O)O)CC(=O)O)C)Br)C,387.23,-0.1,107.0,3,6,7
Potassium,5462222,[K],39.0983,,0.0,0,0,0
Mitemcinal,6918267,CCC1C(C(=O)C(C2=C(CC(O2)(C(C(C(C(C(=O)O1)C)OC3CC(C(C(O3)C)O)(C)OC)C)OC4C(C(CC(O4)C)N(C)C(C)C)O)C)C)C)(C)OC,756.0,4.1,152.0,2,13,9
Nitrendipine,4507,CCOC(=O)C1=C(NC(=C(C1C2=CC(=CC=C2)[N+](=O)[O-])C(=O)OC)C)C,360.4,2.9,110.0,1,7,6
Acetyldigoxin,11765960,CC1C(C(CC(O1)OC2C(OC(CC2O)OC3C(OC(CC3O)OC4CCC5(C(C4)CCC6C5CC(C7(C6(CCC7C8=CC(=O)OC8)O)C)O)C)C)C)OC(=O)C)O,823.0,1.8,209.0,5,15,9
Zileuton,60490,CC(C1=CC2=CC=CC=C2S1)N(C(=O)N)O,236.29,1.6,94.8,2,3,2
Inosine,135398641,C1=NC2=C(C(=O)N1)N=CN2C3C(C(C(O3)CO)O)O,268.23,-1.3,129.0,4,7,2
Alpelisib,56649450,CC1=C(SC(=N1)NC(=O)N2CCCC2C(=O)N)C3=CC(=NC=C3)C(C)(C)C(F)(F)F,441.5,3.2,129.0,2,8,4
Simvastatin,54454,CCC(C)(C)C(=O)OC1CC(C=C2C1C(C(C=C2)C)CCC3CC(CC(=O)O3)O)C,418.6,4.7,72.8,1,5,7
Ritanserin,5074,CC1=C(C(=O)N2C=CSC2=N1)CCN3CCC(=C(C4=CC=C(C=C4)F)C5=CC=C(C=C5)F)CC3,477.6,5.2,61.2,0,6,5
Oxyphenonium,5749,CC[N+](C)(CC)CCOC(=O)C(C1CCCCC1)(C2=CC=CC=C2)O,348.5,4.1,46.5,1,3,9
Clomocycline,54680675,CC1(C2CC3C(C(=O)C(=C(C3(C(=O)C2=C(C4=C(C=CC(=C41)Cl)O)O)O)O)C(=O)NCO)N(C)C)O,508.9,-1.5,188.0,7,10,3
Voglibose,444020,C1C(C(C(C(C1(CO)O)O)O)O)NC(CO)CO,267.28,-4.1,154.0,8,8,5
Oxyphencyclimine,4642,CN1CCCN=C1COC(=O)C(C2CCCCC2)(C3=CC=CC=C3)O,344.4,2.9,62.1,1,4,6
Belzutifan,117947097,CS(=O)(=O)C1=C2C(C(C(C2=C(C=C1)OC3=CC(=CC(=C3)C#N)F)F)F)O,383.3,2,95.8,1,8,3
Tizanidine,5487,C1CN=C(N1)NC2=C(C=CC3=NSN=C32)Cl,253.71,1.1,90.4,2,4,2
Dexlansoprazole,9578005,CC1=C(C=CN=C1CS(=O)C2=NC3=CC=CC=C3N2)OCC(F)(F)F,369.4,2.8,87.1,1,8,5
Pralatrexate,148121,C#CCC(CC1=CN=C2C(=N1)C(=NC(=N2)N)N)C3=CC=C(C=C3)C(=O)NC(CCC(=O)O)C(=O)O,477.5,-0.9,207.0,5,11,10
Indigotindisulfonic acid,3705,C1=CC2=C(C=C1S(=O)(=O)O)C(=C(N2)C3=NC4=C(C3=O)C=C(C=C4)S(=O)(=O)O)O,422.4,0.2,191.0,4,9,3
Oxyphenisatin acetate,8269,CC(=O)OC1=CC=C(C=C1)C2(C3=CC=CC=C3NC2=O)C4=CC=C(C=C4)OC(=O)C,401.4,3.5,81.7,1,5,6
Semaglutide,56843331,CCC(C)C(C(=O)NC(C)C(=O)NC(CC1=CNC2=CC=CC=C21)C(=O)NC(CC(C)C)C(=O)NC(C(C)C)C(=O)NC(CCCNC(=N)N)C(=O)NCC(=O)NC(CCCNC(=N)N)C(=O)NCC(=O)O)NC(=O)C(CC3=CC=CC=C3)NC(=O)C(CCC(=O)O)NC(=O)C(CCCCNC(=O)COCCOCCNC(=O)COCCOCCNC(=O)CCC(C(=O)O)NC(=O)CCCCCCCCCCCCCCCCC(=O)O)NC(=O)C(C)NC(=O)C(C)NC(=O)C(CCC(=O)N)NC(=O)CNC(=O)C(CCC(=O)O)NC(=O)C(CC(C)C)NC(=O)C(CC4=CC=C(C=C4)O)NC(=O)C(CO)NC(=O)C(CO)NC(=O)C(C(C)C)NC(=O)C(CC(=O)O)NC(=O)C(CO)NC(=O)C(C(C)O)NC(=O)C(CC5=CC=CC=C5)NC(=O)C(C(C)O)NC(=O)CNC(=O)C(CCC(=O)O)NC(=O)C(C)(C)NC(=O)C(CC6=CN=CN6)N,4114,-5.8,1650.0,57,63,151
Hydroxyprogesterone,6238,CC(=O)C1(CCC2C1(CCC3C2CCC4=CC(=O)CCC34C)C)O,330.5,3.2,54.4,1,3,1
Isoxsuprine,11779629,CC(COC1=CC=CC=C1)NC(C)C(C2=CC=C(C=C2)O)O,301.4,2.8,61.7,3,4,7
Nicardipine,4474,CC1=C(C(C(=C(N1)C)C(=O)OCCN(C)CC2=CC=CC=C2)C3=CC(=CC=C3)[N+](=O)[O-])C(=O)OC,479.5,3.8,114.0,1,8,10
Diphemanil,6127,C[N+]1(CCC(=C(C2=CC=CC=C2)C3=CC=CC=C3)CC1)C,278.4,4.4,0.0,0,0,2
Drotebanol,5463863,CN1CCC23CC(CCC2(C1CC4=C3C(=C(C=C4)OC)OC)O)O,333.4,1.6,62.2,2,5,2
Osilodrostat,44139752,C1CC2=CN=CN2C1C3=C(C=C(C=C3)C#N)F,227.24,1.9,41.6,0,3,1
Buflomedil,2467,COC1=CC(=C(C(=C1)OC)C(=O)CCCN2CCCC2)OC,307.4,2.3,48.0,0,5,8
Droperidol,3168,C1CN(CC=C1N2C3=CC=CC=C3NC2=O)CCCC(=O)C4=CC=C(C=C4)F,379.4,3.5,52.7,1,4,6
Opicapone,135565903,CC1=C(C(=[N+](C(=C1Cl)C)[O-])Cl)C2=NOC(=N2)C3=CC(=C(C(=C3)O)O)[N+](=O)[O-],413.2,3.4,151.0,2,8,2
Thiotepa,5453,C1CN1P(=S)(N2CC2)N3CC3,189.22,0.5,41.1,0,4,3
Gadobenic acid,18177388,[H+].[H+].C1=CC=C(C=C1)COCC(C(=O)[O-])N(CCN(CCN(CC(=O)[O-])CC(=O)[O-])CC(=O)[O-])CC(=O)[O-].[Gd+3],667.7,,220.0,2,14,15
Quingestanol,9842127,CC12CCC3C4CCC(=CC4=CCC3C1CCC2(C#C)O)OC5CCCC5,366.5,4.7,29.5,1,2,3
Didanosine,135398739,C1CC(OC1CO)N2C=NC3=C2N=CNC3=O,236.23,-1.2,88.7,2,5,2
Risperidone,5073,CC1=C(C(=O)N2CCCCC2=N1)CCN3CCC(CC3)C4=NOC5=C4C=CC(=C5)F,410.5,2.7,61.9,0,6,4
Phenylbutyric acid,4775,C1=CC=C(C=C1)CCCC(=O)O,164.20,2.4,37.3,1,2,4
Bilastine,185460,CCOCCN1C2=CC=CC=C2N=C1C3CCN(CC3)CCC4=CC=C(C=C4)C(C)(C)C(=O)O,463.6,2.3,67.6,1,5,10
Strontium cation Sr-89,3083408,[Sr+2],88.9074508,,0.0,0,0,0
Thiethylperazine,5440,CCSC1=CC2=C(C=C1)SC3=CC=CC=C3N2CCCN4CCN(CC4)C,399.6,5.4,60.3,0,5,6
Tesmilifene,108092,CCN(CC)CCOC1=CC=C(C=C1)CC2=CC=CC=C2,283.4,4.6,12.5,0,2,8
Etoposide,36462,CC1OCC2C(O1)C(C(C(O2)OC3C4COC(=O)C4C(C5=CC6=C(C=C35)OCO6)C7=CC(=C(C(=C7)OC)O)OC)O)O,588.6,0.6,161.0,3,13,5
Phenylbutazone,4781,CCCCC1C(=O)N(N(C1=O)C2=CC=CC=C2)C3=CC=CC=C3,308.4,3.2,40.6,0,2,5
Carvedilol,2585,COC1=CC=CC=C1OCCNCC(COC2=CC=CC3=C2C4=CC=CC=C4N3)O,406.5,4.2,75.7,3,5,10
Antazoline,2200,C1CN=C(N1)CN(CC2=CC=CC=C2)C3=CC=CC=C3,265.35,2.6,27.6,1,2,5
Hydroxocobalamin,44475014,CC1=CC2=C(C=C1C)N(C=N2)C3C(C(C(O3)CO)OP(=O)([O-])OC(C)CNC(=O)CCC4(C(C5C6(C(C(C(=N6)C(=C7C(C(C(=N7)C=C8C(C(C(=N8)C(=C4[N-]5)C)CCC(=O)N)(C)C)CCC(=O)N)(C)CC(=O)N)C)CCC(=O)N)(C)CC(=O)N)C)CC(=O)N)C)O.[OH-].[Co+3],1346.4,,453.0,10,20,26
Algestone acetophenide,5284538,CC(=O)C12C(CC3C1(CCC4C3CCC5=CC(=O)CCC45C)C)OC(O2)(C)C6=CC=CC=C6,448.6,4.6,52.6,0,4,2
Rivaroxaban,9875401,C1COCC(=O)N1C2=CC=C(C=C2)N3CC(OC3=O)CNC(=O)C4=CC=C(S4)Cl,435.9,2.5,116.0,1,6,5
Fluindione,68942,C1=CC=C2C(=C1)C(=O)C(C2=O)C3=CC=C(C=C3)F,240.23,3,34.1,0,3,1
Simeprevir,24873435,CC1=C(C=CC2=C1N=C(C=C2OC3CC4C(C3)C(=O)N(CCCCC=CC5CC5(NC4=O)C(=O)NS(=O)(=O)C6CC6)C)C7=NC(=CS7)C(C)C)OC,749.9,4.8,194.0,2,10,8
Doxapram,3156,CCN1CC(C(C1=O)(C2=CC=CC=C2)C3=CC=CC=C3)CCN4CCOCC4,378.5,3.3,32.8,0,3,6
Eribulin,11354606,CC1CC2CCC3C(=C)CC(O3)CCC45CC6C(O4)C7C(O6)C(O5)C8C(O7)CCC(O8)CC(=O)CC9C(CC(C1=C)O2)OC(C9OC)CC(CN)O,729.9,1.1,146.0,2,12,4
Gitoformate,20055283,CC1C(C(CC(O1)OC2C(OC(CC2OC=O)OC3C(OC(CC3OC=O)OC4CCC5(C(C4)CCC6C5CCC7(C6(CC(C7C8=CC(=O)OC8)OC=O)O)C)C)C)C)OC=O)OC=O,921.0,4,233.0,1,19,17
Amphetamine,3007,CC(CC1=CC=CC=C1)N,135.21,1.8,26.0,1,1,2
Saquinavir,441243,CC(C)(C)NC(=O)C1CC2CCCCC2CN1CC(C(CC3=CC=CC=C3)NC(=O)C(CC(=O)N)NC(=O)C4=NC5=CC=CC=C5C=C4)O,670.8,4.2,167.0,5,7,13
Pivagabine,68888,CC(C)(C)C(=O)NCCCC(=O)O,187.24,0.8,66.4,2,3,5
Sulfaguanidine,5324,C1=CC(=CC=C1N)S(=O)(=O)N=C(N)N,214.25,-0.7,133.0,3,4,2
Pacritinib,46216796,C1CCN(C1)CCOC2=C3COCC=CCOCC4=CC(=CC=C4)C5=NC(=NC=C5)NC(=C3)C=C2,472.6,3.8,68.7,1,7,4
Clopidogrel,60606,COC(=O)C(C1=CC=CC=C1Cl)N2CCC3=C(C2)C=CS3,321.8,3.8,57.8,0,4,4
Loratadine,3957,CCOC(=O)N1CCC(=C2C3=C(CCC4=C2N=CC=C4)C=C(C=C3)Cl)CC1,382.9,5.2,42.4,0,3,2
8-chlorotheophylline,10661,CN1C2=C(C(=O)N(C1=O)C)NC(=N2)Cl,214.61,0.9,69.3,1,3,0
Piritramide,9331,C1CCN(CC1)C2(CCN(CC2)CCC(C#N)(C3=CC=CC=C3)C4=CC=CC=C4)C(=O)N,430.6,3.7,73.4,1,4,7
Cyclacillin,19003,CC1(C(N2C(S1)C(C2=O)NC(=O)C3(CCCCC3)N)C(=O)O)C,341.4,1.3,138.0,3,6,3
Butaperazine,12598,CCCC(=O)C1=CC2=C(C=C1)SC3=CC=CC=C3N2CCCN4CCN(CC4)C,409.6,5,52.1,0,5,7
Flutamide,3397,CC(C)C(=O)NC1=CC(=C(C=C1)[N+](=O)[O-])C(F)(F)F,276.21,3.3,74.9,1,6,2
Cilastatin,6435415,CC1(CC1C(=O)NC(=CCCCCSCC(C(=O)O)N)C(=O)O)C,358.5,-1,155.0,4,7,11
Hydrocortisone valerate,5282494,CCCCC(=O)OC1(CCC2C1(CC(C3C2CCC4=CC(=O)CCC34C)O)C)C(=O)CO,446.6,3.8,101.0,2,6,7
Cinitapride,68867,CCOC1=CC(=C(C=C1C(=O)NC2CCN(CC2)CC3CCC=CC3)[N+](=O)[O-])N,402.5,3.6,113.0,2,6,6
Asunaprevir,16076883,CC(C)(C)C(C(=O)N1CC(CC1C(=O)NC2(CC2C=C)C(=O)NS(=O)(=O)C3CC3)OC4=NC=C(C5=C4C=C(C=C5)Cl)OC)NC(=O)OC(C)(C)C,748.3,4.9,191.0,3,10,14
Dutogliptin,11253490,B(C1CCCN1C(=O)CNC2CCNC2)(O)O,241.10,,84.8,4,5,4
Naloxegol,56959087,COCCOCCOCCOCCOCCOCCOCCOC1CCC2(C3CC4=C5C2(C1OC5=C(C=C4)O)CCN3CC=C)O,651.8,-1,127.0,2,12,24
Flomoxef,65864,COC1(C2N(C1=O)C(=C(CO2)CSC3=NN=NN3CCO)C(=O)O)NC(=O)CSC(F)F,496.5,-1.3,220.0,3,14,11
Gadofosveset trisodium,73049652,C1CC(CCC1OP(=O)([O-])OCC(CN(CCN(CC(=O)[O-])CC(=O)[O-])CC(=O)[O-])N(CC(=O)[O-])CC(=O)[O-])(C2=CC=CC=C2)C3=CC=CC=C3.[Na+].[Na+].[Na+].[Gd+3],957.9,,269.0,0,17,18
Macimorelin,9804938,CC(C)(C(=O)NC(CC1=CNC2=CC=CC=C21)C(=O)NC(CC3=CNC4=CC=CC=C43)NC=O)N,474.6,1.8,145.0,6,4,9
Ceritinib,57379345,CC1=CC(=C(C=C1C2CCNCC2)OC(C)C)NC3=NC=C(C(=N3)NC4=CC=CC=C4S(=O)(=O)C(C)C)Cl,558.1,6.4,114.0,3,8,9
Hexoprenaline,3609,C1=CC(=C(C=C1C(CNCCCCCCNCC(C2=CC(=C(C=C2)O)O)O)O)O)O,420.5,1.1,145.0,8,8,13
Benzgalantamine,44240142,CN1CCC23C=CC(CC2OC4=C(C=CC(=C34)C1)OC)OC(=O)C5=CC=CC=C5,391.5,4.1,48.0,0,5,4
Olmutinib,54758501,CN1CCN(CC1)C2=CC=C(C=C2)NC3=NC4=C(C(=N3)OC5=CC=CC(=C5)NC(=O)C=C)SC=C4,486.6,4.7,111.0,2,8,7
Malathion,4004,CCOC(=O)CC(C(=O)OCC)SP(=S)(OC)OC,330.4,2.4,128.0,0,8,11
Candicidin,10079874,CC1C=CC=CC=CC=CC=CC=CC=CC(CC(C(C(CC(=O)CC(CC(CC(CC(=O)CCCC(=O)CC(=O)OC1C(C)CC(C)C(CC(=O)C2=CC=C(C=C2)N)O)O)O)O)O)C(=O)O)O)OC3C(C(C(C(O3)C)O)N)O,1109.3,1.8,364.0,11,20,10
7-Nitroindazole,1893,C1=CC2=C(C(=C1)[N+](=O)[O-])NN=C2,163.13,1.8,74.5,1,3,0
Bufuralol,71733,CCC1=CC=CC2=C1OC(=C2)C(CNC(C)(C)C)O,261.36,3.5,45.4,2,3,5
Loperamide,3955,CN(C)C(=O)C(CCN1CCC(CC1)(C2=CC=C(C=C2)Cl)O)(C3=CC=CC=C3)C4=CC=CC=C4,477.0,5,43.8,1,3,7
Glibornuride,12818200,CC1=CC=C(C=C1)S(=O)(=O)NC(=O)NC2C3CCC(C2O)(C3(C)C)C,366.5,3.2,104.0,3,4,3
Aramchol,18738120,CCCCCCCCCCCCCCCCCCCC(=O)NC1CCC2(C(C1)CC(C3C2CC(C4(C3CCC4C(C)CCC(=O)O)C)O)O)C,702.1,13.1,107.0,4,5,23
Aldosterone,5839,CC12CCC(=O)C=C1CCC3C2C(CC4(C3CCC4C(=O)CO)C=O)O,360.4,1.1,91.7,2,5,3
Ramatroban,123879,C1CC2=C(CC1NS(=O)(=O)C3=CC=C(C=C3)F)C4=CC=CC=C4N2CCC(=O)O,416.5,2.9,96.8,2,6,6
Ramipril,5362129,CCOC(=O)C(CCC1=CC=CC=C1)NC(C)C(=O)N2C3CCCC3CC2C(=O)O,416.5,1.4,95.9,2,6,10
Sulbactam,130313,CC1(C(N2C(S1(=O)=O)CC2=O)C(=O)O)C,233.24,-1,100.0,1,5,1
Orlistat,3034010,CCCCCCCCCCCC(CC1C(C(=O)O1)CCCCCC)OC(=O)C(CC(C)C)NC=O,495.7,10,81.7,1,5,23
Agmatine,199,C(CCN=C(N)N)CN,130.19,-1.5,90.4,3,2,4
Grazoprevir,44603531,CC(C)(C)C1C(=O)N2CC(CC2C(=O)NC3(CC3C=C)C(=O)NS(=O)(=O)C4CC4)OC5=NC6=C(C=CC(=C6)OC)N=C5CCCCCC7CC7OC(=O)N1,766.9,4.7,204.0,3,11,8
Ticarcillin,36921,CC1(C(N2C(S1)C(C2=O)NC(=O)C(C3=CSC=C3)C(=O)O)C(=O)O)C,384.4,0.8,178.0,3,8,5
NGX267,10013505,CCC1C(=O)NC2(S1)CCN(CC2)C,214.33,1.4,57.6,1,3,1
Rifapentine,135403821,CC1C=CC=C(C(=O)NC2=C(C(=C3C(=C2O)C(=C(C4=C3C(=O)C(O4)(OC=CC(C(C(C(C(C(C1O)C)O)C)OC(=O)C)C)OC)C)C)O)O)C=NN5CCN(CC5)C6CCCC6)C,877.0,6.7,220.0,6,15,6
Aminophylline,9433,CN1C2=C(C(=O)N(C1=O)C)NC=N2.CN1C2=C(C(=O)N(C1=O)C)NC=N2.C(CN)N,420.43,,191.0,4,8,1
Acenocoumarol,54676537,CC(=O)CC(C1=CC=C(C=C1)[N+](=O)[O-])C2=C(C3=CC=CC=C3OC2=O)O,353.3,2.5,109.0,1,6,4
Cariprazine,11154555,CN(C)C(=O)NC1CCC(CC1)CCN2CCN(CC2)C3=C(C(=CC=C3)Cl)Cl,427.4,4.3,38.8,1,3,5
Maxacalcitol,6398761,CC(C1CCC2C1(CCCC2=CC=C3CC(CC(C3=C)O)O)C)OCCC(C)(C)O,418.6,3.5,69.9,3,4,6
Zorubicin,57164040,CC1C(C(CC(O1)OC2CC(CC3=C2C(=C4C(=C3O)C(=O)C5=C(C4=O)C(=CC=C5)OC)O)(C(=NNC(=O)C6=CC=CC=C6)C)O)N)O,645.7,3.8,210.0,6,12,6
Hydromorphone,5284570,CN1CCC23C4C1CC5=C2C(=C(C=C5)O)OC3C(=O)CC4,285.34,1.8,49.8,1,4,0
Cefotetan,53025,CN1C(=NN=N1)SCC2=C(N3C(C(C3=O)(NC(=O)C4SC(=C(C(=O)N)C(=O)O)S4)OC)SC2)C(=O)O,575.6,0.1,321.0,4,15,9
Cyclosporine,5284373,CCC1C(=O)N(CC(=O)N(C(C(=O)NC(C(=O)N(C(C(=O)NC(C(=O)NC(C(=O)N(C(C(=O)N(C(C(=O)N(C(C(=O)N(C(C(=O)N1)C(C(C)CC=CC)O)C)C(C)C)C)CC(C)C)C)CC(C)C)C)C)C)CC(C)C)C)C(C)C)CC(C)C)C)C,1202.6,7.5,279.0,5,12,15
Carfentanil,62156,CCC(=O)N(C1=CC=CC=C1)C2(CCN(CC2)CCC3=CC=CC=C3)C(=O)OC,394.5,3.8,49.9,0,4,8
Tiratricol,5803,C1=CC(=C(C=C1OC2=C(C=C(C=C2I)CC(=O)O)I)I)O,621.93,4.5,66.8,2,4,4
Methohexital,9034,CCC#CC(C)C1(C(=O)NC(=O)N(C1=O)C)CC=C,262.30,2.3,66.5,1,3,3
Paraldehyde,31264,CC1OC(OC(O1)C)C,132.16,0.7,27.7,0,3,0
Darolutamide,67171867,CC(CN1C=CC(=N1)C2=CC(=C(C=C2)C#N)Cl)NC(=O)C3=NNC(=C3)C(C)O,398.8,1.8,120.0,3,5,6
Naloxone,5284596,C=CCN1CCC23C4C(=O)CCC2(C1CC5=C3C(=C(C=C5)O)O4)O,327.4,2.1,70.0,2,5,2
Clobetasol,5311051,CC1CC2C3CCC4=CC(=O)C=CC4(C3(C(CC2(C1(C(=O)CCl)O)C)O)F)C,410.9,2.5,74.6,2,5,2
Ambrisentan,6918493,CC1=CC(=NC(=N1)OC(C(=O)O)C(C2=CC=CC=C2)(C3=CC=CC=C3)OC)C,378.4,3.8,81.5,1,6,7
Dalfampridine,1727,C1=CN=CC=C1N,94.11,0.3,38.9,1,2,0
Cyamemazine,62865,CC(CN1C2=CC=CC=C2SC3=C1C=C(C=C3)C#N)CN(C)C,323.5,4.4,55.6,0,4,4
Fencamfamin,14584,CCNC1C2CCC(C2)C1C3=CC=CC=C3,215.33,3.3,12.0,1,1,3
Almasilate,131704329,O.[O-][Si]([O-])([O-])[O-].[O-][Si]([O-])([O-])[O-].[Mg+2].[Al+3].[Al+3],280.45,,185.0,1,9,0
Mefenorex,21777,CC(CC1=CC=CC=C1)NCCCCl,211.73,3.1,12.0,1,1,6
PRX-08066,76972919,C1CN(CCC1NC2=C3C=C(SC3=NC=N2)Cl)CC4=CC(=C(C=C4)F)C#N.C(=CC(=O)O)C(=O)O,518.0,,168.0,3,11,6
Methyprylon,4162,CCC1(C(=O)C(CNC1=O)C)CC,183.25,0.8,46.2,1,2,2
Sulopenem etzadroxil,23642298,CCC(CC)C(=O)OCOC(=O)C1=C(SC2N1C(=O)C2C(C)O)SC3CCS(=O)C3,477.6,2.1,180.0,1,10,11
Lomustine,3950,C1CCC(CC1)NC(=O)N(CCCl)N=O,233.69,2.8,61.8,1,3,3
Selpercatinib,134436906,CC(C)(COC1=CN2C(=C(C=N2)C#N)C(=C1)C3=CN=C(C=C3)N4CC5CC(C4)N5CC6=CN=C(C=C6)OC)O,525.6,2.5,112.0,1,9,8
Revumenib,132212657,CCN(C(C)C)C(=O)C1=C(C=CC(=C1)F)OC2=CN=CN=C2N3CC4(C3)CCN(CC4)CC5CCC(CC5)NS(=O)(=O)CC,630.8,4.3,116.0,1,10,11
Diclofenamide,3038,C1=C(C=C(C(=C1S(=O)(=O)N)Cl)Cl)S(=O)(=O)N,305.2,0.3,137.0,2,6,2
Perphenazine enanthate,62871,CCCCCCC(=O)OCCN1CCN(CC1)CCCN2C3=CC=CC=C3SC4=C2C=C(C=C4)Cl,516.1,7.2,61.3,0,6,13
Deacetoxycephalosporin C,160139,CC1=C(N2C(C(C2=O)NC(=O)CCCC(C(=O)O)N)SC1)C(=O)O,357.38,-0.8,175.0,4,8,7
Niperotidine,66753191,CN(C)CC1=CC=C(O1)CSCCNC(=C[N+](=O)[O-])NCC2=CC3=C(C=C2)OCO3,434.5,2.9,130.0,2,9,11
Rifabutin,135415564,CC1C=CC=C(C(=O)NC2=C(C3=C(C4=C(C(=C3O)C)OC(C4=O)(OC=CC(C(C(C(C(C(C1O)C)O)C)OC(=O)C)C)OC)C)C5=NC6(CCN(CC6)CC(C)C)N=C25)O)C,847.0,5.6,209.0,5,14,5
Acteoside,5281800,CC1C(C(C(C(O1)OC2C(C(OC(C2OC(=O)C=CC3=CC(=C(C=C3)O)O)CO)OCCC4=CC(=C(C=C4)O)O)O)O)O)O,624.6,-0.5,245.0,9,15,11
Clopamide,12492,CC1CCCC(N1NC(=O)C2=CC(=C(C=C2)Cl)S(=O)(=O)N)C,345.8,2.3,101.0,2,5,3
Cefotiam,43708,CN(C)CCN1C(=NN=N1)SCC2=C(N3C(C(C3=O)NC(=O)CC4=CSC(=N4)N)SC2)C(=O)O,525.6,-2.4,251.0,3,13,10
Epinastine,3241,C1C2C3=CC=CC=C3CC4=CC=CC=C4N2C(=N1)N,249.31,3.5,41.6,1,1,0
Benazeprilat,5463984,C1CC2=CC=CC=C2N(C(=O)C1NC(CCC3=CC=CC=C3)C(=O)O)CC(=O)O,396.4,0.6,107.0,3,6,8
Lisinopril,5362119,C1CC(N(C1)C(=O)C(CCCCN)NC(CCC2=CC=CC=C2)C(=O)O)C(=O)O,405.5,-2.9,133.0,4,7,12
Ecgonine,91460,CN1C2CCC1C(C(C2)O)C(=O)O,185.22,-1.8,60.8,2,4,1
Estradiol valerate,13791,CCCCC(=O)OC1CCC2C1(CCC3C2CCC4=C3C=CC(=C4)O)C,356.5,6,46.5,1,3,5
Benzylpenicillin,5904,CC1(C(N2C(S1)C(C2=O)NC(=O)CC3=CC=CC=C3)C(=O)O)C,334.4,1.8,112.0,2,5,4
Quinupristin,5388937,CCC1C(=O)N2CCCC2C(=O)N(C(C(=O)N3CC(C(=O)CC3C(=O)NC(C(=O)OC(C(C(=O)N1)NC(=O)C4=C(C=CC=N4)O)C)C5=CC=CC=C5)CSC6CN7CCC6CC7)CC8=CC=C(C=C8)N(C)C)C,1022.2,4.2,257.0,4,14,10
Bepridil,2351,CC(C)COCC(CN(CC1=CC=CC=C1)C2=CC=CC=C2)N3CCCC3,366.5,5.3,15.7,0,3,10
Fluocortin,22875828,CC1CC2C3CC(C4=CC(=O)C=CC4(C3C(CC2(C1C(=O)C(=O)O)C)O)C)F,390.4,2.8,91.7,2,6,2
Etamiphylline,28329,CCN(CC)CCN1C=NC2=C1C(=O)N(C(=O)N2C)C,279.34,0.3,61.7,0,4,5
Treprostinil,6918140,CCCCCC(CCC1C(CC2C1CC3=C(C2)C(=CC=C3)OCC(=O)O)O)O,390.5,4.5,87.0,3,5,10
Ibandronate,60852,CCCCCN(C)CCC(O)(P(=O)(O)O)P(=O)(O)O,319.23,-4.1,139.0,5,8,9
Dexpanthenol,131204,CC(C)(CO)C(C(=O)NCCCO)O,205.25,-0.9,89.8,4,4,6
Lormetazepam,13314,CN1C2=C(C=C(C=C2)Cl)C(=NC(C1=O)O)C3=CC=CC=C3Cl,335.2,2.4,52.9,1,3,1
Thalidomide,5426,C1CC(=O)NC(=O)C1N2C(=O)C3=CC=CC=C3C2=O,258.23,0.3,83.6,1,4,1
Codeine,5284371,CN1CCC23C4C1CC5=C2C(=C(C=C5)OC)OC3C(C=C4)O,299.4,1.1,41.9,1,4,1
Ataluren,11219835,C1=CC=C(C(=C1)C2=NC(=NO2)C3=CC(=CC=C3)C(=O)O)F,284.24,3.1,76.2,1,6,3
Midecamycin,5282169,CCC(=O)OC1CC(=O)OC(CC=CC=CC(C(CC(C(C1OC)OC2C(C(C(C(O2)C)OC3CC(C(C(O3)C)OC(=O)CC)(C)O)N(C)C)O)CC=O)C)O)C,814.0,2.6,206.0,3,16,14
Ombitasvir,54767916,CC(C)C(C(=O)N1CCCC1C(=O)NC2=CC=C(C=C2)C3CCC(N3C4=CC=C(C=C4)C(C)(C)C)C5=CC=C(C=C5)NC(=O)C6CCCN6C(=O)C(C(C)C)NC(=O)OC)NC(=O)OC,894.1,7.9,179.0,4,9,16
Nylidrin,4567,CC(CCC1=CC=CC=C1)NC(C)C(C2=CC=C(C=C2)O)O,299.4,3.5,52.5,3,3,7
Trilostane,656583,CC12CCC3C(C1CCC2O)CCC45C3(CC(=C(C4O5)O)C#N)C,329.4,2.9,76.8,2,4,0
Ribostamycin,33042,C1C(C(C(C(C1N)OC2C(C(C(C(O2)CN)O)O)N)OC3C(C(C(O3)CO)O)O)O)N,454.5,-6.3,262.0,10,14,6
Ceforanide,43507,C1C(=C(N2C(S1)C(C2=O)NC(=O)CC3=CC=CC=C3CN)C(=O)O)CSC4=NN=NN4CC(=O)O,519.6,-3.2,244.0,4,12,10
Flecainide,3356,C1CCNC(C1)CNC(=O)C2=C(C=CC(=C2)OCC(F)(F)F)OCC(F)(F)F,414.34,3.8,59.6,2,10,7
Prednisone,5865,CC12CC(=O)C3C(C1CCC2(C(=O)CO)O)CCC4=CC(=O)C=CC34C,358.4,1.5,91.7,2,5,2
Guanoxan,16564,C1C(OC2=CC=CC=C2O1)CN=C(N)N,207.23,0.2,82.9,2,3,2
Oxymetholone,5281034,CC12CCC3C(C1CCC2(C)O)CCC4C3(CC(=CO)C(=O)C4)C,332.5,4.4,57.5,2,3,0
Trilaciclib,68029831,CN1CCN(CC1)C2=CN=C(C=C2)NC3=NC=C4C=C5C(=O)NCC6(N5C4=N3)CCCCC6,446.5,2.6,91.2,2,7,3
Alprostadil,5280723,CCCCCC(C=CC1C(CC(=O)C1CCCCCCC(=O)O)O)O,354.5,3.2,94.8,3,5,13
Tyramine,5610,C1=CC(=CC=C1CCN)O,137.18,1.1,46.3,2,2,2
Butyrfentanyl,621174,CCCC(=O)N(C1CCN(CC1)CCC2=CC=CC=C2)C3=CC=CC=C3,350.5,4.4,23.6,0,2,7
Epinephrine,5816,CNCC(C1=CC(=C(C=C1)O)O)O,183.20,-1.4,72.7,4,4,3
Diamorphine,5462328,CC(=O)OC1C=CC2C3CC4=C5C2(C1OC5=C(C=C4)OC(=O)C)CCN3C,369.4,1.5,65.1,0,6,4
Abediterol,11962616,C1=CC=C(C=C1)C(COCCCCCCNCC(C2=C3C=CC(=O)NC3=C(C=C2)O)O)(F)F,460.5,3.1,90.8,4,7,13
Ketoconazole,47576,CC(=O)N1CCN(CC1)C2=CC=C(C=C2)OCC3COC(O3)(CN4C=CN=C4)C5=C(C=C(C=C5)Cl)Cl,531.4,4.3,69.1,0,6,7
Tridihexethyl,20299,CC[N+](CC)(CC)CCC(C1CCCCC1)(C2=CC=CC=C2)O,318.5,4.8,20.2,1,1,8
Apronalide,10715,CC(C)C(CC=C)C(=O)NC(=O)N,184.24,1.7,72.2,2,2,4
Telotristat ethyl,25181577,CCOC(=O)C(CC1=CC=C(C=C1)C2=CC(=NC(=N2)N)OC(C3=C(C=C(C=C3)Cl)N4C=CC(=N4)C)C(F)(F)F)N,575.0,5.1,131.0,2,11,10
Prednisolone,5755,CC12CC(C3C(C1CCC2(C(=O)CO)O)CCC4=CC(=O)C=CC34C)O,360.4,1.6,94.8,3,5,2
Veralipride,47979,COC1=CC(=CC(=C1OC)C(=O)NCC2CCCN2CC=C)S(=O)(=O)N,383.5,0.8,119.0,2,7,8
Carbamoylcholine,2551,C[N+](C)(C)CCOC(=O)N,147.20,-0.4,52.3,1,2,4
Aminosalicylic acid,4649,C1=CC(=C(C=C1N)O)C(=O)O,153.14,1.3,83.6,3,4,1
Tiagabine,60648,CC1=C(SC=C1)C(=CCCN2CCCC(C2)C(=O)O)C3=C(C=CS3)C,375.6,2.7,97.0,1,5,6
Fingolimod,107970,CCCCCCCCC1=CC=C(C=C1)CCC(CO)(CO)N,307.5,4.2,66.5,3,3,12
Scopolamine,3000322,CN1C2CC(CC1C3C2O3)OC(=O)C(CO)C4=CC=CC=C4,303.35,0.9,62.3,1,5,5
Perindopril,107807,CCCC(C(=O)OCC)NC(C)C(=O)N1C2CCCCC2CC1C(=O)O,368.5,0.9,95.9,2,6,9
Rizatriptan,5078,CN(C)CCC1=CNC2=C1C=C(C=C2)CN3C=NC=N3,269.34,1.7,49.7,1,3,5
Maribavir,471161,CC(C)NC1=NC2=CC(=C(C=C2N1C3C(C(C(O3)CO)O)O)Cl)Cl,376.2,2.2,99.8,4,6,4
Adagrasib,138611145,CN1CCCC1COC2=NC3=C(CCN(C3)C4=CC=CC5=C4C(=CC=C5)Cl)C(=N2)N6CCN(C(C6)CC#N)C(=O)C(=C)F,604.1,5,88.8,0,9,7
Capivasertib,25227436,C1CN(CCC1(C(=O)NC(CCO)C2=CC=C(C=C2)Cl)N)C3=NC=NC4=C3C=CN4,428.9,1.7,120.0,4,6,6
Tepotinib,25171648,CN1CCC(CC1)COC2=CN=C(N=C2)C3=CC=CC(=C3)CN4C(=O)C=CC(=N4)C5=CC=CC(=C5)C#N,492.6,3.4,94.7,0,7,7
Enrofloxacin,71188,CCN1CCN(CC1)C2=C(C=C3C(=C2)N(C=C(C3=O)C(=O)O)C4CC4)F,359.4,-0.2,64.1,1,7,4
Saredutant,104974,CC(=O)NC1(CCN(CC1)CCC(CN(C)C(=O)C2=CC=CC=C2)C3=CC(=C(C=C3)Cl)Cl)C4=CC=CC=C4,552.5,5.9,52.7,1,3,9
Pinacidil,55329,CC(C(C)(C)C)N=C(NC#N)NC1=CC=NC=C1.O,263.34,,74.1,3,4,5
Azidocillin,15574941,CC1(C(N2C(S1)C(C2=O)NC(=O)C(C3=CC=CC=C3)N=[N+]=[N-])C(=O)O)C,375.4,2.8,126.0,2,7,5
Oxidronic acid,27304,C(O)(P(=O)(O)O)P(=O)(O)O,192.00,-3.9,135.0,5,7,2
Rilpivirine,6451164,CC1=CC(=CC(=C1NC2=NC(=NC=C2)NC3=CC=C(C=C3)C#N)C)C=CC#N,366.4,4.5,97.4,2,6,5
Normethadone,10090,CCC(=O)C(CCN(C)C)(C1=CC=CC=C1)C2=CC=CC=C2,295.4,3.5,20.3,0,2,7
Ularitide,16132416,CCC(C)C1C(=O)NCC(=O)NC(C(=O)NC(C(=O)NC(C(=O)NCC(=O)NC(C(=O)NCC(=O)NC(CSSCC(C(=O)NC(C(=O)NCC(=O)NCC(=O)NC(C(=O)NC(C(=O)NC(C(=O)NC(C(=O)N1)CCCNC(=N)N)CC(=O)O)CCSC)CCCNC(=N)N)CC2=CC=CC=C2)NC(=O)C(CO)NC(=O)C(CO)NC(=O)C(CCCNC(=N)N)NC(=O)C(CCCNC(=N)N)NC(=O)C(CC(C)C)NC(=O)C(CO)NC(=O)C(CCCNC(=N)N)NC(=O)C3CCCN3C(=O)C(C)NC(=O)C(C(C)O)N)C(=O)NC(CC(=O)N)C(=O)NC(CO)C(=O)NC(CC4=CC=CC=C4)C(=O)NC(CCCNC(=N)N)C(=O)NC(CC5=CC=C(C=C5)O)C(=O)O)CC(C)C)CO)CCC(=O)N)C,3505.9,-17.1,1670.0,60,54,88
Cefbuperazone,127527,CCN1CCN(C(=O)C1=O)C(=O)NC(C(C)O)C(=O)NC2(C3N(C2=O)C(=C(CS3)CSC4=NN=NN4C)C(=O)O)OC,627.7,-1,280.0,4,14,10
GTS-21,5310985,COC1=CC(=C(C=C1)C=C2CCCN=C2C3=CN=CC=C3)OC,308.4,3,43.7,0,4,4
Raltitrexed,135400182,CC1=NC2=C(C=C(C=C2)CN(C)C3=CC=C(S3)C(=O)NC(CCC(=O)O)C(=O)O)C(=O)N1,458.5,1.4,177.0,4,9,9
Cefminox,71141,CN1C(=NN=N1)SCC2=C(N3C(C(C3=O)(NC(=O)CSCC(C(=O)O)N)OC)SC2)C(=O)O,519.6,-4,279.0,4,14,11
Bumetanide,2471,CCCCNC1=C(C(=CC(=C1)C(=O)O)S(=O)(=O)N)OC2=CC=CC=C2,364.4,2.8,127.0,3,7,8
Medifoxamine,36109,CN(C)CC(OC1=CC=CC=C1)OC2=CC=CC=C2,257.33,3.8,21.7,0,3,6
Bendazac,2313,C1=CC=C(C=C1)CN2C3=CC=CC=C3C(=N2)OCC(=O)O,282.29,3.1,64.4,1,4,5
Entinostat,4261,C1=CC=C(C(=C1)N)NC(=O)C2=CC=C(C=C2)CNC(=O)OCC3=CN=CC=C3,376.4,2,106.0,3,5,7
Rolapitant,10311306,CC(C1=CC(=CC(=C1)C(F)(F)F)C(F)(F)F)OCC2(CCC3(CCC(=O)N3)CN2)C4=CC=CC=C4,500.5,4.4,50.4,2,9,5
Posaconazole,468595,CCC(C(C)O)N1C(=O)N(C=N1)C2=CC=C(C=C2)N3CCN(CC3)C4=CC=C(C=C4)OCC5CC(OC5)(CN6C=NC=N6)C7=C(C=C(C=C7)F)F,700.8,4.6,112.0,1,11,12
Ertapenem,150610,CC1C2C(C(=O)N2C(=C1SC3CC(NC3)C(=O)NC4=CC=CC(=C4)C(=O)O)C(=O)O)C(C)O,475.5,-1.5,182.0,5,9,7
Hexobarbital,3608,CC1(C(=O)NC(=O)N(C1=O)C)C2=CCCCC2,236.27,1.5,66.5,1,3,1
Levmetamfetamine,36604,CC(CC1=CC=CC=C1)NC,149.23,2.1,12.0,1,1,3
Demegestone,93057,CC(=O)C1(CCC2C1(CCC3=C4CCC(=O)C=C4CCC23)C)C,312.4,2.8,34.1,0,2,1
Amitriptylinoxide,20313,C[N+](C)(CCC=C1C2=CC=CC=C2CCC3=CC=CC=C31)[O-],293.4,4.5,18.1,0,1,3
Regorafenib,11167602,CNC(=O)C1=NC=CC(=C1)OC2=CC(=C(C=C2)NC(=O)NC3=CC(=C(C=C3)Cl)C(F)(F)F)F,482.8,4.2,92.4,3,8,5
JNJ-26489112,11616111,C1C(OC2=C(O1)C=C(C=C2)Cl)CNS(=O)(=O)N,278.71,0.8,99.0,2,6,3
Fluprednidene acetate,9980241,CC(=O)OCC(=O)C1(C(=C)CC2C1(CC(C3(C2CCC4=CC(=O)C=CC43C)F)O)C)O,432.5,2.3,101.0,2,7,4
Tramazoline,5524,C1CCC2=C(C1)C=CC=C2NC3=NCCN3,215.29,2,36.4,2,1,2
Eperisone,3236,CCC1=CC=C(C=C1)C(=O)C(C)CN2CCCCC2,259.4,3.8,20.3,0,2,5
Metahexamide,11259,CC1=C(C=C(C=C1)S(=O)(=O)NC(=O)NC2CCCCC2)N,311.40,2.2,110.0,3,4,3
Sotorasib,137278711,CC1CN(CCN1C2=NC(=O)N(C3=NC(=C(C=C32)F)C4=C(C=CC=C4F)O)C5=C(C=CN=C5C(C)C)C)C(=O)C=C,560.6,4,102.0,1,7,5
Carbidopa,34359,CC(CC1=CC(=C(C=C1)O)O)(C(=O)O)NN,226.23,-2.2,116.0,5,6,4
Arecoline,2230,CN1CCC=C(C1)C(=O)OC,155.19,0.3,29.5,0,3,2
Axitinib,6450551,CNC(=O)C1=CC=CC=C1SC2=CC3=C(C=C2)C(=NN3)C=CC4=CC=CC=N4,386.5,4.2,96.0,2,4,5
Fludeoxyglucose,170049,C(C(C(C(C(C=O)F)O)O)O)O,182.15,-2.4,98.0,4,6,5
Tolazamide,5503,CC1=CC=C(C=C1)S(=O)(=O)NC(=O)NN2CCCCCC2,311.40,1.5,86.9,2,4,3
Haloperidol,3559,C1CN(CCC1(C2=CC=C(C=C2)Cl)O)CCCC(=O)C3=CC=C(C=C3)F,375.9,3.2,40.5,1,4,6
(+)-Mefloquine,456309,C1CCNC(C1)C(C2=CC(=NC3=C2C=CC=C3C(F)(F)F)C(F)(F)F)O,378.31,3.6,45.2,2,9,2
Fluticasone propionate,444036,CCC(=O)OC1(C(CC2C1(CC(C3(C2CC(C4=CC(=O)C=CC43C)F)F)O)C)C)C(=O)SCF,500.6,4,106.0,1,9,6
Rufloxacin,58258,CN1CCN(CC1)C2=C(C=C3C4=C2SCCN4C=C(C3=O)C(=O)O)F,363.4,-0.3,89.4,1,8,2
Calcitriol,5280453,CC(CCCC(C)(C)O)C1CCC2C1(CCCC2=CC=C3CC(CC(C3=C)O)O)C,416.6,5.1,60.7,3,3,6
Bisegliptin,11688894,CCOC(=O)C12CCC(CC1)(CC2)NCC(=O)N3CC(CC3C#N)F,351.4,1.3,82.4,1,6,6
Lumateperone,21302490,CN1CCN2C3CCN(CC3C4=C2C1=CC=C4)CCCC(=O)C5=CC=C(C=C5)F,393.5,3.8,26.8,0,5,5
Wortmannin,312145,CC(=O)OC1CC2(C(CCC2=O)C3=C1C4(C(OC(=O)C5=COC(=C54)C3=O)COC)C)C,428.4,1.2,109.0,0,8,4
Benactyzine,9330,CCN(CC)CCOC(=O)C(C1=CC=CC=C1)(C2=CC=CC=C2)O,327.4,2.6,49.8,1,4,9
Penthienate,6067,CC[N+](C)(CC)CCOC(=O)C(C1CCCC1)(C2=CC=CS2)O,340.5,3.3,74.8,1,4,9
Aprindine,2218,CCN(CC)CCCN(C1CC2=CC=CC=C2C1)C3=CC=CC=C3,322.5,5.2,6.5,0,2,8
Lafutidine,5282136,C1CCN(CC1)CC2=CC(=NC=C2)OCC=CCNC(=O)CS(=O)CC3=CC=CO3,431.6,1.4,104.0,1,7,11
Lobucavir,135413519,C1C(C(C1N2C=NC3=C2N=C(NC3=O)N)CO)CO,265.27,-1.9,126.0,4,5,3
Glimepiride,3476,CCC1=C(CN(C1=O)C(=O)NCCC2=CC=C(C=C2)S(=O)(=O)NC(=O)NC3CCC(CC3)C)C,490.6,3.9,133.0,3,5,7
Fosinoprilat,62956,C1CCC(CC1)C2CC(N(C2)C(=O)CP(=O)(CCCCC3=CC=CC=C3)O)C(=O)O,435.5,3.8,94.9,2,5,9
Ritobegron,9820882,CC1=CC(=C(C=C1OCC(=O)O)C)CCNC(C)C(C2=CC=C(C=C2)O)O,373.4,0.7,99.0,4,6,9
m-Chlorophenylpiperazine,1355,C1CN(CCN1)C2=CC(=CC=C2)Cl,196.67,1.7,15.3,1,2,1
Eldecalcitol,6918141,CC(CCCC(C)(C)O)C1CCC2C1(CCCC2=CC=C3CC(C(C(C3=C)O)OCCCO)O)C,490.7,4.3,90.2,4,5,10
Clenbuterol,2783,CC(C)(C)NCC(C1=CC(=C(C(=C1)Cl)N)Cl)O,277.19,2.2,58.3,3,3,4
Cethromycin,156417,CCC1C2(C(C(C(=O)C(CC(C(C(C(=O)C(C(=O)O1)C)C)OC3C(C(CC(O3)C)N(C)C)O)(C)OCC=CC4=CC5=CC=CC=C5N=C4)C)C)NC(=O)O2)C,765.9,5.4,163.0,2,12,8
Lumefantrine,6437380,CCCCN(CCCC)CC(C1=CC(=CC2=C1C3=C(C2=CC4=CC=C(C=C4)Cl)C=C(C=C3)Cl)Cl)O,528.9,8.7,23.5,1,2,10
Oxacillin,6196,CC1=C(C(=NO1)C2=CC=CC=C2)C(=O)NC3C4N(C3=O)C(C(S4)(C)C)C(=O)O,401.4,2.4,138.0,2,7,4
Pibrentasvir,58031952,CC(C(C(=O)N1CCCC1C2=NC3=C(N2)C=C(C(=C3)F)C4CCC(N4C5=CC(=C(C(=C5)F)N6CCC(CC6)C7=CC=C(C=C7)F)F)C8=CC9=C(C=C8F)N=C(N9)C1CCCN1C(=O)C(C(C)OC)NC(=O)OC)NC(=O)OC)OC,1113.2,7.4,200.0,4,17,17
Topotecan,60700,CCC1(C2=C(COC1=O)C(=O)N3CC4=CC5=C(C=CC(=C5CN(C)C)O)N=C4C3=C2)O,421.4,0.5,103.0,2,7,3
Chloroquine,2719,CCN(CC)CCCC(C)NC1=C2C=CC(=CC2=NC=C1)Cl,319.9,4.6,28.2,1,3,8
Trospium,5284632,C1CC[N+]2(C1)C3CCC2CC(C3)OC(=O)C(C4=CC=CC=C4)(C5=CC=CC=C5)O,392.5,4.4,46.5,1,3,5
Pentamidine,4735,C1=CC(=CC=C1C(=N)N)OCCCCCOC2=CC=C(C=C2)C(=N)N,340.4,2.6,118.0,4,4,10
Tofacitinib,9926791,CC1CCN(CC1N(C)C2=NC=NC3=C2C=CN3)C(=O)CC#N,312.37,1.5,88.9,1,5,3
Niaprazine,71919,CC(CCN1CCN(CC1)C2=CC=C(C=C2)F)NC(=O)C3=CN=CC=C3,356.4,2.6,48.5,1,5,6
Bryostatin 1,5280757,CCCC=CC=CC(=O)OC1C(=CC(=O)OC)CC2CC(OC(=O)CC(CC3CC(C(C(O3)(CC4CC(=CC(=O)OC)CC(O4)C=CC(C1(O2)O)(C)C)O)(C)C)OC(=O)C)O)C(C)O,905.0,4,240.0,4,17,13
Topiroxostat,5288320,C1=CN=CC=C1C2=NC(=NN2)C3=CC(=NC=C3)C#N,248.24,1.2,91.1,1,5,2
Thiopyrophosphate,5289158,OP(=O)(O)OP(=S)(O)[O-],193.04,-1.5,142.0,3,7,2
Dexloxiglumide,65937,CCCCCN(CCCOC)C(=O)C(CCC(=O)O)NC(=O)C1=CC(=C(C=C1)Cl)Cl,461.4,3.9,95.9,2,5,14
Estradiol benzoate,222757,CC12CCC3C(C1CCC2O)CCC4=C3C=CC(=C4)OC(=O)C5=CC=CC=C5,376.5,4.5,46.5,1,3,3
Eletriptan,77993,CN1CCCC1CC2=CNC3=C2C=C(C=C3)CCS(=O)(=O)C4=CC=CC=C4,382.5,4.1,61.6,1,3,6
Prenalterol,42396,CC(C)NCC(COC1=CC=C(C=C1)O)O,225.28,1.4,61.7,3,4,6
Agomelatine,82148,CC(=O)NCCC1=CC=CC2=C1C=C(C=C2)OC,243.30,2.7,38.3,1,2,4
Nalorphine,5284595,C=CCN1CCC23C4C1CC5=C2C(=C(C=C5)O)OC3C(C=C4)O,311.4,1.9,52.9,2,4,2
Indirubin,10177,C1=CC=C2C(=C1)C(=C(N2)O)C3=NC4=CC=CC=C4C3=O,262.26,2.7,65.5,2,3,1
Fenproporex,61810,CC(CC1=CC=CC=C1)NCCC#N,188.27,1.9,35.8,1,2,5
Cefcapene,6436055,CCC=C(C1=CSC(=N1)N)C(=O)NC2C3N(C2=O)C(=C(CS3)COC(=O)N)C(=O)O,453.5,-0.5,231.0,4,10,8
Methylenedioxyethamphetamine,105039,CCNC(C)CC1=CC2=C(C=C1)OCO2,207.27,2.5,30.5,1,3,4
BQ-123,443289,CC(C)CC1C(=O)NC(C(=O)NC(C(=O)N2CCCC2C(=O)NC(C(=O)N1)C(C)C)CC(=O)O)CC3=CNC4=CC=CC=C43,610.7,2.2,190.0,6,7,7
Prasterone sulfate,12594,CC12CCC3C(C1CCC2=O)CC=C4C3(CCC(C4)OS(=O)(=O)O)C,368.5,2.8,89.1,1,5,2
Cloxacillin,6098,CC1=C(C(=NO1)C2=CC=CC=C2Cl)C(=O)NC3C4N(C3=O)C(C(S4)(C)C)C(=O)O,435.9,2.4,138.0,2,7,4
Dopamine,681,C1=CC(=C(C=C1CCN)O)O,153.18,-1,66.5,3,3,2
Dactinomycin,457193,CC1C(C(=O)NC(C(=O)N2CCCC2C(=O)N(CC(=O)N(C(C(=O)O1)C(C)C)C)C)C(C)C)NC(=O)C3=C4C(=C(C=C3)C)OC5=C(C(=O)C(=C(C5=N4)C(=O)NC6C(OC(=O)C(N(C(=O)CN(C(=O)C7CCCN7C(=O)C(NC6=O)C(C)C)C)C)C(C)C)C)N)C,1255.4,3.8,356.0,5,18,8
Valbenazine,24795069,CC(C)CC1CN2CCC3=CC(=C(C=C3C2CC1OC(=O)C(C(C)C)N)OC)OC,418.6,4.3,74.0,1,6,8
Peficitinib,57928403,C1C2CC3CC(C2)(CC1C3NC4=C5C=CNC5=NC=C4C(=O)N)O,326.4,1.9,104.0,4,4,3
Idebenone,3686,CC1=C(C(=O)C(=C(C1=O)OC)OC)CCCCCCCCCCO,338.4,4.3,72.8,1,5,12
3-isobutyl-1-methyl-7H-xanthine,3758,CC(C)CN1C2=C(C(=O)N(C1=O)C)NC=N2,222.24,1.5,69.3,1,3,2
Chlorothiazide,2720,C1=C2C(=CC(=C1Cl)S(=O)(=O)N)S(=O)(=O)N=CN2,295.7,-0.2,135.0,2,6,1
Ledipasvir,67505836,CC(C)C(C(=O)N1CC2(CC2)CC1C3=NC=C(N3)C4=CC5=C(C=C4)C6=C(C5(F)F)C=C(C=C6)C7=CC8=C(C=C7)N=C(N8)C9C1CCC(C1)N9C(=O)C(C(C)C)NC(=O)OC)NC(=O)OC,889.0,7.4,175.0,4,10,12
Metampicillin,6713928,CC1(C(N2C(S1)C(C2=O)NC(=O)C(C3=CC=CC=C3)N=C)C(=O)O)C,361.4,3,124.0,2,6,5
Urethane,5641,CCOC(=O)N,89.09,-0.2,52.3,1,2,2
Phencyclidine,6468,C1CCC(CC1)(C2=CC=CC=C2)N3CCCCC3,243.4,3.6,3.2,0,1,2
Ocinaplon,216456,C1=CC=NC(=C1)C(=O)C2=C3N=CC=C(N3N=C2)C4=CC=NC=C4,301.30,1.5,73.0,0,5,3
Mometasone furoate,441336,CC1CC2C3CCC4=CC(=O)C=CC4(C3(C(CC2(C1(C(=O)CCl)OC(=O)C5=CC=CO5)C)O)Cl)C,521.4,3.9,93.8,1,6,5
Hydrocortamate,84088,CCN(CC)CC(=O)OCC(=O)C1(CCC2C1(CC(C3C2CCC4=CC(=O)CCC34C)O)C)O,475.6,3.1,104.0,2,7,8
Rolofylline,11948288,CCCN1C2=C(C(=O)N(C1=O)CCC)NC(=N2)C34CC5CC(C3)CC4C5,356.5,4.9,69.3,1,3,5
Nefiracetam,71157,CC1=C(C(=CC=C1)C)NC(=O)CN2CCCC2=O,246.30,1.4,49.4,1,2,3
Remdesivir,121304016,CCC(CC)COC(=O)C(C)NP(=O)(OCC1C(C(C(O1)(C#N)C2=CC=C3N2N=CN=C3N)O)O)OC4=CC=CC=C4,602.6,1.9,204.0,4,13,14
Benserazide,2327,C1=CC(=C(C(=C1CNNC(=O)C(CO)N)O)O)O,257.24,-1.3,148.0,7,7,5
Iloprost,5311181,CC#CCC(C)C(C=CC1C(CC2C1CC(=CCCCC(=O)O)C2)O)O,360.5,2.8,77.8,3,4,8
Calcium glucoheptonate,62859,C(C(C(C(C(C(C(=O)[O-])O)O)O)O)O)O.C(C(C(C(C(C(C(=O)[O-])O)O)O)O)O)O.[Ca+2],490.42,,323.0,12,16,10
Amperozide,73333,CCNC(=O)N1CCN(CC1)CCCC(C2=CC=C(C=C2)F)C3=CC=C(C=C3)F,401.5,4.1,35.6,1,4,7
Hydroxytyrosol,82755,C1=CC(=C(C=C1CCO)O)O,154.16,-0.7,60.7,3,3,2
Magnesium silicate,72941442,[O-2].[O-2].[O-2].[Mg+2].[Si+4],100.39,,3.0,0,3,0
Diatrizoate,2140,CC(=O)NC1=C(C(=C(C(=C1I)C(=O)O)I)NC(=O)C)I,613.91,1.8,95.5,3,4,3
Infigratinib,53235510,CCN1CCN(CC1)C2=CC=C(C=C2)NC3=CC(=NC=N3)N(C)C(=O)NC4=C(C(=CC(=C4Cl)OC)OC)Cl,560.5,4.7,95.1,2,8,8
Trametinib,11707110,CC1=C2C(=C(N(C1=O)C)NC3=C(C=C(C=C3)I)F)C(=O)N(C(=O)N2C4=CC=CC(=C4)NC(=O)C)C5CC5,615.4,3.4,102.0,2,6,5
Lacosamide,219078,CC(=O)NC(COC)C(=O)NCC1=CC=CC=C1,250.29,0.3,67.4,2,3,6
Phenethyl Isothiocyanate,16741,C1=CC=C(C=C1)CCN=C=S,163.24,3.5,44.5,0,2,3
Heptabarbital,10518,CCC1(C(=O)NC(=O)NC1=O)C2=CCCCCC2,250.29,2,75.3,2,3,2
"1,10-Phenanthroline",1318,C1=CC2=C(C3=C(C=CC=N3)C=C2)N=C1,180.20,1.8,25.8,0,2,0
Sitagliptin,4369359,C1CN2C(=NN=C2C(F)(F)F)CN1C(=O)CC(CC3=CC(=C(C=C3F)F)F)N,407.31,0.7,77.0,1,10,4
Ifetroban,3037233,CCCCCNC(=O)C1=COC(=N1)C2C3CCC(C2CC4=CC=CC=C4CCC(=O)O)O3,440.5,4,102.0,2,6,11
Fluticasone furoate,9854489,CC1CC2C3CC(C4=CC(=O)C=CC4(C3(C(CC2(C1(C(=O)SCF)OC(=O)C5=CC=CO5)C)O)F)C)F,538.6,4.8,119.0,1,10,6
Dinoprostone,5280360,CCCCCC(C=CC1C(CC(=O)C1CC=CCCCC(=O)O)O)O,352.5,2.8,94.8,3,5,12
Sodium aurothiomalate,22318,C(C(C(=O)[O-])[S-])C(=O)[O-].[Na+].[Na+].[Au+],390.08,,81.3,0,5,1
Lidoflazine,3926,CC1=C(C(=CC=C1)C)NC(=O)CN2CCN(CC2)CCCC(C3=CC=C(C=C3)F)C4=CC=C(C=C4)F,491.6,6,35.6,1,5,9
Aspoxicillin,71961,CC1(C(N2C(S1)C(C2=O)NC(=O)C(C3=CC=C(C=C3)O)NC(=O)C(CC(=O)NC)N)C(=O)O)C,493.5,-3.4,216.0,6,9,8
Eluxadoline,11250029,CC1=CC(=CC(=C1CC(C(=O)N(CC2=CC(=C(C=C2)OC)C(=O)O)C(C)C3=NC=C(N3)C4=CC=CC=C4)N)C)C(=O)N,569.6,0.9,165.0,4,7,11
Chloral hydrate,2707,C(C(Cl)(Cl)Cl)(O)O,165.40,1,40.5,2,2,0
Dihydrostreptomycin,439369,CC1C(C(C(O1)OC2C(C(C(C(C2O)O)N=C(N)N)O)N=C(N)N)OC3C(C(C(C(O3)CO)O)O)NC)(CO)O,583.6,-8.2,340.0,13,15,9
Edrophonium,3202,CC[N+](C)(C)C1=CC(=CC=C1)O,166.24,1.8,20.2,1,1,2
Aloglutamol,72941505,C(C(C(C(C(C(=O)[O-])O)O)O)O)O.C(C(CO)(CO)N)O.[OH-].[OH-].[Al+3],377.28,,230.0,11,13,7
Deferiprone,2972,CC1=C(C(=O)C=CN1C)O,139.15,0.5,40.5,1,3,0
Tofogliflozin,46908929,CCC1=CC=C(C=C1)CC2=CC3=C(COC34C(C(C(C(O4)CO)O)O)O)C=C2,386.4,1.5,99.4,4,6,4
Perchlorate,123351,[O-]Cl(=O)(=O)=O,99.45,2.2,74.3,0,4,0
Histrelin,25077993,CCNC(=O)C1CCCN1C(=O)C(CCCN=C(N)N)NC(=O)C(CC(C)C)NC(=O)C(CC2=CN(C=N2)CC3=CC=CC=C3)NC(=O)C(CC4=CC=C(C=C4)O)NC(=O)C(CO)NC(=O)C(CC5=CNC6=CC=CC=C65)NC(=O)C(CC7=CN=CN7)NC(=O)C8CCC(=O)N8,1323.5,0.7,449.0,15,15,34
Mesoridazine,4078,CN1CCCCC1CCN2C3=CC=CC=C3SC4=C2C=C(C=C4)S(=O)C,386.6,4.5,68.1,0,5,4
Ammonia N-13,119432,N,16.030,-0.7,1.0,1,1,0
Clindamycin,446598,CCCC1CC(N(C1)C)C(=O)NC(C2C(C(C(C(O2)SC)O)O)O)C(C)Cl,425.0,2.2,128.0,4,7,7
Letaxaban,11641515,C1CNC(=O)N(C1)C2CCN(CC2)C(=O)C(CS(=O)(=O)C3=CC4=C(C=C3)C=C(C=C4)Cl)O,480.0,1.9,115.0,2,5,5
Streptomycin,19649,CC1C(C(C(O1)OC2C(C(C(C(C2O)O)N=C(N)N)O)N=C(N)N)OC3C(C(C(C(O3)CO)O)O)NC)(C=O)O,581.6,-8,336.0,12,15,9
Fluticasone,5311101,CC1CC2C3CC(C4=CC(=O)C=CC4(C3(C(CC2(C1(C(=O)SCF)O)C)O)F)C)F,444.5,3.2,99.9,2,8,3
Moxisylyte,4260,CC1=CC(=C(C=C1OC(=O)C)C(C)C)OCCN(C)C,279.37,3.2,38.8,0,4,7
Tetracycline,54675776,CC1(C2CC3C(C(=O)C(=C(C3(C(=O)C2=C(C4=C1C=CC=C4O)O)O)O)C(=O)N)N(C)C)O,444.4,-2,182.0,6,9,2
Sotalol,5253,CC(C)NCC(C1=CC=C(C=C1)NS(=O)(=O)C)O,272.37,0.2,86.8,3,5,6
Dexetimide,30843,C1CN(CCC1C2(CCC(=O)NC2=O)C3=CC=CC=C3)CC4=CC=CC=C4,362.5,3.1,49.4,1,3,4
Terbutaline,5403,CC(C)(C)NCC(C1=CC(=CC(=C1)O)O)O,225.28,0.9,72.7,4,4,4
Gestodene,3033968,CCC12CCC3C(C1C=CC2(C#C)O)CCC4=CC(=O)CCC34,310.4,2.9,37.3,1,2,2
Navitoclax,24978538,CC1(CCC(=C(C1)CN2CCN(CC2)C3=CC=C(C=C3)C(=O)NS(=O)(=O)C4=CC(=C(C=C4)NC(CCN5CCOCC5)CSC6=CC=CC=C6)S(=O)(=O)C(F)(F)F)C7=CC=C(C=C7)Cl)C,974.6,9.6,170.0,2,14,16
Raloxifene,5035,C1CCN(CC1)CCOC2=CC=C(C=C2)C(=O)C3=C(SC4=C3C=CC(=C4)O)C5=CC=C(C=C5)O,473.6,6.1,98.2,2,6,7
Chlorprothixene,667467,CN(C)CCC=C1C2=CC=CC=C2SC3=C1C=C(C=C3)Cl,315.9,5.2,28.5,0,2,3
Glycol salicylate,6880,C1=CC=C(C(=C1)C(=O)OCCO)O,182.17,1.9,66.8,2,4,4
Testosterone decanoate,155143,CCCCCCCCCC(=O)OC1CCC2C1(CCC3C2CCC4=CC(=O)CCC34C)C,442.7,8,43.4,0,3,10
Fiacitabine,50312,C1=C(C(=NC(=O)N1C2C(C(C(O2)CO)O)F)N)I,371.10,-0.7,108.0,3,5,2
Elbasvir,71661251,CC(C)C(C(=O)N1CCCC1C2=NC=C(N2)C3=CC4=C(C=C3)N5C(OC6=C(C5=C4)C=CC(=C6)C7=CN=C(N7)C8CCCN8C(=O)C(C(C)C)NC(=O)OC)C9=CC=CC=C9)NC(=O)OC,882.0,6.7,189.0,4,9,13
Tigecycline,54686904,CC(C)(C)NCC(=O)NC1=CC(=C2CC3CC4C(C(=O)C(=C(C4(C(=O)C3=C(C2=C1O)O)O)O)C(=O)N)N(C)C)N(C)C,585.6,1.1,206.0,7,11,7
Fenofibric acid,64929,CC(C)(C(=O)O)OC1=CC=C(C=C1)C(=O)C2=CC=C(C=C2)Cl,318.7,3.9,63.6,1,4,5
Viomycin,135398671,C1C(N=C(NC1O)N)C2C(=O)NCC(C(=O)NC(C(=O)NC(C(=O)NC(=CNC(=O)N)C(=O)N2)CO)CO)NC(=O)CC(CCCN)N,685.7,-7,393.0,15,13,10
Meptazinol,41049,CCC1(CCCCN(C1)C)C2=CC(=CC=C2)O,233.35,3.4,23.5,1,2,2
Etybenzatropine,20055089,CCN1C2CCC1CC(C2)OC(C3=CC=CC=C3)C4=CC=CC=C4,321.5,4.8,12.5,0,2,5
"2,4-thiazolidinedione",5437,C1C(=O)NC(=O)S1,117.13,0.1,71.5,1,3,0
Miglitol,441314,C1C(C(C(C(N1CCO)CO)O)O)O,207.22,-2.6,104.0,5,6,3
Sarpogrelate,5160,CN(C)CC(COC1=CC=CC=C1CCC2=CC(=CC=C2)OC)OC(=O)CCC(=O)O,429.5,1.2,85.3,1,7,14
Bietaserpine,20054848,CCN(CC)CCN1C2=C(C=CC(=C2)OC)C3=C1C4CC5C(CC(C(C5C(=O)OC)OC)OC(=O)C6=CC(=C(C(=C6)OC)OC)OC)CN4CC3,707.9,4.7,110.0,0,11,15
Calcium levulinate,68651,CC(=O)CCC(=O)[O-].CC(=O)CCC(=O)[O-].O.O.[Ca+2],306.32,,116.0,2,8,4
Bisoprolol,2405,CC(C)NCC(COC1=CC=C(C=C1)COCCOC(C)C)O,325.4,1.9,60.0,2,5,12
Glisoxepide,32778,CC1=CC(=NO1)C(=O)NCCC2=CC=C(C=C2)S(=O)(=O)NC(=O)NN3CCCCCC3,449.5,2.9,142.0,3,7,7
Solriamfetol,10130337,C1=CC=C(C=C1)CC(COC(=O)N)N,194.23,0.6,78.3,2,3,5
Tallimustine,65924,CN1C=C(C=C1C(=O)NC2=CN(C(=C2)C(=O)NC3=CN(C(=C3)C(=O)NCCC(=N)N)C)C)NC(=O)C4=CC=C(C=C4)N(CCCl)CCCl,697.6,1.2,184.0,6,6,15
Diethylnorspermine,4282,CCNCCCNCCCNCCCNCC,244.42,0.3,48.1,4,4,14
Deslanoside,28620,CC1C(C(CC(O1)OC2CCC3(C(C2)CCC4C3CC(C5(C4(CCC5C6=CC(=O)OC6)O)C)O)C)O)OC7CC(C(C(O7)C)OC8CC(C(C(O8)C)OC9C(C(C(C(O9)CO)O)O)O)O)O,943.1,-0.3,282.0,9,19,10
Sulbenicillin,20055036,CC1(C(N2C(S1)C(C2=O)NC(=O)C(C3=CC=CC=C3)S(=O)(=O)O)C(=O)O)C,414.5,1.1,175.0,3,8,5
Mizolastine,65906,CN(C1CCN(CC1)C2=NC3=CC=CC=C3N2CC4=CC=C(C=C4)F)C5=NC=CC(=O)N5,432.5,3.2,65.8,1,5,5
Mebutamate,6151,CCC(C)C(C)(COC(=O)N)COC(=O)N,232.28,1.4,105.0,2,4,8
Alverine,3678,CCN(CCCC1=CC=CC=C1)CCCC2=CC=CC=C2,281.4,5.3,3.2,0,1,9
Pitavastatin,5282452,C1CC1C2=NC3=CC=CC=C3C(=C2C=CC(CC(CC(=O)O)O)O)C4=CC=C(C=C4)F,421.5,3.5,90.7,3,6,8
Degarelix,16136245,CC(C)CC(C(=O)NC(CCCCNC(C)C)C(=O)N1CCCC1C(=O)NC(C)C(=O)N)NC(=O)C(CC2=CC=C(C=C2)NC(=O)N)NC(=O)C(CC3=CC=C(C=C3)NC(=O)C4CC(=O)NC(=O)N4)NC(=O)C(CO)NC(=O)C(CC5=CN=CC=C5)NC(=O)C(CC6=CC=C(C=C6)Cl)NC(=O)C(CC7=CC8=CC=CC=C8C=C7)NC(=O)C,1632.3,3.5,513.0,17,18,41
Mobocertinib,118607832,CC(C)OC(=O)C1=CN=C(N=C1C2=CN(C3=CC=CC=C32)C)NC4=C(C=C(C(=C4)NC(=O)C=C)N(C)CCN(C)C)OC,585.7,4.4,114.0,2,9,13
Benznidazole,31593,C1=CC=C(C=C1)CNC(=O)CN2C=CN=C2[N+](=O)[O-],260.25,0.9,92.7,1,4,4
Amitraz,36324,CC1=CC(=C(C=C1)N=CN(C)C=NC2=C(C=C(C=C2)C)C)C,293.4,5.5,28.0,0,2,4
Mirodenafil,135497803,CCCC1=CN(C2=C1N=C(NC2=O)C3=C(C=CC(=C3)S(=O)(=O)N4CCN(CC4)CCO)OCCC)CC,531.7,2.2,125.0,2,8,11
Antipyrine,2206,CC1=CC(=O)N(N1C)C2=CC=CC=C2,188.23,0.4,23.6,0,2,1
Cinoxacin,2762,CCN1C2=CC3=C(C=C2C(=O)C(=N1)C(=O)O)OCO3,262.22,2.1,88.4,1,7,2
Mestranol,6291,CC12CCC3C(C1CCC2(C#C)O)CCC4=C3C=CC(=C4)OC,310.4,4,29.5,1,2,2
Demeclocycline,54680690,CN(C)C1C2CC3C(C4=C(C=CC(=C4C(=C3C(=O)C2(C(=C(C1=O)C(=O)N)O)O)O)O)Cl)O,464.9,0.7,182.0,6,9,2
Benperidol,16363,C1CN(CCC1N2C3=CC=CC=C3NC2=O)CCCC(=O)C4=CC=C(C=C4)F,381.4,3.7,52.7,1,4,6
Indoramin,33625,C1CN(CCC1NC(=O)C2=CC=CC=C2)CCC3=CNC4=CC=CC=C43,347.5,4.1,48.1,2,2,5
Iobenguane,60860,C1=CC(=CC(=C1)I)CN=C(N)N,275.09,1,64.4,2,1,2
Curcumin sulfate,66645351,COC1=C(C=CC(=C1)C=CC(=O)CC(=O)C=CC2=CC(=C(C=C2)OS(=O)(=O)O)OC)O,448.4,2.6,145.0,2,9,10
Piribedil,4850,C1CN(CCN1CC2=CC3=C(C=C2)OCO3)C4=NC=CC=N4,298.34,1.8,50.7,0,6,3
Etravirine,193962,CC1=CC(=CC(=C1OC2=NC(=NC(=C2Br)N)NC3=CC=C(C=C3)C#N)C)C#N,435.3,4.5,121.0,2,7,4
Lasmiditan,11610526,CN1CCC(CC1)C(=O)C2=NC(=CC=C2)NC(=O)C3=C(C=C(C=C3F)F)F,377.4,2.8,62.3,1,7,4
Ethoxzolamide,3295,CCOC1=CC2=C(C=C1)N=C(S2)S(=O)(=O)N,258.3,2,119.0,1,6,3
Propenidazole,6446788,CCOC(=O)C(=CC1=NC=C(N1C)[N+](=O)[O-])C(=O)C,267.24,0.4,107.0,0,6,5
Prasterone,5881,CC12CCC3C(C1CCC2=O)CC=C4C3(CCC(C4)O)C,288.4,3.2,37.3,1,2,0
Pridinol,4904,C1CCN(CC1)CCC(C2=CC=CC=C2)(C3=CC=CC=C3)O,295.4,3.8,23.5,1,2,5
Isopropamide,3775,CC(C)[N+](C)(CCC(C1=CC=CC=C1)(C2=CC=CC=C2)C(=O)N)C(C)C,353.5,4.3,43.1,1,1,8
Pemetrexed,135410875,C1=CC(=CC=C1CCC2=CNC3=C2C(=O)NC(=N3)N)C(=O)NC(CCC(=O)O)C(=O)O,427.4,0.2,187.0,6,7,9
Sertindole,60149,C1CN(CCC1C2=CN(C3=C2C=C(C=C3)Cl)C4=CC=C(C=C4)F)CCN5CCNC5=O,440.9,4.1,40.5,1,3,5
Betaine,247,C[N+](C)(C)CC(=O)[O-],117.15,0.5,40.1,0,2,1
Dronedarone,208898,CCCCC1=C(C2=C(O1)C=CC(=C2)NS(=O)(=O)C)C(=O)C3=CC=C(C=C3)OCCCN(CCCC)CCCC,556.8,7.2,97.2,1,7,18
Diacerein,26248,CC(=O)OC1=CC=CC2=C1C(=O)C3=C(C2=O)C=C(C=C3OC(=O)C)C(=O)O,368.3,1.9,124.0,1,8,5
Cholesterol,5997,CC(C)CCCC(C)C1CCC2C1(CCC3C2CC=C4C3(CCC(C4)O)C)C,386.7,8.7,20.2,1,1,5
Platelet Activating Factor,108156,CCCCCCCCCCCCCCCCOCC(COP(=O)([O-])OCC[N+](C)(C)C)OC(=O)C,523.7,6.5,94.1,0,7,26
Potassium cation,813,[K+],39.0983,,0.0,0,0,0
Asenapine,163091,CN1CC2C(C1)C3=C(C=CC(=C3)Cl)OC4=CC=CC=C24,285.8,3.8,12.5,0,2,0
Prajmaline,76959818,CCC[N+]12C3CC(C(C1O)CC)C4C2CC5(C3N(C6=CC=CC=C65)C)C4O,369.5,2.7,43.7,2,3,3
Quercetin,5280343,C1=CC(=C(C=C1C2=C(C(=O)C3=C(C=C(C=C3O2)O)O)O)O)O,302.23,1.5,127.0,5,7,1
Lusutrombopag,49843517,CCCCCCOC(C)C1=CC=CC(=C1OC)C2=CSC(=N2)NC(=O)C3=CC(=C(C(=C3)Cl)C=C(C)C(=O)O)Cl,591.5,7.7,126.0,2,7,13
Fluprednidene,11794741,CC12CC(C3(C(C1CC(=C)C2(C(=O)CO)O)CCC4=CC(=O)C=CC43C)F)O,390.4,1.5,94.8,3,6,2
Propyphenazone,3778,CC1=C(C(=O)N(N1C)C2=CC=CC=C2)C(C)C,230.31,1.7,23.6,0,2,2
Bezitramide,61791,CCC(=O)N1C2=CC=CC=C2N(C1=O)C3CCN(CC3)CCC(C#N)(C4=CC=CC=C4)C5=CC=CC=C5,492.6,5,67.7,0,4,7
Tedisamil,65825,C1CCC2(C1)C3CN(CC2CN(C3)CC4CC4)CC5CC5,288.5,3.9,6.5,0,2,4
gamma-Hydroxybutyric acid,10413,C(CC(=O)O)CO,104.10,-0.6,57.5,2,3,3
Tetrandrine,73078,CN1CCC2=CC(=C3C=C2C1CC4=CC=C(C=C4)OC5=C(C=CC(=C5)CC6C7=C(O3)C(=C(C=C7CCN6C)OC)OC)OC)OC,622.7,6.4,61.9,0,8,4
"N-(2-hydroxybenzyl)-2,5-dimethoxy-4-cyanophenylethylamine",90489020,COC1=CC(=C(C=C1CCNCC2=CC=CC=C2O)OC)C#N,312.4,3.1,74.5,2,5,7
Vardenafil,135400189,CCCC1=NC(=C2N1N=C(NC2=O)C3=C(C=CC(=C3)S(=O)(=O)N4CCN(CC4)CC)OCC)C,488.6,2.5,118.0,1,8,8
Plumbagin,10205,CC1=CC(=O)C2=C(C1=O)C=CC=C2O,188.18,2.3,54.4,1,3,0
Itraconazole,55283,CCC(C)N1C(=O)N(C=N1)C2=CC=C(C=C2)N3CCN(CC3)C4=CC=C(C=C4)OCC5COC(O5)(CN6C=NC=N6)C7=C(C=C(C=C7)Cl)Cl,705.6,5.7,101.0,0,9,11
Cefmetazole,42008,CN1C(=NN=N1)SCC2=C(N3C(C(C3=O)(NC(=O)CSCC#N)OC)SC2)C(=O)O,471.5,-0.6,239.0,2,12,9
AICA ribonucleotide,65110,C1=NC(=C(N1C2C(C(C(O2)COP(=O)(O)O)O)O)N)C(=O)N,338.21,-3.8,203.0,6,10,5
Silver sulfadiazine,441244,C1=CN=C(N=C1)[N-]S(=O)(=O)C2=CC=C(C=C2)N.[Ag+],357.14,,95.3,1,6,3
Iothalamic acid,3737,CC(=O)NC1=C(C(=C(C(=C1I)C(=O)O)I)C(=O)NC)I,613.91,1.9,95.5,3,4,3
CUDC-101,24756910,COC1=C(C=C2C(=C1)N=CN=C2NC3=CC=CC(=C3)C#C)OCCCCCCC(=O)NO,434.5,4,106.0,3,7,12
Methdilazine,14677,CN1CCC(C1)CN2C3=CC=CC=C3SC4=CC=CC=C42,296.4,5.2,31.8,0,3,2
Linaclotide,16158208,CC1C(=O)NC2CSSCC3C(=O)NC(C(=O)NC(C(=O)NC(CSSCC(NC(=O)CNC(=O)C(NC2=O)C(C)O)C(=O)NC(CC4=CC=C(C=C4)O)C(=O)O)C(=O)NC(CSSCC(C(=O)N3)N)C(=O)NC(C(=O)N5CCCC5C(=O)N1)CC(=O)N)CC6=CC=C(C=C6)O)CCC(=O)O,1526.8,-6.8,726.0,19,28,13
Diphenidol,3055,C1CCN(CC1)CCCC(C2=CC=CC=C2)(C3=CC=CC=C3)O,309.4,4.2,23.5,1,2,6
Micafungin,477468,CCCCCOC1=CC=C(C=C1)C2=CC(=NO2)C3=CC=C(C=C3)C(=O)NC4CC(C(NC(=O)C5C(C(CN5C(=O)C(NC(=O)C(NC(=O)C6CC(CN6C(=O)C(NC4=O)C(C)O)O)C(C(C7=CC(=C(C=C7)O)OS(=O)(=O)O)O)O)C(CC(=O)N)O)C)O)O)O,1270.3,-1.6,519.0,16,24,18
Alfacalcidol,5282181,CC(C)CCCC(C)C1CCC2C1(CCCC2=CC=C3CC(CC(C3=C)O)O)C,400.6,6.8,40.5,2,2,6
Seproxetine,3058751,C1=CC=C(C=C1)C(CCN)OC2=CC=C(C=C2)C(F)(F)F,295.30,3.5,35.3,1,5,5
Ranitidine,3001055,CNC(=C[N+](=O)[O-])NCCSCC1=CC=C(O1)CN(C)C,314.41,0.3,112.0,2,7,9
Diazoxide,3019,CC1=NS(=O)(=O)C2=C(N1)C=CC(=C2)Cl,230.67,1.2,66.9,1,3,0
Biochanin A,5280373,COC1=CC=C(C=C1)C2=COC3=CC(=CC(=C3C2=O)O)O,284.26,3,76.0,2,5,2
Benziodarone,6237,CCC1=C(C2=CC=CC=C2O1)C(=O)C3=CC(=C(C(=C3)I)O)I,518.08,5.6,50.4,1,3,3
Valnoctamide,20140,CCC(C)C(CC)C(=O)N,143.23,1.9,43.1,1,1,4
Brefeldin A,5287620,CC1CCCC=CC2CC(CC2C(C=CC(=O)O1)O)O,280.36,2,66.8,2,4,0
Atrasentan,159594,CCCCN(CCCC)C(=O)CN1CC(C(C1C2=CC=C(C=C2)OC)C(=O)O)C3=CC4=C(C=C3)OCO4,510.6,2.4,88.5,1,7,12
"5-methoxy-N,N-dimethyltryptamine",1832,CN(C)CCC1=CNC2=C1C=C(C=C2)OC,218.29,1.5,28.3,1,2,4
Pidotimod,65944,C1CC(=O)NC1C(=O)N2CSCC2C(=O)O,244.27,-0.7,112.0,2,5,2
Quinacrine,237,CCN(CC)CCCC(C)NC1=C2C=C(C=CC2=NC3=C1C=CC(=C3)Cl)OC,400.0,6,37.4,1,4,9
Naltrexone,5360515,C1CC1CN2CCC34C5C(=O)CCC3(C2CC6=C4C(=C(C=C6)O)O5)O,341.4,1.9,70.0,2,5,2
Cefroxadine,5284529,COC1=C(N2C(C(C2=O)NC(=O)C(C3=CCC=CC3)N)SC1)C(=O)O,365.4,-2.3,147.0,3,7,5
Castanospermine,54445,C1CN2CC(C(C(C2C1O)O)O)O,189.21,-2.2,84.2,4,5,0
Landiolol,114905,CC1(OCC(O1)COC(=O)CCC2=CC=C(C=C2)OCC(CNCCNC(=O)N3CCOCC3)O)C,509.6,0.1,128.0,3,9,14
Lipoic acid,6112,C1CSSC1CCCCC(=O)O,206.3,1.7,87.9,1,4,5
Vadimezan,123964,CC1=C(C2=C(C=C1)C(=O)C3=CC=CC(=C3O2)CC(=O)O)C,282.29,3.2,63.6,1,4,2
Calcium gluconate,9290,C(C(C(C(C(C(=O)[O-])O)O)O)O)O.C(C(C(C(C(C(=O)[O-])O)O)O)O)O.[Ca+2],430.37,,283.0,10,14,8
Avapritinib,118023034,CC(C1=CC=C(C=C1)F)(C2=CN=C(N=C2)N3CCN(CC3)C4=NC=NN5C4=CC(=C5)C6=CN(N=C6)C)N,498.6,1.9,106.0,1,9,5
Lumacaftor,16678941,CC1=C(N=C(C=C1)NC(=O)C2(CC2)C3=CC4=C(C=C3)OC(O4)(F)F)C5=CC(=CC=C5)C(=O)O,452.4,4.4,97.8,2,8,5
Diethyl ether,3283,CCOCC,74.12,0.9,9.2,0,1,2
Tariquidar,148201,COC1=C(C=C2CN(CCC2=C1)CCC3=CC=C(C=C3)NC(=O)C4=CC(=C(C=C4NC(=O)C5=CC6=CC=CC=C6N=C5)OC)OC)OC,646.7,6.1,111.0,2,8,11
Estramustine,259331,CC12CCC3C(C1CCC2O)CCC4=C3C=CC(=C4)OC(=O)N(CCCl)CCCl,440.4,4,49.8,1,3,6
Danicopan,118323590,CC1=NC=C(C=N1)C2=CC3=C(C=C2)N(N=C3C(=O)C)CC(=O)N4CC(CC4C(=O)NC5=NC(=CC=C5)Br)F,580.4,3.3,123.0,1,8,6
Vinyl ether,8024,C=COC=C,70.09,1.3,9.2,0,1,2
Ioflupane F-18,11626128,COC(=O)C1C2CCC(N2CCCF)CC1C3=CC=C(C=C3)I,430.3,4,29.5,0,4,6
Cyclobarbital,5838,CCC1(C(=O)NC(=O)NC1=O)C2=CCCCC2,236.27,1.8,75.3,2,3,2
Arbutamine,60789,C1=CC(=CC=C1CCCCNCC(C2=CC(=C(C=C2)O)O)O)O,317.4,0.9,93.0,5,5,8
Flurbiprofen axetil,3395,CC(C1=CC(=C(C=C1)C2=CC=CC=C2)F)C(=O)OC(C)OC(=O)C,330.3,4.9,52.6,0,5,7
Monofluorophosphate ion,65241,[O-]P(=O)([O-])F,97.970,-1.2,63.2,0,4,0
Ethynodiol diacetate,9270,CC(=O)OC1CCC2C3CCC4(C(C3CCC2=C1)CCC4(C#C)OC(=O)C)C,384.5,3.9,52.6,0,4,5
Cariporide,151172,CC(C)C1=C(C=C(C=C1)C(=O)N=C(N)N)S(=O)(=O)C,283.35,1.2,124.0,2,3,3
Sulfaethoxypyridazine,13755,CCOC1=NN=C(C=C1)NS(=O)(=O)C2=CC=C(C=C2)N,294.33,0.7,116.0,2,7,5
Prochlorperazine,4917,CN1CCN(CC1)CCCN2C3=CC=CC=C3SC4=C2C=C(C=C4)Cl,373.9,4.9,35.0,0,4,4
Moexipril,91270,CCOC(=O)C(CCC1=CC=CC=C1)NC(C)C(=O)N2CC3=CC(=C(C=C3CC2C(=O)O)OC)OC,498.6,1.2,114.0,2,8,12
Brimonidine,2435,C1CN=C(N1)NC2=C(C3=NC=CN=C3C=C2)Br,292.13,0.6,62.2,2,3,2
Pirlimycin,157385,CCC1CCNC(C1)C(=O)NC(C2C(C(C(C(O2)SC)O)O)O)C(C)Cl,411.0,1.7,136.0,5,7,6
Antrafenine,68723,C1CN(CCN1CCOC(=O)C2=CC=CC=C2NC3=C4C=CC(=CC4=NC=C3)C(F)(F)F)C5=CC=CC(=C5)C(F)(F)F,588.5,7.5,57.7,1,12,8
Indocyanine green,5282412,CC1(C(=[N+](C2=C1C3=CC=CC=C3C=C2)CCCCS(=O)(=O)[O-])C=CC=CC=CC=C4C(C5=C(N4CCCCS(=O)(=O)[O-])C=CC6=CC=CC=C65)(C)C)C.[Na+],775.0,,137.0,0,7,12
Lobeline,101616,CN1C(CCCC1CC(=O)C2=CC=CC=C2)CC(C3=CC=CC=C3)O,337.5,3.8,40.5,1,3,6
Bevonium,31800,C[N+]1(CCCCC1COC(=O)C(C2=CC=CC=C2)(C3=CC=CC=C3)O)C,354.5,3.6,46.5,1,3,6
Perflutren,6432,C(C(F)(F)F)(C(F)(F)F)(F)F,188.02,3.1,0.0,0,8,0
Idazoxan,54459,C1CN=C(N1)C2COC3=CC=CC=C3O2,204.22,0.7,42.9,1,3,1
Formebolone,17150,CC1(CCC2C1(CC(C3C2CCC4=CC(=O)C(=CC34C)C=O)O)C)O,344.4,2.2,74.6,2,4,1
Sisomicin,36119,CC1(COC(C(C1NC)O)OC2C(CC(C(C2O)OC3C(CC=C(O3)CN)N)N)N)O,447.5,-5.1,214.0,8,12,6
Mannitol busulfan,142775,CS(=O)(=O)OCC(C(C(C(COS(=O)(=O)C)O)O)O)O,338.4,-3.4,184.0,4,10,9
Ascorbic acid,54670067,C(C(C1C(=C(C(=O)O1)O)O)O)O,176.12,-1.6,107.0,4,6,2
Chromium picolinate,151932,C1=CC=NC(=C1)C(=O)[O-].C1=CC=NC(=C1)C(=O)[O-].C1=CC=NC(=C1)C(=O)[O-].[Cr+3],418.3,,159.0,0,9,0
Cephalosporin C,65536,CC(=O)OCC1=C(N2C(C(C2=O)NC(=O)CCCC(C(=O)O)N)SC1)C(=O)O,415.4,-4.4,202.0,4,10,10
Droxidopa,92974,C1=CC(=C(C=C1C(C(C(=O)O)N)O)O)O,213.19,-3.2,124.0,5,6,3
Nitroglycerin,4510,C(C(CO[N+](=O)[O-])O[N+](=O)[O-])O[N+](=O)[O-],227.09,1.6,165.0,0,9,5
Androstenediol,10634,CC12CCC3C(C1CCC2O)CC=C4C3(CCC(C4)O)C,290.4,3.5,40.5,2,2,0
Aspartic acid,5960,C(C(C(=O)O)N)C(=O)O,133.10,-2.8,101.0,3,5,3
Tacrine,1935,C1CCC2=NC3=CC=CC=C3C(=C2C1)N,198.26,2.7,38.9,1,2,0
Atovaquone,74989,C1CC(CCC1C2=CC=C(C=C2)Cl)C3=C(C4=CC=CC=C4C(=O)C3=O)O,366.8,5.2,54.4,1,3,2
Alphaprodine,120738,CCC(=O)OC1(CCN(CC1C)C)C2=CC=CC=C2,261.36,2.8,29.5,0,3,4
Carboxyamidotriazole,108144,C1=CC(=CC=C1C(=O)C2=C(C=C(C=C2Cl)CN3C(=C(N=N3)C(=O)N)N)Cl)Cl,424.7,3.9,117.0,2,5,5
SN-38,104842,CCC1=C2CN3C(=CC4=C(C3=O)COC(=O)C4(CC)O)C2=NC5=C1C=C(C=C5)O,392.4,1.4,100.0,2,6,2
Lazertinib,121269225,CN(C)CC1=CN(N=C1C2=CC=CC=C2)C3=NC(=NC=C3)NC4=C(C=C(C(=C4)NC(=O)C=C)N5CCOCC5)OC,554.6,3.4,110.0,2,9,10
Raclopride,3033769,CCN1CCCC1CNC(=O)C2=C(C(=CC(=C2OC)Cl)Cl)O,347.2,2.9,61.8,2,4,5
Nisoxetine,4500,CNCCC(C1=CC=CC=C1)OC2=CC=CC=C2OC,271.35,3.1,30.5,1,3,7
Cimetropium,20054871,C[N+]1(C2CC(CC1C3C2O3)OC(=O)C(CO)C4=CC=CC=C4)CC5CC5,358.5,2.1,59.1,1,4,7
Cafedrine,5489638,CC(C(C1=CC=CC=C1)O)NCCN2C=NC3=C2C(=O)N(C(=O)N3C)C,357.4,0.3,90.7,2,5,6
Sotagliflozin,24831714,CCOC1=CC=C(C=C1)CC2=C(C=CC(=C2)C3C(C(C(C(O3)SC)O)O)O)Cl,424.9,3.2,104.0,3,6,6
Difemerine,165124,CC(C)(COC(=O)C(C1=CC=CC=C1)(C2=CC=CC=C2)O)N(C)C,327.4,3.3,49.8,1,4,7
Ceftobiprole,135413542,C1CNCC1N2CCC(=CC3=C(N4C(C(C4=O)NC(=O)C(=NO)C5=NSC(=N5)N)SC3)C(=O)O)C2=O,534.6,-2.4,257.0,5,13,6
Raltegravir,54671008,CC1=NN=C(O1)C(=O)NC(C)(C)C2=NC(=C(C(=O)N2C)O)C(=O)NCC3=CC=C(C=C3)F,444.4,1.1,150.0,3,9,6
Indoprofen,3718,CC(C1=CC=C(C=C1)N2CC3=CC=CC=C3C2=O)C(=O)O,281.30,2.8,57.6,1,3,3
Cefpiramide,636405,CC1=CC(=O)C(=CN1)C(=O)NC(C2=CC=C(C=C2)O)C(=O)NC3C4N(C3=O)C(=C(CS4)CSC5=NN=NN5C)C(=O)O,612.6,-0.1,259.0,5,13,9
Tiapride,5467,CCN(CC)CCNC(=O)C1=C(C=CC(=C1)S(=O)(=O)C)OC,328.4,0.9,84.1,1,5,8
Teicoplanin,133065662,CCCCCCCCCC(=O)NC1C(C(C(OC1OC2=C3C=C4C=C2OC5=C(C=C(C=C5)C(C6C(=O)NC(C7=C(C(=CC(=C7)O)OC8C(C(C(C(O8)CO)O)O)O)C9=C(C=CC(=C9)C(C(=O)N6)NC(=O)C4NC(=O)C1C2=CC(=CC(=C2)OC2=C(C=CC(=C2)C(C(=O)NC(CC2=CC(=C(O3)C=C2)Cl)C(=O)N1)N)O)O)O)C(=O)O)OC1C(C(C(C(O1)CO)O)O)NC(=O)C)Cl)CO)O)O,1879.7,0.5,662.0,24,34,20
Flucloxacillin,21319,CC1=C(C(=NO1)C2=C(C=CC=C2Cl)F)C(=O)NC3C4N(C3=O)C(C(S4)(C)C)C(=O)O,453.9,2.6,138.0,2,8,4
Phenylephrine,6041,CNCC(C1=CC(=CC=C1)O)O,167.20,-0.3,52.5,3,3,3
Naronapride,11237985,COC1CN(CCC1NC(=O)C2=CC(=C(C=C2OC)N)Cl)CCCCCC(=O)OC3CN4CCC3CC4,537.1,2.8,106.0,2,8,12
Prednylidene,20055008,CC12CC(C3C(C1CC(=C)C2(C(=O)CO)O)CCC4=CC(=O)C=CC34C)O,372.5,1.6,94.8,3,5,2
Theodrenaline,71857,CN1C2=C(C(=O)N(C1=O)C)N(C=N2)CCNCC(C3=CC(=C(C=C3)O)O)O,375.4,-0.8,131.0,4,7,6
Valganciclovir,135413535,CC(C)C(C(=O)OCC(CO)OCN1C=NC2=C1N=C(NC2=O)N)N,354.36,-1.5,167.0,4,8,9
Iferanserin,6445539,CN1CCCCC1CCC2=CC=CC=C2NC(=O)C=CC3=CC=CC=C3,348.5,4.7,32.3,1,2,6
Daidzin,107971,C1=CC(=CC=C1C2=COC3=C(C2=O)C=CC(=C3)OC4C(C(C(C(O4)CO)O)O)O)O,416.4,0.7,146.0,5,9,4
Oritavancin,16136912,CC1C(C(CC(O1)OC2C3C(=O)NC(C4=C(C(=CC(=C4)O)O)C5=C(C=CC(=C5)C(C(=O)N3)NC(=O)C6C7=CC(=C(C(=C7)OC8=C(C=C2C=C8)Cl)OC9C(C(C(C(O9)CO)O)O)OC1CC(C(C(O1)C)O)(C)NCC1=CC=C(C=C1)C1=CC=C(C=C1)Cl)OC1=C(C=C(C=C1)C(C(C(=O)NC(C(=O)N6)CC(=O)N)NC(=O)C(CC(C)C)NC)O)Cl)O)C(=O)O)(C)N)O,1793.1,1.5,561.0,20,29,19
Apomorphine,6005,CN1CCC2=C3C1CC4=C(C3=CC=C2)C(=C(C=C4)O)O,267.32,2.3,43.7,2,3,0
Abrocitinib,78323835,CCCS(=O)(=O)NC1CC(C1)N(C)C2=NC=NC3=C2C=CN3,323.42,1.7,99.4,2,6,6
Canagliflozin,24812758,CC1=C(C=C(C=C1)C2C(C(C(C(O2)CO)O)O)O)CC3=CC=C(S3)C4=CC=C(C=C4)F,444.5,3.2,118.0,4,7,5
Idraparinux,3083445,COC1C(OC(C(C1OC)OC)OC2C(C(C(OC2C(=O)O)OC3C(OC(C(C3OS(=O)(=O)O)OS(=O)(=O)O)OC4C(C(C(OC4C(=O)O)OC5C(OC(C(C5OS(=O)(=O)O)OS(=O)(=O)O)OC)COS(=O)(=O)O)OC)OC)COS(=O)(=O)O)OC)OC)COS(=O)(=O)O,1529.4,-9.6,735.0,9,49,35
Cyanocobalamin,166596686,CC1=CC2=C(C=C1C)[N+](=CN2)C3C(C(C(O3)CO)OP(=O)(O)OC(C)CNC(=O)CCC4(C(C5C6(C(C(C(=N6)C(=C7C(C(C(=CC8=NC(=C(C4=N5)C)C(C8(C)C)CCC(=N)[O-])N7)CCC(=N)[O-])(C)CC(=O)N)C)CCC(=N)[O-])(C)CC(=O)N)C)CC(=O)N)C)O.[C]#N.[Co+2],1355.4,,497.0,12,22,26
Sulfaquinoxaline,5338,C1=CC=C2C(=C1)N=CC(=N2)NS(=O)(=O)C3=CC=C(C=C3)N,300.34,1.7,106.0,2,6,3
Oxytetracycline,54675779,CC1(C2C(C3C(C(=O)C(=C(C3(C(=O)C2=C(C4=C1C=CC=C4O)O)O)O)C(=O)N)N(C)C)O)O,460.4,-1.6,202.0,7,10,2
Emopamil,25202343,CC(C)C(CCC[NH+](C)CCC1=CC=CC=C1)(C#N)C2=CC=CC=C2,335.5,3.9,28.2,1,1,9
Azlocillin,6479523,CC1(C(N2C(S1)C(C2=O)NC(=O)C(C3=CC=CC=C3)NC(=O)N4CCNC4=O)C(=O)O)C,461.5,0.1,173.0,4,7,5
Dimethyltryptamine,6089,CN(C)CCC1=CNC2=CC=CC=C21,188.27,2.5,19.0,1,1,3
Acyclovir,135398513,C1=NC2=C(N1COCCO)N=C(NC2=O)N,225.20,-1.9,115.0,3,5,4
Fluspirilene,3396,C1CN(CCC12C(=O)NCN2C3=CC=CC=C3)CCCC(C4=CC=C(C=C4)F)C5=CC=C(C=C5)F,475.6,5.6,35.6,1,5,7
Proxibarbal,17336,CC(CC1(C(=O)NC(=O)NC1=O)CC=C)O,226.23,0.2,95.5,3,4,4
Tipifarnib,159324,CN1C=NC=C1C(C2=CC=C(C=C2)Cl)(C3=CC4=C(C=C3)N(C(=O)C=C4C5=CC(=CC=C5)Cl)C)N,489.4,4.1,64.2,1,3,4
Reserpine,5770,COC1C(CC2CN3CCC4=C(C3CC2C1C(=O)OC)NC5=C4C=CC(=C5)OC)OC(=O)C6=CC(=C(C(=C6)OC)OC)OC,608.7,4,118.0,1,10,10
Methoserpidine,71798,COC1C(CC2CN3CCC4=C(C3CC2C1C(=O)OC)NC5=C4C=C(C=C5)OC)OC(=O)C6=CC(=C(C(=C6)OC)OC)OC,608.7,4.1,118.0,1,10,10
Pravastatin,54687,CCC(C)C(=O)OC1CC(C=C2C1C(C(C=C2)C)CCC(CC(CC(=O)O)O)O)O,424.5,1.6,124.0,4,7,11
Hydracarbazine,71653,C1=CC(=NN=C1C(=O)N)NN,153.14,-1.4,107.0,3,5,2
Emetonium iodide,80084,CC[N+](C)(CC)CCOC(C1=CC=CC=C1)C2=CC=CC=C2.[I-],425.3,,9.2,0,2,8
Cholic Acid,221493,CC(CCC(=O)O)C1CCC2C1(C(CC3C2C(CC4C3(CCC(C4)O)C)O)O)C,408.6,3.6,98.0,4,5,4
Camylofin,5902,CCN(CC)CCNC(C1=CC=CC=C1)C(=O)OCCC(C)C,320.5,3.9,41.6,1,4,12
Guanoclor,71835,C1=CC(=C(C(=C1)Cl)OCCNN=C(N)N)Cl,263.12,2.1,85.7,3,3,5
Olsalazine,22419,C1=CC(=C(C=C1N=NC2=CC(=C(C=C2)O)C(=O)O)C(=O)O)O,302.24,3.1,140.0,4,8,4
Medrogestone,9949848,CC1=CC2C(CCC3(C2CCC3(C)C(=O)C)C)C4(C1=CC(=O)CC4)C,340.5,4.1,34.1,0,2,1
Lofentanil,65499,CCC(=O)N(C1=CC=CC=C1)C2(CCN(CC2C)CCC3=CC=CC=C3)C(=O)OC,408.5,4.2,49.9,0,4,8
Vildagliptin,6918537,C1CC(N(C1)C(=O)CNC23CC4CC(C2)CC(C4)(C3)O)C#N,303.4,0.9,76.4,2,4,3
Halcinonide,443943,CC1(OC2CC3C4CCC5=CC(=O)CCC5(C4(C(CC3(C2(O1)C(=O)CCl)C)O)F)C)C,455.0,3.6,72.8,1,6,2
Stanolone acetate,11809740,CC(=O)OC1CCC2C1(CCC3C2CCC4C3(CCC(=O)C4)C)C,332.5,4.2,43.4,0,3,2
Olmesartan,158781,CCCC1=NC(=C(N1CC2=CC=C(C=C2)C3=CC=CC=C3C4=NNN=N4)C(=O)O)C(C)(C)O,446.5,3.2,130.0,3,7,8
S-Ethylisothiourea,5139,CCSC(=N)N,104.18,0.5,75.2,2,2,2
Diethylpropion,7029,CCN(CC)C(C)C(=O)C1=CC=CC=C1,205.30,2.8,20.3,0,2,5
AMG-222,11977989,CC(CC1(C2=C(CCC3=C1C=CC(=C3)C(=O)N(C)C)C=C(C=C2)C(=O)N(C)C)C4=NNN=N4)NCC(=O)N5CCCC5C#N,597.7,2.3,151.0,2,8,8
Oxitropium,6917866,CC[N+]1(C2CC(CC1C3C2O3)OC(=O)C(CO)C4=CC=CC=C4)C,332.4,1.7,59.1,1,4,6
Acetylcholine,187,CC(=O)OCC[N+](C)(C)C,146.21,0.2,26.3,0,2,4
Paromomycin,165580,C1C(C(C(C(C1N)OC2C(C(C(C(O2)CO)O)O)N)OC3C(C(C(O3)CO)OC4C(C(C(C(O4)CN)O)O)N)O)O)N,615.6,-8.7,347.0,13,19,9
Relebactam,44129647,C1CC(N2CC1N(C2=O)OS(=O)(=O)O)C(=O)NC3CCNCC3,348.38,-3.6,137.0,3,7,4
Loxapine,3964,CN1CCN(CC1)C2=NC3=CC=CC=C3OC4=C2C=C(C=C4)Cl,327.8,3.1,28.1,0,3,1
Epothilone D,447865,CC1CCCC(=CCC(OC(=O)CC(C(C(=O)C(C1O)C)(C)C)O)C(=CC2=CSC(=N2)C)C)C,491.7,5,125.0,2,7,2
Thiamine,1130,CC1=C(SC=[N+]1CC2=CN=C(N=C2N)C)CCO,265.36,1,104.0,2,5,4
Neamine,72392,C1C(C(C(C(C1N)OC2C(C(C(C(O2)CN)O)O)N)O)O)N,322.36,-5.4,203.0,8,10,3
Lanatoside C,656630,CC1C(C(CC(O1)OC2CCC3(C(C2)CCC4C3CC(C5(C4(CCC5C6=CC(=O)OC6)O)C)O)C)O)OC7CC(C(C(O7)C)OC8CC(C(C(O8)C)OC9C(C(C(C(O9)CO)O)O)O)OC(=O)C)O,985.1,0.2,288.0,8,20,12
Terazosin,5401,COC1=C(C=C2C(=C1)C(=NC(=N2)N3CCN(CC3)C(=O)C4CCCO4)N)OC,387.4,1.4,103.0,1,8,4
Trimethobenzamide,5577,CN(C)CCOC1=CC=C(C=C1)CNC(=O)C2=CC(=C(C(=C2)OC)OC)OC,388.5,2.3,69.3,1,6,10
Methallenestril,10599,CCC(C1=CC2=C(C=C1)C=C(C=C2)OC)C(C)(C)C(=O)O,286.4,4.7,46.5,1,3,5
Piperine,638024,C1CCN(CC1)C(=O)C=CC=CC2=CC3=C(C=C2)OCO3,285.34,3.5,38.8,0,3,3
Amyl Nitrite,8053,CC(C)CCON=O,117.15,1.7,38.7,0,3,3
Dabigatran,216210,CN1C2=C(C=C(C=C2)C(=O)N(CCC(=O)O)C3=CC=CC=N3)N=C1CNC4=CC=C(C=C4)C(=N)N,471.5,1.7,150.0,4,7,9
Sulconazole,5318,C1=CC(=CC=C1CSC(CN2C=CN=C2)C3=C(C=C(C=C3)Cl)Cl)Cl,397.7,6.1,43.1,0,2,6
Amcinonide,443958,CC(=O)OCC(=O)C12C(CC3C1(CC(C4(C3CCC5=CC(=O)C=CC54C)F)O)C)OC6(O2)CCCC6,502.6,3.6,99.1,1,8,4
Opipramol,9417,C1CN(CCN1CCCN2C3=CC=CC=C3C=CC4=CC=CC=C42)CCO,363.5,3.6,30.0,1,4,6
Alvocidib,5287969,CN1CCC(C(C1)O)C2=C(C=C(C3=C2OC(=CC3=O)C4=CC=CC=C4Cl)O)O,401.8,3.3,90.2,3,6,2
Cyproterone acetate,9880,CC(=O)C1(CCC2C1(CCC3C2C=C(C4=CC(=O)C5CC5C34C)Cl)C)OC(=O)C,416.9,3.6,60.4,0,4,3
Dapagliflozin,9887712,CCOC1=CC=C(C=C1)CC2=C(C=CC(=C2)C3C(C(C(C(O3)CO)O)O)O)Cl,408.9,2.3,99.4,4,6,6
Albaconazole,208952,CC(C(CN1C=NC=N1)(C2=C(C=C(C=C2)F)F)O)N3C=NC4=C(C3=O)C=CC(=C4)Cl,431.8,2.5,83.6,1,7,5
Voxilaprevir,89921642,CCC1C2CN(C1C(=O)NC3(CC3C(F)F)C(=O)NS(=O)(=O)C4(CC4)C)C(=O)C(NC(=O)OC5CC5CCCCC(C6=NC7=C(C=C(C=C7)OC)N=C6O2)(F)F)C(C)(C)C,868.9,5.9,204.0,3,15,9
Felbinac,3332,C1=CC=C(C=C1)C2=CC=C(C=C2)CC(=O)O,212.24,3,37.3,1,2,3
Niludipine,89767,CCCOCCOC(=O)C1=C(NC(=C(C1C2=CC(=CC=C2)[N+](=O)[O-])C(=O)OCCOCCC)C)C,490.5,3.9,129.0,1,9,15
Trabectedin,108150,CC1=CC2=C(C3C4C5C6=C(C(=C7C(=C6C(N4C(C(C2)N3C)O)COC(=O)C8(CS5)C9=CC(=C(C=C9CCN8)O)OC)OCO7)C)OC(=O)C)C(=C1OC)O,761.8,3.4,194.0,4,15,4
Dihydroergocornine,168871,CC(C)C1C(=O)N2CCCC2C3(N1C(=O)C(O3)(C(C)C)NC(=O)C4CC5C(CC6=CNC7=CC=CC5=C67)N(C4)C)O,563.7,2.7,118.0,3,6,4
Oleandrin,11541511,CC1C(C(CC(O1)OC2CCC3(C(C2)CCC4C3CCC5(C4(CC(C5C6=CC(=O)OC6)OC(=O)C)O)C)C)OC)O,576.7,2.4,121.0,2,9,6
Sultopride,5357,CCN1CCCC1CNC(=O)C2=C(C=CC(=C2)S(=O)(=O)CC)OC,354.5,1.6,84.1,1,5,7
Eltoprazine,65853,C1CN(CCN1)C2=C3C(=CC=C2)OCCO3,220.27,1.1,33.7,1,4,1
Nitrite,946,N(=O)[O-],46.006,-0.8,52.5,0,3,0
Seocalcitol,5288149,CCC(CC)(C=CC=CC(C)C1CCC2C1(CCCC2=CC=C3CC(CC(C3=C)O)O)C)O,454.7,5.8,60.7,3,3,7
Nepafenac,151075,C1=CC=C(C=C1)C(=O)C2=CC=CC(=C2N)CC(=O)N,254.28,1.9,86.2,2,3,4
Fleroxacin,3357,CN1CCN(CC1)C2=C(C=C3C(=C2F)N(C=C(C3=O)C(=O)O)CCF)F,369.34,-0.1,64.1,1,9,4
Octopamine,4581,C1=CC(=CC=C1C(CN)O)O,153.18,-1.1,66.5,3,3,2
Gentamicin C1a,72396,CC1(COC(C(C1NC)O)OC2C(CC(C(C2O)OC3C(CCC(O3)CN)N)N)N)O,449.5,-5,214.0,8,12,6
Ilaprazole,214351,CC1=C(C=CN=C1CS(=O)C2=NC3=C(N2)C=C(C=C3)N4C=CC=C4)OC,366.4,2.3,92.0,1,5,5
Artesunate,6917864,CC1CCC2C(C(OC3C24C1CCC(O3)(OO4)C)OC(=O)CCC(=O)O)C,384.4,2.5,101.0,1,8,5
Fusidic acid,3000226,CC1C2CCC3(C(C2(CCC1O)C)C(CC4C3(CC(C4=C(CCC=C(C)C)C(=O)O)OC(=O)C)C)O)C,516.7,5.5,104.0,3,6,6
Carisbamate,6918474,C1=CC=C(C(=C1)C(COC(=O)N)O)Cl,215.63,1,72.6,2,3,4
Histapyrrodine,68122,C1CCN(C1)CCN(CC2=CC=CC=C2)C3=CC=CC=C3,280.4,4.1,6.5,0,2,6
Pyrazolam,12562545,CC1=NN=C2N1C3=C(C=C(C=C3)Br)C(=NC2)C4=CC=CC=N4,354.20,1.4,56.0,0,4,1
Oxolinic acid,4628,CCN1C=C(C(=O)C2=CC3=C(C=C21)OCO3)C(=O)O,261.23,-0.2,76.1,1,6,2
Isosorbide dinitrate,6883,C1C(C2C(O1)C(CO2)O[N+](=O)[O-])O[N+](=O)[O-],236.14,1.3,129.0,0,8,2
Pentifylline,70569,CCCCCCN1C(=O)C2=C(N=CN2C)N(C1=O)C,264.32,2.3,58.4,0,3,5
Ulobetasol,5311167,CC1CC2C3CC(C4=CC(=O)C=CC4(C3(C(CC2(C1(C(=O)CCl)O)C)O)F)C)F,428.9,2.7,74.6,2,6,2
Daridorexant,91801202,CC1=C(C=CC2=C1N=C(N2)C3(CCCN3C(=O)C4=C(C=CC(=C4)OC)N5N=CC=N5)C)Cl,450.9,4.1,88.9,1,5,4
Glycyrrhizic acid,14982,CC1(C2CCC3(C(C2(CCC1OC4C(C(C(C(O4)C(=O)O)O)O)OC5C(C(C(C(O5)C(=O)O)O)O)O)C)C(=O)C=C6C3(CCC7(C6CC(CC7)(C)C(=O)O)C)C)C)C,822.9,3.7,267.0,8,16,7
Leflunomide,3899,CC1=C(C=NO1)C(=O)NC2=CC=C(C=C2)C(F)(F)F,270.21,2.5,55.1,1,6,2
Prulifloxacin,65947,CC1N2C3=CC(=C(C=C3C(=O)C(=C2S1)C(=O)O)F)N4CCN(CC4)CC5=C(OC(=O)O5)C,461.5,1,125.0,1,11,4
Succinylsulfathiazole,5315,C1=CC(=CC=C1NC(=O)CCC(=O)O)S(=O)(=O)NC2=NC=CS2,355.4,-0.7,162.0,3,8,7
Xanomeline,60809,CCCCCCOC1=NSN=C1C2=CCCN(C2)C,281.42,3.3,66.5,0,5,7
Fenethylline,19527,CC(CC1=CC=CC=C1)NCCN2C=NC3=C2C(=O)N(C(=O)N3C)C,341.4,1.4,70.5,1,4,6
Penicillin G Acyl-Serine,131704224,CC1(C(NC(S1)C(C(=O)OCC(C(=O)[O-])N)N=C(CC2=CC=CC=C2)[O-])C(=O)O)C,437.5,-2.6,203.0,3,11,9
Bepotastine,164522,C1CN(CCC1OC(C2=CC=C(C=C2)Cl)C3=CC=CC=N3)CCCC(=O)O,388.9,1,62.7,1,5,8
Dehydroascorbic acid,440667,C(C(C1C(=O)C(=O)C(=O)O1)O)O,174.11,-1,101.0,2,6,2
CM-4307,25191001,CNC(=O)C1=NC=CC(=C1)OC2=CC=C(C=C2)NC(=O)NC3=CC(=C(C=C3)Cl)C(F)(F)F,467.8,4.1,92.4,3,7,5
Vonoprazan,15981397,CNCC1=CN(C(=C1)C2=CC=CC=C2F)S(=O)(=O)C3=CN=CC=C3,345.4,2,72.4,1,5,5
Dydrogesterone,9051,CC(=O)C1CCC2C1(CCC3C2C=CC4=CC(=O)CCC34C)C,312.4,3.8,34.1,0,2,1
Muzolimine,41386,CC(C1=CC(=C(C=C1)Cl)Cl)N2C(=O)CC(=N2)N,272.13,2,58.7,1,2,2
Lorlatinib,71731823,CC1C2=C(C=CC(=C2)F)C(=O)N(CC3=NN(C(=C3C4=CC(=C(N=C4)N)O1)C#N)C)C,406.4,1.5,110.0,1,7,0
Azelnidipine,65948,CC1=C(C(C(=C(N1)N)C(=O)OC2CN(C2)C(C3=CC=CC=C3)C4=CC=CC=C4)C5=CC(=CC=C5)[N+](=O)[O-])C(=O)OC(C)C,582.6,6,140.0,2,9,10
Clodronic acid,25419,C(P(=O)(O)O)(P(=O)(O)O)(Cl)Cl,244.89,-2.1,115.0,4,6,2
Omacetaxine mepesuccinate,285033,CC(C)(CCCC(CC(=O)OC)(C(=O)OC1C2C3=CC4=C(C=C3CCN5C2(CCC5)C=C1OC)OCO4)O)O,545.6,0.8,124.0,2,10,11
Dordaviprone,73777259,CC1=CC=CC=C1CN2C(=O)C3=C(CCN(C3)CC4=CC=CC=C4)N5C2=NCC5,386.5,2.3,39.2,0,3,4
Fasudil,3547,C1CNCCN(C1)S(=O)(=O)C2=CC=CC3=C2C=CN=C3,291.37,1,70.7,1,5,2
Gabapentin enacarbil,9883933,CC(C)C(=O)OC(C)OC(=O)NCC1(CCCCC1)CC(=O)O,329.39,3.1,102.0,2,6,9
Fumagillin,6917655,CC(=CCC1C(O1)(C)C2C(C(CCC23CO3)OC(=O)C=CC=CC=CC=CC(=O)O)OC)C,458.5,4,97.9,1,7,11
Nandrolone decanoate,9677,CCCCCCCCCC(=O)OC1CCC2C1(CCC3C2CCC4=CC(=O)CCC34)C,428.6,7.3,43.4,0,3,10
Pranlukast,4887,C1=CC=C(C=C1)CCCCOC2=CC=C(C=C2)C(=O)NC3=CC=CC4=C3OC(=CC4=O)C5=NNN=N5,481.5,4.2,119.0,2,7,9
Fimepinostat,54575456,CN(CC1=CC2=C(S1)C(=NC(=N2)C3=CN=C(C=C3)OC)N4CCOCC4)C5=NC=C(C=N5)C(=O)NO,508.6,1.3,167.0,2,12,7
Entecavir,135398508,C=C1C(CC(C1CO)O)N2C=NC3=C2N=C(NC3=O)N,277.28,-1.3,126.0,4,5,2
Bicisate,72048,CCOC(=O)C(CS)NCCNC(CS)C(=O)OCC,324.5,0.6,78.7,4,8,13
Metiamide,1548992,CC1=C(N=CN1)CSCCNC(=S)NC,244.4,0.5,110.0,3,3,5
Bivalirudin,16129704,CCC(C)C(C(=O)N1CCCC1C(=O)NC(CCC(=O)O)C(=O)NC(CCC(=O)O)C(=O)NC(CC2=CC=C(C=C2)O)C(=O)NC(CC(C)C)C(=O)O)NC(=O)C(CCC(=O)O)NC(=O)C(CCC(=O)O)NC(=O)C(CC3=CC=CC=C3)NC(=O)C(CC(=O)O)NC(=O)CNC(=O)C(CC(=O)N)NC(=O)CNC(=O)CNC(=O)CNC(=O)CNC(=O)C4CCCN4C(=O)C(CCCNC(=N)N)NC(=O)C5CCCN5C(=O)C(CC6=CC=CC=C6)N,2180.3,-7.1,902.0,28,35,67
Vincamine,15376,CCC12CCCN3C1C4=C(CC3)C5=CC=CC=C5N4C(C2)(C(=O)OC)O,354.4,2.9,54.7,1,4,3
Frovatriptan,77992,CNC1CCC2=C(C1)C3=C(N2)C=CC(=C3)C(=O)N,243.30,1.2,70.9,3,2,2
Pheniramine,4761,CN(C)CCC(C1=CC=CC=C1)C2=CC=CC=N2,240.34,2.8,16.1,0,2,5
Sennosides,5199,C1=CC2=C(C(=C1)OC3C(C(C(C(O3)CO)O)O)O)C(=O)C4=C(C2C5C6=C(C(=CC=C6)OC7C(C(C(C(O7)CO)O)O)O)C(=O)C8=C5C=C(C=C8O)C(=O)O)C=C(C=C4O)C(=O)O,862.7,1.2,348.0,12,20,9
Arachidonic Acid,444899,CCCCCC=CCC=CCC=CCC=CCCCC(=O)O,304.5,6.3,37.3,1,2,14
Furazolidone,5323714,C1COC(=O)N1N=CC2=CC=C(O2)[N+](=O)[O-],225.16,-0.1,101.0,0,6,2
Glasdegib,25166913,CN1CCC(CC1C2=NC3=CC=CC=C3N2)NC(=O)NC4=CC=C(C=C4)C#N,374.4,2.4,96.8,3,4,3
Baricitinib,44205240,CCS(=O)(=O)N1CC(C1)(CC#N)N2C=C(C=N2)C3=C4C=CNC4=NC=N3,371.4,-0.5,129.0,1,7,5
Ferrous succinate,10464762,C(CC(=O)[O-])C(=O)[O-].[Fe+2],171.92,,80.3,0,4,1
Linzagolix,16656889,COC1=C(C(=C(C=C1)F)F)COC2=C(C=C(C(=C2)N3C(=O)C4=C(SC=C4NC3=O)C(=O)O)F)OC,508.4,3.4,143.0,2,11,7
Cyclizine,6726,CN1CCN(CC1)C(C2=CC=CC=C2)C3=CC=CC=C3,266.4,3.6,6.5,0,2,3
Anecortave,7074810,CC12CCC(=O)C=C1CCC3C2=CCC4(C3CCC4(C(=O)CO)O)C,344.4,2,74.6,2,4,2
Cycrimine,2911,C1CCN(CC1)CCC(C2CCCC2)(C3=CC=CC=C3)O,287.4,3.9,23.5,1,2,5
Tenapanor,71587953,CN1CC(C2=C(C1)C(=CC(=C2)Cl)Cl)C3=CC(=CC=C3)S(=O)(=O)NCCOCCOCCNC(=O)NCCCCNC(=O)NCCOCCOCCNS(=O)(=O)C4=CC=CC(=C4)C5CN(CC6=C5C=C(C=C6Cl)Cl)C,1145.0,5.1,235.0,6,14,29
Bromotheophylline,11808,CN1C2=C(C(=O)N(C1=O)C)NC(=N2)Br,259.06,1,69.3,1,3,0
Valaciclovir,135398742,CC(C)C(C(=O)OCCOCN1C=NC2=C1N=C(NC2=O)N)N,324.34,-0.9,147.0,3,7,8
Piclozotan,9801640,C1CN(CC=C1C2=CC=CC=N2)CCCCN3C(=COC4=CC=CC=C4C3=O)Cl,409.9,3.6,45.7,0,4,6
Flumatinib,46848036,CC1=C(C=C(C=N1)NC(=O)C2=CC(=C(C=C2)CN3CCN(CC3)C)C(F)(F)F)NC4=NC=CC(=N4)C5=CN=CC=C5,562.6,3.4,99.2,2,11,7
Empagliflozin,11949646,C1COCC1OC2=CC=C(C=C2)CC3=C(C=CC(=C3)C4C(C(C(C(O4)CO)O)O)O)Cl,450.9,2,109.0,4,7,6
KRN-5500,6440176,CCCCCCCCCC=CC=CC(=O)NCC(=O)NC1C(C(C(OC1C(CO)O)NC2=NC=NC3=C2NC=N3)O)O,589.7,2.7,215.0,8,11,17
Chlorcyclizine,2710,CN1CCN(CC1)C(C2=CC=CC=C2)C3=CC=C(C=C3)Cl,300.8,4.5,6.5,0,2,3
Piretanide,4849,C1CCN(C1)C2=C(C(=CC(=C2)C(=O)O)S(=O)(=O)N)OC3=CC=CC=C3,362.4,2.2,118.0,2,7,5
Diphenylpyraline,3103,CN1CCC(CC1)OC(C2=CC=CC=C2)C3=CC=CC=C3,281.4,3.9,12.5,0,2,4
Oteseconazole,77050711,C1=CC(=CC=C1C2=CN=C(C=C2)C(C(CN3C=NN=N3)(C4=C(C=C(C=C4)F)F)O)(F)F)OCC(F)(F)F,527.4,4.2,86.0,1,13,8
Propantheline,4934,CC(C)[N+](C)(CCOC(=O)C1C2=CC=CC=C2OC3=CC=CC=C13)C(C)C,368.5,4.2,35.5,0,3,7
18-methyl-19-nortestosterone,10039774,CCC12CCC3C(C1CCC2O)CCC4=CC(=O)CCC34,288.4,3,37.3,1,2,1
Medroxyprogesterone acetate,6279,CC1CC2C(CCC3(C2CCC3(C(=O)C)OC(=O)C)C)C4(C1=CC(=O)CC4)C,386.5,4.1,60.4,0,4,3
Sofosbuvir,45375808,CC(C)OC(=O)C(C)NP(=O)(OCC1C(C(C(O1)N2C=CC(=O)NC2=O)(C)F)O)OC3=CC=CC=C3,529.5,1,153.0,3,11,11
Bromperidol,2448,C1CN(CCC1(C2=CC=C(C=C2)Br)O)CCCC(=O)C3=CC=C(C=C3)F,420.3,3.3,40.5,1,4,6
Lanopepden,52918384,CC1=NC(=C(C(=N1)N2CCN3CCOCC3C2)F)NNC(=O)C(CC4CCCC4)CN(C=O)O,479.5,2,123.0,3,10,8
Trimetrexate,5583,CC1=C(C=CC2=C1C(=NC(=N2)N)N)CNC3=CC(=C(C(=C3)OC)OC)OC,369.4,2.5,118.0,3,8,6
Iptacopan,90467622,CCOC1CCN(C(C1)C2=CC=C(C=C2)C(=O)O)CC3=C(C=C(C4=C3C=CN4)C)OC,422.5,1.8,74.8,2,5,7
Procainamide,4913,CCN(CC)CCNC(=O)C1=CC=C(C=C1)N,235.33,0.9,58.4,2,3,6
Lonazolac,68706,C1=CC=C(C=C1)N2C=C(C(=N2)C3=CC=C(C=C3)Cl)CC(=O)O,312.7,3.6,55.1,1,3,4
Linsidomine,5219,C1COCCN1[N+]2=CC(=N)O[N-]2,170.17,0.6,49.6,1,5,1
Metenolone,3037705,CC1=CC(=O)CC2C1(C3CCC4(C(C3CC2)CCC4O)C)C,302.5,3.9,37.3,1,2,0
Physostigmine,5983,CC12CCN(C1N(C3=C2C=C(C=C3)OC(=O)NC)C)C,275.35,0.7,44.8,1,4,2
Arbekacin,68682,C1CC(C(OC1CN)OC2C(CC(C(C2O)OC3C(C(C(C(O3)CO)O)N)O)NC(=O)C(CCN)O)N)N,552.6,-6.8,297.0,11,15,10
Pentaerythritol tetranitrate,6518,C(C(CO[N+](=O)[O-])(CO[N+](=O)[O-])CO[N+](=O)[O-])O[N+](=O)[O-],316.14,1.4,220.0,0,12,8
Doxercalciferol,5281107,CC(C)C(C)C=CC(C)C1CCC2C1(CCCC2=CC=C3CC(CC(C3=C)O)O)C,412.6,6.3,40.5,2,2,5
Acetoacetic acid,96,CC(=O)CC(=O)O,102.09,-0.4,54.4,1,3,2
Metformin,4091,CN(C)C(=N)N=C(N)N,129.16,-1.3,91.5,3,1,2
Coumermycin A1,54675768,CC1=CC=C(N1)C(=O)OC2C(C(OC(C2OC)(C)C)OC3=C(C4=C(C=C3)C(=C(C(=O)O4)NC(=O)C5=CNC(=C5C)C(=O)NC6=C(C7=C(C(=C(C=C7)OC8C(C(C(C(O8)(C)C)OC)OC(=O)C9=CC=C(N9)C)O)C)OC6=O)O)O)C)O,1110.1,4.6,347.0,9,20,16
Phenacemide,4753,C1=CC=C(C=C1)CC(=O)NC(=O)N,178.19,0.9,72.2,2,2,2
Fusafungine,3084092,CC(C)C1C(=O)OC(C(=O)N(C(C(=O)OC(C(=O)N(C(C(=O)OC(C(=O)N1C)C(C)C)C(C)C)C)C(C)C)C(C)C)C)C(C)C,639.8,6.5,140.0,0,9,6
Bromazepam,2441,C1C(=O)NC2=C(C=C(C=C2)Br)C(=N1)C3=CC=CC=N3,316.15,1.7,54.4,1,3,1
Dolastatin 10,9810929,CCC(C)C(C(CC(=O)N1CCCC1C(C(C)C(=O)NC(CC2=CC=CC=C2)C3=NC=CS3)OC)OC)N(C)C(=O)C(C(C)C)NC(=O)C(C(C)C)N(C)C,785.1,5.8,162.0,2,9,21
Cadralazine,2515,CCN(CC(C)O)C1=NN=C(C=C1)NNC(=O)OCC,283.33,1,99.6,3,7,8
Sparsentan,10257882,CCCCC1=NC2(CCCC2)C(=O)N1CC3=CC(=C(C=C3)C4=CC=CC=C4S(=O)(=O)NC5=NOC(=C5C)C)COCC,592.8,5,122.0,1,8,12
Epanolol,72014,C1=CC=C(C(=C1)C#N)OCC(CNCCNC(=O)CC2=CC=C(C=C2)O)O,369.4,0.9,115.0,4,6,10
Phenindamine,11291,CN1CCC2=C(C1)C(C3=CC=CC=C23)C4=CC=CC=C4,261.4,3.1,3.2,0,1,1
Cyclopentolate,2905,CN(C)CCOC(=O)C(C1=CC=CC=C1)C2(CCCC2)O,291.4,2.7,49.8,1,4,7
Elacridar,119373,COC1=CC=CC2=C1NC3=C(C2=O)C=CC=C3C(=O)NC4=CC=C(C=C4)CCN5CCC6=CC(=C(C=C6C5)OC)OC,563.6,5.6,89.1,2,7,8
Plecanatide,70693500,CC1C(=O)NC2CSSCC(C(=O)NC(C(=O)NC(C(=O)NC(CSSCC(NC(=O)CNC(=O)C(NC2=O)C(C)O)C(=O)NC(CC(C)C)C(=O)O)C(=O)NC(C(=O)NC(C(=O)NC(C(=O)N1)C(C)C)CC(=O)N)C(C)C)CC(C)C)CCC(=O)O)NC(=O)C(CCC(=O)O)NC(=O)C(CC(=O)O)NC(=O)C(CC(=O)N)N,1681.9,-8.2,819.0,23,31,28
Ferric pyrophosphate,24877,[O-]P(=O)([O-])OP(=O)([O-])[O-].[O-]P(=O)([O-])OP(=O)([O-])[O-].[O-]P(=O)([O-])OP(=O)([O-])[O-].[Fe+3].[Fe+3].[Fe+3].[Fe+3],745.21,,407.0,0,21,0
Dolasetron,3033818,C1C2CC3CC(CC1N3CC2=O)OC(=O)C4=CNC5=CC=CC=C54,324.4,3.4,62.4,1,4,3
1alpha-Hydroxyvitamin D5,10025615,CCC(CCC(C)C1CCC2C1(CCCC2=CC=C3CC(CC(C3=C)O)O)C)C(C)C,428.7,7.6,40.5,2,2,7
Dirithromycin,6473883,CCC1C(C2C(C(C(CC(C(C(C(C(C(=O)O1)C)OC3CC(C(C(O3)C)O)(C)OC)C)OC4C(C(CC(O4)C)N(C)C)O)(C)O)C)NC(O2)COCCOC)C)(C)O,835.1,4.2,196.0,5,16,12
Tolfenamic acid,610479,CC1=C(C=CC=C1Cl)NC2=CC=CC=C2C(=O)O,261.70,5.2,49.3,2,3,3
Ponesimod,11363176,CCCN=C1N(C(=O)C(=CC2=CC(=C(C=C2)OCC(CO)O)Cl)S1)C3=CC=CC=C3C,461.0,4.6,108.0,2,6,8
Deoxyepinephrine,4382,CNCCC1=CC(=C(C=C1)O)O,167.20,-0.5,52.5,3,3,3
Edetate calcium disodium anhydrous,6093170,C(CN(CC(=O)[O-])CC(=O)[O-])N(CC(=O)[O-])CC(=O)[O-].[Na+].[Na+].[Ca+2],374.27,,167.0,0,10,7
Dextilidine,30131,CCOC(=O)C1(CCC=CC1N(C)C)C2=CC=CC=C2,273.37,3.1,29.5,0,3,5
Trolnitrate,11499,C(CO[N+](=O)[O-])N(CCO[N+](=O)[O-])CCO[N+](=O)[O-],284.18,1.1,168.0,0,10,9
Plevitrexed,135430970,CC1=CC2=C(C=C1CN(CC#C)C3=CC(=C(C=C3)C(=O)NC(CCC4=NNN=N4)C(=O)O)F)C(=O)NC(=N2)C,532.5,1.7,166.0,4,10,10
Retapamulin,6918462,CC1CCC23CCC(=O)C2C1(C(CC(C(C3C)O)(C)C=C)OC(=O)CSC4CC5CCC(C4)N5C)C,517.8,6.1,92.1,1,6,6
Nelarabine,3011155,COC1=NC(=NC2=C1N=CN2C3C(C(C(O3)CO)O)O)N,297.27,-0.7,149.0,4,9,3
Pipotiazine,62867,CN(C)S(=O)(=O)C1=CC2=C(C=C1)SC3=CC=CC=C3N2CCCN4CCC(CC4)CCO,475.7,3.5,97.8,1,7,8
Cortisone,222786,CC12CCC(=O)C=C1CCC3C2C(=O)CC4(C3CCC4(C(=O)CO)O)C,360.4,1.5,91.7,2,5,2
Dantrolene,6914273,C1C(=O)NC(=O)N1N=CC2=CC=C(O2)C3=CC=C(C=C3)[N+](=O)[O-],314.25,1.7,121.0,1,6,3
Berberine ursodeoxycholate,137552085,CC(CCC(=O)[O-])C1CCC2C1(CCC3C2C(CC4C3(CCC(C4)O)C)O)C.COC1=C(C2=C[N+]3=C(C=C2C=C1)C4=CC5=C(C=C4CC3)OCO5)OC,727.9,,121.0,2,8,5
Neratinib,9915743,CCOC1=C(C=C2C(=C1)N=CC(=C2NC3=CC(=C(C=C3)OCC4=CC=CC=N4)Cl)C#N)NC(=O)C=CCN(C)C,557.0,4.9,112.0,2,8,11
Cefazolin,33255,CC1=NN=C(S1)SCC2=C(N3C(C(C3=O)NC(=O)CN4C=NN=N4)SC2)C(=O)O,454.5,-0.4,235.0,2,12,7
Benzquinamide,2342,CCN(CC)C(=O)C1CN2CCC3=CC(=C(C=C3C2CC1OC(=O)C)OC)OC,404.5,2.1,68.3,0,6,7
Brotizolam,2451,CC1=NN=C2N1C3=C(C=C(S3)Br)C(=NC2)C4=CC=CC=C4Cl,393.7,2.8,71.3,0,4,1
Icosapent ethyl,9831415,CCC=CCC=CCC=CCC=CCC=CCCCC(=O)OCC,330.5,6.3,26.3,0,2,15
Dolutegravir,54726191,CC1CCOC2N1C(=O)C3=C(C(=O)C(=CN3C2)C(=O)NCC4=C(C=C(C=C4)F)F)O,419.4,2.4,99.2,2,8,3
Technetium Tc-99m sestamibi,22617237,CC(C)(C[N+]#[C-])OC.CC(C)(C[N+]#[C-])OC.CC(C)(C[N+]#[C-])OC.CC(C)(C[N+]#[C-])OC.CC(C)(C[N+]#[C-])OC.CC(C)(C[N+]#[C-])OC.[Tc],775.9,,81.5,0,12,12
GE-2270A,16186054,CC1=C2C(=O)NC(C3=NC(=C(S3)COC)C(=O)NCC(=O)NC(C4=NC(=CS4)C5=NC(=CS5)C6=C(C=CC(=N6)C7=NC(=CS7)C8=NC(CO8)C(=O)N9CCCC9C(=O)N)C3=NC(=CS3)C(=O)NC(C(=N2)S1)CC(=O)NC)C(C1=CC=CC=C1)O)C(C)C,1290.5,3.3,520.0,7,24,11
Uracil mustard,6194,C1=C(C(=O)NC(=O)N1)N(CCCl)CCCl,252.09,0.5,61.4,2,3,5
Diethylstilbestrol,448537,CCC(=C(CC)C1=CC=C(C=C1)O)C2=CC=C(C=C2)O,268.3,5.1,40.5,2,2,4
Tilmicosin,5282521,CCC1C(C=C(C=CC(=O)C(CC(C(C(C(CC(=O)O1)O)C)OC2C(C(C(C(O2)C)O)N(C)C)O)CCN3CC(CC(C3)C)C)C)C)COC4C(C(C(C(O4)C)O)OC)OC,869.1,3.6,186.0,4,15,12
Acetylamino-Acetic Acid,10972,CC(=O)NCC(=O)O,117.10,-1.2,66.4,2,3,2
Spiradoline,55652,CN(C1CCC2(CCCO2)CC1N3CCCC3)C(=O)CC4=CC(=C(C=C4)Cl)Cl,425.4,4.3,32.8,0,3,4
Strontium ranelate,6918182,C(C1=C(SC(=C1C#N)N(CC(=O)[O-])CC(=O)[O-])C(=O)[O-])C(=O)[O-].[Sr+2].[Sr+2],513.5,,216.0,0,11,4
Delavirdine,5625,CC(C)NC1=C(N=CC=C1)N2CCN(CC2)C(=O)C3=CC4=C(N3)C=CC(=C4)NS(=O)(=O)C,456.6,2.4,119.0,3,7,6
Citrulline,9750,C(CC(C(=O)O)N)CNC(=O)N,175.19,-4.3,118.0,4,4,5
Bethanechol,2370,CC(C[N+](C)(C)C)OC(=O)N,161.22,0,52.3,1,2,4
Nisoldipine,4499,CC1=C(C(C(=C(N1)C)C(=O)OCC(C)C)C2=CC=CC=C2[N+](=O)[O-])C(=O)OC,388.4,3.3,110.0,1,7,7
Prostalene,6436031,CCCCCC(C)(C=CC1C(CC(C1CC=C=CCCC(=O)OC)O)O)O,380.5,2.5,87.0,3,5,12
Acipimox,5310993,CC1=CN=C(C=[N+]1[O-])C(=O)O,154.12,-1,75.7,1,4,1
Atropine,174174,CN1C2CCC1CC(C2)OC(=O)C(CO)C3=CC=CC=C3,289.4,1.8,49.8,1,4,5
Rupatadine,133017,CC1=CC(=CN=C1)CN2CCC(=C3C4=C(CCC5=C3N=CC=C5)C=C(C=C4)Cl)CC2,416.0,5.8,29.0,0,3,2
Elocalcitol,11396600,CCC(CC)(C=CCC(C)C1=CCC2C1(CCCC2=CC=C3CC(CC(C3=C)F)O)C)O,442.6,5.7,40.5,2,3,7
Olutasidenib,118955396,CC(C1=CC2=C(C=CC(=C2)Cl)NC1=O)NC3=CC=C(N(C3=O)C)C#N,354.8,2.5,85.2,2,4,3
Flurandrenolide,15209,CC1(OC2CC3C4CC(C5=CC(=O)CCC5(C4C(CC3(C2(O1)C(=O)CO)C)O)C)F)C,436.5,1.4,93.1,2,7,2
Montelukast,5281040,CC(C)(C1=CC=CC=C1CCC(C2=CC=CC(=C2)C=CC3=NC4=C(C=CC(=C4)Cl)C=C3)SCC5(CC5)CC(=O)O)O,586.2,7.7,95.7,2,5,12
Mofebutazone,16639,CCCCC1C(=O)NN(C1=O)C2=CC=CC=C2,232.28,2.7,49.4,1,2,4
Avasimibe,166558,CC(C)C1=C(C(=CC=C1)C(C)C)OS(=O)(=O)NC(=O)CC2=C(C=C(C=C2C(C)C)C(C)C)C(C)C,501.7,8.2,80.9,1,4,10
Guanabenz,5702063,C1=CC(=C(C(=C1)Cl)C=NN=C(N)N)Cl,231.08,1.7,76.8,2,2,2
Digitoxin,441207,CC1C(C(CC(O1)OC2C(OC(CC2O)OC3C(OC(CC3O)OC4CCC5(C(C4)CCC6C5CCC7(C6(CCC7C8=CC(=O)OC8)O)C)C)C)C)O)O,764.9,2.3,183.0,5,13,7
Lanreotide,6918011,CC(C)C1C(=O)NC(CSSCC(C(=O)NC(C(=O)NC(C(=O)NC(C(=O)N1)CCCCN)CC2=CNC3=CC=CC=C32)CC4=CC=C(C=C4)O)NC(=O)C(CC5=CC6=CC=CC=C6C=C5)N)C(=O)NC(C(C)O)C(=O)N,1096.3,2.5,406.0,13,14,17
Salsalate,5161,C1=CC=C(C(=C1)C(=O)OC2=CC=CC=C2C(=O)O)O,258.23,3,83.8,2,5,4
Filgotinib,49831257,C1CC1C(=O)NC2=NN3C(=N2)C=CC=C3C4=CC=C(C=C4)CN5CCS(=O)(=O)CC5,425.5,1.4,105.0,1,6,5
Sulfanilamide,5333,C1=CC(=CC=C1N)S(=O)(=O)N,172.21,-0.6,94.6,2,4,1
Acetohexamide,1989,CC(=O)C1=CC=C(C=C1)S(=O)(=O)NC(=O)NC2CCCCC2,324.4,2.4,101.0,2,4,4
Chloride ion,312,[Cl-],35.45,0.8,0.0,0,1,0
Cathinone,62258,CC(C(=O)C1=CC=CC=C1)N,149.19,1.1,43.1,1,2,2
Sitaxentan,216235,CC1=CC2=C(C=C1CC(=O)C3=C(C=CS3)S(=O)(=O)NC4=C(C(=NO4)C)Cl)OCO2,454.9,3.7,144.0,1,9,6
Fluoxymesterone,6446,CC12CCC(=O)C=C1CCC3C2(C(CC4(C3CCC4(C)O)C)O)F,336.4,2.4,57.5,2,4,0
Lortalamine,70695665,CN1CCC23C(C1)C(CC(=O)N2)C4=C(O3)C=CC(=C4)Cl,292.76,1.8,41.6,1,3,0
Vericiguat,54674461,COC(=O)NC1=C(N=C(N=C1N)C2=NN(C3=C2C=C(C=N3)F)CC4=CC=CC=C4F)N,426.4,1.5,147.0,3,10,5
D-Phenylalanine,71567,C1=CC=C(C=C1)CC(C(=O)O)N,165.19,-1.5,63.3,2,3,3
Rescinnamine,5280954,COC1C(CC2CN3CCC4=C(C3CC2C1C(=O)OC)NC5=C4C=CC(=C5)OC)OC(=O)C=CC6=CC(=C(C(=C6)OC)OC)OC,634.7,4.5,118.0,1,10,11
Etidronic acid,3305,CC(O)(P(=O)(O)O)P(=O)(O)O,206.03,-3.7,135.0,5,7,2
Dimetacrine,94280,CC1(C2=CC=CC=C2N(C3=CC=CC=C31)CCCN(C)C)C,294.4,5.4,6.5,0,2,4
Clofazimine,2794,CC(C)N=C1C=C2C(=NC3=CC=CC=C3N2C4=CC=C(C=C4)Cl)C=C1NC5=CC=C(C=C5)Cl,473.4,7.1,40.0,1,4,4
Dextropropoxyphene,10100,CCC(=O)OC(CC1=CC=CC=C1)(C2=CC=CC=C2)C(C)CN(C)C,339.5,4.2,29.5,0,3,9
Perflubutane,9638,C(C(C(F)(F)F)(F)F)(C(F)(F)F)(F)F,238.03,3.8,0.0,0,10,1
Futibatinib,71621331,COC1=CC(=CC(=C1)C#CC2=NN(C3=NC=NC(=C23)N)C4CCN(C4)C(=O)C=C)OC,418.4,2,108.0,1,7,6
Viloxazine,5666,CCOC1=CC=CC=C1OCC2CNCCO2,237.29,1.5,39.7,1,4,5
Paritaprevir,45110509,CC1=CN=C(C=N1)C(=O)NC2CCCCCC=CC3CC3(NC(=O)C4CC(CN4C2=O)OC5=NC6=CC=CC=C6C7=CC=CC=C75)C(=O)NS(=O)(=O)C8CC8,765.9,4.7,198.0,3,10,7
Guanazodine,36054,C1CCCNC(CC1)CN=C(N)N,184.28,0.1,76.4,3,2,2
Sulfanitran,5334,CC(=O)NC1=CC=C(C=C1)S(=O)(=O)NC2=CC=C(C=C2)[N+](=O)[O-],335.34,2,129.0,2,6,4
Perphenazine,4748,C1CN(CCN1CCCN2C3=CC=CC=C3SC4=C2C=C(C=C4)Cl)CCO,404.0,4.2,55.3,1,5,6
Nizofenone,4514,CCN(CC)CC1=NC=CN1C2=C(C=C(C=C2)[N+](=O)[O-])C(=O)C3=CC=CC=C3Cl,412.9,4.1,84.0,0,5,7
Chlorphenoxamine,6475,CC(C1=CC=CC=C1)(C2=CC=C(C=C2)Cl)OCCN(C)C,303.8,4.1,12.5,0,2,6
Vernakalant,9930049,COC1=C(C=C(C=C1)CCOC2CCCCC2N3CCC(C3)O)OC,349.5,2.9,51.2,1,5,7
Tadalafil,110635,CN1CC(=O)N2C(C1=O)CC3=C(C2C4=CC5=C(C=C4)OCO5)NC6=CC=CC=C36,389.4,2.3,74.9,1,4,1
Promegestone,36709,CCC(=O)C1(CCC2C1(CCC3=C4CCC(=O)C=C4CCC23)C)C,326.5,3.3,34.1,0,2,2
Remikiren,6324659,CC(C)(C)S(=O)(=O)CC(CC1=CC=CC=C1)C(=O)NC(CC2=CN=CN2)C(=O)NC(CC3CCCCC3)C(C(C4CC4)O)O,630.8,4,170.0,5,7,16
Piromidic acid,4855,CCN1C=C(C(=O)C2=CN=C(N=C21)N3CCCC3)C(=O)O,288.30,1.3,86.6,1,7,3
Formestane,11273,CC12CCC(=O)C(=C1CCC3C2CCC4(C3CCC4=O)C)O,302.4,2.6,54.4,1,3,0
Nalmefene,5284594,C=C1CCC2(C3CC4=C5C2(C1OC5=C(C=C4)O)CCN3CC6CC6)O,339.4,2.7,52.9,2,4,2
Lisdexamfetamine,11597698,CC(CC1=CC=CC=C1)NC(=O)C(CCCCN)N,263.38,1.2,81.1,3,3,8
Phensuximide,6839,CN1C(=O)CC(C1=O)C2=CC=CC=C2,189.21,0.8,37.4,0,2,1
Calyculin A,5311365,CC1C(CC2(C(C(C(O2)C(CC(C(C)C(C(C)C=C(C)C(=CC=CC(=CC#N)C)C)O)O)OC)OP(=O)(O)O)(C)C)OC1CC=CC3=COC(=N3)C(C)CCNC(=O)C(C(C(COC)N(C)C)O)O)O,1009.2,1.8,287.0,8,18,26
Imidapril,5464343,CCOC(=O)C(CCC1=CC=CC=C1)NC(C)C(=O)N2C(CN(C2=O)C)C(=O)O,405.4,-0.7,116.0,2,7,10
Sulfameter,5326,COC1=CN=C(N=C1)NS(=O)(=O)C2=CC=C(C=C2)N,280.31,0.4,116.0,2,7,4
Disopyramide,3114,CC(C)N(CCC(C1=CC=CC=C1)(C2=CC=CC=N2)C(=O)N)C(C)C,339.5,3.2,59.2,1,3,8
Cladribine,20279,C1C(C(OC1N2C=NC3=C(N=C(N=C32)Cl)N)CO)O,285.69,0.8,119.0,3,7,2
Griseofulvin,441140,CC1CC(=O)C=C(C12C(=O)C3=C(O2)C(=C(C=C3OC)OC)Cl)OC,352.8,2.2,71.1,0,6,3
Dehydrocholic acid,6674,CC(CCC(=O)O)C1CCC2C1(C(=O)CC3C2C(=O)CC4C3(CCC(=O)C4)C)C,402.5,2.6,88.5,1,5,4
Indole-3-carbinol,3712,C1=CC=C2C(=C1)C(=CN2)CO,147.17,1.1,36.0,2,1,1
Gestrinone,27812,CCC12C=CC3=C4CCC(=O)C=C4CCC3C1CCC2(C#C)O,308.4,2.2,37.3,1,2,2
Netupitant,6451149,CC1=CC=CC=C1C2=CC(=NC=C2N(C)C(=O)C(C)(C)C3=CC(=CC(=C3)C(F)(F)F)C(F)(F)F)N4CCN(CC4)C,578.6,6.8,39.7,0,10,5
Posizolid,213049,C1CN(CC=C1C2=C(C=C(C=C2F)N3CC(OC3=O)COC4=NOC=C4)F)C(=O)C(CO)O,465.4,0.5,126.0,2,10,7
Otamixaban,5496659,CC(C(CC1=CC(=CC=C1)C(=N)N)C(=O)OC)NC(=O)C2=CC=C(C=C2)C3=CC=[N+](C=C3)[O-],446.5,2,131.0,3,5,9
Moexiprilat,55331,CC(C(=O)N1CC2=CC(=C(C=C2CC1C(=O)O)OC)OC)NC(CCC3=CC=CC=C3)C(=O)O,470.5,0.5,125.0,3,8,10
17alpha-Estriol,256737,CC12CCC3C(C1CC(C2O)O)CCC4=C3C=CC(=C4)O,288.4,2.5,60.7,3,3,0
Clorobiocin,54706138,CC1=CC=C(N1)C(=O)OC2C(C(OC(C2OC)(C)C)OC3=C(C4=C(C=C3)C(=C(C(=O)O4)NC(=O)C5=CC(=C(C=C5)O)CC=C(C)C)O)Cl)O,697.1,5.3,186.0,5,11,10
Ethotoin,3292,CCN1C(=O)C(NC1=O)C2=CC=CC=C2,204.22,1,49.4,1,2,2
Betahistine,2366,CNCCC1=CC=CC=N1,136.19,0.4,24.9,1,2,3
Detomidine,56032,CC1=C(C(=CC=C1)CC2=CN=CN2)C,186.25,2.7,28.7,1,1,2
Testosterone isocaproate,231084,CC(C)CCC(=O)OC1CCC2C1(CCC3C2CCC4=CC(=O)CCC34C)C,386.6,5.5,43.4,0,3,5
Pentazocine,441278,CC1C2CC3=C(C1(CCN2CC=C(C)C)C)C=C(C=C3)O,285.4,3.3,23.5,1,2,2
4-hydroxycoumarin,54682930,C1=CC=C2C(=C1)C(=CC(=O)O2)O,162.14,1.3,46.5,1,3,0
Zinc cation,32051,[Zn+2],65.4,,0.0,0,0,0
Umbralisib,72950888,CC(C)OC1=C(C=C(C=C1)C2=NN(C3=NC=NC(=C23)N)C(C)C4=C(C(=O)C5=C(O4)C=CC(=C5)F)C6=CC(=CC=C6)F)F,571.5,5.8,105.0,1,10,6
Clometocillin,71807,CC1(C(N2C(S1)C(C2=O)NC(=O)C(C3=CC(=C(C=C3)Cl)Cl)OC)C(=O)O)C,433.3,2.7,121.0,2,6,5
Spectinomycin,15541,CC1CC(=O)C2(C(O1)OC3C(C(C(C(C3O2)NC)O)NC)O)O,332.35,-3.1,130.0,5,9,2
Tetracosactide,16129617,CC(C)C(C(=O)NCC(=O)NC(CCCCN)C(=O)NC(CCCCN)C(=O)NC(CCCNC(=N)N)C(=O)NC(CCCNC(=N)N)C(=O)N1CCCC1C(=O)NC(C(C)C)C(=O)NC(CCCCN)C(=O)NC(C(C)C)C(=O)NC(CC2=CC=C(C=C2)O)C(=O)N3CCCC3C(=O)O)NC(=O)C4CCCN4C(=O)C(CCCCN)NC(=O)CNC(=O)C(CC5=CNC6=CC=CC=C65)NC(=O)C(CCCNC(=N)N)NC(=O)C(CC7=CC=CC=C7)NC(=O)C(CC8=CNC=N8)NC(=O)C(CCC(=O)O)NC(=O)C(CCSC)NC(=O)C(CO)NC(=O)C(CC9=CC=C(C=C9)O)NC(=O)C(CO)N,2933.4,-7.9,1180.0,42,41,96
Bempedoic acid,10472693,CC(C)(CCCCCC(CCCCCC(C)(C)C(=O)O)O)C(=O)O,344.5,4.8,94.8,3,5,14
Pimozide,16362,C1CN(CCC1N2C3=CC=CC=C3NC2=O)CCCC(C4=CC=C(C=C4)F)C5=CC=C(C=C5)F,461.5,6.3,35.6,1,4,7
Cefsulodin,656575,C1C(=C(N2C(S1)C(C2=O)NC(=O)C(C3=CC=CC=C3)S(=O)(=O)O)C(=O)[O-])C[N+]4=CC=C(C=C4)C(=O)N,532.6,0.2,225.0,3,9,7
Fenyramidol,9470,C1=CC=C(C=C1)C(CNC2=CC=CC=N2)O,214.26,2,45.2,2,3,4
Flucytosine,3366,C1=NC(=O)NC(=C1F)N,129.09,-0.9,67.5,2,3,0
Hydrocortisone aceponate,68921,CCC(=O)OC1(CCC2C1(CC(C3C2CCC4=CC(=O)CCC34C)O)C)C(=O)COC(=O)C,460.6,3.3,107.0,1,7,7
Lorcaserin,11658860,CC1CNCCC2=C1C=C(C=C2)Cl,195.69,2.7,12.0,1,1,0
Metipranolol,31477,CC1=CC(=C(C(=C1OC(=O)C)C)C)OCC(CNC(C)C)O,309.4,2.7,67.8,2,5,8
Trandolapril,5484727,CCOC(=O)C(CCC1=CC=CC=C1)NC(C)C(=O)N2C3CCCCC3CC2C(=O)O,430.5,2,95.9,2,6,10
Timepidium,5476,C[N+]1(CC(CC(=C(C2=CC=CS2)C3=CC=CS3)C1)OC)C,320.5,3.3,65.7,0,3,3
Chlormezanone,2717,CN1C(S(=O)(=O)CCC1=O)C2=CC=C(C=C2)Cl,273.74,1.1,62.8,0,3,1
Iodixanol,3724,CC(=O)N(CC(CN(C1=C(C(=C(C(=C1I)C(=O)NCC(CO)O)I)C(=O)NCC(CO)O)I)C(=O)C)O)C2=C(C(=C(C(=C2I)C(=O)NCC(CO)O)I)C(=O)NCC(CO)O)I,1550.2,-3.4,339.0,13,15,22
Atracurium besylate,47320,C[N+]1(CCC2=CC(=C(C=C2C1CC3=CC(=C(C=C3)OC)OC)OC)OC)CCC(=O)OCCCCCOC(=O)CC[N+]4(CCC5=CC(=C(C=C5C4CC6=CC(=C(C=C6)OC)OC)OC)OC)C.C1=CC=C(C=C1)S(=O)(=O)[O-].C1=CC=C(C=C1)S(=O)(=O)[O-],1243.5,,258.0,0,18,26
Thonzylamine,5457,CN(C)CCN(CC1=CC=C(C=C1)OC)C2=NC=CC=N2,286.37,2.6,41.5,0,5,7
Afatinib,10184653,CN(C)CC=CC(=O)NC1=C(C=C2C(=C1)C(=NC=N2)NC3=CC(=C(C=C3)F)Cl)OC4CCOC4,485.9,3.6,88.6,2,8,8
Trofinetide,11318905,CC1(CCCN1C(=O)CN)C(=O)NC(CCC(=O)O)C(=O)O,315.32,-3.9,150.0,4,7,7
4-Hydroxytestosterone,160615,CC12CCC3C(C1CCC2O)CCC4=C(C(=O)CCC34C)O,304.4,3.2,57.5,2,3,0
Axelopran,67156338,C1CCC(CC1)CN(CCN2C3CCC2CC(C3)C4=CC(=CC=C4)C(=O)N)C(=O)C(CO)O,457.6,2.6,107.0,3,5,9
Sofpironium,86301317,CCOC(=O)C[N+]1(CCC(C1)OC(=O)C(C2CCCC2)(C3=CC=CC=C3)O)C,390.5,3.3,72.8,1,5,9
Budipine,68778,CC(C)(C)N1CCC(CC1)(C2=CC=CC=C2)C3=CC=CC=C3,293.4,5.2,3.2,0,1,3
Benzonatate,7699,CCCCNC1=CC=C(C=C1)C(=O)OCCOCCOCCOCCOCCOCCOCCOCCOCCOC,603.7,2.4,121.0,1,12,33
Pirenzepine,4848,CN1CCN(CC1)CC(=O)N2C3=CC=CC=C3C(=O)NC4=C2N=CC=C4,351.4,0.1,68.8,1,5,2
Piperazine,4837,C1CNCCN1,86.14,-1.5,24.1,2,2,0
Cangrelor,9854012,CSCCNC1=C2C(=NC(=N1)SCCC(F)(F)F)N(C=N2)C3C(C(C(O3)COP(=O)(O)OP(=O)(C(P(=O)(O)O)(Cl)Cl)O)O)O,776.4,-1,307.0,7,21,15
Carbenicillin,20824,CC1(C(N2C(S1)C(C2=O)NC(=O)C(C3=CC=CC=C3)C(=O)O)C(=O)O)C,378.4,1.1,149.0,3,7,5
Cevimeline,25137844,CC1OC2(CN3CCC2CC3)CS1,199.32,1.5,37.8,0,3,0
Elacestrant,23642301,CCNCCC1=CC=C(C=C1)CN(CC)C2=C(C=CC(=C2)OC)C3CCC4=C(C3)C=CC(=C4)O,458.6,6.3,44.7,2,4,10
Theobromine,5429,CN1C=NC2=C1C(=O)NC(=O)N2C,180.16,-0.8,67.2,1,3,0
Estramustine phosphate,259329,CC12CCC3C(C1CCC2OP(=O)(O)O)CCC4=C3C=CC(=C4)OC(=O)N(CCCl)CCCl,520.4,2.9,96.3,2,6,8
Fallypride,10021692,COC1=CC(=CC(=C1OC)C(=O)NCC2CCCN2CC=C)CCCF,364.5,3.3,50.8,1,5,10
Trimazosin,37264,CC(C)(COC(=O)N1CCN(CC1)C2=NC3=C(C(=C(C=C3C(=N2)N)OC)OC)OC)O,435.5,1.2,133.0,2,10,7
Clorsulon,43231,C1=C(C(=CC(=C1N)S(=O)(=O)N)S(=O)(=O)N)C(=C(Cl)Cl)Cl,380.7,1.2,163.0,3,7,3
Oxyphenisatin,31315,C1=CC=C2C(=C1)C(C(=O)N2)(C3=CC=C(C=C3)O)C4=CC=C(C=C4)O,317.3,3.2,69.6,3,3,2
Tucidinostat,12136798,C1=CC(=CN=C1)C=CC(=O)NCC2=CC=C(C=C2)C(=O)NC3=C(C=C(C=C3)F)N,390.4,2.3,97.1,3,5,6
Testosterone phenylpropionate,14743,CC12CCC3C(C1CCC2OC(=O)CCC4=CC=CC=C4)CCC5=CC(=O)CCC35C,420.6,5.8,43.4,0,3,5
Proscillaridin,5284613,CC1C(C(C(C(O1)OC2CCC3(C4CCC5(C(CCC5(C4CCC3=C2)O)C6=COC(=O)C=C6)C)C)O)O)O,530.6,1.9,126.0,4,8,3
Chlorsulfaquinoxaline,72462,C1=CC2=NC(=CN=C2C(=C1)Cl)NS(=O)(=O)C3=CC=C(C=C3)N,334.8,2.3,106.0,2,6,3
Cidofovir,60613,C1=CN(C(=O)N=C1N)CC(CO)OCP(=O)(O)O,279.19,-3.6,146.0,4,6,6
Talazoparib,135565082,CN1C(=NC=N1)C2C(NC3=CC(=CC4=C3C2=NNC4=O)F)C5=CC=C(C=C5)F,380.4,2.3,84.2,2,7,2
Elsamitrucin,5362259,CC1C(C(C(C(O1)OC2C(OC(C(C2(C)O)O)C)OC3=CC=CC4=C3C5=C6C7=C(C=CC(=C7C(=O)O5)C)OC(=O)C6=C4O)N)OC)O,653.6,2,206.0,5,14,5
Niclosamide,4477,C1=CC(=C(C=C1[N+](=O)[O-])Cl)NC(=O)C2=C(C=CC(=C2)Cl)O,327.12,4,95.2,2,4,2
Flavoxate,3354,CC1=C(OC2=C(C1=O)C=CC=C2C(=O)OCCN3CCCCC3)C4=CC=CC=C4,391.5,4.3,55.8,0,5,6
Isosorbide mononitrate,27661,C1C(C2C(O1)C(CO2)O[N+](=O)[O-])O,191.14,-0.4,93.7,1,6,1
Idalopirdine,21071390,C1=CC(=CC(=C1)OCC(C(F)F)(F)F)CNCCC2=CNC3=C2C=CC(=C3)F,398.4,5,37.1,2,7,9
Elcatonin,53395169,CC(C)CC1C(=O)NC(C(=O)NC(C(=O)NC(CCCCCC(=O)OCC(C(=O)NC(C(=O)N1)CC(=O)N)N)C(=O)NC(C(C)C)C(=O)NC(CC(C)C)C(=O)NCC(=O)NC(CCCCN)C(=O)NC(CC(C)C)C(=O)NC(CO)C(=O)NC(CCC(=O)N)C(=O)NC(CCC(=O)O)C(=O)NC(CC(C)C)C(=O)NC(CC2=CN=CN2)C(=O)NC(CCCCN)C(=O)NC(CC(C)C)C(=O)NC(CCC(=O)N)C(=O)NC(C(C)O)C(=O)NC(CC3=CC=C(C=C3)O)C(=O)N4CCCC4C(=O)NC(CCCNC(=N)N)C(=O)NC(C(C)O)C(=O)NC(CC(=O)O)C(=O)NC(C(C)C)C(=O)NCC(=O)NC(C)C(=O)NCC(=O)NC(C(C)O)C(=O)N5CCCC5C(=O)N)C(C)O)CO,3363.8,-14.1,1440.0,48,52,97
Iloperidone,71360,CC(=O)C1=CC(=C(C=C1)OCCCN2CCC(CC2)C3=NOC4=C3C=CC(=C4)F)OC,426.5,4.1,64.8,0,7,8
Glipizide,3478,CC1=CN=C(C=N1)C(=O)NCCC2=CC=C(C=C2)S(=O)(=O)NC(=O)NC3CCCCC3,445.5,1.9,139.0,3,6,7
Ricolinostat,53340666,C1=CC=C(C=C1)N(C2=CC=CC=C2)C3=NC=C(C=N3)C(=O)NCCCCCCC(=O)NO,433.5,3.4,107.0,3,6,11
Ondelopran,10457387,C1COCCC1CCNCC2=CC(=C(C=C2)OC3=NC=C(C=C3)C(=O)N)F,373.4,2,86.5,2,6,8
Fexofenadine,3348,CC(C)(C1=CC=C(C=C1)C(CCCN2CCC(CC2)C(C3=CC=CC=C3)(C4=CC=CC=C4)O)O)C(=O)O,501.7,3,81.0,3,5,10
Camazepam,37367,CN1C2=C(C=C(C=C2)Cl)C(=NC(C1=O)OC(=O)N(C)C)C3=CC=CC=C3,371.8,2.8,62.2,0,4,3
Aztreonam,5742832,CC1C(C(=O)N1S(=O)(=O)O)NC(=O)C(=NOC(C)(C)C(=O)O)C2=CSC(=N2)N,435.4,0.3,238.0,4,12,7
Ropivacaine,175805,CCCN1CCCCC1C(=O)NC2=C(C=CC=C2C)C,274.4,2.9,32.3,1,2,4
Dexverapamil,65808,CC(C)C(CCCN(C)CCC1=CC(=C(C=C1)OC)OC)(C#N)C2=CC(=C(C=C2)OC)OC,454.6,3.8,64.0,0,6,13
Ditazole,29088,C1=CC=C(C=C1)C2=C(OC(=N2)N(CCO)CCO)C3=CC=CC=C3,324.4,2.7,69.7,2,5,7
Norgestrienone,13313,CC12C=CC3=C4CCC(=O)C=C4CCC3C1CCC2(C#C)O,294.4,1.8,37.3,1,2,1
Caffeine,2519,CN1C=NC2=C1C(=O)N(C(=O)N2C)C,194.19,-0.1,58.4,0,3,0
Triptorelin,25074470,CC(C)CC(C(=O)NC(CCCN=C(N)N)C(=O)N1CCCC1C(=O)NCC(=O)N)NC(=O)C(CC2=CNC3=CC=CC=C32)NC(=O)C(CC4=CC=C(C=C4)O)NC(=O)C(CO)NC(=O)C(CC5=CNC6=CC=CC=C65)NC(=O)C(CC7=CN=CN7)NC(=O)C8CCC(=O)N8,1311.4,-0.3,490.0,17,15,33
Luseogliflozin,11988953,CCOC1=CC=C(C=C1)CC2=CC(=C(C=C2C)OC)C3C(C(C(C(S3)CO)O)O)O,434.5,2.9,125.0,4,7,7
Imidafenacin,6433090,CC1=NC=CN1CCC(C2=CC=CC=C2)(C3=CC=CC=C3)C(=O)N,319.4,2.7,60.9,1,2,6
Chlorhexadol,19094,CC(CC(C)(C)O)OC(C(Cl)(Cl)Cl)O,265.6,2.1,49.7,2,3,4
Bifonazole,2378,C1=CC=C(C=C1)C2=CC=C(C=C2)C(C3=CC=CC=C3)N4C=CN=C4,310.4,4.8,17.8,0,1,4
Abafungin,159326,CC1=CC(=C(C=C1)OC2=CC=CC=C2C3=CSC(=N3)NC4=NCCCN4)C,378.5,4.3,86.8,2,4,5
Benzoic acid,243,C1=CC=C(C=C1)C(=O)O,122.12,1.9,37.3,1,2,1
Prostaglandin B2,5280881,CCCCCC(C=CC1=C(C(=O)CC1)CC=CCCCC(=O)O)O,334.4,3.3,74.6,2,4,12
Nomifensine,4528,CN1CC(C2=C(C1)C(=CC=C2)N)C3=CC=CC=C3,238.33,2.6,29.3,1,2,1
Ivosidenib,71657455,C1CC(=O)N(C1C(=O)N(C2=CC(=CN=C2)F)C(C3=CC=CC=C3Cl)C(=O)NC4CC(C4)(F)F)C5=NC=CC(=C5)C#N,583.0,3.4,119.0,1,9,7
Phenazocine,14707,CC1C2CC3=C(C1(CCN2CCC4=CC=CC=C4)C)C=C(C=C3)O,321.5,3.8,23.5,1,2,3
Amifostine,2141,C(CN)CNCCSP(=O)(O)O,214.23,-4.5,121.0,4,6,7
(+)-menthol,165675,CC1CCC(C(C1)O)C(C)C,156.26,3,20.2,1,1,1
Gadoxetic acid,25203894,[H+].[H+].CCOC1=CC=C(C=C1)CC(CN(CCN(CC(=O)[O-])CC(=O)[O-])CC(=O)[O-])N(CC(=O)[O-])CC(=O)[O-].[Gd+3],681.7,,220.0,2,14,15
Brompheniramine,6834,CN(C)CCC(C1=CC=C(C=C1)Br)C2=CC=CC=N2,319.24,3.5,16.1,0,2,5
Acrivastine,5284514,CC1=CC=C(C=C1)C(=CCN2CCCC2)C3=CC=CC(=N3)C=CC(=O)O,348.4,1.6,53.4,1,4,6
Betamethasone phosphate,107782,CC1CC2C3CCC4=CC(=O)C=CC4(C3(C(CC2(C1(C(=O)COP(=O)(O)O)O)C)O)F)C,472.4,0.1,141.0,4,9,4
Bimatoprost,5311027,CCNC(=O)CCCC=CCC1C(CC(C1C=CC(CCC2=CC=CC=C2)O)O)O,415.6,2.8,89.8,4,4,12
Deoxyspergualin,91272,C(CCCN=C(N)N)CCC(=O)NC(C(=O)NCCCCNCCCN)O,387.5,-2,181.0,7,6,17
Alclometasone,5311000,CC1CC2C3C(CC4=CC(=O)C=CC4(C3C(CC2(C1(C(=O)CO)O)C)O)C)Cl,408.9,2.2,94.8,3,5,2
Exemestane,60198,CC12CCC3C(C1CCC2=O)CC(=C)C4=CC(=O)C=CC34C,296.4,3.1,34.1,0,2,0
Amibegron,3035442,CCOC(=O)COC1=CC2=C(CCC(C2)NCC(C3=CC(=CC=C3)Cl)O)C=C1,403.9,3.9,67.8,2,5,9
Isocarboxazid,3759,CC1=CC(=NO1)C(=O)NNCC2=CC=CC=C2,231.25,1.5,67.2,2,4,4
Bisacodyl,2391,CC(=O)OC1=CC=C(C=C1)C(C2=CC=C(C=C2)OC(=O)C)C3=CC=CC=N3,361.4,3.8,65.5,0,5,7
Epicriptine,65667,CCC(C)C1C(=O)N2CCCC2C3(N1C(=O)C(O3)(C(C)C)NC(=O)C4CC5C(CC6=CNC7=CC=CC5=C67)N(C4)C)O,577.7,3.1,118.0,3,6,5
Ethenzamide,3282,CCOC1=CC=CC=C1C(=O)N,165.19,1.2,52.3,1,2,3
Mitapivat,59634741,C1CC1CN2CCN(CC2)C(=O)C3=CC=C(C=C3)NS(=O)(=O)C4=CC=CC5=C4N=CC=C5,450.6,1.8,91.0,1,6,6
Mosapride,119584,CCOC1=CC(=C(C=C1C(=O)NCC2CN(CCO2)CC3=CC=C(C=C3)F)Cl)N,421.9,2.8,76.8,2,6,7
Emetine,10219,CCC1CN2CCC3=CC(=C(C=C3C2CC1CC4C5=CC(=C(C=C5CCN4)OC)OC)OC)OC,480.6,4.7,52.2,1,6,7
Norelgestromin,62930,CCC12CCC3C(C1CCC2(C#C)O)CCC4=CC(=NO)CCC34,327.5,3.6,52.8,2,3,2
Adenine,190,C1=NC2=NC=NC(=C2N1)N,135.13,-0.1,80.5,2,4,0
Higenamine,114840,C1CNC(C2=CC(=C(C=C21)O)O)CC3=CC=C(C=C3)O,271.31,2.2,72.7,4,4,2
Corticosterone,5753,CC12CCC(=O)C=C1CCC3C2C(CC4(C3CCC4C(=O)CO)C)O,346.5,1.9,74.6,2,4,2
Lymecycline,54707177,CC1(C2CC3C(C(=O)C(=C(C3(C(=O)C2=C(C4=C1C=CC=C4O)O)O)O)C(=O)NCNCCCCC(C(=O)O)N)N(C)C)O,602.6,-4.4,243.0,9,13,10
Bacampicillin,441397,CCOC(=O)OC(C)OC(=O)C1C(SC2N1C(=O)C2NC(=O)C(C3=CC=CC=C3)N)(C)C,465.5,2.7,163.0,2,9,10
Zeranol,2999413,CC1CCCC(CCCCCC2=C(C(=CC(=C2)O)O)C(=O)O1)O,322.4,4.3,87.0,3,5,0
Sapacitabine,153970,CCCCCCCCCCCCCCCC(=O)NC1=NC(=O)N(C=C1)C2C(C(C(O2)CO)O)C#N,490.6,5.2,135.0,3,6,17
Halometasone,9846332,CC1CC2C3CC(C4=CC(=O)C(=CC4(C3(C(CC2(C1(C(=O)CO)O)C)O)F)C)Cl)F,444.9,2.6,94.8,3,7,2
Tulobuterol,5606,CC(C)(C)NCC(C1=CC=CC=C1Cl)O,227.73,2.3,32.3,2,2,4
Labetalol,3869,CC(CCC1=CC=CC=C1)NCC(C2=CC(=C(C=C2)O)C(=O)N)O,328.4,3.1,95.6,4,4,8
Ethionamide,2761171,CCC1=NC=CC(=C1)C(=S)N,166.25,1.1,71.0,1,2,2
Methanesulfonyl Fluoride,11207,CS(=O)(=O)F,98.10,0.1,42.5,0,3,0
Sulfametrole,64939,COC1=NSN=C1NS(=O)(=O)C2=CC=C(C=C2)N,286.3,0.8,144.0,2,8,4
Berotralstat,137528262,C1CC1CNC(C2=CC(=C(C=C2)F)NC(=O)C3=CC(=NN3C4=CC=CC(=C4)CN)C(F)(F)F)C5=CC=CC(=C5)C#N,562.6,4.5,109.0,3,9,9
Chlortetracycline,54675777,CC1(C2CC3C(C(=O)C(=C(C3(C(=O)C2=C(C4=C(C=CC(=C41)Cl)O)O)O)O)C(=O)N)N(C)C)O,478.9,-1.3,182.0,6,9,2
Bortezomib D-mannitol,12990536,B1(OC(C(O1)C(CO)O)C(CO)O)C(CC(C)C)NC(=O)C(CC2=CC=CC=C2)NC(=O)C3=NC=CN=C3,530.4,,183.0,6,10,13
Levonorgestrel,13109,CCC12CCC3C(C1CCC2(C#C)O)CCC4=CC(=O)CCC34,312.4,3.3,37.3,1,2,2
Menadione,4055,CC1=CC(=O)C2=CC=CC=C2C1=O,172.18,2.2,34.1,0,2,0
Uracil,1174,C1=CNC(=O)NC1=O,112.09,-1.1,58.2,2,2,0
Clostebol,68947,CC12CCC3C(C1CCC2O)CCC4=C(C(=O)CCC34C)Cl,322.9,4.2,37.3,1,2,0
Hydroxyurea,3657,C(=O)(N)NO,76.055,-1.8,75.4,3,2,0
Ferulic acid,445858,COC1=C(C=CC(=C1)C=CC(=O)O)O,194.18,1.5,66.8,2,4,3
Pregnenolone,8955,CC(=O)C1CCC2C1(CCC3C2CC=C4C3(CCC(C4)O)C)C,316.5,4.2,37.3,1,2,1
Estradiol cypionate,9403,CC12CCC3C(C1CCC2OC(=O)CCC4CCCC4)CCC5=C3C=CC(=C5)O,396.6,7.1,46.5,1,3,5
Betulinic Acid,64971,CC(=C)C1CCC2(C1C3CCC4C5(CCC(C(C5CCC4(C3(CC2)C)C)(C)C)O)C)C(=O)O,456.7,8.2,57.5,2,3,2
Papaverine,4680,COC1=C(C=C(C=C1)CC2=NC=CC3=CC(=C(C=C32)OC)OC)OC,339.4,3.9,49.8,0,5,6
Mebicar,122282,CN1C2C(N(C1=O)C)N(C(=O)N2C)C,198.22,-0.9,47.1,0,2,0
Cirazoline,2765,C1CC1C2=CC=CC=C2OCC3=NCCN3,216.28,1.8,33.6,1,2,4
Meloxicam,54677470,CC1=CN=C(S1)NC(=O)C2=C(C3=CC=CC=C3S(=O)(=O)N2C)O,351.4,3,136.0,2,7,2
Trestolone acetate,10246085,CC1CC2=CC(=O)CCC2C3C1C4CCC(C4(CC3)C)OC(=O)C,330.5,3.4,43.4,0,3,2
Emodin,3220,CC1=CC2=C(C(=C1)O)C(=O)C3=C(C2=O)C=C(C=C3O)O,270.24,2.7,94.8,3,5,0
Pilocarpine,5910,CCC1C(COC1=O)CC2=CN=CN2C,208.26,1.1,44.1,0,3,3
Batefenterol,10372836,COC1=CC(=C(C=C1CNCC(C2=C3C=CC(=O)NC3=C(C=C2)O)O)Cl)NC(=O)CCN4CCC(CC4)OC(=O)NC5=CC=CC=C5C6=CC=CC=C6,740.2,4.4,161.0,6,9,14
Nigericin,34230,CC1CCC(OC1C(C)C(=O)O)CC2CC(C(C3(O2)C(CC(O3)(C)C4CCC(O4)(C)C5C(CC(O5)C6C(CC(C(O6)(CO)O)C)C)C)C)C)OC,725.0,5.5,142.0,3,11,9
Trovafloxacin,62959,C1C2C(C2N)CN1C3=C(C=C4C(=O)C(=CN(C4=N3)C5=C(C=C(C=C5)F)F)C(=O)O)F,416.4,0.3,99.8,2,10,3
Gefitinib,123631,COC1=C(C=C2C(=C1)N=CN=C2NC3=CC(=C(C=C3)F)Cl)OCCCN4CCOCC4,446.9,4.1,68.7,1,8,8
Benzbromarone,2333,CCC1=C(C2=CC=CC=C2O1)C(=O)C3=CC(=C(C(=C3)Br)O)Br,424.1,5.7,50.4,1,3,3
Florfenicol,114811,CS(=O)(=O)C1=CC=C(C=C1)C(C(CF)NC(=O)C(Cl)Cl)O,358.2,0.8,91.9,2,5,6
Ormeloxifene,35805,CC1(C(C(C2=C(O1)C=C(C=C2)OC)C3=CC=C(C=C3)OCCN4CCCC4)C5=CC=CC=C5)C,457.6,6.2,30.9,0,4,7
Alogliptin,11450633,CN1C(=O)C=C(N(C1=O)CC2=CC=CC=C2C#N)N3CCCC(C3)N,339.4,0.6,93.7,1,5,3
Dovitinib,135398510,CN1CCN(CC1)C2=CC3=C(C=C2)N=C(N3)C4=C(C5=C(C=CC=C5F)NC4=O)N,392.4,1.6,90.3,3,6,2
"(2R)-1-(2,6-dimethylphenoxy)propan-2-amine",180621,CC1=C(C(=CC=C1)C)OCC(C)N,179.26,2.1,35.3,1,2,3
Equol,91469,C1C(COC2=C1C=CC(=C2)O)C3=CC=C(C=C3)O,242.27,3,49.7,2,3,1
Ferric maltol,169535,CC1=C(C(=O)C=CO1)[O-].CC1=C(C(=O)C=CO1)[O-].CC1=C(C(=O)C=CO1)[O-].[Fe+3],431.2,,148.0,0,9,0
Rivoceranib,11315474,C1CCC(C1)(C#N)C2=CC=C(C=C2)NC(=O)C3=C(N=CC=C3)NCC4=CC=NC=C4,397.5,4.1,90.7,2,5,6
Sugammadex,6918585,C(CSCC1C2C(C(C(O1)OC3C(OC(C(C3O)O)OC4C(OC(C(C4O)O)OC5C(OC(C(C5O)O)OC6C(OC(C(C6O)O)OC7C(OC(C(C7O)O)OC8C(OC(C(C8O)O)OC9C(OC(O2)C(C9O)O)CSCCC(=O)O)CSCCC(=O)O)CSCCC(=O)O)CSCCC(=O)O)CSCCC(=O)O)CSCCC(=O)O)CSCCC(=O)O)O)O)C(=O)O,2002.2,-10.5,972.0,24,56,40
Molsidomine,5353788,CCOC(=NC1=C[N+](=NO1)N2CCOCC2)[O-],242.23,2.2,87.0,0,7,4
Larotrectinib,46188928,C1CC(N(C1)C2=NC3=C(C=NN3C=C2)NC(=O)N4CCC(C4)O)C5=C(C=CC(=C5)F)F,428.4,1.7,86.0,2,7,3
Biricodar,3037617,COC1=CC(=CC(=C1OC)OC)C(=O)C(=O)N2CCCCC2C(=O)OC(CCCC3=CN=CC=C3)CCCC4=CN=CC=C4,603.7,5.2,117.0,0,9,16
Diflorasone,71415,CC1CC2C3CC(C4=CC(=O)C=CC4(C3(C(CC2(C1(C(=O)CO)O)C)O)F)C)F,410.5,1.9,94.8,3,7,2
Toremifene,3005573,CN(C)CCOC1=CC=C(C=C1)C(=C(CCCl)C2=CC=CC=C2)C3=CC=CC=C3,406.0,7.2,12.5,0,2,9
Histamine,774,C1=C(NC=N1)CCN,111.15,-0.7,54.7,2,2,2
Sodium zirconium cyclosilicate,155804812,[O-][Si]1(O[Si](O[Si](O1)([O-])[O-])([O-])[O-])[O-].[Na+].[Na+].[Zr+4],365.45,,166.0,0,9,0
Somatostatin,16129706,CC(C1C(=O)NC(C(=O)NC(C(=O)NC(C(=O)NC(CSSCC(C(=O)NC(C(=O)NC(C(=O)NC(C(=O)NC(C(=O)NC(C(=O)NC(C(=O)N1)CCCCN)CC2=CNC3=CC=CC=C32)CC4=CC=CC=C4)CC5=CC=CC=C5)CC(=O)N)CCCCN)NC(=O)CNC(=O)C(C)N)C(=O)O)CO)C(C)O)CC6=CC=CC=C6)O,1637.9,-3.1,664.0,22,24,26
Pazufloxacin,65957,CC1COC2=C3N1C=C(C(=O)C3=CC(=C2C4(CC4)N)F)C(=O)O,318.30,-0.8,92.9,2,7,2
Gadodiamide,153921,CNC(=O)CN(CCN(CCN(CC(=O)NC)CC(=O)[O-])CC(=O)[O-])CC(=O)[O-].[Gd+3],573.66,,188.0,2,11,13
2-(4-Chlorophenyl)-5-Quinoxalinecarboxamide,657038,C1=CC(=C2C(=C1)N=CC(=N2)C3=CC=C(C=C3)Cl)C(=O)N,283.71,2.4,68.9,1,3,2
Clinafloxacin,60063,C1CC1N2C=C(C(=O)C3=CC(=C(C(=C32)Cl)N4CCC(C4)N)F)C(=O)O,365.8,0.4,86.9,2,7,3
Seratrodast,2449,CC1=C(C(=O)C(=C(C1=O)C)C(CCCCCC(=O)O)C2=CC=CC=C2)C,354.4,4.4,71.4,1,4,8
Eprinomectin,6450531,CC1C=CC=C2COC3C2(C(C=C(C3O)C)C(=O)OC4CC(CC=C(C1OC5CC(C(C(O5)C)OC6CC(C(C(O6)C)NC(=O)C)OC)OC)C)OC7(C4)C=CC(C(O7)C(C)C)C)O,900.1,3.5,179.0,3,14,8
Polaprezinc,9817450,C1=C(N=C[N-]1)CC(C(=O)[O-])NC(=O)CCN.[Zn+2],289.6,,109.0,2,6,5
Azimilide,9571004,CN1CCN(CC1)CCCCN2C(=O)CN(C2=O)N=CC3=CC=C(O3)C4=CC=C(C=C4)Cl,458.0,3.2,72.6,0,6,8
Tucatinib,51039094,CC1=C(C=CC(=C1)NC2=NC=NC3=C2C=C(C=C3)NC4=NC(CO4)(C)C)OC5=CC6=NC=NN6C=C5,480.5,4,111.0,2,8,6
Tafamidis,11001318,C1=CC2=C(C=C1C(=O)O)OC(=N2)C3=CC(=CC(=C3)Cl)Cl,308.1,4.2,63.3,1,4,2
Etoglucid,16058,C1C(O1)COCCOCCOCCOCC2CO2,262.30,-1,62.0,0,6,13
Setrobuvir,135565932,CS(=O)(=O)NC1=CC2=C(C=C1)NC(=NS2(=O)=O)C3=C(C4C5CCC(C5)C4N(C3=O)CC6=CC=C(C=C6)F)O,560.6,1.7,162.0,3,9,5
Bergapten,2355,COC1=C2C=CC(=O)OC2=CC3=C1C=CO3,216.19,2.3,48.7,0,4,1
Atorvastatin,60823,CC(C)C1=C(C(=C(N1CCC(CC(CC(=O)O)O)O)C2=CC=C(C=C2)F)C3=CC=CC=C3)C(=O)NC4=CC=CC=C4,558.6,5,112.0,4,6,12
Cocaine,446220,CN1C2CCC1C(C(C2)OC(=O)C3=CC=CC=C3)C(=O)OC,303.35,2.3,55.8,0,5,5
Triptolide,107985,CC(C)C12C(O1)C3C4(O3)C5(CCC6=C(C5CC7C4(C2O)O7)COC6=O)C,360.4,0.2,84.1,1,6,1
Clofarabine,119182,C1=NC2=C(N=C(N=C2N1C3C(C(C(O3)CO)O)F)Cl)N,303.68,0.9,119.0,3,8,2
Bedaquiline,5388906,CN(C)CCC(C1=CC=CC2=CC=CC=C21)(C(C3=CC=CC=C3)C4=C(N=C5C=CC(=CC5=C4)Br)OC)O,555.5,7.2,45.6,1,4,8
Mitiglinide,121891,C1CCC2CN(CC2C1)C(=O)CC(CC3=CC=CC=C3)C(=O)O,315.4,3,57.6,1,3,5
Nicergoline,34040,CN1CC(CC2(C1CC3=CN(C4=CC=CC2=C34)C)OC)COC(=O)C5=CC(=CN=C5)Br,484.4,3.2,56.6,0,5,5
Clemastine,26987,CC(C1=CC=CC=C1)(C2=CC=C(C=C2)Cl)OCCC3CCCN3C,343.9,5,12.5,0,2,6
Zolpidem,5732,CC1=CC=C(C=C1)C2=C(N3C=C(C=CC3=N2)C)CC(=O)N(C)C,307.4,2.5,37.6,0,2,3
Nilutamide,4493,CC1(C(=O)N(C(=O)N1)C2=CC(=C(C=C2)[N+](=O)[O-])C(F)(F)F)C,317.22,2,95.2,1,7,1
Sulfamazone,187764,CC1=C(C(=O)N(N1C)C2=CC=CC=C2)C(NC3=CC=C(C=C3)S(=O)(=O)NC4=NN=C(C=C4)OC)S(=O)(=O)O,560.6,1.6,188.0,3,12,9
Tazarotene,5381,CCOC(=O)C1=CN=C(C=C1)C#CC2=CC3=C(C=C2)SCCC3(C)C,351.5,4.9,64.5,0,4,5
Rosiglitazone,77999,CN(CCOC1=CC=C(C=C1)CC2C(=O)NC(=O)S2)C3=CC=CC=N3,357.4,3.1,96.8,1,6,7
Prostaglandin D2,448457,CCCCCC(C=CC1C(C(CC1=O)O)CC=CCCCC(=O)O)O,352.5,2.6,94.8,3,5,12
Dantron,2950,C1=CC2=C(C(=C1)O)C(=O)C3=C(C2=O)C=CC=C3O,240.21,3.2,74.6,2,4,0
Amsacrine,2179,COC1=C(C=CC(=C1)NS(=O)(=O)C)NC2=C3C=CC=CC3=NC4=CC=CC=C42,393.5,4,88.7,2,6,5
Felbamate,3331,C1=CC=C(C=C1)C(COC(=O)N)COC(=O)N,238.24,0.6,105.0,2,4,7
Lanthanum III cation,104897,[La+3],138.9055,,0.0,0,0,0
Ronifibrate,68671,CC(C)(C(=O)OCCCOC(=O)C1=CN=CC=C1)OC2=CC=C(C=C2)Cl,377.8,3.9,74.7,0,6,10
Azacitidine,9444,C1=NC(=NC(=O)N1C2C(C(C(O2)CO)O)O)N,244.20,-2.2,141.0,4,5,2
Tefinostat,15940949,C1CCC(C1)OC(=O)C(C2=CC=CC=C2)NCC3=CC=C(C=C3)NC(=O)CCCCCCC(=O)NO,495.6,3.8,117.0,4,6,15
Cefprozil,62977,CC=CC1=C(N2C(C(C2=O)NC(=O)C(C3=CC=C(C=C3)O)N)SC1)C(=O)O,389.4,-1.4,158.0,4,7,5
Clavulanic acid,5280980,C1C2N(C1=O)C(C(=CCO)O2)C(=O)O,199.16,-1.2,87.1,2,5,2
Blonanserin,125564,CCN1CCN(CC1)C2=NC3=C(CCCCCC3)C(=C2)C4=CC=C(C=C4)F,367.5,5.5,19.4,0,4,3
Fulvestrant,104741,CC12CCC3C(C1CCC2O)C(CC4=C3C=CC(=C4)O)CCCCCCCCCS(=O)CCCC(C(F)(F)F)(F)F,606.8,9.2,76.7,2,9,14
Desoximetasone,5311067,CC1CC2C3CCC4=CC(=O)C=CC4(C3(C(CC2(C1C(=O)CO)C)O)F)C,376.5,2.3,74.6,2,5,2
2-Methoxyestradiol,66414,CC12CCC3C(C1CCC2O)CCC4=CC(=C(C=C34)OC)O,302.4,4,49.7,2,3,1
Dextofisopam,204105,CCC1C(=NN=C(C2=CC(=C(C=C12)OC)OC)C3=CC(=C(C=C3)OC)OC)C,382.5,3.2,61.6,0,6,6
Aliskiren,5493444,CC(C)C(CC1=CC(=C(C=C1)OC)OCCCOC)CC(C(CC(C(C)C)C(=O)NCC(C)(C)C(=O)N)O)N,551.8,3.5,146.0,4,7,19
Fluoroestradiol F-18,10869981,CC12CCC3C(C1CC(C2O)F)CCC4=C3C=CC(=C4)O,289.4,3.5,40.5,2,3,0
Pimecrolimus,6509979,CCC1C=C(CC(CC(C2C(CC(C(O2)(C(=O)C(=O)N3CCCCC3C(=O)OC(C(C(CC1=O)O)C)C(=CC4CCC(C(C4)OC)Cl)C)O)C)OC)OC)C)C,810.4,3.8,158.0,2,11,6
Etofenamate,35375,C1=CC=C(C(=C1)C(=O)OCCOCCO)NC2=CC=CC(=C2)C(F)(F)F,369.3,4.7,67.8,2,8,9
Lactitol,157355,C(C1C(C(C(C(O1)OC(C(CO)O)C(C(CO)O)O)O)O)O)O,344.31,-5.2,201.0,9,11,8
Methylselenocysteine,147004,C[Se]CC(C(=O)O)N,182.09,,63.3,2,3,3
Acetophenazine,17676,CC(=O)C1=CC2=C(C=C1)SC3=CC=CC=C3N2CCCN4CCN(CC4)CCO,411.6,2.6,72.3,1,6,7
Pyrimethamine,4993,CCC1=C(C(=NC(=N1)N)N)C2=CC=C(C=C2)Cl,248.71,2.7,77.8,2,4,2
Moclobemide,4235,C1COCCN1CCNC(=O)C2=CC=C(C=C2)Cl,268.74,1.5,41.6,1,3,4
Aurothioglucose,6104,C(C1C(C(C(C(O1)[S-])O)O)O)O.[Au+],392.18,,91.2,4,6,1
Benzphetamine,5311017,CC(CC1=CC=CC=C1)N(C)CC2=CC=CC=C2,239.35,4.1,3.2,0,1,5
Belumosudil,11950170,CC(C)NC(=O)COC1=CC=CC(=C1)C2=NC3=CC=CC=C3C(=N2)NC4=CC5=C(C=C4)NN=C5,452.5,4.8,105.0,3,6,7
ORM-12741,71301276,CC1(CCCN2C1C3=C(CC2)C4=CC=CC=C4O3)COC,285.4,3.3,25.6,0,3,2
Acamprosate,71158,CC(=O)NCCCS(=O)(=O)O,181.21,-1.2,91.9,2,4,4
Streptolydigin,54708748,CC1C2C=CC3(CO3)C(O2)(OC1C(C)C=C(C)C=CC(=C4C(=O)C(N(C4=O)C5CCC(C(O5)C)O)C(C)C(=O)NC)O)C,600.7,3.1,147.0,3,9,7
Phenoxymethylpenicillin,6869,CC1(C(N2C(S1)C(C2=O)NC(=O)COC3=CC=CC=C3)C(=O)O)C,350.4,2.1,121.0,2,6,5
Chloramphenicol,5959,C1=CC(=CC=C1C(C(CO)NC(=O)C(Cl)Cl)O)[N+](=O)[O-],323.13,1.1,115.0,3,5,5
Geranyl Diphosphate,445995,CC(=CCCC(=CCOP(=O)(O)OP(=O)(O)O)C)C,314.21,0.7,113.0,3,7,8
Phenyl aminosalicylate,8609,C1=CC=C(C=C1)OC(=O)C2=C(C=C(C=C2)N)O,229.23,3.2,72.6,2,4,3
Hyodeoxycholic Acid,5283820,CC(CCC(=O)O)C1CCC2C1(CCC3C2CC(C4C3(CCC(C4)O)C)O)C,392.6,4.9,77.8,3,4,4
Dimethyl fumarate,637568,COC(=O)C=CC(=O)OC,144.12,0.7,52.6,0,4,4
Tropisetron,656665,CN1C2CCC1CC(C2)OC(=O)C3=CNC4=CC=CC=C43,284.35,3.8,45.3,1,3,3
Brinzolamide,68844,CCNC1CN(S(=O)(=O)C2=C1C=C(S2)S(=O)(=O)N)CCCOC,383.5,-0.3,164.0,2,9,7
Fenthion,3346,CC1=C(C=CC(=C1)OP(=S)(OC)OC)SC,278.3,4.1,85.1,0,5,5
Naringenin,439246,C1C(OC2=CC(=CC(=C2C1=O)O)O)C3=CC=C(C=C3)O,272.25,2.4,87.0,3,5,1
Glyburide,3488,COC1=C(C=C(C=C1)Cl)C(=O)NCCC2=CC=C(C=C2)S(=O)(=O)NC(=O)NC3CCCCC3,494.0,4.8,122.0,3,5,8
Paraoxon,9395,CCOP(=O)(OCC)OC1=CC=C(C=C1)[N+](=O)[O-],275.19,2,90.6,0,6,6
Triflusal,9458,CC(=O)OC1=C(C=CC(=C1)C(F)(F)F)C(=O)O,248.15,2.1,63.6,1,7,3
Trichloroethylene,6575,C(=C(Cl)Cl)Cl,131.38,2.6,0.0,0,0,0
Ramelteon,208902,CCC(=O)NCCC1CCC2=C1C3=C(C=C2)OCC3,259.34,2.7,38.3,1,2,4
Niraparib,24958200,C1CC(CNC1)C2=CC=C(C=C2)N3C=C4C=CC=C(C4=N3)C(=O)N,320.4,2.2,72.9,2,3,3
Benzylthiouracil,685814,C1=CC=C(C=C1)CC2=CC(=O)NC(=S)N2,218.28,1.6,73.2,2,2,2
Ferrous fumarate,6433164,C(=CC(=O)[O-])C(=O)[O-].[Fe+2],169.90,,80.3,0,4,0
Moxestrol,11954041,CC12CC(C3C(C1CCC2(C#C)O)CCC4=C3C=CC(=C4)O)OC,326.4,3,49.7,2,3,2
1-Testosterone,236666,CC12CCC3C(C1CCC2O)CCC4C3(C=CC(=O)C4)C,288.4,4,37.3,1,2,0
Hyperforin,441298,CC(C)C(=O)C12C(=O)C(=C(C(C1=O)(CC(C2(C)CCC=C(C)C)CC=C(C)C)CC=C(C)C)O)CC=C(C)C,536.8,9.6,71.4,1,4,11
Cinacalcet,156419,CC(C1=CC=CC2=CC=CC=C21)NCCCC3=CC(=CC=C3)C(F)(F)F,357.4,6.1,12.0,1,4,6
Dactolisib,11977753,CC(C)(C#N)C1=CC=C(C=C1)N2C3=C4C=C(C=CC4=NC=C3N(C2=O)C)C5=CC6=CC=CC=C6N=C5,469.5,5.2,73.1,0,4,3
Duloxetine,60835,CNCCC(C1=CC=CS1)OC2=CC=CC3=CC=CC=C32,297.4,4.3,49.5,1,3,6
Forasartan,132706,CCCCC1=NN(C(=N1)CCCC)CC2=CN=C(C=C2)C3=CC=CC=C3C4=NNN=N4,416.5,4.9,98.1,1,6,10
Formononetin,5280378,COC1=CC=C(C=C1)C2=COC3=C(C2=O)C=CC(=C3)O,268.26,2.8,55.8,1,4,2
Metoprine,24466,CC1=C(C(=NC(=N1)N)N)C2=CC(=C(C=C2)Cl)Cl,269.13,2.8,77.8,2,4,1
Diethylcarbamazine,3052,CCN(CC)C(=O)N1CCN(CC1)C,199.29,0.3,26.8,0,2,2
Vibegron,44472635,C1CC(NC1CC2=CC=C(C=C2)NC(=O)C3CCC4=NC=CC(=O)N34)C(C5=CC=CC=C5)O,444.5,1.8,94.0,3,5,6
Motexafin gadolinium,158385,CCC1=C(C2=CC3=NC(=CN=C4C=C(C(=CC4=NC=C5C(=C(C(=N5)C=C1[N-]2)CCCO)C)OCCOCCOCCOC)OCCOCCOCCOC)C(=C3CCCO)C)CC.CC(=O)[O-].CC(=O)[O-].[Gd+3],1148.4,,245.0,2,19,28
Stanozolol,25249,CC12CCC3C(C1CCC2(C)O)CCC4C3(CC5=C(C4)NN=C5)C,328.5,4.5,48.9,2,2,0
Almotriptan,123606,CN(C)CCC1=CNC2=C1C=C(C=C2)CS(=O)(=O)N3CCCC3,335.5,1.6,64.8,1,4,6
Dezocine,3033053,CC12CCCCCC(C1N)CC3=C2C=C(C=C3)O,245.36,3.7,46.3,2,2,0
Phenothiazine,7108,C1=CC=C2C(=C1)NC3=CC=CC=C3S2,199.27,4.2,37.3,1,2,0
Mevastatin,64715,CCC(C)C(=O)OC1CCC=C2C1C(C(C=C2)C)CCC3CC(CC(=O)O3)O,390.5,3.9,72.8,1,5,7
Chloroform,6212,C(Cl)(Cl)Cl,119.37,2.3,0.0,0,0,0
Amiloride,16231,C1(=C(N=C(C(=N1)Cl)N)N)C(=O)N=C(N)N,229.63,-0.7,159.0,4,5,1
OXI-4503,6918546,COC1=C(C(=C(C=C1)C=CC2=CC(=C(C(=C2)OC)OC)OC)OP(=O)(O)O)OP(=O)(O)O,492.3,0.8,170.0,4,12,10
Etretinate,5282375,CCOC(=O)C=C(C)C=CC=C(C)C=CC1=C(C(=C(C=C1C)OC)C)C,354.5,6.8,35.5,0,3,8
Enzalutamide,15951529,CC1(C(=O)N(C(=S)N1C2=CC(=C(C=C2)C(=O)NC)F)C3=CC(=C(C=C3)C#N)C(F)(F)F)C,464.4,3.6,109.0,1,8,3
Roxadustat,11256664,CC1=C2C=C(C=CC2=C(C(=N1)C(=O)NCC(=O)O)O)OC3=CC=CC=C3,352.3,3.4,109.0,3,6,5
Mebhydrolin,22530,CN1CCC2=C(C1)C3=CC=CC=C3N2CC4=CC=CC=C4,276.4,3.5,8.2,0,1,2
Farnesyl diphosphate,445713,CC(=CCCC(=CCCC(=CCOP(=O)(O)OP(=O)(O)O)C)C)C,382.33,2.6,113.0,3,7,11
Cerium oxalate,165565,C(=O)(C(=O)[O-])[O-].C(=O)(C(=O)[O-])[O-].C(=O)(C(=O)[O-])[O-].[Ce+3].[Ce+3],544.29,,241.0,0,12,0
Felcisetrag,11961293,CC(C)C1=NC2=C(C=CC=C2N1)C(=O)NCC3CCN(CC3)CC4CCN(CC4)C(=O)OC,455.6,3.4,90.6,2,5,7
Nandrolone phenpropionate,229455,CC12CCC3C(C1CCC2OC(=O)CCC4=CC=CC=C4)CCC5=CC(=O)CCC35,406.6,5.1,43.4,0,3,5
Proguanil,6178111,CC(C)N=C(N)N=C(N)NC1=CC=C(C=C1)Cl,253.73,1.5,88.8,3,1,4
Equilenin,444865,CC12CCC3=C(C1CCC2=O)C=CC4=C3C=CC(=C4)O,266.3,3.5,37.3,1,2,0
Cymarin,441853,CC1C(C(CC(O1)OC2CCC3(C4CCC5(C(CCC5(C4CCC3(C2)O)O)C6=CC(=O)OC6)C)C=O)OC)O,548.7,0.8,132.0,3,9,5
Benzhydrocodone,49836084,CN1CCC23C4C1CC5=C2C(=C(C=C5)OC)OC3C(=CC4)OC(=O)C6=CC=CC=C6,403.5,4.1,48.0,0,5,4
GLPG-0492,59317190,CN1C(=O)N(C(=O)C1(CO)C2=CC=CC=C2)C3=CC(=C(C=C3)C#N)C(F)(F)F,389.3,2.9,84.6,1,7,3
Ergocalciferol,5280793,CC(C)C(C)C=CC(C)C1CCC2C1(CCCC2=CC=C3CC(CCC3=C)O)C,396.6,7.4,20.2,1,1,5
(6R)-Folinic acid,135484651,C1C(N(C2=C(N1)N=C(NC2=O)N)C=O)CNC3=CC=C(C=C3)C(=O)NC(CCC(=O)O)C(=O)O,473.4,-1.2,216.0,7,10,9
Simfibrate,5217,CC(C)(C(=O)OCCCOC(=O)C(C)(C)OC1=CC=C(C=C1)Cl)OC2=CC=C(C=C2)Cl,469.4,6.2,71.1,0,6,12
Aspartame,134601,COC(=O)C(CC1=CC=CC=C1)NC(=O)C(CC(=O)O)N,294.30,-2.7,119.0,3,6,8
Seliciclib,160355,CCC(CO)NC1=NC(=C2C(=N1)N(C=N2)C(C)C)NCC3=CC=CC=C3,354.4,3.2,87.9,3,6,8
Sulfametomidine,19596,CC1=NC(=CC(=N1)OC)NS(=O)(=O)C2=CC=C(C=C2)N,294.33,0.6,116.0,2,7,4
Demecolcine,220401,CNC1CCC2=CC(=C(C(=C2C3=CC=C(C(=O)C=C13)OC)OC)OC)OC,371.4,1.4,66.0,1,6,5
Propicillin,92879,CCC(C(=O)NC1C2N(C1=O)C(C(S2)(C)C)C(=O)O)OC3=CC=CC=C3,378.4,2.7,121.0,2,6,6
Docetaxel,148124,CC1=C2C(C(=O)C3(C(CC4C(C3C(C(C2(C)C)(CC1OC(=O)C(C(C5=CC=CC=C5)NC(=O)OC(C)(C)C)O)O)OC(=O)C6=CC=CC=C6)(CO4)OC(=O)C)O)C)O,807.9,1.6,224.0,5,14,13
Dihydralazine,10230,C1=CC=C2C(=C1)C(=NN=C2NN)NN,190.21,0.2,102.0,4,6,2
Phthalylsulfathiazole,4806,C1=CC=C(C(=C1)C(=O)NC2=CC=C(C=C2)S(=O)(=O)NC3=NC=CS3)C(=O)O,403.4,1.1,162.0,3,8,6
Betrixaban,10275777,CN(C)C(=N)C1=CC=C(C=C1)C(=O)NC2=C(C=C(C=C2)OC)C(=O)NC3=NC=C(C=C3)Cl,451.9,3.6,107.0,3,5,7
Tripelennamine,5587,CN(C)CCN(CC1=CC=CC=C1)C2=CC=CC=N2,255.36,3.3,19.4,0,3,6
Bictegravir,90311989,C1CC2CC1N3C(O2)CN4C=C(C(=O)C(=C4C3=O)O)C(=O)NCC5=C(C=C(C=C5F)F)F,449.4,2.7,99.2,2,9,3
Lincomycin,3000540,CCCC1CC(N(C1)C)C(=O)NC(C2C(C(C(C(O2)SC)O)O)O)C(C)O,406.5,0.2,148.0,5,8,7
2-chloroethyl-3-sarcosinamide-1-nitrosourea,100773,CN(CC(=O)N)C(=O)N(CCCl)N=O,222.63,-1,96.1,1,4,4
4-Oxoretinol,5289090,CC1=C(C(CCC1=O)(C)C)C=CC(=CC=CC(=CCO)C)C,300.4,4.6,37.3,1,2,5
Upadacitinib,58557659,CCC1CN(CC1C2=CN=C3N2C4=C(NC=C4)N=C3)C(=O)NCC(F)(F)F,380.4,2.7,78.3,2,6,3
Mebeverine,4031,CCN(CCCCOC(=O)C1=CC(=C(C=C1)OC)OC)C(C)CC2=CC=C(C=C2)OC,429.5,5.2,57.2,0,6,14
Finafloxacin,11567473,C1CC1N2C=C(C(=O)C3=CC(=C(C(=C32)C#N)N4CC5C(C4)OCCN5)F)C(=O)O,398.4,-0.7,106.0,2,9,3
Clofibride,160134,CC(C)(C(=O)OCCCC(=O)N(C)C)OC1=CC=C(C=C1)Cl,327.80,2.8,55.8,0,4,8
Poldine,11018,C[N+]1(CCCC1COC(=O)C(C2=CC=CC=C2)(C3=CC=CC=C3)O)C,340.4,3.2,46.5,1,3,6
Methyl-1-testosterone,7092657,CC12CCC3C(C1CCC2(C)O)CCC4C3(C=CC(=O)C4)C,302.5,4.1,37.3,1,2,0
Dequalinium,2993,CC1=[N+](C2=CC=CC=C2C(=C1)N)CCCCCCCCCC[N+]3=C(C=C(C4=CC=CC=C43)N)C,456.7,7.3,59.8,2,2,11
Eticlopride,57267,CCC1=CC(=C(C(=C1O)C(=O)NCC2CCCN2CC)OC)Cl,340.8,3.1,61.8,2,4,6
Delamanid,6480466,CC1(CN2C=C(N=C2O1)[N+](=O)[O-])COC3=CC=C(C=C3)N4CCC(CC4)OC5=CC=C(C=C5)OC(F)(F)F,534.5,5.6,104.0,0,11,7
Amrinone,3698,C1=CN=CC=C1C2=CNC(=O)C(=C2)N,187.20,-0.2,68.0,2,3,1
"6S-5,6,7,8-Tetrahydrobiopterin",135509079,CC(C(C1CNC2=C(N1)C(=O)NC(=N2)N)O)O,241.25,-1.9,132.0,6,6,2
Dapoxetine,71353,CN(C)C(CCOC1=CC=CC2=CC=CC=C21)C3=CC=CC=C3,305.4,5.1,12.5,0,2,6
Oxamniquine,4612,CC(C)NCC1CCC2=CC(=C(C=C2N1)[N+](=O)[O-])CO,279.33,2.2,90.1,3,5,4
Flunisolide,82153,CC1(OC2CC3C4CC(C5=CC(=O)C=CC5(C4C(CC3(C2(O1)C(=O)CO)C)O)C)F)C,434.5,2.5,93.1,2,7,2
Travoprost,5282226,CC(C)OC(=O)CCCC=CCC1C(CC(C1C=CC(COC2=CC=CC(=C2)C(F)(F)F)O)O)O,500.5,4.1,96.2,3,9,13
Fosmidomycin,572,C(CN(C=O)O)CP(=O)(O)O,183.10,-2.2,98.1,3,5,4
Micronomicin,3037206,CC1(COC(C(C1NC)O)OC2C(CC(C(C2O)OC3C(CCC(O3)CNC)N)N)N)O,463.6,-4.5,200.0,8,12,7
Efrotomycin,135564847,CCC(C(=O)NCC=CC=C(C)C(C(C)C1C(C(C(O1)C=CC=CC=C(C)C(=O)C2=C(C=CN(C2=O)C)O)O)O)OC)C3(C(C(C(C(O3)C=CC=CC)(C)C)OC4C(C(C(C(O4)C)OC5C(C(C(C(O5)C)OC)O)OC)OC)O)O)O,1145.3,3.4,300.0,8,20,24
Cinolazepam,3033621,C1=CC=C(C(=C1)C2=NC(C(=O)N(C3=C2C=C(C=C3)Cl)CCC#N)O)F,357.8,2,76.7,1,5,3
Mannosulfan,20055482,CS(=O)(=O)OCC(C(C(C(COS(=O)(=O)C)OS(=O)(=O)C)O)O)OS(=O)(=O)C,494.5,-3.2,247.0,2,14,13
Irbesartan,3749,CCCCC1=NC2(CCCC2)C(=O)N1CC3=CC=C(C=C3)C4=CC=CC=C4C5=NNN=N5,428.5,4.1,87.1,1,5,7
9-Methylguanine,135403591,CN1C=NC2=C1N=C(NC2=O)N,165.15,-0.9,85.3,2,3,0
Picotamide,4814,COC1=C(C=C(C=C1)C(=O)NCC2=CN=CC=C2)C(=O)NCC3=CN=CC=C3,376.4,1.3,93.2,2,5,7
Azaperone,15443,C1CN(CCN1CCCC(=O)C2=CC=C(C=C2)F)C3=CC=CC=N3,327.4,3.3,36.4,0,5,6
Gefapixant,24764487,CC(C)C1=CC(=C(C=C1OC2=CN=C(N=C2N)N)S(=O)(=O)N)OC,353.40,0.7,165.0,3,9,5
Ro 12-7310,6438583,CC1=CC(=C(C(=C1C=CC(=CC=CC(=CC(=O)O)C)C)C)C)O,312.4,5.8,57.5,2,3,5
Aminohippuric acid,2148,C1=CC(=CC=C1C(=O)NCC(=O)O)N,194.19,-0.9,92.4,3,4,3
Perazine,4744,CN1CCN(CC1)CCCN2C3=CC=CC=C3SC4=CC=CC=C42,339.5,4.1,35.0,0,4,4
Capsaicin,1548943,CC(C)C=CCCCCC(=O)NCC1=CC(=C(C=C1)O)OC,305.4,3.6,58.6,2,3,9
Methyl salicylate,4133,COC(=O)C1=CC=CC=C1O,152.15,2.3,46.5,1,3,2
Imidazole salicylate,37425,C1=CC=C(C(=C1)C(=O)O)O.C1=CN=CN1,206.20,,86.2,3,4,1
Rociverine,24892842,CCN(CC)CC(C)OC(=O)C1CCCCC1(C2CCCCC2)O,339.5,4.8,49.8,1,4,8
Ubidecarenone,5281915,CC1=C(C(=O)C(=C(C1=O)OC)OC)CC=C(C)CCC=C(C)CCC=C(C)CCC=C(C)CCC=C(C)CCC=C(C)CCC=C(C)CCC=C(C)CCC=C(C)CCC=C(C)C,863.3,19.4,52.6,0,4,31
Mitomycin,5746,CC1=C(C(=O)C2=C(C1=O)N3CC4C(C3(C2COC(=O)N)OC)N4)N,334.33,-0.4,147.0,3,8,4
Trioxsalen,5585,CC1=CC(=O)OC2=C1C=C3C=C(OC3=C2C)C,228.24,3,39.4,0,3,0
Budesonide,5281004,CCCC1OC2CC3C4CCC5=CC(=O)C=CC5(C4C(CC3(C2(O1)C(=O)CO)C)O)C,430.5,2.5,93.1,2,6,4
Vintafolide,25014653,CCC1(CC2CC(C3=C(CCN(C2)C1)C4=CC=CC=C4N3)(C5=C(C=C6C(=C5)C78CCN9C7C(C=CC9)(C(C(C8N6C)(C(=O)NNC(=O)OCCSSCC(C(=O)O)NC(=O)C(CC(=O)O)NC(=O)C(CC(=O)O)NC(=O)C(CCCNC(=N)N)NC(=O)C(CC(=O)O)NC(=O)CCC(C(=O)O)NC(=O)C1=CC=C(C=C1)NCC1=CN=C2C(=N1)C(=O)NC(=N2)N)O)O)CC)OC)C(=O)OC)O,1917.0,-6.7,768.0,23,36,44
Norethisterone,6230,CC12CCC3C(C1CCC2(C#C)O)CCC4=CC(=O)CCC34,298.4,3,37.3,1,2,1
Chromium,23976,[Cr],51.996,,0.0,0,0,0
Glycerin,753,C(C(CO)O)O,92.09,-1.8,60.7,3,3,2
Rivastigmine,77991,CCN(C)C(=O)OC1=CC=CC(=C1)C(C)N(C)C,250.34,2.3,32.8,0,3,5
Givinostat,9804992,CCN(CC)CC1=CC2=C(C=C1)C=C(C=C2)COC(=O)NC3=CC=C(C=C3)C(=O)NO,421.5,3.6,90.9,3,5,9
16-Bromoepiandrosterone,71613,CC12CCC(CC1CCC3C2CCC4(C3CC(C4=O)Br)C)O,369.3,4.6,37.3,1,2,0
Cefazedone,71736,CC1=NN=C(S1)SCC2=C(N3C(C(C3=O)NC(=O)CN4C=C(C(=O)C(=C4)Cl)Cl)SC2)C(=O)O,548.4,1.1,212.0,2,11,7
Lenabasum,3083542,CCCCCCC(C)(C)C1=CC(=C2C3CC(=CCC3C(OC2=C1)(C)C)C(=O)O)O,400.5,7,66.8,2,4,7
Rocuronium,441290,CC(=O)OC1C(CC2C1(CCC3C2CCC4C3(CC(C(C4)O)N5CCOCC5)C)C)[N+]6(CCCC6)CC=C,529.8,5,59.0,1,5,6
Lubiprostone,157920,CCCCC(C1(CCC2C(O1)CC(=O)C2CCCCCCC(=O)O)O)(F)F,390.5,4,83.8,2,7,11
Hydrocortisone probutate,636398,CCCC(=O)OC1(CCC2C1(CC(C3C2CCC4=CC(=O)CCC34C)O)C)C(=O)COC(=O)CC,488.6,4.2,107.0,1,7,9
Rimexolone,5311412,CCC(=O)C1(C(CC2C1(CC(C3C2CCC4=CC(=O)C=CC34C)O)C)C)C,370.5,3.5,54.4,1,3,2
Filanesib,44224257,CN(C(=O)N1C(SC(=N1)C2=C(C=CC(=C2)F)F)(CCCN)C3=CC=CC=C3)OC,420.5,3.3,96.5,1,7,6
MMDA,26175,CC(CC1=CC2=C(C(=C1)OC)OCO2)N,209.24,1.6,53.7,1,4,3
Setiptiline,5205,CN1CCC2=C(C1)C3=CC=CC=C3CC4=CC=CC=C24,261.4,3.3,3.2,0,1,0
Oseltamivir,65028,CCC(CC)OC1C=C(CC(C1NC(=O)C)N)C(=O)OCC,312.40,1.1,90.7,2,5,8
Pradigastat,53387035,C1CC(CCC1CC(=O)O)C2=CC=C(C=C2)C3=NC=C(C=C3)NC4=CN=C(C=C4)C(F)(F)F,455.5,5.7,75.1,2,8,6
Penciclovir,135398748,C1=NC2=C(N1CCC(CO)CO)N=C(NC2=O)N,253.26,-1.9,126.0,4,5,5
Namitecan,10950142,CCC1(C2=C(COC1=O)C(=O)N3CC4=C(C5=CC=CC=C5N=C4C3=C2)C=NOCCN)O,434.4,0.1,127.0,2,8,5
Cysteamine,6058,C(CS)N,77.15,-0.4,27.0,2,2,1
Hydroquinidine,91503,CCC1CN2CCC1CC2C(C3=C4C=C(C=CC4=NC=C3)OC)O,326.4,3.1,45.6,1,4,4
Oxybutynin,4634,CCN(CC)CC#CCOC(=O)C(C1CCCCC1)(C2=CC=CC=C2)O,357.5,4.2,49.8,1,4,8
Trofosfamide,65702,C1CN(P(=O)(OC1)N(CCCl)CCCl)CCCl,323.6,1.8,32.8,0,4,7
Ximelagatran,9574101,CCOC(=O)CNC(C1CCCCC1)C(=O)N2CCC2C(=O)NCC3=CC=C(C=C3)C(=NO)N,473.6,2.2,146.0,4,7,11
Idarubicin,42890,CC1C(C(CC(O1)OC2CC(CC3=C2C(=C4C(=C3O)C(=O)C5=CC=CC=C5C4=O)O)(C(=O)C)O)N)O,497.5,1.9,177.0,5,10,3
Vitamin A,445354,CC1=C(C(CCC1)(C)C)C=CC(=CC=CC(=CCO)C)C,286.5,5.7,20.2,1,1,5
Resveratrol,445154,C1=CC(=CC=C1C=CC2=CC(=CC(=C2)O)O)O,228.24,3.1,60.7,3,3,2
Ibrexafungerp,46871657,CC(C)C(C)C1(CCC2(C3CCC4C5(COCC4(C3=CCC2(C1C(=O)O)C)CC(C5OCC(C)(C(C)(C)C)N)N6C(=NC=N6)C7=CC=NC=C7)C)C)C,730.0,5.8,125.0,2,8,9
Triaziquone,6235,C1CN1C2=CC(=O)C(=C(C2=O)N3CC3)N4CC4,231.25,-0.1,43.2,0,5,3
Deacetylbisacodyl,69046,C1=CC=NC(=C1)C(C2=CC=C(C=C2)O)C3=CC=C(C=C3)O,277.3,3.6,53.4,2,3,3
Levobunolol,39468,CC(C)(C)NCC(COC1=CC=CC2=C1CCCC2=O)O,291.4,2.4,58.6,2,4,6
Triflupromazine,5568,CN(C)CCCN1C2=CC=CC=C2SC3=C1C=C(C=C3)C(F)(F)F,352.4,5.2,31.8,0,6,4
Homatropine methylbromide,6646,C[N+]1(C2CCC1CC(C2)OC(=O)C(C3=CC=CC=C3)O)C.[Br-],370.3,,46.5,1,4,4
Sarecycline,54681908,CN(C)C1C2CC3CC4=C(C=CC(=C4C(=C3C(=O)C2(C(=C(C1=O)C(=O)N)O)O)O)O)CN(C)OC,487.5,1.1,174.0,5,10,5
Cinnamaldehyde,637511,C1=CC=C(C=C1)C=CC=O,132.16,1.9,17.1,0,1,2
Ilorasertib,46207586,C1=CC(=CC(=C1)F)NC(=O)NC2=CC=C(C=C2)C3=CSC4=C3C(=NC=C4C5=CN(N=C5)CCO)N,488.5,3,146.0,4,7,6
Meperidine,4058,CCOC(=O)C1(CCN(CC1)C)C2=CC=CC=C2,247.33,2.5,29.5,0,3,4
Cytarabine,6253,C1=CN(C(=O)N=C1N)C2C(C(C(O2)CO)O)O,243.22,-2.1,129.0,4,5,2
Oxymorphone,5284604,CN1CCC23C4C(=O)CCC2(C1CC5=C3C(=C(C=C5)O)O4)O,301.34,0.8,70.0,2,5,0
Prussian blue,2724251,[C-]#N.[C-]#N.[C-]#N.[C-]#N.[C-]#N.[C-]#N.[C-]#N.[C-]#N.[C-]#N.[C-]#N.[C-]#N.[C-]#N.[C-]#N.[C-]#N.[C-]#N.[C-]#N.[C-]#N.[C-]#N.[Fe+2].[Fe+2].[Fe+2].[Fe+3].[Fe+3].[Fe+3].[Fe+3],859.2,,428.0,0,36,0
Ravuconazole,467825,CC(C1=NC(=CS1)C2=CC=C(C=C2)C#N)C(CN3C=NC=N3)(C4=C(C=C(C=C4)F)F)O,437.5,3.5,116.0,1,8,6
Ferric oxide,518696,O=[Fe]O[Fe]=O,159.69,,43.4,0,3,0
Cyclic adenosine monophosphate,6076,C1C2C(C(C(O2)N3C=NC4=C(N=CN=C43)N)O)OP(=O)(O1)O,329.21,-2.6,155.0,3,10,1
Rokitamycin,5282211,CCCC(=O)OC1C(OC(CC1(C)OC(=O)CC)OC2C(OC(C(C2N(C)C)O)OC3C(CC(C(C=CC=CCC(OC(=O)CC(C3OC)O)C)O)C)CC=O)C)C,828.0,3,206.0,3,16,15
Efaproxiral,122335,CC1=CC(=CC(=C1)NC(=O)CC2=CC=C(C=C2)OC(C)(C)C(=O)O)C,341.4,3.6,75.6,2,4,6
Crenolanib,10366136,CC1(COC1)COC2=CC3=C(C=C2)N(C=N3)C4=NC5=C(C=CC=C5N6CCC(CC6)N)C=C4,443.5,3.7,78.4,1,6,5
Halazepam,31640,C1C(=O)N(C2=C(C=C(C=C2)Cl)C(=N1)C3=CC=CC=C3)CC(F)(F)F,352.7,4,32.7,0,5,2
Alphacetylmethadol,22308,CCC(C(CC(C)N(C)C)(C1=CC=CC=C1)C2=CC=CC=C2)OC(=O)C,353.5,4.3,29.5,0,3,9
Quifenadine,65600,C1CN2CCC1C(C2)C(C3=CC=CC=C3)(C4=CC=CC=C4)O,293.4,3.4,23.5,1,2,3
Troxacitabine,454194,C1C(OC(O1)CO)N2C=CC(=NC2=O)N,213.19,-1.7,97.4,2,4,2
Protocatechualdehyde,8768,C1=CC(=C(C=C1C=O)O)O,138.12,1.3,57.5,2,3,1
Zavegepant,53472683,CC1=CC(=CC2=C1NN=C2)CC(C(=O)N3CCN(CC3)C4CCN(CC4)C)NC(=O)N5CCC(CC5)C6=CC7=CC=CC=C7NC6=O,638.8,3.1,117.0,3,6,6
Atogepant,72163100,CC1C(CC(C(=O)N1CC(F)(F)F)NC(=O)C2=CC3=C(CC4(C3)C5=C(NC4=O)N=CC=C5)N=C2)C6=C(C=CC(=C6F)F)F,603.5,3.4,104.0,2,11,4
Combretastatin A4,5351344,COC1=C(C=C(C=C1)C=CC2=CC(=C(C(=C2)OC)OC)OC)O,316.3,3.7,57.2,1,5,6
Copper,23978,[Cu],63.55,,0.0,0,0,0
5-fluorouridine,9427,C1=C(C(=O)NC(=O)N1C2C(C(C(O2)CO)O)O)F,262.19,-1.7,119.0,4,7,2
Aniline,6115,C1=CC=C(C=C1)N,93.13,0.9,26.0,1,1,0
Gepefrine,219105,CC(CC1=CC(=CC=C1)O)N,151.21,1.4,46.3,2,2,2
Bismuth subsalicylate,53629521,C1=CC=C(C(=C1)C(=O)[O-])[O-].[OH-].[Bi+3],362.09,,64.2,1,4,0
Sulfamethizole,5328,CC1=NN=C(S1)NS(=O)(=O)C2=CC=C(C=C2)N,270.3,0.5,135.0,2,7,3
Cyclohexylammonium Ion,1549093,C1CCC(CC1)[NH3+],100.18,1.5,27.6,1,0,0
Ciprofibrate,2763,CC(C)(C(=O)O)OC1=CC=C(C=C1)C2CC2(Cl)Cl,289.15,3.4,46.5,1,3,4
Nirmatrelvir,155903259,CC1(C2C1C(N(C2)C(=O)C(C(C)(C)C)NC(=O)C(F)(F)F)C(=O)NC(CC3CCNC3=O)C#N)C,499.5,2.2,131.0,3,8,7
Sulfacetamide,5320,CC(=O)NS(=O)(=O)C1=CC=C(C=C1)N,214.24,-1,97.6,2,4,2
Becocalcidiol,5289547,CCC(C)C1CCC2C1(CCCC2=CC=C3CC(C(=C)C(C3)O)O)C,344.5,4.7,40.5,2,2,3
Lavoltidine,55473,CN1C(=NC(=N1)CO)NCCCOC2=CC=CC(=C2)CN3CCCCC3,359.5,2.2,75.4,2,6,9
Ceftriaxone,5479530,CN1C(=NC(=O)C(=O)N1)SCC2=C(N3C(C(C3=O)NC(=O)C(=NOC)C4=CSC(=N4)N)SC2)C(=O)O,554.6,-1.3,288.0,4,13,8
Fluperolone,56841872,CC(C(=O)C1(CCC2C1(CC(C3(C2CCC4=CC(=O)C=CC43C)F)O)C)O)O,392.5,1.9,94.8,3,6,2
GSK-1004723,17747460,C1CCCN(CC1)CCCOC2=CC=C(C=C2)CCCCN3CCCC3CN4C(=O)C5=CC=CC=C5C(=N4)CC6=CC=C(C=C6)Cl,641.3,8.3,48.4,0,5,14
Mephedrone,45266826,CC1=CC=C(C=C1)C(=O)C(C)NC,177.24,2,29.1,1,2,3
Metergoline,28693,CN1CC(CC2C1CC3=CN(C4=CC=CC2=C34)C)CNC(=O)OCC5=CC=CC=C5,403.5,3.8,46.5,1,3,5
Spiramycin,5284619,CC1CC=CC=CC(C(CC(C(C(C(CC(=O)O1)O)OC)OC2C(C(C(C(O2)C)OC3CC(C(C(O3)C)O)(C)O)N(C)C)O)CC=O)C)OC4CCC(C(O4)C)N(C)C,843.1,2.1,195.0,4,16,11
Acitretin,5284513,CC1=CC(=C(C(=C1C=CC(=CC=CC(=CC(=O)O)C)C)C)C)OC,326.4,6.1,46.5,1,3,6
Taurolidine,29566,C1CS(=O)(=O)NCN1CN2CCS(=O)(=O)NC2,284.4,-1.7,116.0,2,8,2
"4-Bromo-2,5-dimethoxyphenethylamine",98527,COC1=CC(=C(C=C1CCN)OC)Br,260.13,2.1,44.5,1,3,4
Ambenonium,2131,CC[N+](CC)(CCNC(=O)C(=O)NCC[N+](CC)(CC)CC1=CC=CC=C1Cl)CC2=CC=CC=C2Cl,537.6,5.1,58.2,2,2,14
Deoxycholic acid,222528,CC(CCC(=O)O)C1CCC2C1(C(CC3C2CCC4C3(CCC(C4)O)C)O)C,392.6,4.9,77.8,3,4,4
Roxatidine acetate,5105,CC(=O)OCC(=O)NCCCOC1=CC=CC(=C1)CN2CCCCC2,348.4,2.1,67.9,1,5,10
Acotiamide,5282338,CC(C)N(CCNC(=O)C1=CSC(=N1)NC(=O)C2=CC(=C(C=C2O)OC)OC)C(C)C,450.6,3.5,141.0,3,8,10
Ademetionine,34755,C[S+](CCC(C(=O)[O-])N)CC1C(C(C(O1)N2C=NC3=C(N=CN=C32)N)O)O,398.4,-2.8,186.0,4,10,6
Gramicidin D,45267103,CC(C)CC(C(=O)NC(C)C(=O)NC(C(C)C)C(=O)NC(C(C)C)C(=O)NC(C(C)C)C(=O)NC(CC1=CNC2=CC=CC=C21)C(=O)NC(CC(C)C)C(=O)NC(CC3=CNC4=CC=CC=C43)C(=O)NC(CC(C)C)C(=O)NC(CC5=CNC6=CC=CC=C65)C(=O)NC(CC(C)C)C(=O)NC(CC7=CNC8=CC=CC=C87)C(=O)NCCO)NC(=O)CNC(=O)C(C(C)C)NC=O,1811.2,10.9,520.0,20,16,50
Vanoxerine,3455,C1CN(CCN1CCCC2=CC=CC=C2)CCOC(C3=CC=C(C=C3)F)C4=CC=C(C=C4)F,450.6,5.6,15.7,0,5,10
Brexpiprazole,11978813,C1CN(CCN1CCCCOC2=CC3=C(C=C2)C=CC(=O)N3)C4=C5C=CSC5=CC=C4,433.6,4.7,73.1,1,5,7
"Zoledronate D,L-Lysine Monohydrate",91826755,C1=CN(C=N1)CC(O)(P(=O)(O)O)P(=O)(O)O.C(CCN)CC(C(=O)O)N.O,436.29,,243.0,9,13,9
KOS-1584,6918835,CC1C=CCC(=CCC(OC(=O)CC(C(C(=O)C(C1O)C)(C)C)O)C(=CC2=CSC(=N2)C)C)C,489.7,4.7,125.0,2,7,2
Quinisocaine,6857,CCCCC1=CC2=CC=CC=C2C(=N1)OCCN(C)C,272.4,4.2,25.4,0,3,7
Thymol,6989,CC1=CC(=C(C=C1)C(C)C)O,150.22,3.3,20.2,1,1,1
Penclomedine,60203,COC1=C(C(=NC(=C1Cl)OC)C(Cl)(Cl)Cl)Cl,325.4,4,31.4,0,3,2
Butabarbital,2479,CCC(C)C1(C(=O)NC(=O)NC1=O)CC,212.25,1.6,75.3,2,3,3
Mephenoxalone,6257,COC1=CC=CC=C1OCC2CNC(=O)O2,223.22,1.4,56.8,1,4,4
Daprodustat,91617630,C1CCC(CC1)N2C(=O)C(C(=O)N(C2=O)C3CCCCC3)C(=O)NCC(=O)O,393.4,2.5,124.0,2,6,5
Piceatannol,667639,C1=CC(=C(C=C1C=CC2=CC(=CC(=C2)O)O)O)O,244.24,2.9,80.9,4,4,2
Clorexolone,16473,C1CCC(CC1)N2CC3=CC(=C(C=C3C2=O)S(=O)(=O)N)Cl,328.8,2,88.9,1,4,2
Plitidepsin,9812534,CCC(C)C1C(CC(=O)OC(C(=O)C(C(=O)NC(C(=O)N2CCCC2C(=O)N(C(C(=O)OC(C(C(=O)N1)NC(=O)C(CC(C)C)N(C)C(=O)C3CCCN3C(=O)C(=O)C)C)CC4=CC=C(C=C4)OC)C)CC(C)C)C)C(C)C)O,1110.3,5.7,285.0,4,15,15
Altrenogest,10041070,CC12C=CC3=C4CCC(=O)C=C4CCC3C1CCC2(CC=C)O,310.4,2.8,37.3,1,2,2
Magnesium orotate,3036905,C1=C(NC(=O)NC1=O)C(=O)[O-].C1=C(NC(=O)NC1=O)C(=O)[O-].[Mg+2],334.48,,197.0,4,8,0
AZD-5991,131634760,CC1=C2C(=NN1C)CSCC3=NN(C(=C3)CSC4=CC5=CC=CC=C5C(=C4)OCCCC6=C(N(C7=C6C=CC(=C27)Cl)C)C(=O)O)C,672.3,6.8,138.0,1,7,1
Tirapazamine,135413511,C1=CC=C2C(=C1)[N+](=C(N=[N+]2[O-])N)[O-],178.15,-0.3,89.8,1,4,0
Thiostrepton,16129666,CCC(C)C1C(=O)NC(C(=O)NC(=C)C(=O)NC(C(=O)NC23CCC(=NC2C4=CSC(=N4)C(C(OC(=O)C5=NC6=C(C=CC(C6O)N1)C(=C5)C(C)O)C)NC(=O)C7=CSC(=N7)C(NC(=O)C8CSC(=N8)C(=CC)NC(=O)C(NC(=O)C9=CSC3=N9)C(C)O)C(C)(C(C)O)O)C1=NC(=CS1)C(=O)NC(=C)C(=O)NC(=C)C(=O)N)C)C,1664.9,0.6,701.0,17,31,12
Annamycin,115212,CC1C(C(C(C(O1)OC2CC(CC3=C2C(=C4C(=C3O)C(=O)C5=CC=CC=C5C4=O)O)(C(=O)CO)O)I)O)O,640.4,2.2,191.0,6,11,4
Equilin,223368,CC12CCC3C(=CCC4=C3C=CC(=C4)O)C1CCC2=O,268.3,2.9,37.3,1,2,0
Nandrolone,9904,CC12CCC3C(C1CCC2O)CCC4=CC(=O)CCC34,274.4,2.6,37.3,1,2,0
Trifluoperazine,5566,CN1CCN(CC1)CCCN2C3=CC=CC=C3SC4=C2C=C(C=C4)C(F)(F)F,407.5,5,35.0,0,7,4
Desoxycorticosterone pivalate,11876263,CC12CCC3C(C1CCC2C(=O)COC(=O)C(C)(C)C)CCC4=CC(=O)CCC34C,414.6,4.5,60.4,0,4,5
ALT-2074,130165,CC1(CN[Se]C2=CC=CC=C21)C,226.19,,12.0,1,1,0
Onapristone,5311505,CC12CC(C3=C4CCC(=O)C=C4CCC3C1CCC2(CCCO)O)C5=CC=C(C=C5)N(C)C,449.6,3.2,60.8,2,4,5
Nicotinyl alcohol,7510,C1=CC(=CN=C1)CO,109.13,0,33.1,1,2,1
Salinomycin,3085092,CCC(C1CCC(C(O1)C(C)C(C(C)C(=O)C(CC)C2C(CC(C3(O2)C=CC(C4(O3)CCC(O4)(C)C5CCC(C(O5)C)(CC)O)O)C)C)O)C)C(=O)O,751.0,5.7,161.0,4,11,12
CA4P,100154,COC1=C(C=C(C=C1)CC(C2=CC(=C(C(=C2)OC)OC)OC)O)O,334.4,2.6,77.4,2,6,7
Methylecgonine,104904,CN1C2CCC1C(C(C2)O)C(=O)OC,199.25,0.6,49.8,1,4,2
Fluocinonide,9642,CC(=O)OCC(=O)C12C(CC3C1(CC(C4(C3CC(C5=CC(=O)C=CC54C)F)F)O)C)OC(O2)(C)C,494.5,3.2,99.1,1,9,4
Apramycin,3081545,CNC1C(C2C(CC(C(O2)OC3C(CC(C(C3O)O)N)N)N)OC1OC4C(C(C(C(O4)CO)N)O)O)O,539.6,-7,284.0,11,16,6
Formic acid,284,C(=O)O,46.025,-0.2,37.3,1,2,0
HE3286,16739648,CC12CCC(CC1=CC(C3C2CCC4(C3CCC4(C#C)O)C)O)O,330.5,2.2,60.7,3,3,1
trans-2-hydroxycinnamic acid,637540,C1=CC=C(C(=C1)C=CC(=O)O)O,164.16,1.5,57.5,2,3,2
Chloramphenicol succinate,656580,C1=CC(=CC=C1C(C(COC(=O)CCC(=O)O)NC(=O)C(Cl)Cl)O)[N+](=O)[O-],423.2,1.1,159.0,3,8,10
Prucalopride,3052762,COCCCN1CCC(CC1)NC(=O)C2=CC(=C(C3=C2OCC3)N)Cl,367.9,2,76.8,2,5,6
Dexisometheptene mucate,76853225,CC(CCC=C(C)C)NC.CC(CCC=C(C)C)NC.C(C(C(C(=O)O)O)O)(C(C(=O)O)O)O,492.6,,180.0,8,10,13
KRN-7000,2826713,CCCCCCCCCCCCCCCCCCCCCCCCCC(=O)NC(COC1C(C(C(C(O1)CO)O)O)O)C(C(CCCCCCCCCCCCCC)O)O,858.3,16,169.0,7,9,44
Imiquimod,57469,CC(C)CN1C=NC2=C1C3=CC=CC=C3N=C2N,240.30,2.6,56.7,1,3,2
Difluprednate,443936,CCCC(=O)OC1(CCC2C1(CC(C3(C2CC(C4=CC(=O)C=CC43C)F)F)O)C)C(=O)COC(=O)C,508.5,3.4,107.0,1,9,8
Cloxazolam,2816,C1COC2(N1CC(=O)NC3=C2C=C(C=C3)Cl)C4=CC=CC=C4Cl,349.2,3.2,41.6,1,3,1
Tixocortol,162955,CC12CCC(=O)C=C1CCC3C2C(CC4(C3CCC4(C(=O)CS)O)C)O,378.5,2,75.6,3,5,2
Aceprometazine,26035,CC(CN1C2=CC=CC=C2SC3=C1C=C(C=C3)C(=O)C)N(C)C,326.5,4.3,48.9,0,4,4
Sodium aurotiosulfate,161780,O.O.[O-]S(=O)(=S)[O-].[O-]S(=O)(=S)[O-].[Na+].[Na+].[Na+].[Au+],526.2,,209.0,2,10,0
Pretomanid,456199,C1C(COC2=NC(=CN21)[N+](=O)[O-])OCC3=CC=C(C=C3)OC(F)(F)F,359.26,2.8,91.3,0,9,4
Olorofim,91885568,CC1=CC(=C(N1C)C(=O)C(=O)NC2=CC=C(C=C2)N3CCN(CC3)C4=NC=C(C=N4)F)C5=CC=CC=C5,498.6,4.2,83.4,1,7,6
Reproterol,25654,CN1C2=C(C(=O)N(C1=O)C)N(C=N2)CCCNCC(C3=CC(=CC(=C3)O)O)O,389.4,-0.5,131.0,4,7,7
Afimoxifene,449459,CCC(=C(C1=CC=C(C=C1)O)C2=CC=C(C=C2)OCCN(C)C)C3=CC=CC=C3,387.5,6.8,32.7,1,3,8
Melphalan,460612,C1=CC(=CC=C1CC(C(=O)O)N)N(CCCl)CCCl,305.20,-0.5,66.6,2,4,8
Enviomycin,135565326,C1CNC(=NC1C2C(=O)NCC(C(=O)NC(C(=O)NC(C(=O)NC(=CNC(=O)N)C(=O)N2)CO)CO)NC(=O)CC(C(CCN)O)N)N,685.7,-7.4,393.0,15,13,10
Latanoprost,5311221,CC(C)OC(=O)CCCC=CCC1C(CC(C1CCC(CCC2=CC=CC=C2)O)O)O,432.6,4.3,87.0,3,5,14
Famotidine,5702160,C1=C(N=C(S1)N=C(N)N)CSCCC(=NS(=O)(=O)N)N,337.5,-0.6,238.0,4,8,7
Stepronin,54120,CC(C(=O)NCC(=O)O)SC(=O)C1=CC=CS1,273.3,1.7,137.0,2,6,6
Perillyl alcohol,10819,CC(=C)C1CCC(=CC1)CO,152.23,2.1,20.2,1,1,2
Ezetimibe,150311,C1=CC(=CC=C1C2C(C(=O)N2C3=CC=C(C=C3)F)CCC(C4=CC=C(C=C4)F)O)O,409.4,4,60.8,2,5,6
Ibudilast,3671,CC(C)C1=NN2C=CC=CC2=C1C(=O)C(C)C,230.31,3,34.4,0,2,3
Cloprostenol,5311053,C1C(C(C(C1O)C=CC(COC2=CC(=CC=C2)Cl)O)CC=CCCCC(=O)O)O,424.9,2.7,107.0,4,6,11
Duvelisib,50905713,CC(C1=CC2=C(C(=CC=C2)Cl)C(=O)N1C3=CC=CC=C3)NC4=NC=NC5=C4NC=N5,416.9,4.1,86.8,2,5,4
Dasotraline,9947999,C1CC(C2=CC=CC=C2C1C3=CC(=C(C=C3)Cl)Cl)N,292.2,4.3,26.0,1,1,1
Aniracetam,2196,COC1=CC=C(C=C1)C(=O)N2CCCC2=O,219.24,1.6,46.6,0,3,2
MLN576,9886593,CC(CN(C)C)NC(=O)C1=C2C(=CC=C1)N=C3C=CC4=C(C3=N2)C=CC=C4OC,388.5,3.6,67.4,1,5,5
Carboprost,5281075,CCCCCC(C)(C=CC1C(CC(C1CC=CCCCC(=O)O)O)O)O,368.5,2.9,98.0,4,5,12
Plerixafor,65015,C1CNCCNCCCN(CCNC1)CC2=CC=C(C=C2)CN3CCCNCCNCCCNCC3,502.8,0,78.7,6,8,4
Zinc,23994,[Zn],65.4,,0.0,0,0,0
Butyrylthiocholine,20689,CCCC(=O)SCC[N+](C)(C)C,190.33,1.5,42.4,0,2,6
Lorcainide,42884,CC(C)N1CCC(CC1)N(C2=CC=C(C=C2)Cl)C(=O)CC3=CC=CC=C3,370.9,4.6,23.6,0,2,5
Cyclandelate,2893,CC1CC(CC(C1)(C)C)OC(=O)C(C2=CC=CC=C2)O,276.4,4.2,46.5,1,3,4
Unoprostone,5311236,CCCCCCCC(=O)CCC1C(CC(C1CC=CCCCC(=O)O)O)O,382.5,3.7,94.8,3,5,15
Meclocycline,54676539,CN(C)C1C2C(C3C(=C)C4=C(C=CC(=C4C(=C3C(=O)C2(C(=C(C1=O)C(=O)N)O)O)O)O)Cl)O,476.9,0.9,182.0,6,9,2
Buthionine sulfoximine,21157,CCCCS(=N)(=O)CCC(C(=O)O)N,222.31,-0.6,113.0,3,5,7
Mafosfamide,76968809,C1COP(=O)(NC1SCCS(=O)(=O)O)N(CCCl)CCCl,401.3,0.4,130.0,2,8,9
Oxypertine,4640,CC1=C(C2=CC(=C(C=C2N1)OC)OC)CCN3CCN(CC3)C4=CC=CC=C4,379.5,4.3,40.7,1,4,6
Sultamicillin,444022,CC1(C(N2C(S1)C(C2=O)NC(=O)C(C3=CC=CC=C3)N)C(=O)OCOC(=O)C4C(S(=O)(=O)C5N4C(=O)C5)(C)C)C,594.7,0.7,216.0,2,11,9
Dasatinib,3062316,CC1=C(C(=CC=C1)Cl)NC(=O)C2=CN=C(S2)NC3=CC(=NC(=N3)C)N4CCN(CC4)CCO,488.0,3.6,135.0,3,9,7
Anileridine,8944,CCOC(=O)C1(CCN(CC1)CCC2=CC=C(C=C2)N)C3=CC=CC=C3,352.5,3.7,55.6,1,4,7
Murepavadin,91824766,CCC(C)C1C(=O)NC(C(=O)NC(C(=O)NC(C(=O)NC(C(=O)NC(C(=O)NC(C(=O)NC(C(=O)NC(C(=O)NC(C(=O)N2CCCC2C(=O)N3CCCC3C(=O)NC(C(=O)NC(C(=O)N1)CC4=CNC5=CC=CC=C54)C(C)O)CO)C)CCN)CCN)CC6=CNC7=CC=CC=C76)CCN)CCN)CCCN)CCN,1553.8,-4.1,618.0,22,22,21
19-norandrostenedione,92834,CC12CCC3C(C1CCC2=O)CCC4=CC(=O)CCC34,272.4,2.5,34.1,0,2,0
Ferrous cation,27284,[Fe+2],55.84,,0.0,0,0,0
Pantothenic acid,6613,CC(C)(CO)C(C(=O)NCCC(=O)O)O,219.23,-1.1,107.0,4,5,6
Sulfametopyrazine,9047,COC1=NC=CN=C1NS(=O)(=O)C2=CC=C(C=C2)N,280.31,0.7,116.0,2,7,4
Enprostil,9978336,COC(=O)CCC=C=CCC1C(C(CC1=O)O)C=CC(COC2=CC=CC=C2)O,400.5,1.3,93.1,2,6,11
Sulfaisodimidine,5343,CC1=CC(=NC(=N1)C)NS(=O)(=O)C2=CC=C(C=C2)N,278.33,1.2,106.0,2,6,3
Motretinide,6314185,CCNC(=O)C=C(C)C=CC=C(C)C=CC1=C(C(=C(C=C1C)OC)C)C,353.5,6.2,38.3,1,2,7
Temefos,5392,COP(=S)(OC)OC1=CC=C(C=C1)SC2=CC=C(C=C2)OP(=S)(OC)OC,466.5,6,145.0,0,9,10
Emylcamate,6526,CCC(C)(CC)OC(=O)N,145.20,1.5,52.3,1,2,4
cis-Diamminechlorocholylglycinateplatinum(II),154095,CC(CCC(=O)NCC(=O)[O-])C1CCC2C1(C(CC3C2C(CC4C3(CCC(C4)O)C)O)O)C.N.N.[Cl-].[Pt+2],729.2,,132.0,6,9,5
LCL-161,24737642,CC(C(=O)NC(C1CCCCC1)C(=O)N2CCCC2C3=NC(=CS3)C(=O)C4=CC=C(C=C4)F)NC,500.6,4.3,120.0,2,7,8
Rigosertib,6918736,COC1=C(C=C(C=C1)CS(=O)(=O)C=CC2=C(C=C(C=C2OC)OC)OC)NCC(=O)O,451.5,2.5,129.0,2,9,11
Tioguanine,2723601,C1=NC2=C(N1)C(=S)N=C(N2)N,167.19,-0.1,111.0,3,2,0
Avibactam,9835049,C1CC(N2CC1N(C2=O)OS(=O)(=O)O)C(=O)N,265.25,-1.8,139.0,2,6,3
Methenamine,4101,C1N2CN3CN1CN(C2)C3,140.19,0.3,13.0,0,4,0
Octinoxate,5355130,CCCCC(CC)COC(=O)C=CC1=CC=C(C=C1)OC,290.4,5.3,35.5,0,3,10
Iohexol,3730,CC(=O)N(CC(CO)O)C1=C(C(=C(C(=C1I)C(=O)NCC(CO)O)I)C(=O)NCC(CO)O)I,821.1,-3,200.0,8,9,12
Butylscopolamine,160883,CCCC[N+]1(C2CC(CC1C3C2O3)OC(=O)C(CO)C4=CC=CC=C4)C,360.5,2.6,59.1,1,4,8
Carbocisteine,193653,C(C(C(=O)O)N)SCC(=O)O,179.20,-3.1,126.0,3,6,5
Ferric cation,29936,[Fe+3],55.84,,0.0,0,0,0
Penimepicycline,54686187,CC1(C(N2C(S1)C(C2=O)NC(=O)COC3=CC=CC=C3)C(=O)O)C.CC1(C2CC3C(C(=O)C(=C(C3(C(=O)C2=C(C4=C1C=CC=C4O)O)O)O)C(=O)NCN5CCN(CC5)CCO)N(C)C)O,937.0,,316.0,9,18,11
Merestinib,44603533,CC1=CC=C(C(=O)N1C2=CC=C(C=C2)F)C(=O)NC3=CC(=C(C=C3)OC4=C(C=C5C(=C4)C=NN5C)C6=CNN=C6)F,552.5,4.7,105.0,2,7,6
5-(2-methylpiperazine-1-sulfonyl)isoquinoline,3542,CC1CNCCN1S(=O)(=O)C2=CC=CC3=C2C=CN=C3,291.37,1,70.7,1,5,2
beta-Isosparteine,168213,C1CCN2CC3CC(C2C1)CN4C3CCCC4,234.38,2.5,6.5,0,2,0
Motesanib,11667893,CC1(CNC2=C1C=CC(=C2)NC(=O)C3=C(N=CC=C3)NCC4=CC=NC=C4)C,373.5,3.9,78.9,3,5,5
Fenofibrate,3339,CC(C)OC(=O)C(C)(C)OC1=CC=C(C=C1)C(=O)C2=CC=C(C=C2)Cl,360.8,5.2,52.6,0,4,7
Sulfaperin,68933,CC1=CN=C(N=C1)NS(=O)(=O)C2=CC=C(C=C2)N,264.31,0.3,106.0,2,6,3
Etanidazole,3276,C1=CN(C(=N1)[N+](=O)[O-])CC(=O)NCCO,214.18,-1.3,113.0,2,5,4
Lypressin,644076,C1CC(N(C1)C(=O)C2CSSCC(C(=O)NC(C(=O)NC(C(=O)NC(C(=O)NC(C(=O)N2)CC(=O)N)CCC(=O)N)CC3=CC=CC=C3)CC4=CC=C(C=C4)O)N)C(=O)NC(CCCCN)C(=O)NCC(=O)N,1056.2,-3.9,476.0,13,16,19
Gimeracil,54679224,C1=C(C(=CNC1=O)Cl)O,145.54,-0.1,49.3,2,2,0
Gadoteric acid,158536,C1CN(CCN(CCN(CCN1CC(=O)O)CC(=O)[O-])CC(=O)[O-])CC(=O)[O-].[Gd+3],558.64,,171.0,1,12,5
Fluasterone,133967,CC12CCCCC1=CCC3C2CCC4(C3CC(C4=O)F)C,290.4,5.1,17.1,0,2,0
Brofaromine,44571,COC1=CC(=C2C(=C1)C=C(O2)C3CCNCC3)Br,310.19,3.1,34.4,1,3,2
Buformin,2468,CCCCN=C(N)N=C(N)N,157.22,-0.6,103.0,3,1,4
Risdiplam,118513932,CC1=CC(=NN2C1=NC(=C2)C)C3=CC(=O)N4C=C(C=CC4=N3)N5CCNC6(C5)CC6,401.5,0.5,78.1,1,6,2
Hydroxyfasudil,3064778,C1CNCCN(C1)S(=O)(=O)C2=CC=CC3=C2C=CNC3=O,307.37,0.2,86.9,2,5,2
Chlormadinone,5284533,CC(=O)C1(CCC2C1(CCC3C2C=C(C4=CC(=O)CCC34C)Cl)C)O,362.9,3,54.4,1,3,1
Gamithromycin,59364992,CCCN1CC(C(C(C(OC(=O)C(C(C(C(C(CC1C)(C)O)OC2C(C(CC(O2)C)N(C)C)O)C)OC3CC(C(C(O3)C)O)(C)OC)C)CC)(C)O)O)C,777.0,4.9,180.0,5,14,9
Promazine,4926,CN(C)CCCN1C2=CC=CC=C2SC3=CC=CC=C31,284.4,4.5,31.8,0,3,4
Tylosin,5280440,CCC1C(C=C(C=CC(=O)C(CC(C(C(C(CC(=O)O1)O)C)OC2C(C(C(C(O2)C)OC3CC(C(C(O3)C)O)(C)O)N(C)C)O)CC=O)C)C)COC4C(C(C(C(O4)C)O)OC)OC,916.1,1,239.0,5,18,13
Marbofloxacin,60651,CN1CCN(CC1)C2=C(C=C3C4=C2OCN(N4C=C(C3=O)C(=O)O)C)F,362.4,-0.5,76.6,1,9,2
GSK-256066,9827968,CC1=CC(=CC2=C(C(=CN=C12)C(=O)N)NC3=CC(=CC=C3)OC)S(=O)(=O)C4=CC=CC(=C4)C(=O)N(C)C,518.6,3.8,140.0,2,7,7
Nafarelin,25077405,CC(C)CC(C(=O)NC(CCCN=C(N)N)C(=O)N1CCCC1C(=O)NCC(=O)N)NC(=O)C(CC2=CC3=CC=CC=C3C=C2)NC(=O)C(CC4=CC=C(C=C4)O)NC(=O)C(CO)NC(=O)C(CC5=CNC6=CC=CC=C65)NC(=O)C(CC7=CN=CN7)NC(=O)C8CCC(=O)N8,1322.5,0.8,475.0,16,15,33
Prostaglandin G2,5280883,CCCCCC(C=CC1C2CC(C1CC=CCCCC(=O)O)OO2)OO,368.5,3.8,85.2,2,6,13
Lercanidipine,65866,CC1=C(C(C(=C(N1)C)C(=O)OC(C)(C)CN(C)CCC(C2=CC=CC=C2)C3=CC=CC=C3)C4=CC(=CC=C4)[N+](=O)[O-])C(=O)OC,611.7,6.9,114.0,1,8,13
Nintedanib,135423438,CN1CCN(CC1)CC(=O)N(C)C2=CC=C(C=C2)N=C(C3=CC=CC=C3)C4=C(NC5=C4C=CC(=C5)C(=O)OC)O,539.6,4.3,101.0,2,7,8
Amprenavir,65016,CC(C)CN(CC(C(CC1=CC=CC=C1)NC(=O)OC2CCOC2)O)S(=O)(=O)C3=CC=C(C=C3)N,505.6,2.9,140.0,3,8,12
Favipiravir,492405,C1=C(N=C(C(=O)N1)C(=O)N)F,157.10,-0.6,84.6,2,4,1
Cefixime,5362065,C=CC1=C(N2C(C(C2=O)NC(=O)C(=NOCC(=O)O)C3=CSC(=N3)N)SC1)C(=O)O,453.5,-0.7,238.0,4,12,8
Tretazicar,89105,C1CN1C2=C(C=C(C(=C2)C(=O)N)[N+](=O)[O-])[N+](=O)[O-],252.18,0,138.0,1,6,2
Josamycin,5282165,CC1CC=CC=CC(C(CC(C(C(C(CC(=O)O1)OC(=O)C)OC)OC2C(C(C(C(O2)C)OC3CC(C(C(O3)C)OC(=O)CC(C)C)(C)O)N(C)C)O)CC=O)C)O,828.0,2.9,206.0,3,16,14
Pyronaridine,107771,COC1=NC2=C(C3=C(C=C(C=C3)Cl)N=C2C=C1)NC4=CC(=C(C(=C4)CN5CCCC5)O)CN6CCCC6,518.0,5.3,73.8,2,7,7
Piclamilast,154575,COC1=C(C=C(C=C1)C(=O)NC2=C(C=NC=C2Cl)Cl)OC3CCCC3,381.2,4.2,60.5,1,4,5
Nebularine,68368,C1=C2C(=NC=N1)N(C=N2)C3C(C(C(O3)CO)O)O,252.23,-0.7,114.0,3,7,2
Amrubicin,3035016,CC(=O)C1(CC(C2=C(C1)C(=C3C(=C2O)C(=O)C4=CC=CC=C4C3=O)O)OC5CC(C(CO5)O)O)N,483.5,0.9,177.0,5,10,3
beta-D-Galactosamine,449462,C(C1C(C(C(C(O1)O)N)O)O)O,179.17,-2.8,116.0,5,6,1
Novobiocin,54675769,CC1=C(C=CC2=C1OC(=O)C(=C2O)NC(=O)C3=CC(=C(C=C3)O)CC=C(C)C)OC4C(C(C(C(O4)(C)C)OC)OC(=O)N)O,612.6,3.3,196.0,5,11,9
Guadecitabine,135564655,C1C(C(OC1N2C=NC3=C2N=C(NC3=O)N)COP(=O)(O)OC4CC(OC4CO)N5C=NC(=NC5=O)N)O,557.4,-4.6,271.0,6,12,8
Domoic Acid,5282253,CC(C=CC=C(C)C1CNC(C1CC(=O)O)C(=O)O)C(=O)O,311.33,-1.3,124.0,4,7,7
Ranolazine,56959,CC1=C(C(=CC=C1)C)NC(=O)CN2CCN(CC2)CC(COC3=CC=CC=C3OC)O,427.5,2.7,74.3,2,6,9
TNP-470,369976,CC(=CCC1C(O1)(C)C2C(C(CCC23CO3)OC(=O)NC(=O)CCl)OC)C,401.9,2.5,89.7,1,6,7
Bambermycins,6433554,CC1C(C(C(C(O1)OC2C(OC(C(C2O)NC(=O)C)OC3C(C(C(OC3OP(=O)(O)OCC(C(=O)OCCC=C(C)CCC=CC(C)(C)CCC(=C)CC=C(C)CCC=C(C)C)O)C(=O)O)(C)O)OC(=O)N)COC4C(C(C(C(O4)CO)O)O)O)NC(=O)C)O)OC5C(C(C(C(O5)C(=O)NC6=C(CCC6=O)O)O)O)O,1597.6,-0.5,602.0,18,35,39
Rosoxacin,287180,CCN1C=C(C(=O)C2=C1C=C(C=C2)C3=CC=NC=C3)C(=O)O,294.30,0.6,70.5,1,5,3
Flunoxaprofen,68869,CC(C1=CC2=C(C=C1)OC(=N2)C3=CC=C(C=C3)F)C(=O)O,285.27,3.6,63.3,1,5,3
Lomefloxacin,3948,CCN1C=C(C(=O)C2=CC(=C(C(=C21)F)N3CCNC(C3)C)F)C(=O)O,351.35,-0.8,72.9,2,8,3
Cycloguanil,9049,CC1(N=C(N=C(N1C2=CC=C(C=C2)Cl)N)N)C,251.71,1,80.0,2,1,1
Prasterone enantate,163331,CCCCCCC(=O)OC1CCC2(C3CCC4(C(C3CC=C2C1)CCC4=O)C)C,400.6,6.3,43.4,0,3,7
Pemafibrate,11526038,CCC(C(=O)O)OC1=CC=CC(=C1)CN(CCCOC2=CC=C(C=C2)OC)C3=NC4=CC=CC=C4O3,490.5,6.2,94.3,1,8,13
"Sar9, Met (O2)11-Substance P",163829,CC(C)CC(C(=O)NC(CCS(=O)(=O)C)C(=O)N)NC(=O)CN(C)C(=O)C(CC1=CC=CC=C1)NC(=O)C(CC2=CC=CC=C2)NC(=O)C(CCC(=O)N)NC(=O)C(CCC(=O)N)NC(=O)C3CCCN3C(=O)C(CCCCN)NC(=O)C4CCCN4C(=O)C(CCCN=C(N)N)N,1393.7,-3.4,553.0,14,18,42
Talampicillin,71447,CC1(C(N2C(S1)C(C2=O)NC(=O)C(C3=CC=CC=C3)N)C(=O)OC4C5=CC=CC=C5C(=O)O4)C,481.5,2.7,153.0,2,8,6
AS-8112,10993014,CCN1CCN(CC(C1)NC(=O)C2=CC(=C(C=C2OC)NC)Br)C,399.3,2.1,56.8,2,5,5
Brincidofovir,483477,CCCCCCCCCCCCCCCCOCCCOP(=O)(COC(CN1C=CC(=NC1=O)N)CO)O,561.7,4.9,144.0,3,7,26
Dipivefrin,3105,CC(C)(C)C(=O)OC1=C(C=C(C=C1)C(CNC)O)OC(=O)C(C)(C)C,351.4,2.9,84.9,2,6,9
Natamycin,5284447,CC1CC=CC=CC=CC=CC(CC2C(C(CC(O2)(CC(CC3C(O3)C=CC(=O)O1)O)O)O)C(=O)O)OC4C(C(C(C(O4)C)O)N)O,665.7,-1.3,231.0,7,14,3
Maraviroc,3002977,CC1=NN=C(N1C2CC3CCC(C2)N3CCC(C4=CC=CC=C4)NC(=O)C5CCC(CC5)(F)F)C(C)C,513.7,5.1,63.1,1,6,8
Fenbufen,3335,C1=CC=C(C=C1)C2=CC=C(C=C2)C(=O)CCC(=O)O,254.28,3.2,54.4,1,3,5
Methylprednisone,124653,CC1CC2C3CCC(C3(CC(=O)C2C4(C1=CC(=O)C=C4)C)C)(C(=O)CO)O,372.5,1.8,91.7,2,5,2
Demecarium,5966,CN(CCCCCCCCCCN(C)C(=O)OC1=CC=CC(=C1)[N+](C)(C)C)C(=O)OC2=CC=CC(=C2)[N+](C)(C)C,556.8,6.6,59.1,0,4,17
Thiabendazole,5430,C1=CC=C2C(=C1)NC(=N2)C3=CSC=N3,201.25,2.5,69.8,1,3,1
Guanine,135398634,C1=NC2=C(N1)C(=O)NC(=N2)N,151.13,-1.1,96.2,3,3,0
Tesevatinib,10458325,CN1CC2CC(CC2C1)COC3=C(C=C4C(=C3)N=CN=C4NC5=C(C(=C(C=C5)Cl)Cl)F)OC,491.4,5.8,59.5,1,7,6
Biperiden,2381,C1CCN(CC1)CCC(C2CC3CC2C=C3)(C4=CC=CC=C4)O,311.5,4.3,23.5,1,2,5
Tecarfarin,54718618,CC(C(F)(F)F)(C(F)(F)F)OC(=O)C1=CC=C(C=C1)CC2=C(C3=CC=CC=C3OC2=O)O,460.3,5.5,72.8,1,11,5
Mibolerone,251636,CC1CC2=CC(=O)CCC2C3C1C4CCC(C4(CC3)C)(C)O,302.5,3.2,37.3,1,2,0
Fenprostalene,72734332,COC(=O)CCC=C=CCC1C(CC(C1C=CC(COC2=CC=CC=C2)O)O)O,402.5,1.6,96.2,3,6,11
Etofibrate,65777,CC(C)(C(=O)OCCOC(=O)C1=CN=CC=C1)OC2=CC=C(C=C2)Cl,363.8,3.5,74.7,0,6,9
Ketanserin,3822,C1CN(CCC1C(=O)C2=CC=C(C=C2)F)CCN3C(=O)C4=CC=CC=C4NC3=O,395.4,2.6,69.7,1,5,5
Enmetazobactam,23653540,CC1(C(N2C(S1(=O)=O)CC2=O)C(=O)[O-])CN3C=C[N+](=N3)C,314.32,-0.6,125.0,0,6,2
Delpazolid,44205191,CN1CCN(C=N1)C2=C(C=C(C=C2)N3CC(OC3=O)CO)F,308.31,0.6,68.6,1,6,3
Aurodox,135509117,CCC(C(=O)NCC=CC=C(C)C(C(C)C1C(C(C(O1)C=CC=CC=C(C)C(=O)C2=C(C=CN(C2=O)C)O)O)O)OC)C3(C(C(C(C(O3)C=CC=CC)(C)C)O)O)O,811.0,4,216.0,7,12,17
Epimestrol,244809,CC12CCC3C(C1CC(C2O)O)CCC4=C3C=CC(=C4)OC,302.4,2.8,49.7,2,3,1
Fosbretabulin,5351387,COC1=C(C=C(C=C1)C=CC2=CC(=C(C(=C2)OC)OC)OC)OP(=O)(O)O,396.3,2.4,104.0,2,8,8
Echothiophate,10548,CCOP(=O)(OCC)SCC[N+](C)(C)C,256.33,1,60.8,0,4,8
25-desacetylrifapentine,135564528,CC1C=CC=C(C(=O)NC2=C(C(=C3C(=C2O)C(=C(C4=C3C(=O)C(O4)(OC=CC(C(C(C(C(C(C1O)C)O)C)O)C)OC)C)C)O)O)C=NN5CCN(CC5)C6CCCC6)C,835.0,6.2,214.0,7,14,4
Halofuginone,456390,C1CC(C(NC1)CC(=O)CN2C=NC3=CC(=C(C=C3C2=O)Cl)Br)O,414.7,1.4,82.0,2,5,4
Prednimustine,34457,CC12CC(C3C(C1CCC2(C(=O)COC(=O)CCCC4=CC=C(C=C4)N(CCCl)CCCl)O)CCC5=CC(=O)C=CC35C)O,646.6,6,104.0,2,7,13
Erythrityl tetranitrate,5284553,C(C(C(CO[N+](=O)[O-])O[N+](=O)[O-])O[N+](=O)[O-])O[N+](=O)[O-],302.11,1.4,220.0,0,12,7
Dihydro-alpha-ergocryptine,114948,CC(C)CC1C(=O)N2CCCC2C3(N1C(=O)C(O3)(C(C)C)NC(=O)C4CC5C(CC6=CNC7=CC=CC5=C67)N(C4)C)O,577.7,3.1,118.0,3,6,5
Piritrexim,54369,CC1=C2C(=NC(=NC2=NC=C1CC3=C(C=CC(=C3)OC)OC)N)N,325.4,2.1,109.0,2,7,4
Ginsenoside Rb1,9898279,CC(=CCCC(C)(C1CCC2(C1C(CC3C2(CCC4C3(CCC(C4(C)C)OC5C(C(C(C(O5)CO)O)O)OC6C(C(C(C(O6)CO)O)O)O)C)C)O)C)OC7C(C(C(C(O7)COC8C(C(C(C(O8)CO)O)O)O)O)O)O)C,1109.3,0.3,377.0,15,23,16
Dihydrotachysterol,5311071,CC1CCC(CC1=CC=C2CCCC3(C2CCC3C(C)C=CC(C)C(C)C)C)O,398.7,7.7,20.2,1,1,5
Dimetotiazine,3089,CC(CN1C2=CC=CC=C2SC3=C1C=C(C=C3)S(=O)(=O)N(C)C)N(C)C,391.6,3.8,77.5,0,6,5
Foscarnet,3415,C(=O)(O)P(=O)(O)O,126.01,-2,94.8,3,5,1
"R,S-Warfarin alcohol",54736486,CC(CC(C1=CC=CC=C1)C2=C(C3=CC=CC=C3OC2=O)O)O,310.3,2.6,66.8,2,4,4
"3,4-Dihydroxybenzoic Acid",72,C1=CC(=C(C=C1C(=O)O)O)O,154.12,1.1,77.8,3,4,1
Semaxanib,5329098,CC1=CC(=C(N1)C=C2C3=CC=CC=C3NC2=O)C,238.28,2.5,44.9,2,1,1
Oltipraz,47318,CC1=C(SSC1=S)C2=NC=CN=C2,226.3,1.1,108.0,0,5,1
Artemotil,3000469,CCOC1C(C2CCC(C3C24C(O1)OC(CC3)(OO4)C)C)C,312.4,3.4,46.2,0,5,2
Mesterolone,15020,CC1CC(=O)CC2C1(C3CCC4(C(C3CC2)CCC4O)C)C,304.5,4.1,37.3,1,2,0
Carfecillin,33672,CC1(C(N2C(S1)C(C2=O)NC(=O)C(C3=CC=CC=C3)C(=O)OC4=CC=CC=C4)C(=O)O)C,454.5,3,138.0,2,7,7
Gimatecan,9577124,CCC1(C2=C(COC1=O)C(=O)N3CC4=C(C5=CC=CC=C5N=C4C3=C2)C=NOC(C)(C)C)O,447.5,2,101.0,1,7,4
Propatyl nitrate,66261,CCC(CO[N+](=O)[O-])(CO[N+](=O)[O-])CO[N+](=O)[O-],269.17,2,165.0,0,9,7
Quinestrol,9046,CC12CCC3C(C1CCC2(C#C)O)CCC4=C3C=CC(=C4)OC5CCCC5,364.5,5.3,29.5,1,2,3
Boldenone,13308,CC12CCC3C(C1CCC2O)CCC4=CC(=O)C=CC34C,286.4,3.5,37.3,1,2,0
Sulfamethazine,5327,CC1=CC(=NC(=N1)NS(=O)(=O)C2=CC=C(C=C2)N)C,278.33,0.3,106.0,2,6,3
Flurithromycin,71260,CCC1C(C(C(C(=O)C(CC(C(C(C(C(C(=O)O1)C)OC2CC(C(C(O2)C)O)(C)OC)C)OC3C(C(CC(O3)C)N(C)C)O)(C)O)(C)F)C)O)(C)O,751.9,2.8,194.0,5,15,7
Radezolid,11224409,CC(=O)NCC1CN(C(=O)O1)C2=CC(=C(C=C2)C3=CC=C(C=C3)CNCC4=NNN=C4)F,438.5,1.1,112.0,3,7,8
Dianhydrogalactitol,15942827,C1C(O1)C(C(C2CO2)O)O,146.14,-1.3,65.5,2,4,3
Gavestinel,6450546,C1=CC=C(C=C1)NC(=O)C=CC2=C(NC3=C2C(=CC(=C3)Cl)Cl)C(=O)O,375.2,4.4,82.2,3,3,4
Porfiromycin,13116,CC1=C(C(=O)C2=C(C1=O)N3CC4C(C3(C2COC(=O)N)OC)N4C)N,348.35,-0.4,128.0,2,8,4
Orvepitant,9852175,CC1=C(C=CC(=C1)F)C2CC(CCN2C(=O)N(C)C(C)C3=CC(=CC(=C3)C(F)(F)F)C(F)(F)F)N4CCN5C(C4)CCC5=O,628.6,5.4,47.1,0,10,4
Platinum,23939,[Pt],195.08,,0.0,0,0,0
Mephenesin,4059,CC1=CC=CC=C1OCC(CO)O,182.22,1.4,49.7,2,3,4
Methylpropylpropanediol dinitrate,25430,CCCC(C)(CO[N+](=O)[O-])CO[N+](=O)[O-],222.20,2.9,110.0,0,6,6
Aluminium,5359268,[Al],26.981538,,0.0,0,0,0
Ractopamine,56052,CC(CCC1=CC=C(C=C1)O)NCC(C2=CC=C(C=C2)O)O,301.4,2.7,72.7,4,4,7
Protionamide,666418,CCCC1=NC=CC(=C1)C(=S)N,180.27,1.5,71.0,1,2,3
Vorapaxar,10077130,CCOC(=O)NC1CCC2C(C1)CC3C(C2C=CC4=NC=C(C=C4)C5=CC(=CC=C5)F)C(OC3=O)C,492.6,5.3,77.5,1,6,6
Efatutazone,9832447,CC1=CC(=CC(=C1N)C)OC2=CC3=C(C=C2)N=C(N3C)COC4=CC=C(C=C4)CC5C(=O)NC(=O)S5,502.6,4.7,134.0,2,7,7
Alanosine,90657278,C(C(C(=O)[O-])[NH3+])N(N=O)O,149.11,-3.2,121.0,2,6,2
Chlorphentermine,10007,CC(C)(CC1=CC=C(C=C1)Cl)N,183.68,2.6,26.0,1,1,2
Gantacurium,10102486,C[N+]1(CCC2=CC(=C(C=C2C1CC3=CC(=C(C(=C3)OC)OC)OC)OC)OC)CCCOC(=O)C(=CC(=O)OCCC[N+]4(CCC5=CC(=C(C=C5C4C6=CC(=C(C(=C6)OC)OC)OC)OC)OC)C)Cl,993.6,8.3,145.0,0,14,25
Pipobroman,4842,C1CN(CCN1C(=O)CCBr)C(=O)CCBr,356.05,0.4,40.6,0,2,4
Cediranib,9933475,CC1=CC2=C(N1)C=CC(=C2F)OC3=NC=NC4=CC(=C(C=C43)OC)OCCCN5CCCC5,450.5,4.9,72.5,1,7,8
Cloprednol,5284535,CC12CC(C3C(C1CCC2(C(=O)CO)O)C=C(C4=CC(=O)C=CC34C)Cl)O,392.9,1.9,94.8,3,5,2
Tetrahydrocannabivarin,93147,CCCC1=CC(=C2C3C=C(CCC3C(OC2=C1)(C)C)C)O,286.4,5.9,29.5,1,2,2
Minoxidil,4201,C1CCN(CC1)C2=NC(=N)N(C(=C2)N)O,209.25,1.2,88.9,3,3,1
Mangafodipir,76967443,CC1=C(C(=CC(=N1)COP(=O)(O)[O-])CN(CCN(CC2=CC(=NC(=C2O)C)COP(=O)(O)[O-])CC(=O)O)CC(=O)O)O.[Mn+2],691.4,,287.0,6,18,17
Ethchlorvynol,5281077,CCC(C=CCl)(C#C)O,144.60,1.5,20.2,1,1,3
Chlorpromazine,2726,CN(C)CCCN1C2=CC=CC=C2SC3=C1C=C(C=C3)Cl,318.9,5.2,31.8,0,3,4
Huperzine A,854026,CC=C1C2CC3=C(C1(CC(=C2)C)N)C=CC(=O)N3,242.32,0,55.1,2,2,0
Armodafinil,9690109,C1=CC=C(C=C1)C(C2=CC=CC=C2)S(=O)CC(=O)N,273.4,1.7,79.4,1,3,5
Laniquidar,6450806,COC(=O)C1=CN=C2N1CCC3=CC=CC=C3C2=C4CCN(CC4)CCC5=CC=C(C=C5)OCC6=NC7=CC=CC=C7C=C6,584.7,5.8,69.5,0,6,8
Cefpodoxime,6335986,COCC1=C(N2C(C(C2=O)NC(=O)C(=NOC)C3=CSC(=N3)N)SC1)C(=O)O,427.5,-1.4,210.0,3,11,7
Clocortolone,5311052,CC1CC2C3CC(C4=CC(=O)C=CC4(C3(C(CC2(C1C(=O)CO)C)O)Cl)C)F,410.9,2.5,74.6,2,5,2
Hydroxyzine,3658,C1CN(CCN1CCOCCO)C(C2=CC=CC=C2)C3=CC=C(C=C3)Cl,374.9,3.7,35.9,1,4,8
Remifentanil,60815,CCC(=O)N(C1=CC=CC=C1)C2(CCN(CC2)CCC(=O)OC)C(=O)OC,376.4,1.9,76.2,0,6,9
Coumarin,323,C1=CC=C2C(=C1)C=CC(=O)O2,146.14,1.4,26.3,0,2,0
Sparsomycin,9543443,CC1=C(C(=O)NC(=O)N1)C=CC(=O)NC(CO)CS(=O)CSC,361.4,-1.7,169.0,4,7,8
Danoprevir,11285588,CC(C)(C)OC(=O)NC1CCCCCC=CC2CC2(NC(=O)C3CC(CN3C1=O)OC(=O)N4CC5=C(C4)C(=CC=C5)F)C(=O)NS(=O)(=O)C6CC6,731.8,3.3,189.0,3,10,8
Dimenhydrinate,10660,CN1C2=C(C(=O)N(C1=O)C)NC(=N2)Cl.CN(C)CCOC(C1=CC=CC=C1)C2=CC=CC=C2,470.0,,81.8,1,5,6
Trimipramine,5584,CC(CN1C2=CC=CC=C2CCC3=CC=CC=C31)CN(C)C,294.4,5.8,6.5,0,2,4
Valspodar,5281884,CC=CCC(C)C(=O)C1C(=O)NC(C(=O)N(CC(=O)N(C(C(=O)NC(C(=O)N(C(C(=O)NC(C(=O)NC(C(=O)N(C(C(=O)N(C(C(=O)N(C(C(=O)N1C)C(C)C)C)CC(C)C)C)CC(C)C)C)C)C)CC(C)C)C)C(C)C)CC(C)C)C)C)C(C)C,1214.6,7.7,276.0,4,12,15
Hexocyclium,24199,C[N+]1(CCN(CC1)CC(C2CCCCC2)(C3=CC=CC=C3)O)C,317.5,3.1,23.5,1,2,4
Broxuridine,6035,C1C(C(OC1N2C=C(C(=O)NC2=O)Br)CO)O,307.10,-0.3,99.1,3,5,2
Phenylacetic acid,999,C1=CC=C(C=C1)CC(=O)O,136.15,1.4,37.3,1,2,2
Ketotifen,3827,CN1CCC(=C2C3=C(C(=O)CC4=CC=CC=C42)SC=C3)CC1,309.4,3.2,48.6,0,3,0
Stavudine,18283,CC1=CN(C(=O)NC1=O)C2C=CC(O2)CO,224.21,-0.8,78.9,2,4,2
Prifinium,4905,CC[N+]1(CCC(=C(C2=CC=CC=C2)C3=CC=CC=C3)C1C)CC,306.5,5.1,0.0,0,0,4
Zomepirac,5733,CC1=C(N(C(=C1)CC(=O)O)C)C(=O)C2=CC=C(C=C2)Cl,291.73,2.8,59.3,1,3,4
Glycerol phenylbutyrate,10482134,C1=CC=C(C=C1)CCCC(=O)OCC(COC(=O)CCCC2=CC=CC=C2)OC(=O)CCCC3=CC=CC=C3,530.6,6.7,78.9,0,6,20
Lynestrenol,5857,CC12CCC3C(C1CCC2(C#C)O)CCC4=CCCCC34,284.4,4.5,20.2,1,1,1
Dexrabeprazole,9906855,CC1=C(C=CN=C1CS(=O)C2=NC3=CC=CC=C3N2)OCCCOC,359.4,1.9,96.3,1,6,8
Sparfosic acid,39981,C(C(C(=O)O)NC(=O)CP(=O)(O)O)C(=O)O,255.12,-3.1,161.0,5,8,6
Geldanamycin,5288382,CC1CC(C(C(C=C(C(C(C=CC=C(C(=O)NC2=CC(=O)C(=C(C1)C2=O)OC)C)OC)OC(=O)N)C)C)O)OC,560.6,2,163.0,3,9,5
Luliconazole,3003141,C1C(SC(=C(C#N)N2C=CN=C2)S1)C3=C(C=C(C=C3)Cl)Cl,354.3,4,92.2,0,4,2
Gaboxadol,3448,C1CNCC2=C1C(=O)NO2,140.14,-0.9,50.4,2,3,0
Propiopromazine,24352,CCC(=O)C1=CC2=C(C=C1)SC3=CC=CC=C3N2CCCN(C)C,340.5,4.7,48.9,0,4,6
Benzilone,66248,CC[N+]1(CCC(C1)OC(=O)C(C2=CC=CC=C2)(C3=CC=CC=C3)O)CC,354.5,3.6,46.5,1,3,7
Furosemide,3440,C1=COC(=C1)CNC2=CC(=C(C=C2C(=O)O)S(=O)(=O)N)Cl,330.74,2,131.0,3,7,5
Gemifloxacin,9571107,CON=C1CN(CC1CN)C2=C(C=C3C(=O)C(=CN(C3=N2)C4CC4)C(=O)O)F,389.4,-0.7,121.0,2,10,5
Guanidine,3520,C(=N)(N)N,59.07,-1.3,75.9,3,1,0
Vamorolone,3035000,CC1CC2C3CCC4=CC(=O)C=CC4(C3=CCC2(C1(C(=O)CO)O)C)C,356.5,2.7,74.6,2,4,2
Camptothecin,24360,CCC1(C2=C(COC1=O)C(=O)N3CC4=CC5=CC=CC=C5N=C4C3=C2)O,348.4,1,79.7,1,5,1
Lonidamine,39562,C1=CC=C2C(=C1)C(=NN2CC3=C(C=C(C=C3)Cl)Cl)C(=O)O,321.2,4.3,55.1,1,3,3
Florbetapir F-18,24822371,CNC1=CC=C(C=C1)C=CC2=CN=C(C=C2)OCCOCCOCCF,359.4,3.5,52.6,1,6,12
Triclofos,5563,C(C(Cl)(Cl)Cl)OP(=O)(O)O,229.38,0.3,66.8,2,4,2
Gabexate,3447,CCOC(=O)C1=CC=C(C=C1)OC(=O)CCCCCN=C(N)N,321.37,1.4,117.0,2,5,11
Alvimopan,5488548,CC1CN(CCC1(C)C2=CC(=CC=C2)O)CC(CC3=CC=CC=C3)C(=O)NCC(=O)O,424.5,1.7,89.9,3,5,8
Medazepam,4041,CN1CCN=C(C2=C1C=CC(=C2)Cl)C3=CC=CC=C3,270.75,4.4,15.6,0,2,1
Gemigliptin,11953153,C1CC(CN(C1=O)CC(CC(=O)N2CCC3=C(C2)N=C(N=C3C(F)(F)F)C(F)(F)F)N)(F)F,489.4,0.7,92.4,1,13,4
Diroximel fumarate,73330464,COC(=O)C=CC(=O)OCCN1C(=O)CCC1=O,255.22,-0.9,90.0,0,6,7
Potassium triiodide,105053,[K+].I[I-]I,419.8117,,0.0,0,1,0
Mezlocillin,656511,CC1(C(N2C(S1)C(C2=O)NC(=O)C(C3=CC=CC=C3)NC(=O)N4CCN(C4=O)S(=O)(=O)C)C(=O)O)C,539.6,-0.2,207.0,3,9,6
Calcium glubionate anhydrous,6093407,C(C1C(C(C(C(O1)OC(C(CO)O)C(C(C(=O)[O-])O)O)O)O)O)O.C(C(C(C(C(C(=O)[O-])O)O)O)O)O.[Ca+2],592.5,,362.0,13,19,11
Enibomal,18735,CC(C)C1(C(=O)NC(=O)N(C1=O)C)CC(=C)Br,303.15,2.3,66.5,1,3,3
Synephrine,7172,CNCC(C1=CC=C(C=C1)O)O,167.20,-0.6,52.5,3,3,3
Protirelin,638678,C1CC(N(C1)C(=O)C(CC2=CN=CN2)NC(=O)C3CCC(=O)N3)C(=O)N,362.38,-2.5,150.0,4,5,6
Momelotinib,25062766,C1COCCN1C2=CC=C(C=C2)NC3=NC=CC(=N3)C4=CC=C(C=C4)C(=O)NCC#N,414.5,2.6,103.0,2,7,6
Bromfenac,60726,C1=CC(=C(C(=C1)C(=O)C2=CC=C(C=C2)Br)N)CC(=O)O,334.16,3.3,80.4,2,4,4
Mitobronitol,656655,C(C(C(C(C(CBr)O)O)O)O)Br,307.96,-0.3,80.9,4,4,5
Diprenorphine,443408,CC(C)(C1CC23CCC1(C4C25CCN(C3CC6=C5C(=C(C=C6)O)O4)CC7CC7)OC)O,425.6,3.6,62.2,2,5,4
Pivampicillin,33478,CC1(C(N2C(S1)C(C2=O)NC(=O)C(C3=CC=CC=C3)N)C(=O)OCOC(=O)C(C)(C)C)C,463.5,2.9,153.0,2,8,9
Alimemazine,5574,CC(CN1C2=CC=CC=C2SC3=CC=CC=C31)CN(C)C,298.4,4.7,31.8,0,3,4
Isothipendyl,3781,CC(CN1C2=CC=CC=C2SC3=C1N=CC=C3)N(C)C,285.4,3.5,44.7,0,4,3
Clobetasone,71387,CC1CC2C3CCC4=CC(=O)C=CC4(C3(C(=O)CC2(C1(C(=O)CCl)O)C)F)C,408.9,2.6,71.4,1,5,2
Aclarubicin,451415,CCC1(CC(C2=C(C3=C(C=C2C1C(=O)OC)C(=O)C4=C(C3=O)C(=CC=C4)O)O)OC5CC(C(C(O5)C)OC6CC(C(C(O6)C)OC7CCC(=O)C(O7)C)O)N(C)C)O,811.9,3.8,217.0,4,16,10
Tovorafenib,25161177,CC(C1=NC=C(S1)C(=O)NC2=NC=C(C(=C2)C(F)(F)F)Cl)NC(=O)C3=C(C(=NC=N3)N)Cl,506.3,3,164.0,3,11,5
Haloxon,9454,CC1=C(C(=O)OC2=C1C=CC(=C2)OP(=O)(OCCCl)OCCCl)Cl,415.6,3.3,71.1,0,6,8
Cephalexin,27447,CC1=C(N2C(C(C2=O)NC(=O)C(C3=CC=CC=C3)N)SC1)C(=O)O,347.4,0.6,138.0,3,6,4
5-androstenedione,160531,CC12CCC3C(C1CCC2=O)CC=C4C3(CCC(=O)C4)C,286.4,2.9,34.1,0,2,0
Meticillin,6087,CC1(C(N2C(S1)C(C2=O)NC(=O)C3=C(C=CC=C3OC)OC)C(=O)O)C,380.4,1.2,130.0,2,7,5
Sulfadimethoxine,5323,COC1=NC(=NC(=C1)NS(=O)(=O)C2=CC=C(C=C2)N)OC,310.33,1.6,125.0,2,8,5
Loteprednol,9865442,CC12CC(C3C(C1CCC2(C(=O)OCCl)O)CCC4=CC(=O)C=CC34C)O,394.9,2.6,83.8,2,5,3
Mifamurtide,123133557,CCCCCCCCCCCCCCCC(=O)OCC(COP(=O)([O-])OCCNC(=O)C(C)NC(=O)CCC(C(=O)N)NC(=O)C(C)NC(=O)C(C)OC(C(C=O)NC(=O)C)C(C(CO)O)O)OC(=O)CCCCCCCCCCCCCCC.O.[Na+],1277.5,,388.0,10,20,58
Calcium pangamate,76966485,CN(C)CC(=O)OCC(C(C(C(C(=O)[O-])O)O)O)O.CN(C)CC(=O)OCC(C(C(C(C(=O)[O-])O)O)O)O.[Ca+2],600.6,,301.0,8,18,16
Anastrozole,2187,CC(C)(C#N)C1=CC(=CC(=C1)CN2C=NC=N2)C(C)(C)C#N,293.4,2.1,78.3,0,4,4
Misoprostol,5282381,CCCCC(C)(CC=CC1C(CC(=O)C1CCCCCCC(=O)OC)O)O,382.5,3.7,83.8,2,5,14
Doravirine,58460047,CN1C(=NNC1=O)CN2C=CC(=C(C2=O)OC3=CC(=CC(=C3)C#N)Cl)C(F)(F)F,425.7,2.1,98.0,1,8,4
Tezosentan,151174,CC(C)C1=CN=C(C=C1)S(=O)(=O)NC2=C(C(=NC(=N2)C3=CC(=NC=C3)C4=NNN=N4)OCCO)OC5=CC=CC=C5OC,605.6,2.4,208.0,3,14,12
Procyclidine,4919,C1CCC(CC1)C(CCN2CCCC2)(C3=CC=CC=C3)O,287.4,4.1,23.5,1,2,5
Tiopronin,5483,CC(C(=O)NCC(=O)O)S,163.20,-0.1,67.4,3,4,3
Repinotan,198757,C1CC2=CC=CC=C2OC1CNCCCCN3C(=O)C4=CC=CC=C4S3(=O)=O,400.5,3,84.1,1,5,7
Trestolone,9838899,CC1CC2=CC(=O)CCC2C3C1C4CCC(C4(CC3)C)O,288.4,2.9,37.3,1,2,0
Anisotropine methylbromide,657201,CCCC(CCC)C(=O)OC1CC2CCC(C1)[N+]2(C)C.[Br-],362.3,,26.3,0,3,7
Acetylleucine,1995,CC(C)CC(C(=O)O)NC(=O)C,173.21,0.5,66.4,2,3,4
Imipenem,104838,CC(C1C2CC(=C(N2C1=O)C(=O)O)SCCN=CN)O,299.35,-0.7,142.0,3,6,6
Candoxatril,5362417,COCCOCC(CC1(CCCC1)C(=O)NC2CCC(CC2)C(=O)O)C(=O)OC3=CC4=C(CCC4)C=C3,515.6,4,111.0,2,7,13
Obeticholic acid,447715,CCC1C2CC(CCC2(C3CCC4(C(C3C1O)CCC4C(C)CCC(=O)O)C)C)O,420.6,5.7,77.8,3,4,5
Lestaurtinib,126565,CC12C(CC(O1)N3C4=CC=CC=C4C5=C6C(=C7C8=CC=CC=C8N2C7=C53)CNC6=O)(CO)O,439.5,2.2,88.7,3,4,1
N-methylnicotinamide,64950,CNC(=O)C1=CN=CC=C1,136.15,0,42.0,1,2,1
Luprostiol,6441712,C1C(C(C(C1O)SCC(COC2=CC(=CC=C2)Cl)O)CC=CCCCC(=O)O)O,445.0,2.9,133.0,4,7,12
Treosulfan,9882105,CS(=O)(=O)OCC(C(COS(=O)(=O)C)O)O,278.3,-2.2,144.0,2,8,7
Desonide,5311066,CC1(OC2CC3C4CCC5=CC(=O)C=CC5(C4C(CC3(C2(O1)C(=O)CO)C)O)C)C,416.5,2.7,93.1,2,6,2
"3,5-diiodothyropropionic acid",160565,C1=CC(=CC=C1O)OC2=C(C=C(C=C2I)CCC(=O)O)I,510.06,4.2,66.8,2,4,5
Tezacitabine,6435808,C1=CN(C(=O)N=C1N)C2C(=CF)C(C(O2)CO)O,257.22,-2.3,108.0,3,5,2
Homatropine,5282593,CN1C2CCC1CC(C2)OC(=O)C(C3=CC=CC=C3)O,275.34,1.9,49.8,1,4,4
Zafirlukast,5717,CC1=CC=CC=C1S(=O)(=O)NC(=O)C2=CC(=C(C=C2)CC3=CN(C4=C3C=C(C=C4)NC(=O)OC5CCCC5)C)OC,575.7,5.5,124.0,2,6,9
Aminolevulinic acid,137,C(CC(=O)O)C(=O)CN,131.13,-3.8,80.4,2,4,4
Belotecan,6456014,CCC1(C2=C(COC1=O)C(=O)N3CC4=C(C5=CC=CC=C5N=C4C3=C2)CCNC(C)C)O,433.5,1.6,91.8,2,6,5
Levocabastine,54385,CC1CN(CCC1(C2=CC=CC=C2)C(=O)O)C3CCC(CC3)(C#N)C4=CC=C(C=C4)F,420.5,2.5,64.3,1,5,4
Nifuratel,6433427,CSCC1CN(C(=O)O1)N=CC2=CC=C(O2)[N+](=O)[O-],285.28,0.7,126.0,0,7,4
Fluocortolone pivalate,119871,CC1CC2C3CC(C4=CC(=O)C=CC4(C3C(CC2(C1C(=O)COC(=O)C(C)(C)C)C)O)C)F,460.6,4.4,80.7,1,6,5
Doxifluridine,18343,CC1C(C(C(O1)N2C=C(C(=O)NC2=O)F)O)O,246.19,-1.7,99.1,3,6,1
Previtamin D(3),5281058,CC1=C(CC(CC1)O)C=CC2=CCCC3(C2CCC3C(C)CCCC(C)C)C,384.6,7.7,20.2,1,1,7
Etilevodopa,170345,CCOC(=O)C(CC1=CC(=C(C=C1)O)O)N,225.24,0.3,92.8,3,5,5
Myxothiazol,10972974,CC(C)C=CC=CC(C)C1=NC(=CS1)C2=NC(=CS2)C=CC(C(C)C(=CC(=O)N)OC)OC,487.7,4.8,144.0,1,7,12
Sodium feredetate,27461,C(CN(CC(=O)[O-])CC(=O)[O-])N(CC(=O)[O-])CC(=O)[O-].[Na+].[Fe+3],367.05,,167.0,0,10,7
Bazedoxifene,154257,CC1=C(N(C2=C1C=C(C=C2)O)CC3=CC=C(C=C3)OCCN4CCCCCC4)C5=CC=C(C=C5)O,470.6,6.1,57.9,2,4,7
Pentaerithrityl,8285,C(C(CO)(CO)CO)O,136.15,-2.4,80.9,4,4,4
Cinchophen,8593,C1=CC=C(C=C1)C2=NC3=CC=CC=C3C(=C2)C(=O)O,249.26,3.4,50.2,1,3,2
"3,5-Dinitrocatechol",3870203,C1=C(C=C(C(=C1[N+](=O)[O-])O)O)[N+](=O)[O-],200.11,0.7,132.0,2,6,0
Cabotegravir,54713659,CC1COC2N1C(=O)C3=C(C(=O)C(=CN3C2)C(=O)NCC4=C(C=C(C=C4)F)F)O,405.4,2.1,99.2,2,8,3
Hadacidin,12717,C(C(=O)O)N(C=O)O,119.08,-1.2,77.8,2,4,2
Atosiban,5311010,CCC(C)C1C(=O)NC(C(=O)NC(C(=O)NC(CSSCCC(=O)NC(C(=O)N1)CC2=CC=C(C=C2)OCC)C(=O)N3CCCC3C(=O)NC(CCCN)C(=O)NCC(=O)N)CC(=O)N)C(C)O,994.2,-1.9,416.0,11,15,18
Lomifylline,65599,CC(=O)CCCCN1C=NC2=C1C(=O)N(C(=O)N2C)C,278.31,-0.1,75.5,0,4,5
Canertinib,156414,C=CC(=O)NC1=C(C=C2C(=C1)C(=NC=N2)NC3=CC(=C(C=C3)F)Cl)OCCCN4CCOCC4,485.9,3.9,88.6,2,8,9
Bunaftine,36131,CCCCN(CCN(CC)CC)C(=O)C1=CC=CC2=CC=CC=C21,326.5,4.7,23.6,0,2,9
Fluprostenol,5311100,C1C(C(C(C1O)C=CC(COC2=CC=CC(=C2)C(F)(F)F)O)CC=CCCCC(=O)O)O,458.5,2.9,107.0,4,9,11
Banoxantrone,9955116,C[N+](C)(CCNC1=C2C(=C(C=C1)NCC[N+](C)(C)[O-])C(=O)C3=C(C=CC(=C3C2=O)O)O)[O-],444.5,3.3,135.0,4,8,8
Mupirocin,446596,CC(C1C(O1)CC2COC(C(C2O)O)CC(=CC(=O)OCCCCCCCCC(=O)O)C)C(C)O,500.6,3,146.0,4,9,17
Drostanolone propionate,224004,CCC(=O)OC1CCC2C1(CCC3C2CCC4C3(CC(C(=O)C4)C)C)C,360.5,5.3,43.4,0,3,3
Bendamustine,65628,CN1C2=C(C=C(C=C2)N(CCCl)CCCl)N=C1CCCC(=O)O,358.3,2.9,58.4,1,4,9
Amidephrine,15010,CNCC(C1=CC(=CC=C1)NS(=O)(=O)C)O,244.31,-1,86.8,3,5,5
Epibatidine,854023,C1CC2C(CC1N2)C3=CN=C(C=C3)Cl,208.69,2.2,24.9,1,2,1
Esculin,5281417,C1=CC(=O)OC2=CC(=C(C=C21)OC3C(C(C(C(O3)CO)O)O)O)O,340.28,-0.6,146.0,5,9,3
Plicamycin,163659,CC1C(C(CC(O1)OC2CC(OC(C2O)C)OC3=CC4=CC5=C(C(=O)C(C(C5)C(C(=O)C(C(C)O)O)OC)OC6CC(C(C(O6)C)O)OC7CC(C(C(O7)C)O)OC8CC(C(C(O8)C)O)(C)O)C(=C4C(=C3C)O)O)O)O,1085.1,0.6,358.0,11,24,15
Zalcitabine,24066,C1CC(OC1CO)N2C=CC(=NC2=O)N,211.22,-1.3,88.2,2,3,2
7-Hydroxystaurosporine,72271,CC12C(C(CC(O1)N3C4=CC=CC=C4C5=C6C(=C7C8=CC=CC=C8N2C7=C53)C(NC6=O)O)NC)OC,482.5,2.7,89.7,3,5,2
Sinefungin,65482,C1=NC(=C2C(=N1)N(C=N2)C3C(C(C(O3)CC(CCC(C(=O)O)N)N)O)O)N,381.39,-4.3,209.0,6,11,7
Lurtotecan,60956,CCC1(C2=C(COC1=O)C(=O)N3CC4=C(C5=CC6=C(C=C5N=C4C3=C2)OCCO6)CN7CCN(CC7)C)O,518.6,0.3,105.0,1,9,3
Ciclopirox,2749,CC1=CC(=O)N(C(=C1)C2CCCCC2)O,207.27,2,40.5,1,2,1
Ceftiofur,6328657,CON=C(C1=CSC(=N1)N)C(=O)NC2C3N(C2=O)C(=C(CS3)CSC(=O)C4=CC=CO4)C(=O)O,523.6,0.2,256.0,3,13,9
Bioallethrin,15558638,CC1=C(C(=O)CC1OC(=O)C2C(C2(C)C)C=C(C)C)CC=C,302.4,4.8,43.4,0,3,6
Transcrocetinate,5281232,CC(=CC=CC=C(C)C=CC=C(C)C(=O)O)C=CC=C(C)C(=O)O,328.4,5.4,74.6,2,4,8
Aldoxorubicin,9810709,CC1C(C(CC(O1)OC2CC(CC3=C2C(=C4C(=C3O)C(=O)C5=C(C4=O)C(=CC=C5)OC)O)(C(=NNC(=O)CCCCCN6C(=O)C=CC6=O)CO)O)N)O,750.7,1.3,268.0,7,15,12
Sulfadicramide,8281,CC(=CC(=O)NS(=O)(=O)C1=CC=C(C=C1)N)C,254.31,0.5,97.6,2,4,3
Eflornithine,3009,C(CC(C(F)F)(C(=O)O)N)CN,182.17,-2.9,89.3,3,6,5
Nystatin,6433272,CC1C=CC=CCCC=CC=CC=CC=CC(CC2C(C(CC(O2)(CC(C(CCC(CC(CC(CC(=O)OC(C(C1O)C)C)O)O)O)O)O)O)O)C(=O)O)OC3C(C(C(C(O3)C)O)N)O,926.1,-0.2,320.0,12,18,3
Caprylic acid,379,CCCCCCCC(=O)O,144.21,3,37.3,1,2,6
Ammonium tetrathiomolybdate,15251598,[NH4+].[NH4+].[SH-].[SH-].S=[Mo]=S,262.3,,68.2,4,4,0
Lurbinectedin,57327016,CC1=CC2=C(C3C4C5C6=C(C(=C7C(=C6C(N4C(C(C2)N3C)O)COC(=O)C8(CS5)C9=C(CCN8)C2=C(N9)C=CC(=C2)OC)OCO7)C)OC(=O)C)C(=C1OC)O,784.9,3.9,190.0,4,14,4
Ipidacrine,604519,C1CCC2=C(C1)C(=C3CCCC3=N2)N,188.27,2.1,38.9,1,2,0
Enoximone,53708,CC1=C(NC(=O)N1)C(=O)C2=CC=C(C=C2)SC,248.30,1.6,83.5,2,3,3
Thiamphenicol,27200,CS(=O)(=O)C1=CC=C(C=C1)C(C(CO)NC(=O)C(Cl)Cl)O,356.2,-0.3,112.0,3,5,6
Liarozole,60652,C1=CC(=CC(=C1)Cl)C(C2=CC3=C(C=C2)N=CN3)N4C=CN=C4,308.8,3.5,46.5,1,2,3
Capravirine,1783,CC(C)C1=C(N(C(=N1)COC(=O)N)CC2=CC=NC=C2)SC3=CC(=CC(=C3)Cl)Cl,451.4,4.5,108.0,1,5,8
Trichostatin A,444732,CC(C=C(C)C=CC(=O)NO)C(=O)C1=CC=C(C=C1)N(C)C,302.37,2.7,69.6,2,4,6
Apaziquone,5813717,CN1C(=C(C2=C1C(=O)C=C(C2=O)N3CC3)CO)C=CCO,288.30,-0.5,82.5,2,5,4
Aminomethylbenzoic acid,65526,C1=CC(=CC=C1CN)C(=O)O,151.16,-1.6,63.3,2,3,2
Fotemustine,104799,CCOP(=O)(C(C)NC(=O)N(CCCl)N=O)OCC,315.69,0.9,97.3,1,6,8
Isobromindione,68953,C1=CC=C(C=C1)C2C(=O)C3=C(C2=O)C=C(C=C3)Br,301.13,3.6,34.1,0,2,1
Masoprocol,71398,CC(CC1=CC(=C(C=C1)O)O)C(C)CC2=CC(=C(C=C2)O)O,302.4,4.3,80.9,4,4,5
Palovarotene,10295295,CC1(CCC(C2=C1C=C(C(=C2)C=CC3=CC=C(C=C3)C(=O)O)CN4C=CC=N4)(C)C)C,414.5,6.8,55.1,1,3,5
Gamolenic acid,5280933,CCCCCC=CCC=CCC=CCCCCC(=O)O,278.4,5.9,37.3,1,2,13
Tipiracil,6323266,C1CC(=N)N(C1)CC2=C(C(=O)NC(=O)N2)Cl,242.66,-0.7,85.3,3,3,2
Foretinib,42642645,COC1=CC2=C(C=CN=C2C=C1OCCCN3CCOCC3)OC4=C(C=C(C=C4)NC(=O)C5(CC5)C(=O)NC6=CC=C(C=C6)F)F,632.7,5.5,111.0,2,10,12
Lometrexol,135413518,C1C(CNC2=C1C(=O)NC(=N2)N)CCC3=CC=C(C=C3)C(=O)NC(CCC(=O)O)C(=O)O,443.5,0.3,183.0,6,8,9
Squalamine,72495,CC(C)C(CCC(C)C1CCC2C1(CCC3C2C(CC4C3(CCC(C4)NCCCNCCCCN)C)O)C)OS(=O)(=O)O,628.0,4.3,142.0,5,8,16
Zinc oxide,3007857,[O-2].[Zn+2],81.4,,1.0,0,1,0
5-methyltetrahydrofolic acid,135415868,CN1C(CNC2=C1C(=O)NC(=N2)N)CNC3=CC=C(C=C3)C(=O)NC(CCC(=O)O)C(=O)O,459.5,-0.5,198.0,7,10,9
Pelitinib,6445562,CCOC1=C(C=C2C(=C1)N=CC(=C2NC3=CC(=C(C=C3)F)Cl)C#N)NC(=O)C=CCN(C)C,467.9,4.5,90.3,2,7,8
OBP-801,11178958,CC1C(=O)NC2CSSCCC=CC(CC(=O)N1)OC(=O)CC(C(NC2=O)C(C)C)O,473.6,0.4,184.0,4,8,1
Atamestane,57050,CC1=CC(=O)C=C2C1(C3CCC4(C(C3CC2)CCC4=O)C)C,298.4,2.9,34.1,0,2,0
GSK-239512,9976892,C1CC(C1)N2CCC3=C(CC2)C=C(C=C3)OC4=NC=C(C=C4)N5CCCC5=O,377.5,3.4,45.7,0,4,4
Aminopterin,169371,C1=CC(=CC=C1C(=O)NC(CCC(=O)O)C(=O)O)NCC2=CN=C3C(=N2)C(=NC(=N3)N)N,440.4,-2,219.0,6,12,9
Vatalanib,151194,C1=CC=C2C(=C1)C(=NN=C2NC3=CC=C(C=C3)Cl)CC4=CC=NC=C4,346.8,4.5,50.7,1,4,4
Roxarsone,5104,C1=CC(=C(C=C1[As](=O)(O)O)[N+](=O)[O-])O,263.04,,124.0,3,6,1
Triglu-5-formyl-tetrahydrofolate,135403827,C1C(N(C2=C(N1)N=C(NC2=O)N)C=O)CNC3=CC=C(C=C3)C(=O)NC(CCC(=O)NC(CCC(=O)NC(CCC(=O)O)C(=O)O)C(=O)O)C(=O)O,731.7,-2.8,348.0,11,16,19
Quingestanol acetate,18142,CC(=O)OC1(CCC2C1(CCC3C2CC=C4C3CCC(=C4)OC5CCCC5)C)C#C,408.6,5.3,35.5,0,3,5
Clotrimazole,2812,C1=CC=C(C=C1)C(C2=CC=CC=C2)(C3=CC=CC=C3Cl)N4C=CN=C4,344.8,5,17.8,0,1,4
Salirasib,5469318,CC(=CCCC(=CCCC(=CCSC1=CC=CC=C1C(=O)O)C)C)C,358.5,7.2,62.6,1,3,10
Besifloxacin,10178705,C1CCN(CC(C1)N)C2=C(C=C3C(=C2Cl)N(C=C(C3=O)C(=O)O)C4CC4)F,393.8,1.1,86.9,2,7,3
PD173955,447077,CN1C2=NC(=NC=C2C=C(C1=O)C3=C(C=CC=C3Cl)Cl)NC4=CC(=CC=C4)SC,443.3,5.4,83.4,1,5,4
Aluminium clofibrate,10390009,CC(C)(C(=O)[O-])OC1=CC=C(C=C1)Cl.CC(C)(C(=O)[O-])OC1=CC=C(C=C1)Cl.[OH-].[Al+3],471.3,,99.7,1,7,4
Cordycepin,6303,C1C(OC(C1O)N2C=NC3=C(N=CN=C32)N)CO,251.24,-1.2,119.0,3,7,2
Maltotetraose,123966,C(C1C(C(C(C(O1)OC2C(OC(C(C2O)O)OC3C(OC(C(C3O)O)OC(C(CO)O)C(C(C=O)O)O)CO)CO)O)O)O)O,666.6,-9.3,356.0,14,21,14
Naquotinib,71667668,CCC1=C(N=C(C(=N1)C(=O)N)NC2=CC=C(C=C2)N3CCC(CC3)N4CCN(CC4)C)OC5CCN(C5)C(=O)C=C,562.7,3.4,120.0,2,9,9
Maduramicin,68595,CC1CC(C(OC1C2CC(C(O2)C3(CCC(O3)C4(CCC5(O4)CC(C(C(O5)C(C)C6C(C(C(C(O6)(CC(=O)O)O)C)OC)OC)C)O)C)C)OC7CC(C(C(O7)C)OC)OC)(C)O)C.N,934.2,,210.0,5,18,13
Zelavespib,9549213,CC(C)NCCCN1C2=NC=NC(=C2N=C1SC3=C(C=C4C(=C3)OCO4)I)N,512.4,3.2,125.0,2,8,7
Ubenimex,72172,CC(C)CC(C(=O)O)NC(=O)C(C(CC1=CC=CC=C1)N)O,308.37,-1,113.0,4,5,8
Droloxifene,3033767,CCC(=C(C1=CC=C(C=C1)OCCN(C)C)C2=CC(=CC=C2)O)C3=CC=CC=C3,387.5,6.8,32.7,1,3,8
Emtricitabine,60877,C1C(OC(S1)CO)N2C=C(C(=NC2=O)N)F,247.25,-0.6,113.0,2,5,2
Tisopurine,135445058,C1=NNC2=C1C(=S)N=CN2,152.18,0,85.2,2,2,0
Foslevodopa,127766,C1=CC(=C(C=C1CC(C(=O)O)N)O)OP(=O)(O)O,277.17,-4,150.0,5,8,5
Ibopamine,68555,CC(C)C(=O)OC1=C(C=C(C=C1)CCNC)OC(=O)C(C)C,307.4,2.9,64.6,1,5,9
Fosgemcitabine palabenamide,134812042,CC(C(=O)OCC1=CC=CC=C1)NP(=O)(OCC2C(C(C(O2)N3C=CC(=NC3=O)N)(F)F)O)OC4=CC=CC=C4,580.5,1.4,162.0,3,11,12
Azidamfenicol,62858,C1=CC(=CC=C1C(C(CO)NC(=O)CN=[N+]=[N-])O)[N+](=O)[O-],295.25,1,130.0,3,7,6
Mitoguazone,5351154,CC(=NN=C(N)N)C=NN=C(N)N,184.20,-2.2,154.0,4,4,3
Aluminium tristearate,12496,CCCCCCCCCCCCCCCCCC(=O)[O-].CCCCCCCCCCCCCCCCCC(=O)[O-].CCCCCCCCCCCCCCCCCC(=O)[O-].[Al+3],877.4,,120.0,0,6,45
Vesnarinone,5663,COC1=C(C=C(C=C1)C(=O)N2CCN(CC2)C3=CC4=C(C=C3)NC(=O)CC4)OC,395.5,2.1,71.1,1,5,4
Irofulven,148189,CC1=C(C2=C(C3(CC3)C(C(=O)C2=C1)(C)O)C)CO,246.30,-0.2,57.5,2,3,1
Bafilomycin A1,6436223,CC1CC(=CC=CC(C(OC(=O)C(=CC(=CC(C1O)C)C)OC)C(C)C(C(C)C2(CC(C(C(O2)C(C)C)C)O)O)O)OC)C,622.8,6,135.0,4,9,7
Sulforaphane,5350,CS(=O)CCCCN=C=S,177.3,1.4,80.7,0,4,5
Desoxycorticosterone acetate,5952,CC(=O)OCC(=O)C1CCC2C1(CCC3C2CCC4=CC(=O)CCC34C)C,372.5,3.1,60.4,0,4,4
Pinometostat,57345410,CC(C)N(CC1C(C(C(O1)N2C=NC3=C(N=CN=C32)N)O)O)C4CC(C4)CCC5=NC6=C(N5)C=C(C=C6)C(C)(C)C,562.7,4.3,151.0,4,9,9
Tiamulin,656958,CCN(CC)CCSCC(=O)OC1CC(C(C(C23CCC(C1(C2C(=O)CC3)C)C)C)O)(C)C=C,493.7,5.6,92.1,1,6,10
Exatecan,151115,CCC1(C2=C(COC1=O)C(=O)N3CC4=C5C(CCC6=C5C(=CC(=C6C)F)N=C4C3=C2)N)O,435.4,0.4,106.0,2,7,1
Rociletinib,57335384,CC(=O)N1CCN(CC1)C2=CC(=C(C=C2)NC3=NC=C(C(=N3)NC4=CC(=CC=C4)NC(=O)C=C)C(F)(F)F)OC,555.6,4,112.0,3,11,8
2-Methoxyethanol,8019,COCCO,76.09,-0.8,29.5,1,2,2
Fidaxomicin,10034073,CCC1C=C(C(CC=CC=C(C(=O)OC(CC=C(C=C(C1OC2C(C(C(C(O2)(C)C)OC(=O)C(C)C)O)O)C)C)C(C)O)COC3C(C(C(C(O3)C)OC(=O)C4=C(C(=C(C(=C4O)Cl)O)Cl)CC)O)OC)O)C,1058.0,6.4,267.0,7,18,15
Clofedanol,2795,CN(C)CCC(C1=CC=CC=C1)(C2=CC=CC=C2Cl)O,289.8,3.6,23.5,1,2,5
Tafluprost,9868491,CC(C)OC(=O)CCCC=CCC1C(CC(C1C=CC(COC2=CC=CC=C2)(F)F)O)O,452.5,4.5,76.0,2,7,13
Tedizolid,11234049,CN1N=C(N=N1)C2=NC=C(C=C2)C3=C(C=C(C=C3)N4CC(OC4=O)CO)F,370.3,1.4,106.0,1,8,4
Verinurad,54767229,CC(C)(C(=O)O)SC1=C(C=NC=C1)C2=CC=C(C3=CC=CC=C32)C#N,348.4,4.1,99.3,1,5,4
Pixantrone,134019,C1=CC(=C2C(=C1NCCN)C(=O)C3=C(C2=O)C=NC=C3)NCCN,325.4,1,123.0,4,7,6
Nolatrexed,135400184,CC1=C(C2=C(C=C1)N=C(NC2=O)N)SC3=CC=NC=C3,284.34,1.5,106.0,2,4,2
Bolandiol,9835303,CC12CCC3C(C1CCC2O)CCC4=CC(CCC34)O,276.4,2.7,40.5,2,2,0
Regadenoson,219024,CNC(=O)C1=CN(N=C1)C2=NC(=C3C(=N2)N(C=N3)C4C(C(C(O4)CO)O)O)N,390.35,-1.5,186.0,5,10,4
Malacidin B,132282519,CCC(C)CCC=CC=CC(=O)NC(C(C)C(=O)O)C(=O)NC1C(NC(=O)C2CC(CN2C(=O)C(NC(=O)C(NC(=O)CNC(=O)C(NC(=O)C(NC(=O)C(NC(=O)C(NC1=O)C(C)C)CCCCN)C(C(=O)O)O)CC(=O)O)C(C)C(=O)O)C(C)C)C)C,1263.4,-2,507.0,16,21,23
Tranexamic acid,5526,C1CC(CCC1CN)C(=O)O,157.21,-2,63.3,2,3,2
Valrubicin,454216,CCCCC(=O)OCC(=O)C1(CC(C2=C(C1)C(=C3C(=C2O)C(=O)C4=C(C3=O)C=CC=C4OC)O)OC5CC(C(C(O5)C)O)NC(=O)C(F)(F)F)O,723.6,4,215.0,5,16,11
ONT-093,6450807,CCOCC=CC1=CC=C(C=C1)C2=NC(=C(N2)C3=CC=C(C=C3)NC(C)C)C4=CC=C(C=C4)NC(C)C,494.7,7.3,62.0,3,4,11
Tioconazole,5482,C1=CC(=C(C=C1Cl)Cl)C(CN2C=CN=C2)OCC3=C(SC=C3)Cl,387.7,5.3,55.3,0,3,6
Melevodopa,23497,COC(=O)C(CC1=CC(=C(C=C1)O)O)N,211.21,-0.2,92.8,3,5,4
Sulprostone,5312153,CS(=O)(=O)NC(=O)CCCC=CCC1C(C(CC1=O)O)C=CC(COC2=CC=CC=C2)O,465.6,1.5,138.0,3,7,12
Carboquone,2569,CC1=C(C(=O)C(=C(C1=O)N2CC2)C(COC(=O)N)OC)N3CC3,321.33,-0.2,102.0,1,7,7
Miltefosine,3599,CCCCCCCCCCCCCCCCOP(=O)([O-])OCC[N+](C)(C)C,407.6,6.7,58.6,0,4,20
Roquinimex,54676478,CN1C2=CC=CC=C2C(=C(C1=O)C(=O)N(C)C3=CC=CC=C3)O,308.3,2.7,60.9,1,3,2
Methylestrenolone,5284597,CC12CCC3C(C1CCC2(C)O)CCC4=CC(=O)CCC34,288.4,2.8,37.3,1,2,0
Apraclonidine,2216,C1CN=C(N1)NC2=C(C=C(C=C2Cl)N)Cl,245.11,1.3,62.4,3,2,2
Toyocamycin,11824,C1=C(C2=C(N=CN=C2N1C3C(C(C(O3)CO)O)O)N)C#N,291.26,-1.6,150.0,4,8,2
Rifalazil,135431094,CC1C=CC=C(C(=O)NC2=C3C(=C4C(=C(C(=C5C4=C(C(O5)(OC=CC(C(C(C(C(C(C1O)C)O)C)OC(=O)C)C)OC)C)O)C)O)C2=O)N=C6C(=CC(=CC6=O)N7CCN(CC7)CC(C)C)O3)C,941.1,3.3,226.0,5,16,6
Hymecromone,5280567,CC1=CC(=O)OC2=C1C=CC(=C2)O,176.17,1.9,46.5,1,3,0
Tulathromycin A,9832301,CCCNCC1(C(OC(CC1(C)OC)OC2C(C(C(CC(CNC(C(C(C(OC(=O)C2C)CC)(C)O)O)C)C)(C)O)OC3C(C(CC(O3)C)N(C)C)O)C)C)O,806.1,3.8,201.0,7,15,11
Dapiprazole,3033538,CC1=CC=CC=C1N2CCN(CC2)CCC3=NN=C4N3CCCC4,325.5,2.4,37.2,0,4,4
Batimastat,5362422,CC(C)CC(C(CSC1=CC=CS1)C(=O)NO)C(=O)NC(CC2=CC=CC=C2)C(=O)NC,477.6,3.5,161.0,4,6,12
Amonafide,50515,CN(C)CCN1C(=O)C2=CC=CC3=CC(=CC(=C32)C1=O)N,283.32,1.5,66.6,1,4,3
Hexaminolevulinate,6433083,CCCCCCOC(=O)CCC(=O)CN,215.29,1.1,69.4,1,4,10
Levallorphan,5359371,C=CCN1CCC23CCCCC2C1CC4=C3C=C(C=C4)O,283.4,3.5,23.5,1,2,2
Daidzein,5281708,C1=CC(=CC=C1C2=COC3=C(C2=O)C=CC(=C3)O)O,254.24,2.5,66.8,2,4,1
Iron,23925,[Fe],55.84,,0.0,0,0,0
Tocladesine,100299,C1C2C(C(C(O2)N3C4=NC=NC(=C4N=C3Cl)N)O)OP(=O)(O1)O,363.65,-1.6,155.0,3,10,1
Monastrol,794323,CCOC(=O)C1=C(NC(=S)NC1C2=CC(=CC=C2)O)C,292.36,1.6,103.0,3,4,4
Volasertib,10461508,CCC1C(=O)N(C2=CN=C(N=C2N1C(C)C)NC3=C(C=C(C=C3)C(=O)NC4CCC(CC4)N5CCN(CC5)CC6CC6)OC)C,618.8,4.6,106.0,2,9,10
Rebastinib,25066467,CC(C)(C)C1=NN(C(=C1)NC(=O)NC2=C(C=C(C=C2)OC3=CC(=NC=C3)C(=O)NC)F)C4=CC5=C(C=C4)N=CC=C5,553.6,4.9,123.0,3,7,7
Nimustine,39214,CC1=NC=C(C(=N1)N)CNC(=O)N(CCCl)N=O,272.69,0.4,114.0,2,6,4
Ecabet,65781,CC(C)C1=C(C=C2C(=C1)CCC3C2(CCCC3(C)C(=O)O)C)S(=O)(=O)O,380.5,4.3,100.0,2,5,3
Nocodazole,4122,COC(=O)NC1=NC2=C(N1)C=C(C=C2)C(=O)C3=CC=CS3,301.32,2.8,112.0,2,5,4
Tocotrienol,9929901,CC(=CCCC(=CCCC(=CCCC1(CCC2=C(O1)C=CC(=C2)O)C)C)C)C,382.6,8.2,29.5,1,2,9
Decamethoxine,118984404,CC1CCC(C(C1)OC(=O)C[N+](C)(C)CCCCCCCCCC[N+](C)(C)CC(=O)OC2CC(CCC2C(C)C)C)C(C)C.[Cl-].[Cl-],693.9,,52.6,0,6,21
Montmorillonite,71586775,O.[O-2].[O-2].[O-2].O=[Si]=O.O=[Si]=O.O=[Si]=O.O=[Si]=O.[Al+3].[Al+3],360.31,,141.0,1,12,0
Levomenol,442343,CC1=CCC(CC1)C(C)(CCC=C(C)C)O,222.37,3.8,20.2,1,1,4
Tucaresol,55223,C1=CC(=C(C(=C1)OCC2=CC=C(C=C2)C(=O)O)C=O)O,272.25,2.6,83.8,2,5,5
Avilamycin,71674,CC1C(C(CC(O1)OC2C(OC3(CC2O)OC4C(OC(CC4(O3)C)OC5C(C(OC(C5OC)C)OC6C(OC(C(C6O)OC)OC7C(C8C(CO7)OC9(O8)C1C(C(C(O9)C)(C(=O)C)O)OCO1)OC(=O)C(C)C)COC)O)C)C)O)OC(=O)C1=C(C(=C(C(=C1OC)Cl)O)Cl)C,1404.2,0.6,385.0,6,32,20
Befunolol,2309,CC(C)NCC(COC1=CC=CC2=C1OC(=C2)C(=O)C)O,291.34,2,71.7,2,5,7
Vosaroxin,9952884,CNC1CN(CC1OC)C2=NC3=C(C=C2)C(=O)C(=CN3C4=NC=CS4)C(=O)O,401.4,-0.3,136.0,2,10,5
Aluminum chloride,24012,[Al](Cl)(Cl)Cl,133.34,,0.0,0,0,0
Dibekacin,470999,C1CC(C(OC1CN)OC2C(CC(C(C2O)OC3C(C(C(C(O3)CO)O)N)O)N)N)N,451.5,-5.8,248.0,9,13,6
Exisulind,5472495,CC1=C(C2=C(C1=CC3=CC=C(C=C3)S(=O)(=O)C)C=CC(=C2)F)CC(=O)O,372.4,3.5,79.8,1,5,4
Tubercidin,6245,C1=CN(C2=NC=NC(=C21)N)C3C(C(C(O3)CO)O)O,266.25,-1.3,127.0,4,7,2
Deptropine,203911,CN1C2CCC1CC(C2)OC3C4=CC=CC=C4CCC5=CC=CC=C35,333.5,4.8,12.5,0,2,2
GSK-2636771,56949517,CC1=C(C=CC=C1C(F)(F)F)CN2C(=NC3=C(C=C(C=C32)N4CCOCC4)C(=O)O)C,433.4,4,67.6,1,8,4
