DrugID_1,DrugID_2
483,2268
1138,1756
1066,2777
296,678
989,1694
934,2447
158,937
311,782
207,2263
343,761
1200,2521
1916,2709
2610,2847
2352,2897
2205,3158
900,1794
3164,1406
335,1240
1615,2782
470,3155
562,2449
625,1462
156,1519
2107,2985
77,2433
2879,3005
2460,3130
1148,3146
275,1942
1715,2278
982,1023
1056,2874
543,2660
2223,2807
664,792
1756,2512
1458,1905
651,1429
1470,2405
1960,2213
2048,2178
333,1980
781,1677
96,2429
282,915
807,1095
1680,1736
1671,2448
1394,1709
2065,3033
1024,1036
2223,2801
2279,3036
1864,2951
1834,2529
1628,3094
1333,1801
834,1144
1114,2781
766,2263
358,1186
931,1053
992,3093
2119,2413
381,2042
1768,2434
925,1890
331,1960
1712,3123
1190,2672
388,2235
1711,2560
644,2295
2421,3025
197,223
1362,1365
585,3007
219,1241
1429,2845
2069,3021
1171,1608
1348,1512
777,1984
219,2254
445,1554
269,2498
2271,2919
275,1401
1375,2816
684,1527
452,733
1303,2923
1330,2904
3124,3161
955,2213
145,468
568,1172
1519,3019
1902,2808
591,2398
1403,1423
1842,2514
2071,3153
96,224
569,1733
1113,1257
142,1476
95,2542
3,1612
929,2282
1510,1930
358,1758
321,2593
1006,1840
2160,2302
221,466
610,1476
388,2267
1946,2534
2433,2809
1141,1514
488,2491
545,2374
895,1825
417,2518
1468,2692
502,1611
104,2516
36,1259
1288,2221
577,1915
1415,2271
406,1351
1958,2799
4,2691
1151,2518
500,3106
285,2912
761,2140
803,2469
2051,2239
1678,2689
2670,3049
193,1348
163,2635
6,1074
1287,2444
631,644
365,908
262,1056
139,269
339,2117
2200,2908
767,832
358,1465
1726,2845
1067,2213
1644,2107
192,357
526,1751
1555,1846
576,1659
102,2868
99,2381
741,2351
479,1685
2012,2787
1740,2083
881,1719
847,1470
720,766
867,1190
1165,2337
373,2855
192,1863
929,1118
108,967
723,3139
1539,1970
2072,2971
986,2885
2061,2624
1066,1233
1898,2735
2197,2256
777,2670
864,1051
2111,2199
1366,1475
1362,2658
1305,1334
395,1898
24,302
136,1198
1465,2154
224,3088
1036,2118
1627,1857
837,2197
66,834
917,2770
1123,2440
648,2545
1036,1936
103,2691
142,1501
1396,2332
1297,1931
939,1209
1803,2721
104,1412
1696,2412
2267,2950
2213,2921
861,2008
2264,2359
482,2988
1630,2961
1643,2421
2012,2940
197,726
234,2372
61,2317
1854,2349
450,2671
94,564
1203,2767
478,2434
975,3043
187,1136
867,2066
422,2679
2133,2257
2192,2254
858,1950
1423,2363
2085,2923
39,2843
780,2242
1357,1879
2533,2717
2113,2721
690,763
168,1180
1037,1885
1129,2931
1395,2442
119,1931
1875,2584
662,1404
1854,2084
205,726
1647,2252
1849,3123
171,1339
1721,1859
2731,2838
931,2219
19,2873
287,1276
1452,1673
903,1163
179,606
383,669
2319,2641
963,2947
1697,1698
1864,2196
1497,2619
2644,3065
683,800
2407,2710
339,1942
1089,1970
1475,2850
1568,2584
2367,2494
2873,3093
1108,1225
1623,2163
15,2845
1213,2514
1533,2233
1591,1761
423,1942
380,798
1058,2315
119,2657
98,3017
1063,2047
171,1320
2787,3071
215,425
792,2985
1288,2402
1591,2046
63,1446
1182,1265
344,2309
908,2252
669,2257
357,1726
1011,1894
1946,2349
1943,2069
2958,3104
523,1372
1594,2019
437,2378
488,2446
837,2263
908,1402
68,1071
257,3007
1265,1897
928,2495
533,3104
3,662
913,2858
1138,2084
1062,3068
92,2334
301,1954
1191,2421
981,2678
604,2283
1583,2180
302,1556
479,723
768,3151
168,1349
663,744
2560,2587
970,2939
2433,2839
1970,2173
165,1196
44,1075
124,777
2317,2499
1600,2804
250,2682
757,1053
64,901
2877,2892
3,2892
1866,2434
893,1901
284,487
1146,1501
2494,2737
2584,3071
2013,2949
295,1369
411,1582
1323,2998
483,2310
530,1152
394,660
648,2688
1194,1614
167,3130
145,387
254,2069
603,2289
151,2486
550,1890
1519,2605
2531,2923
2512,3083
1254,1531
153,2378
2094,2305
606,894
2062,2737
733,2254
1712,2627
283,2984
1214,1401
674,1857
237,543
1496,1739
695,1821
1674,3002
1712,3014
1080,2458
383,2429
178,1659
869,1533
481,2631
651,2031
252,3007
64,1939
2824,2999
794,1579
238,2172
474,3096
145,2843
1851,2257
69,1160
1838,2215
2715,2878
1058,2825
903,1731
2424,2582
506,2196
914,2834
1489,1648
1242,2445
2543,2955
1706,1861
407,533
1711,2999
941,2870
458,2555
1301,3080
358,1552
2471,2831
18,408
846,955
302,1787
617,2221
448,2138
1416,3148
929,1736
2083,2167
1450,2278
1045,2856
1225,1381
1402,2375
430,1180
559,2287
1136,2803
10,2722
989,1769
869,1395
1557,2236
1513,3026
420,860
1820,2223
1284,2539
492,1146
1852,2195
1164,3057
1051,2718
1935,2998
1959,3153
941,2909
3164,699
1501,2834
448,2195
1225,1903
1305,1890
1246,3161
481,2443
2166,2735
382,2829
402,3165
1247,1568
81,2728
1492,1972
1902,2648
2853,3074
603,1797
2219,3145
2221,2226
450,2012
429,712
214,308
1350,1873
1315,1924
460,2800
402,1141
993,3103
2376,2755
341,1319
188,3011
1568,2320
649,2237
1181,2985
1051,2600
3,483
1811,2329
957,3156
2455,2800
927,2613
214,246
715,1164
2046,2285
417,2800
1617,2005
1682,2565
70,130
925,2199
188,1375
674,1266
286,2935
2528,2908
1414,3097
282,864
1173,2138
753,2307
524,1162
1030,1263
761,792
583,2619
2096,2614
2828,3072
1470,2701
1236,2410
2529,3084
2003,2710
316,675
467,1711
153,176
36,2402
1348,1806
978,1046
800,2781
1073,2651
1164,1372
458,2274
908,3153
1645,2691
1989,2063
1046,3048
19,753
1529,2469
1563,2165
1764,2217
19,793
1003,1692
1328,2433
2271,3064
1943,3094
843,1203
1835,2077
125,2658
1944,2317
1525,1758
1774,2413
1322,1692
260,916
1252,1691
499,2162
2674,2779
838,1682
91,2176
1578,1815
1216,1313
1080,2121
169,521
1959,2197
328,1695
929,1512
17,3005
1687,2783
1883,2486
462,928
1428,2915
760,2813
710,1270
267,2171
1468,1724
820,2674
1422,2540
2308,2607
1784,2562
2270,2910
381,2683
938,2301
1933,2337
1063,2756
2311,3092
532,1668
282,3108
882,1876
586,1309
962,1454
1373,2777
1553,2345
829,2213
559,710
908,1434
872,2688
715,2588
627,2966
543,729
764,2023
2223,2886
1476,1480
815,3031
232,2308
987,1642
2692,2848
1894,2260
978,1188
2232,2824
398,2184
339,1613
957,1742
1153,1849
952,1550
2482,2653
940,3155
927,1502
1138,2865
202,824
1246,2487
39,800
485,2871
2064,3081
533,2477
440,1665
468,1492
14,3068
1520,2323
1890,2663
453,503
989,3069
2197,2464
41,1890
766,989
570,1205
887,948
1247,2300
1856,2898
1931,2476
1422,3119
937,2157
180,2460
2387,2515
726,2982
655,3006
2577,3119
633,2165
1039,1336
755,2239
753,1300
660,780
155,993
929,1444
294,2035
1169,2635
921,1761
28,2048
836,2065
2076,2693
238,2678
514,2458
2152,2971
637,1659
1252,2211
2871,3084
797,1080
1346,2842
1191,1349
250,2967
843,2087
1711,3131
3119,3129
406,747
2209,3024
898,2490
103,971
1831,2848
2663,3155
1063,2444
380,777
1418,1948
1830,2046
1884,2487
2024,2616
433,1218
1366,2848
509,2779
1589,3006
981,2952
1663,2320
375,1961
625,777
1128,2575
1399,2755
978,1573
267,2094
702,1245
440,2003
329,1172
378,431
1453,1848
1235,1735
1063,2807
274,1053
986,1062
2581,2949
3075,3146
775,1536
1288,2092
1090,2807
1142,3098
1109,1667
1829,2778
2115,2893
1490,1576
1575,2948
1314,1545
674,961
842,901
2455,2518
238,978
1615,1981
496,1764
701,2657
1314,2017
78,1813
555,1017
1657,2730
1146,2726
2460,2804
2307,3011
287,1657
2937,2962
2760,3008
1230,1312
145,2643
453,1197
2375,2678
119,3146
1084,2578
454,3115
1444,2238
567,2007
101,2800
678,2197
1449,2756
2173,2862
544,2123
165,697
1578,2254
1151,1247
336,499
540,2444
1346,1594
551,1332
1248,1526
2653,2965
1245,2040
192,452
510,2220
2060,2923
1187,2264
1613,3130
693,2921
1748,2947
426,1726
831,2611
408,1616
229,2441
260,670
535,2587
287,367
482,2372
1370,2445
1231,1612
1922,1952
2083,2588
1628,3123
1793,2240
1901,2885
2349,2639
373,1551
44,3074
2268,2355
214,1901
1020,2213
1394,2514
1849,3127
637,3157
725,1735
2196,2949
106,947
1942,2467
2299,2776
2398,3075
1153,1977
1539,3107
1100,1900
939,2605
1252,2356
146,2343
313,2878
1431,2572
1825,2647
1150,2298
3,2577
1056,2712
1363,1741
2543,3025
475,3084
1734,2358
2398,3051
632,782
693,2587
780,2183
134,1564
2384,2640
2790,2801
1189,1557
168,633
702,2956
752,2138
2451,2790
2825,3160
1456,2580
745,954
1200,2268
1112,2673
2084,2338
466,2883
794,1192
917,1051
1090,1652
158,2853
2474,2803
2066,2591
1782,2253
1257,2305
1518,2603
847,3136
2223,3011
1339,1501
1771,2073
3,2874
218,2375
2574,2800
2145,2721
1306,2949
1372,1946
1181,2013
2504,3132
483,2553
386,1394
115,1002
1330,3153
1869,2785
2384,2878
287,933
2415,2713
363,725
791,1980
1834,2534
1591,2257
180,955
1362,1413
144,2357
931,2398
358,2308
1063,1421
1213,2502
2244,2263
780,2822
1768,2152
536,1873
1449,1810
222,335
3083,3122
844,1776
563,2267
133,479
626,1016
600,975
2951,3094
2353,3155
27,3155
1400,1649
693,858
1303,2514
1954,2064
600,2340
110,1181
807,1932
289,1770
1115,1740
103,607
395,1019
2239,2464
1167,2992
1402,1805
667,1380
1454,2091
1533,2219
570,806
202,1407
1001,1295
715,2071
1454,1500
1972,2320
424,1335
1024,1746
144,874
2232,2451
282,658
1503,3125
1189,2600
1700,2754
606,1305
2281,3058
911,1381
989,2454
1118,1754
394,2132
2092,2631
2619,2828
1045,1532
2327,3124
110,748
971,1288
2113,2143
1398,1545
168,2683
1041,1946
2304,2647
2316,2327
1315,1988
469,1949
1530,1802
2402,2910
2316,2804
800,2183
698,1407
2382,2647
1761,2616
600,1907
2057,2549
1371,2470
79,3127
1359,2574
734,1875
622,1702
833,1261
1492,2671
852,1623
407,1250
1188,2349
104,3136
2180,2327
283,1513
752,1805
1412,2167
155,1977
263,432
2063,2075
391,2073
135,3099
2776,3015
185,680
224,3104
939,2779
1150,1999
2099,2861
138,753
1348,3094
278,1045
1837,2982
2532,2800
20,2277
605,1382
470,2231
758,1933
155,2072
1370,2519
1206,2072
1762,2405
975,1692
55,1208
1617,2564
894,1835
501,2451
189,647
709,2460
75,756
79,1424
798,1713
2467,2917
1110,1377
1408,2535
2555,3008
425,2272
2449,2527
1685,1958
756,2562
1984,2139
1271,2826
297,2414
391,1578
1492,2970
452,2848
1612,2277
1046,1334
903,2405
128,2815
138,306
55,2461
2068,2982
310,2988
1849,2201
557,2151
290,2998
4,358
1937,2490
666,2840
1949,2244
1197,2115
1319,2884
226,2883
981,2221
1931,2618
593,1277
104,232
2532,2890
2077,2956
854,2096
678,1447
1490,1991
381,2804
829,2594
2009,2019
2824,2825
236,1366
1610,1699
1240,1884
576,2236
407,1513
2082,2973
681,3056
496,1400
1095,2240
1395,1951
670,1838
1395,1499
1551,2604
226,2187
230,1373
1752,2457
1402,2798
992,1310
283,926
958,1648
462,2183
1501,3048
926,2458
785,1680
175,544
1875,2471
1164,2254
504,1016
2022,3100
1994,2830
557,2655
2258,2767
444,1536
484,1037
628,1128
947,2434
1244,2305
501,2342
1649,2428
1550,1720
745,1462
1077,2871
493,2746
179,1864
1512,3082
1836,2084
1711,3155
287,2868
1782,2831
1720,2448
429,2511
456,1323
2166,3031
1052,2167
1112,2873
3,349
1330,2221
114,1172
2206,2487
723,1795
219,2071
179,1439
1581,1640
1259,2922
2075,2171
1036,2180
1015,2366
524,2279
1572,2910
546,1623
1631,2652
582,1943
208,2999
1056,1480
1584,1712
363,2103
2433,2705
803,1793
19,2271
96,2769
2169,2273
382,2458
1431,1815
422,2476
1321,1993
355,2199
685,2897
2122,2236
1698,2620
1167,3158
1382,2472
612,1796
793,3023
36,188
875,1752
71,644
1724,2738
512,1793
1407,2482
1497,2223
36,638
1020,1847
2099,2938
824,901
1633,1908
903,1258
359,2122
832,2077
1294,2644
1334,1914
1558,2195
664,2122
1085,1096
260,2558
1247,1774
1308,1583
236,1821
2084,2208
948,2650
1819,2413
564,2149
119,1261
1494,2411
375,2347
1662,2847
444,2266
1058,2277
647,3011
2046,2635
79,2443
111,2343
912,1890
733,1263
233,2961
1346,1571
2026,2719
927,2475
2009,2099
48,2286
1735,1995
91,908
37,698
975,2456
257,2055
2556,2906
1334,1415
502,2191
427,2384
645,1907
206,422
1576,2796
820,3082
2311,2998
943,1911
1220,1766
1693,2998
1428,1741
1951,2205
160,733
342,355
442,2437
544,1660
975,2304
1961,2199
37,2354
645,715
294,685
553,2495
1477,2585
424,3073
169,797
709,712
332,1187
145,2328
1222,1930
793,2193
586,2295
287,1833
2493,2603
507,2965
1058,2532
2283,2954
2677,2765
197,826
2169,2345
679,1236
1854,3157
594,2931
2039,3125
1154,2638
12,263
1909,2545
937,2949
417,1844
1465,2458
2679,3115
276,1209
940,1630
1108,2556
1673,1938
2030,2514
602,1921
2364,2590
710,2031
1640,1687
2327,2376
2048,2177
1058,1187
1492,2020
1423,3091
710,1090
1373,1433
649,1263
1244,1394
761,1461
402,2674
920,2614
125,1635
104,316
1188,2363
942,2272
2831,3095
541,550
1041,2708
2514,2967
1895,1914
1191,1490
1741,1818
36,1635
988,1089
302,2233
785,2643
1024,3126
248,2083
349,2351
613,2557
868,1458
1885,2955
1190,2025
1790,1821
1175,1825
1037,2551
268,2254
1618,2856
1219,2825
549,894
450,829
1529,2772
1848,1993
1039,1162
1931,2030
2134,2223
674,1750
725,1740
2472,2917
733,2059
1126,1334
169,287
1523,2323
1048,2488
940,2458
1058,2805
544,2728
915,1075
1741,2853
1866,2734
1550,1958
294,2496
639,1403
1011,1476
706,1734
604,1074
579,714
2461,3143
2108,2792
11,2669
674,2520
37,703
817,2600
1,2001
593,2271
851,3084
1568,1753
1343,2248
654,2737
302,2906
2262,3130
1449,1895
2870,2995
699,2278
1550,2398
682,1898
931,1154
516,895
1980,2509
1130,1170
982,1670
654,1252
1932,2906
2024,2706
2565,2854
508,1960
564,2052
596,3084
142,3129
36,1978
171,1893
2315,2351
2062,2468
2008,2288
4,2332
753,2691
1206,1459
172,953
2653,3139
1499,3068
1935,2195
2122,2880
1635,2496
424,1424
575,1225
209,2121
469,2707
984,2697
1825,2988
29,1855
44,1006
496,588
1164,2116
1197,2163
1615,2414
1351,1363
714,989
2760,3117
373,2839
871,2614
188,2928
726,1618
15,2353
183,898
1143,1787
2396,2427
824,2262
559,2262
830,1126
1676,2897
1176,2351
878,2266
1371,1533
232,446
1217,2367
192,1668
2304,2575
689,2171
1298,2186
726,1418
1346,2258
462,1691
1602,2475
2560,2908
2460,2850
1905,2447
258,2085
927,2321
837,2710
229,1154
119,1346
1230,2232
2195,2591
633,2471
817,1485
577,1761
1716,1864
157,2231
1090,2568
1901,2993
984,2799
917,2828
96,1652
1215,1399
2506,2590
1876,2281
241,1566
1319,2076
931,1489
383,1890
908,2968
1478,3093
28,1214
855,1191
2375,2798
1484,1776
2597,3043
221,1480
1140,2555
518,733
780,1468
471,3069
1662,2868
551,1339
633,995
2441,3080
1784,2970
1533,2189
2561,2565
723,2868
382,2178
1156,1738
10,173
489,1230
1397,2540
759,1042
468,1005
2235,2378
158,932
764,2853
2152,2951
1029,2065
2422,3048
3164,2564
1673,2644
195,1514
1319,1426
1360,2444
321,836
1599,2460
341,2517
465,489
601,1180
512,590
1027,1621
931,2678
1192,2334
1023,2719
267,1885
363,2450
179,2098
2879,2914
2846,2854
1060,3128
403,2356
400,1724
1613,2648
699,1250
589,848
2077,3078
425,955
232,1762
2073,3068
786,2831
383,1829
2046,2327
1442,2800
1317,2135
295,3139
1089,1317
2324,2865
383,2487
177,1753
1362,2870
229,857
475,2033
1826,2579
302,1314
1425,2597
2195,2614
1480,1615
714,927
755,2163
1277,1561
670,3092
1872,2624
183,2787
75,1412
638,932
1431,2894
1760,2297
1050,2955
2829,2838
110,1359
419,1067
165,739
667,2871
1113,3094
25,2632
586,2052
462,2788
750,2610
2157,2504
107,559
7,2876
1243,2711
1291,1956
582,699
992,1406
237,496
564,3063
236,1128
109,1870
564,1831
173,931
197,2938
2284,2950
1554,2850
753,3133
289,502
1063,1154
729,2563
34,1334
1110,1964
341,1406
729,2116
1170,1872
487,1576
707,2600
310,1897
1533,3119
942,3131
964,1316
731,2449
1038,1230
1448,2768
343,1034
1373,1865
200,612
1625,2495
617,2473
2534,2811
1521,1946
577,2354
1247,2235
119,275
1378,2308
1949,2839
541,1373
1427,2087
1984,2786
1855,3031
1265,2328
813,1829
869,3002
1406,2659
932,2460
1013,2850
1131,2920
2008,2647
232,2200
1476,2876
193,2559
2290,2884
287,921
1025,1785
1923,2039
1151,1162
431,2456
2647,2710
1581,1735
1501,1991
734,2448
1466,3011
2107,2163
1627,2111
1571,1886
1242,2397
320,1523
1649,3059
2162,2337
495,797
662,772
1024,2646
1089,1490
482,1131
992,1022
2406,2957
2475,2868
989,2674
647,2824
479,2522
1308,2535
1941,2114
1322,2728
831,2807
104,662
3,2625
1853,3077
1004,1525
244,2353
94,2597
382,2943
2122,2839
1689,2585
551,897
1898,2440
1856,2548
827,921
193,974
1954,3116
471,1473
2443,3127
817,2813
1576,1896
2869,3129
91,706
685,2077
1372,1454
2227,3119
394,1163
885,3080
951,2122
471,2834
995,2330
1706,2802
1461,2709
1923,2297
1146,2315
677,2301
321,2922
755,2781
214,407
1224,1659
821,955
800,807
924,1704
703,2430
2879,3128
1305,2413
984,2031
1122,1219
38,2600
951,2321
106,1039
1370,3025
22,2064
2113,2282
1608,2471
578,2608
440,1550
1958,2138
1080,2049
754,2062
1430,2471
639,1529
2282,2957
1053,2830
1365,1897
172,2737
2958,2997
614,1172
284,1332
2623,3118
882,1200
862,2020
699,1608
857,1075
888,1325
422,534
789,2593
335,1514
981,1279
66,1175
725,2163
1116,2462
1109,1863
44,1629
173,2063
12,301
2040,2494
479,2904
1662,1722
1525,1615
1181,3080
555,737
155,2223
238,1160
64,1597
2189,3108
2027,2437
1525,1993
107,3158
100,265
458,545
779,833
1137,2357
1206,2355
837,2080
1154,2019
1667,1994
2482,2735
715,3065
2799,3123
1578,2890
1313,2076
763,2784
1267,1576
284,2495
100,967
1209,2263
11,486
214,2283
637,1413
463,1145
350,1848
1905,2516
773,1418
954,1194
2605,2658
868,2285
1762,1860
2349,2738
503,679
938,2875
1858,1992
1602,1642
2317,2624
483,1624
378,1252
630,2868
25,1985
2463,2772
1254,1578
321,2232
109,1899
826,1677
1350,3157
974,1978
1643,2091
596,2484
1890,2364
1764,3099
291,2890
64,2240
2338,3024
1003,3098
1234,1235
1497,2906
1328,2056
1019,2132
937,2197
507,587
179,266
153,295
1767,2504
2110,3136
226,2908
1499,2315
227,501
1030,2652
99,2809
1497,2294
333,602
1488,1610
2145,2648
940,2449
1960,2868
1292,2434
1279,3155
237,448
2638,2854
591,1831
1547,2012
48,1143
1075,2559
395,2950
1616,2244
260,335
690,2801
2167,2640
154,632
545,2858
1298,3058
909,1642
1206,2778
759,2779
460,838
475,2633
911,1838
644,1011
2200,2902
423,980
334,744
1050,2895
1572,1582
564,939
807,2833
280,992
403,2801
69,1886
2154,2198
604,1402
901,1206
2030,2787
1493,1578
685,2890
2240,2663
824,2680
555,2178
1415,2885
2838,3101
169,1648
2332,2778
732,3067
1183,1762
166,1412
1989,3117
202,1894
1768,2122
664,1793
634,833
828,1981
1305,1688
947,1935
973,1622
807,2083
1632,2087
1314,1430
715,1262
978,1574
913,2449
602,1769
1991,2589
974,1346
1720,1983
420,1693
100,2719
429,702
0,3075
493,1303
1447,2285
1571,2579
648,2117
267,1151
1746,1952
708,2770
400,3096
1090,1388
1711,2405
3168,2415
1594,2239
570,1409
428,1784
559,1841
1321,3145
611,755
1301,2678
1552,2769
12,1153
270,2631
387,2019
336,703
2068,2139
968,987
592,2104
506,627
1732,2278
179,2922
485,2878
971,2412
477,2780
1907,2028
1058,1118
505,2540
2545,2643
189,2961
685,1867
504,2308
3029,3115
1416,2623
1927,2706
1854,2072
1216,1697
394,2295
286,2254
2107,2308
9,808
1050,1406
1674,1753
1456,2562
2658,2935
506,900
2711,3048
915,2633
44,676
71,2442
630,908
1288,1561
2002,2242
12,713
1078,2810
243,2556
794,2924
151,3045
287,880
2633,3007
1564,2877
108,1539
1717,2139
1734,2703
1841,1927
1752,3124
1360,2844
805,2781
1849,2408
1528,2728
681,2721
955,2898
467,1484
1855,1967
259,896
750,1758
723,911
1568,1720
2415,2712
1025,2448
1950,2977
712,1014
1992,2996
2641,2828
1050,3068
819,2019
1486,2684
937,1630
1098,3051
2165,2298
223,1263
1959,3055
710,2420
1873,2490
1724,2962
606,1774
1743,2388
356,1459
3013,3137
766,2297
178,1833
768,1423
905,3103
283,1130
375,1797
1768,2954
88,2935
2471,3138
731,2613
2116,2572
93,402
536,1729
171,601
222,806
1716,2847
155,266
1513,3130
978,2664
1211,2225
306,3115
637,1058
697,2491
1010,1218
65,2122
1128,1139
759,1021
285,2708
288,2448
334,624
2076,2961
973,3116
226,391
829,1376
418,793
2107,2260
458,1669
779,1746
562,1339
282,1559
2567,2704
22,1587
820,1462
1822,2195
2405,2913
470,1130
992,1158
487,2138
277,1528
510,1059
99,860
2111,2285
1314,2738
413,480
873,2846
1051,1150
872,2394
102,2083
1347,2399
992,2790
2125,2722
1823,2989
1339,2228
832,1223
1811,2087
11,3101
297,2111
516,862
1449,3078
501,661
25,1172
1951,2961
636,1768
912,2897
1941,2833
1416,1451
130,1961
1821,1864
933,2292
402,2550
379,992
285,779
238,585
1408,2318
1160,1573
419,2778
1110,2349
168,1169
1860,2593
140,2083
1629,1756
929,2268
475,2807
1050,1900
737,3167
2025,2221
838,2189
36,2077
981,2098
2530,2971
2901,3085
160,578
2681,2856
572,2464
583,2301
3,2057
2317,2380
1164,3054
2064,2243
593,2948
475,1164
893,2890
503,1168
601,1413
1382,1719
524,2022
460,1058
898,2001
551,2058
931,1162
200,3096
1668,1898
2425,2937
920,2679
1295,2424
183,3118
18,1428
1572,3021
2554,2684
138,1972
1921,2824
280,2718
1539,1544
275,284
1379,2473
274,1277
2704,2728
2453,2652
316,820
2221,3008
100,2356
719,2080
310,1449
1342,1431
564,2989
615,1662
1900,2213
1550,2221
1937,3080
469,2949
1171,2593
1388,2610
1662,3125
2444,2714
189,2161
1171,3115
1615,2184
1476,2892
1233,1931
12,187
350,967
1343,2901
162,954
908,1333
1052,1754
702,1187
4,1298
502,1024
510,1691
1558,2019
648,1859
355,1129
1233,2921
1011,2653
1265,3143
450,1330
1420,3082
388,2357
1288,1298
1841,2417
3100,3124
406,2398
253,1814
2647,2837
1370,2554
2363,2891
581,1829
978,1066
1294,2030
1836,2564
579,3092
2057,2672
1887,1935
180,310
2192,2734
529,1423
1855,2367
55,1584
632,2988
2083,2535
173,1115
1514,1624
2843,2996
101,1875
2617,2783
2800,3162
1790,2475
694,2798
1287,1948
832,1435
1615,2509
1639,2294
2803,2939
765,2153
1624,2632
557,2957
757,1706
543,2241
972,1463
382,3132
1674,3031
415,3137
889,1927
1699,2923
346,2415
433,550
275,1063
488,1183
1263,2301
220,314
275,570
1255,2003
250,1613
1243,3162
1568,1972
2071,2893
1137,2582
552,693
1056,1060
618,2935
1110,1568
612,2847
854,3047
104,476
80,1831
350,1574
1382,2735
487,2908
274,434
717,2889
761,1237
740,834
530,532
158,3091
627,2434
816,3138
1322,1334
448,1461
328,1922
753,1787
951,1162
1180,2935
1331,2046
415,1768
937,2901
1948,2219
2300,2898
72,1950
1886,2345
2445,3138
633,1797
428,593
1569,2540
363,3027
173,2328
122,1855
1305,2233
1950,2703
632,2956
55,2840
200,2832
1586,1868
2799,3080
1250,2779
334,2657
554,3157
992,2236
635,1825
1271,1552
2184,2577
398,2584
2313,2897
292,294
658,2379
515,1006
2939,3118
1493,1813
1501,2471
919,938
1893,2183
1051,1154
2315,3130
214,2836
37,2862
1680,2514
280,2889
737,1695
508,2030
119,2278
1373,2444
387,1196
1938,2900
449,938
645,777
294,2616
2016,2463
954,2341
1166,1430
1163,1939
288,993
1199,2799
226,1871
858,929
10,527
1470,2588
1154,1912
133,1981
834,2807
1749,1854
387,1102
173,729
731,1788
846,1078
1852,3011
948,2890
2233,2247
331,363
1724,2623
2351,2444
941,2710
352,2381
254,2181
1402,2699
551,869
1456,1638
2274,2755
171,1381
1450,1511
283,2996
1186,2932
694,1174
1138,2332
1180,1948
779,1098
2124,2338
1454,3123
144,1437
1020,1924
1558,3091
185,1854
295,1811
636,2600
1413,2330
2413,2963
832,1170
504,806
402,526
419,3094
94,752
581,2515
783,1897
356,1810
1607,2228
177,363
794,853
1772,2776
1447,1491
1123,2632
650,2019
755,2053
13,1964
521,2016
106,1556
1051,1640
650,1722
2163,2308
1020,2125
1895,2507
2848,3025
500,2313
314,1842
1295,2117
1875,2805
2332,2950
64,2614
1873,3131
262,1761
1180,1310
59,742
2075,2721
321,2195
330,524
1489,1976
1583,2504
709,2203
193,992
2587,2952
294,1042
662,2804
494,2583
1907,2919
1431,1961
2680,2854
1699,1939
671,1926
1020,1047
1648,2782
1887,2424
824,954
1001,1248
1832,2236
1189,1371
914,1248
1901,2515
1024,2578
2238,2623
281,2600
238,552
943,2348
1006,1994
923,1404
1610,2745
78,1816
84,2153
1818,2782
402,1328
1345,3143
2,3109
2282,2921
1602,1815
1974,3019
363,1158
510,561
11,881
1946,3081
999,2920
150,755
1643,2819
1084,2110
1765,2597
767,2883
1513,1582
387,2160
396,599
444,1223
1423,1457
1030,1129
848,2956
328,2075
2613,2788
125,387
232,487
693,1209
2931,3104
911,1518
1953,2018
1336,2945
1902,3130
1574,2138
1381,2102
19,1328
2136,2413
959,993
2532,2633
1660,1907
1954,2558
1263,1913
180,868
237,958
15,164
297,689
698,1256
112,1446
545,923
955,1022
2038,2514
785,1473
1131,1342
727,2848
159,933
884,2353
75,2307
1327,2727
2175,2624
2178,2862
1339,2489
1637,2101
1110,1519
151,1470
1034,2719
1449,2254
17,2173
761,987
1294,1443
453,2330
2085,2185
1878,2295
1243,2398
756,1752
88,1632
1036,2448
287,2800
2184,3020
80,824
1752,2772
827,2767
142,484
2262,2843
1605,2075
171,707
544,1703
347,1956
99,102
321,1960
2247,2460
797,2889
52,1187
1901,2244
1174,2655
1420,2824
227,2007
232,332
709,1821
614,627
459,1694
835,1722
283,1884
90,2565
567,1642
502,920
1422,2772
922,1740
664,2988
1130,1339
612,783
147,2069
5,2300
2495,2989
2328,2387
805,2857
837,1994
955,2760
2862,2938
2496,2699
197,2251
635,1590
454,856
622,1075
1486,2610
1053,2402
1630,2273
2117,2706
1591,2174
970,2348
2161,2644
977,1566
179,3123
2619,3098
1163,1964
1154,1613
981,1582
474,2018
185,2278
1785,3085
1115,2056
41,1309
494,504
11,3082
538,2254
245,1219
1036,2185
844,853
1431,1572
1959,1996
38,1568
1381,2152
1240,1332
1554,2084
3082,3096
467,3085
367,1237
1363,2938
387,2201
1371,2044
1948,2868
6,1637
1142,2438
1805,1878
1007,1912
898,1857
1797,1963
1867,2548
1214,2494
1336,2866
223,2592
901,2236
265,1305
1360,1583
3104,3133
797,3006
150,2030
282,2358
1665,2814
681,2205
726,731
2307,2885
402,984
359,926
717,1802
1032,1856
2353,2894
2254,2854
626,2783
2746,2897
1514,2644
1287,1575
725,2308
545,1248
805,831
720,1734
1210,2313
80,773
99,1217
22,750
1153,2187
214,2938
2351,2973
1295,2235
1048,1486
958,2354
1485,2514
844,916
193,947
2320,2907
1751,2897
534,2254
119,2950
1372,2574
855,1719
1618,2678
1764,2119
937,2389
1099,2402
2152,2282
1171,2269
2205,2632
329,3111
280,1638
1746,2832
289,2638
524,2916
915,2562
980,1896
588,2689
589,974
357,2374
1748,2157
282,1091
1328,1623
274,2145
590,2451
1971,2632
817,2834
367,428
356,433
107,1662
783,1248
2423,2603
381,1037
492,2954
1568,2895
967,2187
1714,2565
2143,2767
64,1921
2272,3121
903,1459
1496,2906
72,2839
835,2467
260,1706
1397,2767
1154,2688
1097,2554
1753,2958
401,2020
1300,1363
649,1336
1790,2445
1021,2287
657,3072
2138,3085
542,1958
597,2316
1362,2783
150,761
1092,2040
22,1065
2845,2847
2295,3152
478,2906
1290,2853
2242,2882
1511,2221
128,1219
1578,2497
3015,3136
2354,2683
453,502
100,575
222,1343
1709,2452
1254,2943
505,512
331,898
86,1923
1203,2694
880,3036
329,997
1732,2689
842,2633
1008,2486
193,2119
2458,2877
358,2176
2024,2472
1793,2770
699,2405
476,2387
192,1740
64,1553
1602,3085
1213,2683
2075,2095
19,2305
199,3125
2160,3023
324,2324
1395,1840
1041,2973
280,2563
1316,2625
708,1381
129,2701
1294,3042
164,554
514,2017
1612,2142
1005,1555
821,1578
2455,2561
916,2357
940,2180
52,75
734,2460
1277,1443
918,2931
194,2482
2284,2482
2122,2988
698,834
1113,2660
2282,2961
1554,2865
2052,2805
902,2091
1496,2871
133,988
589,2644
2549,2777
57,2151
580,2534
642,2496
1143,1305
895,2020
836,1467
1630,1878
1467,1594
16,1130
964,1109
2807,2927
1428,2679
19,3130
193,3167
801,2838
449,2012
1594,2946
1492,2415
356,785
2019,2573
302,2824
934,2609
108,989
2188,3115
3164,3084
959,2307
624,2134
1035,1254
2488,3107
975,1018
783,2988
167,1802
276,1123
177,2318
52,2546
102,621
408,835
1369,2782
398,1885
837,1516
2574,3043
10,3005
91,648
463,739
1295,3064
2799,2897
766,2632
814,2778
1058,2173
1020,2638
1497,1849
1162,2033
335,703
2993,3161
846,1790
2167,2552
482,3133
704,2924
732,1932
1441,2634
1098,1724
162,1241
1662,2975
588,1058
350,2589
1112,1865
345,1726
811,2668
989,1900
661,829
193,3084
2064,2182
1141,2317
679,1757
1123,2858
935,1023
1141,2308
1118,1310
277,1993
145,2535
697,2329
782,1607
165,1726
610,783
258,2408
559,2013
105,1314
2185,2443
3063,3099
197,570
475,1041
2200,2704
596,1849
18,628
1915,3118
693,1519
225,2421
362,514
1063,2997
1558,2119
187,2735
491,2783
1100,1959
553,1210
737,2476
1406,1771
1111,1714
52,951
294,602
1045,1661
99,1685
643,2008
169,613
1841,2829
586,1903
2308,3127
814,1381
999,2825
254,532
102,1030
1630,2469
2273,2796
1822,2251
1018,1176
2218,2440
317,1399
18,3124
15,2979
2628,2653
740,2779
2082,2952
826,3094
913,2221
1731,3023
1462,2988
1624,3100
123,1805
1037,2405
353,773
1169,1201
172,3013
660,3006
328,2646
452,1640
1974,2244
2235,2658
1198,2454
1450,1966
1313,1451
810,1375
1317,2598
893,1733
2486,2793
723,2137
1330,2109
1607,2986
2958,3075
2324,2966
237,927
2240,2591
1397,2269
2180,2384
240,1198
378,1816
2594,2854
398,3153
1137,1933
898,2096
19,36
2064,2662
210,2980
294,1115
287,2870
1115,3095
1587,3009
353,2884
1370,3102
1946,2641
1605,2870
406,2018
967,3158
1048,2619
496,2847
1250,2491
660,1735
992,1670
723,1445
646,689
1213,2039
1100,3011
2087,2830
321,2632
267,411
422,781
1036,2354
2807,2844
792,2864
724,2504
2272,2514
649,2139
175,3097
712,1942
1748,2087
632,2099
778,1032
219,514
1994,2953
1143,2494
1905,2605
1301,2897
2269,2632
858,1757
1295,2240
175,269
753,1306
7,1649
857,1091
207,2341
522,2122
1208,1853
1928,2828
1528,2850
1856,3080
947,1404
158,3025
180,2892
2674,2939
342,1208
1034,1801
1375,1495
355,1746
1724,2354
334,1600
1154,2671
607,2031
1108,1602
604,715
1540,2046
948,2009
1886,2673
194,2871
2123,2565
2012,2245
149,844
1224,1448
1568,2680
901,1214
284,2610
853,2852
68,471
944,2399
2444,2815
484,514
258,1349
320,1053
721,2985
641,2262
106,733
2365,2508
130,2529
603,660
294,2284
853,3144
941,2432
1048,3075
1140,2643
159,1497
471,2052
777,1734
1794,2138
1995,2264
159,1946
157,2678
39,805
2549,3155
1053,1194
2027,2253
92,1669
107,2875
370,2415
1047,2792
1170,3018
1376,2721
964,2223
577,2327
1782,2969
723,1973
1526,2072
1638,1662
1741,1827
64,1298
1158,1424
2053,2549
1841,2565
1200,2204
2,660
584,2654
1497,2638
174,1096
185,1276
307,2545
1848,3081
1346,1717
81,1175
208,1188
1213,2633
1192,2400
829,1497
951,3106
1810,2157
792,1696
382,3128
437,2977
838,1305
1630,2669
2307,2577
2669,3098
1589,2030
1396,2500
263,552
263,2801
764,1825
2268,3133
1110,2378
664,2906
451,2108
978,3071
1211,2103
1045,2001
620,1841
2098,3117
1993,2986
430,1369
284,2958
1053,2019
259,997
1380,1676
1403,1655
101,719
960,2875
1913,2707
285,1913
629,3138
918,1736
676,872
1174,2511
255,1875
569,1170
709,1628
710,1269
2066,2767
1871,1931
417,2290
1632,2008
169,193
1189,2091
110,2091
504,1138
118,2880
1939,2969
335,685
0,1395
90,1837
637,2598
1917,2077
527,1578
1674,1693
1568,2656
403,1035
1258,2679
845,2424
1853,3071
1523,2572
1801,2051
955,1213
432,2222
1191,1776
209,989
2378,2476
510,1133
910,1328
253,2547
1667,3048
1347,2403
450,1470
1449,2764
486,2415
752,2832
270,2076
655,1003
452,2254
1181,2270
1179,1837
860,2461
153,2171
2347,2669
1720,2894
1187,1578
284,2550
2132,3123
2007,2040
504,2413
1532,2248
1063,1679
254,1805
1784,2939
1529,1674
1742,2161
1294,2990
1203,1651
349,1856
686,1071
709,1618
698,1624
1031,3073
627,947
1468,1795
1776,2125
383,1601
238,857
1171,2476
1336,2783
1814,2989
684,1726
64,468
1578,1583
554,2995
2180,2877
12,1671
116,422
153,1163
114,501
642,1162
2016,3099
194,1788
551,1536
884,2461
2461,2803
1815,2535
1293,2153
1160,1724
761,1295
2154,2252
1923,2192
1255,1554
1578,2242
2270,2824
17,19
1373,1422
756,2476
694,1319
1924,2348
729,820
2056,2205
657,2844
1546,2542
755,1426
487,2728
2569,2926
1102,1715
1108,2258
956,1802
232,1146
1343,1700
2353,2989
570,3151
897,1129
380,1210
915,1350
2445,2952
1114,2588
926,2496
1617,2629
1617,2767
417,1624
1303,2365
1691,2056
729,2562
1819,1855
3038,3127
1457,1656
1740,2547
1409,1576
927,1254
136,1928
1504,2953
1109,2868
1036,2230
785,2236
1880,1895
2412,2434
2535,3015
866,3007
1305,1716
236,1825
1736,1853
557,2515
219,2578
1251,2502
1078,1360
1022,1448
624,893
494,2204
772,2232
997,1363
1509,2310
1837,2869
1058,1714
2272,2605
488,2703
1075,2372
1731,2801
632,2221
292,1676
2326,2800
2984,3036
994,2225
387,555
66,2711
224,1381
379,1214
1891,2543
1657,1716
2633,2795
552,1951
768,3029
614,930
1499,2218
827,1637
563,1113
636,1841
555,926
12,768
701,2995
761,2040
699,2803
1124,1665
1594,2674
689,2941
218,1526
893,1342
1328,2938
1279,1643
467,1948
1591,3138
585,2273
2003,2365
2342,2979
470,794
1499,1734
2048,2772
1317,1416
1638,1897
1300,1649
992,1683
1169,2110
1024,1486
1220,2472
632,1819
2404,2556
1965,2539
1755,1883
321,335
1159,2095
3057,3146
52,959
857,1137
619,755
117,2258
1045,1376
6,281
2770,2865
236,1456
499,2279
145,317
2240,2667
2714,3144
1150,2393
543,1599
127,1581
176,676
2,2095
1376,2584
183,2985
2534,2686
638,2629
265,1462
2243,2957
1412,2109
223,2397
336,1154
378,2876
324,2080
2589,2783
1909,2113
893,2954
975,1428
2447,3063
1584,2562
233,2811
973,1016
86,1231
1612,2384
515,677
224,339
2604,3098
545,2798
608,2338
2209,2463
655,1406
2272,2834
2052,2269
196,469
1015,2195
13,754
453,2099
636,1255
1902,2349
2349,3112
1480,1878
7,2965
2206,2450
1138,2134
370,2122
1556,2580
1012,2988
1301,2502
2378,2788
1426,2205
171,1162
503,1579
237,1608
1916,2980
317,2263
103,246
2251,3116
2602,2939
227,2076
1577,2997
1397,2514
912,1437
853,924
1210,2411
878,1821
1478,2879
911,2191
1403,1585
1802,1978
506,2208
169,2927
301,3143
336,2349
756,1116
1785,2345
462,2665
177,2397
224,2141
1535,2915
1641,2489
714,1848
218,547
794,2068
1291,2928
2734,2958
644,948
901,2807
378,1060
1164,2055
719,1347
864,2937
170,2118
3144,3161
1004,2268
1055,2398
1782,2171
356,514
448,492
967,1662
500,942
660,1052
1637,2356
827,2076
356,2159
175,260
1412,2495
65,2900
408,2376
321,2142
1677,2058
1261,2267
1475,3043
986,1163
982,2226
266,609
2587,2685
1123,2442
686,931
474,1572
444,1696
2239,2338
544,3157
332,1399
175,3155
554,1166
717,3094
1449,2512
960,1422
1449,2118
1176,1935
1042,2588
284,1696
914,1065
123,2378
1731,2913
1413,2706
777,2623
2091,2325
435,1742
2018,3062
64,824
2374,2732
2131,2467
1129,1887
311,1660
1841,2891
1111,2860
1218,1276
202,1468
2813,2836
1295,1476
523,785
2795,2928
1277,1943
1216,3096
19,2188
2381,2584
209,223
1995,2289
238,1958
766,1162
767,2304
2589,2669
1583,2659
48,898
1136,2199
2087,2324
481,637
22,3021
1811,3151
988,2057
2453,2966
903,2186
363,1519
453,2270
1623,3119
1082,2880
593,2082
1802,2145
506,624
117,458
2349,2619
257,1051
1244,2222
1582,3081
1632,2653
606,1605
1623,2257
1208,2633
1531,1637
2308,3048
2109,2917
227,2040
931,1047
1461,2153
401,1566
232,2803
1787,2474
2860,2992
161,404
218,1568
601,1741
2663,2862
330,355
2638,2840
483,3139
1932,2191
74,104
3,1029
1370,2594
1815,2449
1357,2946
2309,2565
1191,1295
577,1310
939,2684
1720,2852
1735,2471
1784,2460
1040,2951
2271,2475
2653,2699
2231,2467
702,2410
105,1155
947,2732
496,554
394,759
142,2897
1370,2425
1194,1430
2327,2654
893,1923
959,1015
1118,1233
1682,2433
2157,2787
91,1961
1633,2985
1441,1890
1073,1739
235,2614
453,2644
15,1691
2502,2840
1006,1711
2379,2628
708,1872
1667,1825
2292,3096
1736,2748
2076,3136
1701,2215
2765,2961
917,1224
2216,2489
760,2372
164,504
324,1112
1169,2114
818,1755
1497,2802
1223,1650
3091,3156
108,2244
253,1805
70,164
1014,1183
76,2458
292,2082
1078,1277
553,2369
882,3131
2271,2740
2167,2343
1182,1979
586,2504
478,3092
814,2415
1511,1905
802,2009
2014,2398
382,1775
4,1635
164,383
501,2778
511,951
107,1056
932,2709
1597,2287
1298,1343
38,2921
606,2134
570,1981
806,2977
1511,1711
1244,1447
469,2124
705,1861
1524,3059
715,2978
717,2989
222,1615
2291,3097
331,2836
545,2963
303,1032
259,2678
1932,2690
1972,2257
1061,1668
235,3010
797,2001
52,781
502,747
169,2683
1003,2906
515,1276
1310,2372
846,2030
920,1820
1296,2891
344,2511
1401,2829
528,550
1137,1594
1539,1789
706,1295
358,2801
139,2734
650,2778
2958,2968
275,2861
939,1891
1350,2389
561,693
1060,1852
993,1199
1154,1288
496,3029
266,1558
1958,3068
94,502
723,2847
655,1848
52,2192
1971,2211
723,1065
648,1822
383,1342
1165,2205
2171,2858
1052,1503
821,1572
1886,2109
98,2257
2277,2482
1527,1699
180,389
2221,2389
200,2144
1219,1799
382,851
959,965
546,761
74,780
495,1425
55,1912
1629,1833
0,1751
779,1647
294,510
1837,2333
222,1494
524,1456
13,742
147,1343
476,1991
904,1446
977,1399
273,2737
72,506
151,864
951,2117
2988,3010
1632,1700
2049,2279
1559,2200
1519,2574
349,2776
2801,2999
1602,2767
1017,2528
2530,2614
1362,2740
2164,2904
244,2706
550,1514
138,1233
172,2828
2846,2959
1467,2154
25,2083
100,684
1048,2245
424,3063
497,1729
908,2931
2165,2911
1756,2169
1255,2769
1676,2015
50,1572
1473,2643
1153,2003
209,1056
1339,2961
790,1256
1958,2795
108,1130
2633,2652
55,1624
759,2529
913,1200
697,521
557,1661
197,3002
1154,2574
215,684
2278,2798
2092,2469
177,1961
1176,1295
1690,2958
2653,2824
142,1089
103,778
362,2381
203,1932
2658,2701
2611,2961
474,2840
1943,2285
1613,1994
583,1339
899,1812
2531,2906
1163,1501
1203,3159
2313,2943
1427,2960
483,2066
942,1279
785,1263
17,1583
502,913
1529,1568
450,2077
2076,2836
2066,2952
820,1939
625,2048
1401,2798
2442,2617
1332,2192
2890,2901
2169,2487
604,1039
387,719
193,1995
816,2969
175,2467
400,2844
1948,2824
2167,2326
335,564
811,2363
1277,2342
579,780
598,2934
1066,3077
591,1687
880,1674
1729,2966
1048,2109
591,1319
1105,1319
232,2555
2778,2840
22,2734
1004,2384
854,2921
237,1540
540,570
516,2977
1826,1892
19,2012
2231,2939
1988,2985
1124,1741
1835,2020
306,3104
859,1243
1848,2031
1948,1991
328,2689
738,1451
1825,2710
2445,2726
686,2493
1946,2094
1735,2956
199,2669
1724,2880
842,2787
800,2345
1067,1613
993,1249
108,1863
952,2906
2073,2234
170,568
900,2803
588,1253
2605,2829
262,2258
226,1894
1734,2635
476,2327
1271,2986
2231,2954
703,1423
1561,2818
2878,2881
25,2264
341,679
526,1583
1996,2502
681,1832
1200,1509
777,2317
1050,1514
1012,1360
867,2214
160,2649
1174,1921
581,2387
1923,2633
2592,3005
2309,2960
580,2575
1642,1895
610,633
415,2252
660,1065
1923,2674
424,1642
2773,3169
2247,2597
1674,1981
1742,1860
1747,3100
509,605
2119,2428
914,2707
1749,2315
172,1305
2515,2663
1644,2563
367,3072
100,618
956,2143
1511,2973
355,2921
2494,2616
835,1552
686,2286
865,2917
1848,2449
1898,2069
1037,1764
1126,2267
35,1322
2221,2381
2088,2122
913,2139
1447,2674
34,2429
395,2257
1125,2871
36,1214
70,2956
2412,2914
297,1447
2163,3042
689,975
618,647
913,2570
126,3098
4,758
1876,2192
1165,2786
814,1886
1629,1890
501,1265
160,202
626,2695
2068,2689
229,3064
1136,2289
1295,1331
2125,2836
1066,2605
138,374
1732,2225
987,2235
500,2147
1403,2292
1712,2879
352,1822
2001,2783
613,1310
2080,3027
1069,1627
463,1591
601,1252
881,2173
219,1715
1594,1899
201,834
993,1961
1136,2407
266,1013
2182,2889
801,2018
1162,2324
429,651
64,2008
731,2807
268,710
831,1923
1536,2865
1528,1758
27,2084
937,2770
1284,2689
481,1176
913,1121
1180,1489
280,1140
1948,2286
2094,3085
99,2399
403,2260
500,2596
1690,2244
1508,2308
1058,1605
1589,2593
1224,2883
1370,2517
150,175
72,2307
332,1513
407,759
1041,1206
44,2657
655,1553
1594,2952
239,512
1192,2374
2065,3146
454,2857
684,1612
1067,1366
373,2597
92,2865
2597,2862
2450,2463
70,497
1861,2421
2024,3021
74,596
658,1209
1327,2219
702,2030
1946,2814
1570,2415
927,1351
402,3116
898,1066
977,1674
1709,1932
57,2679
794,1550
1302,1321
382,719
335,1907
1176,1184
1018,1713
1173,1192
352,2012
290,1624
674,1110
400,1855
2120,2445
2077,2239
1752,2329
994,3058
2471,2979
541,2728
1546,2533
1659,2236
1373,1661
2445,2490
1519,2055
511,3162
1418,2025
655,777
222,694
914,2154
3,1568
719,3017
1682,2085
1071,1497
306,1291
52,818
1901,2109
930,2019
1174,2188
918,1610
1632,2467
1462,2338
1564,1760
123,699
104,3005
2016,2417
102,2294
782,1214
1746,2137
1497,2180
1901,2632
218,2783
625,914
690,2912
1146,2587
1247,1853
817,2728
902,1661
1908,2890
1742,2329
1486,2712
1169,2411
2680,3103
2002,2051
615,1956
151,2862
154,265
1561,2836
175,1571
269,2883
689,1533
306,1583
100,2850
2239,2415
2262,2772
2853,3094
403,2745
781,2064
1667,2530
1814,2186
304,2251
1056,1566
1428,1897
2145,2783
1834,2456
1582,2087
226,511
798,1949
502,2155
417,1118
789,3117
185,193
1089,1657
561,689
829,3130
1504,2125
2117,2522
287,978
411,1660
634,1735
1263,1345
1067,1327
52,1706
2853,2954
755,2895
506,1547
1203,1216
1348,3057
197,2463
1579,2231
971,2632
158,214
577,3004
1365,2531
2543,2875
177,1587
1667,1740
934,2865
932,1528
1614,2954
374,2016
1188,1403
350,2722
2099,2914
387,2732
445,702
2421,2764
1172,2613
1230,1380
2008,2566
460,1304
177,2535
1343,2432
2208,2490
623,1931
2309,2514
224,2977
189,2594
1022,2618
651,768
924,1292
2343,3115
1709,2871
506,2431
1503,2977
712,1481
1872,2202
2083,2508
2172,2285
2239,2772
1350,1716
846,1931
1513,2475
1370,2353
2514,2919
2198,3021
411,1151
192,3002
543,1931
2244,2324
948,2030
1748,1806
15,1755
1039,2608
1078,3003
181,3043
1950,2961
563,1481
1210,2973
500,690
1372,2921
2359,3039
518,1951
559,1690
702,1576
1844,2295
1040,2688
102,739
476,2871
702,811
1189,2726
1894,2908
561,2590
1735,2781
1137,1816
1820,3080
563,2885
145,2947
1696,2511
947,1213
945,2265
2427,3031
1294,1529
779,2288
1249,2641
91,2885
593,861
1661,3156
471,1499
851,1907
1612,2679
52,2143
766,1960
1057,2994
1726,2540
1842,2286
628,2271
985,1257
1493,1677
271,806
502,2832
647,2427
423,2311
1025,3085
232,2895
1439,2434
1194,1749
2008,2084
1964,2957
708,2979
757,1430
336,2593
1907,2584
1423,2706
2223,2451
290,510
2728,2900
781,3167
2183,2825
44,1451
1594,2259
672,2977
698,1434
2228,2683
2022,3151
99,2772
55,2728
10,799
130,1351
1642,2670
565,2786
1825,2028
108,3009
100,2242
2270,2900
851,2798
258,2442
600,1382
316,992
1416,1837
341,2177
2456,2604
1218,2310
1404,2205
2589,3106
148,1736
2767,2772
1019,1659
1455,2678
302,2875
217,922
1047,2363
1583,2904
448,2244
1992,2795
567,1058
827,3136
591,1037
308,1162
1289,1303
350,2315
5,1935
1346,2652
1158,2428
734,1994
1928,2374
591,2002
2560,2594
492,2281
955,2959
2906,3134
22,1776
283,927
547,3128
2,1842
674,2634
290,1643
667,2467
1441,2425
431,2638
431,2895
600,676
755,2952
458,479
1973,2830
280,920
1154,2598
2176,2281
1808,2593
254,2226
108,1057
1188,1977
544,699
2333,2444
1030,1071
503,2231
1725,1870
12,3131
125,460
971,2569
2083,2353
275,632
2530,2939
2289,2892
28,347
128,3164
556,2422
1557,2311
2,2849
1174,1665
702,2603
2807,2901
725,2304
1045,3073
1121,2616
265,2415
1314,3161
26,3004
780,2399
512,586
2650,2669
666,1160
1578,2639
1879,2434
1188,2954
1254,2471
1176,3068
889,2346
1539,1642
1875,3128
224,2614
1429,2787
1176,2017
214,577
187,1802
2014,2460
373,1892
219,2347
2871,3106
338,821
495,1129
1528,2190
1966,2511
1616,2689
884,2427
2609,2956
1782,2578
7,2754
75,2231
314,1231
1407,2954
586,2961
2020,2945
171,1942
1523,2689
1456,1752
968,2562
918,2036
390,2893
1331,2735
654,2271
358,1377
2618,2656
2355,2444
187,336
935,2121
516,1595
854,2087
1153,3128
524,2169
1422,3044
610,627
1393,1692
1551,2527
731,1836
1188,1691
1797,2258
758,2683
1314,2941
941,2631
383,2876
2342,3104
619,2020
390,2026
79,2240
2800,2815
1295,2671
1359,2815
625,2304
905,921
1879,2008
1168,2802
294,3098
302,561
212,1869
1183,2966
1595,2735
244,1504
155,2566
2281,2699
1871,2845
497,1027
1608,1735
717,1827
916,3068
368,1855
377,591
723,1917
2503,2868
1125,1513
1722,2629
1138,2429
900,1708
119,1396
524,2607
561,2689
116,2568
1339,2402
2107,2429
151,1624
2449,2731
776,2299
1157,3010
1912,1991
469,1848
1501,2488
2268,2307
2460,2956
108,2012
2046,2096
1717,1822
680,2577
923,1399
244,1900
723,750
1406,1837
625,1706
887,1397
2634,3073
223,1382
1627,2619
768,2078
2001,2248
123,1752
650,3136
1446,2539
1519,2112
1558,1869
553,2938
437,2326
2119,2529
353,1650
1954,2382
243,1335
1248,2967
932,2714
1130,2231
645,2566
1831,2182
1406,2451
1872,2458
1158,1821
2778,3155
755,887
5,834
1457,2055
1062,2711
17,2587
568,1290
2,2914
1058,2548
102,1138
2042,2514
568,2927
975,2397
2254,3026
260,689
462,1905
1315,1932
669,2332
1156,1838
279,965
1790,2609
500,1180
289,402
777,1823
88,1552
768,2874
39,1109
18,934
1756,2471
123,1961
2215,2973
2300,3082
4,2363
1642,2274
2310,2893
78,336
2171,2912
824,2099
328,684
214,1307
25,1514
2332,2737
896,1430
1764,2639
209,352
427,2026
306,987
684,2947
1458,1489
506,826
1732,2898
429,974
0,1362
1346,3157
1755,2961
902,2087
1052,2626
531,2432
588,1309
729,1219
978,1647
849,927
2347,2375
1174,1735
1825,2874
715,964
443,2349
1165,3137
550,2849
1513,2359
924,1276
363,1772
336,2226
2603,2679
1752,2755
927,1279
1942,3124
372,2295
868,2101
400,1403
971,1504
555,2363
381,2693
2244,2941
130,1108
974,3115
2116,2792
1319,2120
1111,2027
655,957
914,2605
2265,2984
268,440
106,2357
1525,2999
94,1173
161,1324
621,1696
613,1632
88,1655
173,997
2516,3161
379,1250
1552,1554
937,1512
1322,2999
1322,1424
723,2491
263,2218
708,760
128,1448
1370,1901
606,1540
119,1473
1007,3007
2284,3033
199,328
1661,1672
1322,1344
349,2548
1632,1738
1448,2578
159,997
2320,2870
458,1854
1735,2653
627,3157
2773,2789
570,1250
2171,3096
1187,1907
923,1426
1797,2755
742,2325
750,2440
386,2907
604,2952
1073,2289
1154,1366
1802,2801
509,1500
332,2240
2052,2539
553,2271
1591,2223
755,2613
551,2183
1201,2302
1694,2482
1248,2591
1489,2849
1408,1823
194,660
1525,2779
1404,1819
3168,1848
1088,1320
1719,2509
1734,1895
1952,2728
1864,2225
2165,2173
422,2564
2660,2824
1582,2267
258,732
659,881
1459,3026
1726,1779
154,1905
706,2990
2240,2969
588,610
269,1126
1050,2357
1773,2354
403,2923
2197,2790
1051,2184
1529,2179
1090,2957
133,1100
862,2334
333,1456
179,2514
2456,3004
1454,1661
1215,1579
733,1766
1014,2960
676,1539
932,1907
878,2411
1314,3026
469,664
478,1037
699,2591
18,89
1137,1776
1952,2163
973,2414
1346,1996
1558,2263
1441,1915
288,2442
1044,2945
624,2988
383,995
319,2891
1284,1962
1563,2295
12,1749
284,2067
324,2065
486,1062
458,992
1637,2959
2112,2327
2199,3162
669,2896
3071,3119
129,1403
331,2845
2652,2672
543,2008
11,2064
362,1189
1220,2216
1594,1819
590,785
1172,2052
898,2577
591,2985
1685,2084
1481,1637
219,3097
719,1691
2080,3151
14,1890
205,3151
1408,1991
925,2052
407,1126
2672,3011
283,1523
422,1458
275,854
945,1019
116,1516
1189,2949
1173,1826
1720,2410
679,2342
1540,2389
1230,3097
1230,2018
431,1993
2563,2578
3,881
604,1002
1738,2834
1089,1153
2436,2870
139,776
2278,3081
1572,2442
2345,2652
923,1566
579,2029
1588,2309
1062,2432
289,860
798,1454
2235,2317
1257,1611
1194,2593
701,2922
1259,2374
1563,2600
2825,2832
1954,2138
1842,3156
344,611
2200,2953
1529,1908
1453,2180
756,3025
1827,2012
133,2611
1236,2712
651,1306
1261,2332
345,2545
669,2604
2420,2830
0,1611
1477,2430
775,2136
489,1213
685,3044
210,2309
166,3094
290,2570
882,2067
739,1971
859,2682
1716,2048
913,2959
695,2829
1171,3042
715,2999
2460,2461
926,993
350,2617
1112,2649
2311,2799
1550,2569
2355,3023
986,2874
218,1980
635,974
96,1322
445,3063
2321,2704
254,914
1459,2395
1029,2082
1215,2516
838,1346
2083,3062
777,1096
1160,3062
340,785
2020,2838
2028,2199
2145,2198
1734,1741
1988,2527
1343,1894
1856,2246
282,2969
1143,3136
168,1271
1333,2908
2042,2979
887,2149
235,1560
51,2039
2292,3136
1952,2139
96,2828
340,1703
1712,2135
22,1169
1382,2846
677,2085
714,715
1657,2049
1470,2317
773,2352
1690,2211
820,1882
758,2801
1248,2836
1024,2118
1476,2300
677,1538
1519,2439
1874,2120
1838,2486
481,1560
3055,3151
955,3049
951,2778
1427,2357
44,928
844,1021
694,1317
509,2253
209,897
781,1209
1108,2875
494,2293
229,1036
2009,2251
2138,2532
1181,2305
2800,2858
2444,2518
433,2093
166,2308
1189,3119
1197,1771
817,1224
12,1198
1876,2293
283,501
1492,2132
1451,1985
676,1175
297,2167
934,2534
147,2496
92,1515
1749,2959
644,737
356,2493
649,2682
189,1793
1652,1948
2582,2879
199,1764
1140,1191
502,2890
2031,2609
2053,3094
2883,3151
134,2734
2544,3115
1805,2030
989,2308
1394,1579
621,1600
2299,2955
463,2924
385,1841
1670,3044
1195,1632
236,333
1078,2660
1351,2274
1924,2672
1130,1569
1909,2080
535,1271
31,2947
798,1372
583,1207
459,2201
180,234
1640,2924
1627,1908
350,928
1540,2728
496,2225
1123,1370
203,524
170,2075
133,1674
1561,1961
929,2077
2362,3123
693,823
2381,2710
504,2443
224,2175
214,2921
1317,1537
1796,2458
947,1382
1031,1598
1382,2033
689,2968
1246,2955
1409,1669
1866,2626
817,1497
2083,2016
1709,2471
1090,1907
294,2296
672,1031
994,2496
989,3146
2375,2897
2856,2979
1414,1991
1837,2623
512,2943
1365,2283
244,2359
2285,2607
953,1873
937,1493
79,1831
21,2902
638,1599
2081,2692
373,1950
239,1752
1633,1951
1558,1565
106,2172
2593,3059
684,3084
2010,2924
1670,2986
846,1345
710,2698
1046,1454
1014,1034
1293,1754
612,1879
1201,1623
1002,2438
941,2949
1252,2695
1699,1721
756,1416
1239,1243
1843,1890
303,544
1544,2850
1616,2838
2304,2901
545,2351
1784,2529
1660,2593
1218,2996
737,1467
411,750
515,2195
229,234
396,2692
2268,2795
1480,1719
1860,2885
816,1741
941,2590
300,2980
1629,1638
1180,1966
1016,3069
709,1591
1756,2650
2629,2730
615,623
2362,2607
832,2381
778,1097
880,2514
772,2487
460,489
1348,2352
1239,2172
992,1578
1082,2878
662,1996
627,2292
990,2184
178,1635
2299,2782
277,1590
106,1736
2221,2825
1075,3025
1163,2561
214,270
1027,1126
777,2522
679,1166
1250,2590
332,1156
543,2740
1113,1365
977,2901
303,2796
647,898
2075,2664
128,417
102,604
174,684
1529,2914
1441,2062
339,2853
873,2239
682,2735
1225,2647
406,1659
544,2704
1219,2296
294,2102
350,1787
169,617
107,603
193,968
1146,1657
575,723
2044,3124
189,1838
1706,2262
1045,1174
1493,2264
989,1136
588,2951
1261,2292
2886,2950
39,545
2593,2922
2547,3094
218,924
1005,2376
2946,3027
1011,2195
2665,2766
622,1554
2053,2169
1606,1993
1636,2278
1348,1365
194,1840
1095,2317
271,1715
2226,2289
406,816
284,1513
550,2345
971,3123
2274,3157
214,817
1844,2341
448,2518
960,2274
630,1605
649,2392
407,1507
57,2076
1141,1866
1632,3084
379,2358
1181,2916
125,2954
2024,2840
1005,2856
1045,1749
734,3008
1165,2374
1661,2738
1467,3100
225,2845
1395,2632
1192,2027
1641,2135
736,2048
2286,2293
2008,2205
277,1762
610,694
703,2824
1418,3057
192,2644
739,1648
2519,2769
959,2535
1625,2101
591,1468
1702,2981
1794,2268
682,1577
1789,2446
515,1190
702,1205
2324,2730
915,1895
36,2225
3,1470
575,2274
48,1058
1344,3096
1369,1535
647,2084
806,2094
2200,2843
872,2108
169,1513
677,2619
927,1761
1510,2002
2878,3031
127,1762
398,2398
639,2923
1310,2949
2295,2695
2354,2563
69,1395
1757,2977
311,1556
1171,2833
1489,1697
1632,1782
1584,2962
1563,2018
271,2988
257,1787
2092,2755
350,1263
747,2958
15,3131
411,1715
2512,2873
2157,2578
2040,2996
2446,3011
1150,2108
1098,3068
162,2710
2017,2157
1210,3068
330,1815
1163,3067
919,2451
1126,1518
772,2988
2013,2961
2458,2853
2070,3117
1568,2282
1244,1434
1894,2751
1429,2349
2014,2956
2047,2614
986,1720
2679,3129
1271,1657
2458,2778
333,1279
1700,2938
697,2095
1408,2348
335,1805
226,3025
1916,2245
1240,2532
2242,3044
1182,3008
712,1855
556,2525
823,1673
1566,2258
2461,2564
954,1330
1607,2205
2181,2800
1667,2288
295,3082
686,2495
1323,1928
1309,1747
648,2648
215,2776
2199,2651
1310,2985
197,1637
1715,3026
1818,2293
896,2201
361,1192
200,802
1503,1563
816,1458
2424,2875
1041,2040
1892,2337
2264,2734
2624,2839
1523,2863
500,1280
794,1431
1784,1905
1086,1349
1322,1618
324,462
1064,2915
357,1911
1720,2033
1830,2300
16,111
1253,3010
649,1322
1363,1365
39,584
483,2378
332,2113
1381,3015
578,1671
2734,3066
1602,1688
2371,3108
1911,2460
192,1858
900,1499
1029,2648
2959,3093
955,1067
1594,1871
1613,2979
1345,1747
1706,2895
1222,1832
500,1346
1518,2600
253,2495
286,2292
971,2378
1981,2966
168,937
37,447
957,2398
1061,1115
7,2125
2935,3143
2364,2431
963,2755
332,1670
1497,2299
2455,3059
2024,2213
44,3084
529,2155
842,1259
509,2792
1740,2495
1500,2189
399,945
780,1714
275,2084
1955,2931
92,238
188,2084
1722,2651
150,2545
2870,3063
99,924
259,817
467,2289
2402,2534
258,1045
752,2619
858,1146
1825,2690
1494,2247
593,2682
1935,2967
2308,2605
1931,2638
1142,2304
214,764
431,2003
958,1217
1724,2154
284,2671
994,1706
79,2290
969,988
1428,2837
702,955
466,1811
19,2261
1992,3100
1160,2327
913,3019
1789,3015
372,1886
294,1025
1846,2831
1041,1189
537,2668
1085,2177
1615,2638
575,2473
1591,2873
2588,2979
1492,2122
2226,2445
91,2017
448,759
1741,2522
1501,2068
993,1451
684,1753
1047,1435
1648,3105
1180,1375
210,2985
1006,1641
1648,2525
479,846
1691,2543
1112,3144
98,297
2188,2369
699,1503
192,2237
1578,2157
494,867
31,855
476,2706
2348,2532
2189,2797
1667,2359
1066,2402
811,896
1399,2374
2345,2588
1840,1885
402,862
679,912
1516,1572
1241,1547
763,966
193,899
1851,1995
1416,2741
1674,1973
462,3005
2235,2769
1277,1879
1052,1820
2550,2781
638,2012
194,506
1842,3023
446,1821
1680,1802
597,1465
1040,2279
2871,2982
2254,2369
1816,2377
920,1658
172,1428
2048,2845
2190,2801
875,1644
940,2240
717,1858
2023,2502
1677,2297
500,1618
1890,2162
2482,2529
1647,2247
361,1112
2133,2231
1975,2161
1022,2593
1479,2315
1111,1572
229,500
170,393
857,2921
698,1631
221,2504
708,763
1170,2484
864,2878
874,2767
790,2664
1949,2565
2471,2660
1962,2469
1170,1448
1110,2564
2379,2706
940,3123
2796,3042
6,1475
609,2473
1334,2691
1398,2735
545,2160
2222,2302
1257,2678
169,2572
1189,3104
654,2732
193,433
258,1424
1263,1977
2476,2651
721,2962
1574,2699
386,1246
489,757
1074,1435
116,1625
2632,2805
1330,1942
2243,3004
225,3044
1238,2424
2102,2257
920,1726
592,733
1720,2588
1137,1868
885,1713
1011,2921
44,1425
1053,2411
1240,1776
384,2454
654,1188
2614,2798
2871,2918
267,1051
2351,3046
1751,2845
382,1659
2568,2800
1014,1608
91,2850
1627,1760
2746,2895
2448,2517
2411,3157
817,1458
731,2858
504,1298
1091,2400
495,1712
1263,2023
1916,2495
273,670
2579,3055
1579,1596
785,1729
1444,2317
1145,1733
939,2460
1365,2697
684,1427
4,1600
1858,2996
933,1716
716,1525
316,693
799,2886
1014,1313
46,1005
2368,2469
1196,1700
824,2847
1254,2082
968,1220
49,583
302,1664
1587,3080
380,1676
147,1492
628,2076
1516,2683
380,1462
1563,2372
1434,3104
1815,2860
2274,2456
171,610
380,819
176,794
1787,2424
526,1243
660,1685
647,2267
320,1691
1782,2461
159,726
734,1078
1898,2848
2730,2968
1413,2683
52,308
164,1196
314,2466
1252,1855
2093,2317
1423,2525
699,1627
286,2945
2019,2451
2055,2605
2119,2924
916,2418
641,2767
660,1668
1601,1607
1188,2965
2421,2949
283,1579
330,2440
1902,3002
1594,2919
118,2839
1634,1674
173,644
402,1489
1400,2922
237,1248
295,2357
263,708
1651,1784
119,443
193,314
158,2231
144,985
2134,2251
1040,2897
851,2223
313,2464
963,1673
260,1319
1642,2673
772,2305
96,1388
2412,2954
1036,3161
2186,3094
5,1415
414,1584
1131,2236
1051,2545
1245,2375
214,481
176,1618
175,1308
794,2961
944,1758
1339,2998
492,1594
351,2473
1205,2192
18,2267
262,1533
339,1206
525,1156
1596,1787
1605,2494
88,127
1429,2271
1102,3132
971,2626
842,2853
283,2347
2157,2221
222,3152
967,1317
292,984
1165,1206
1011,1578
1156,1546
158,2169
168,2618
192,1672
411,691
18,2385
753,1425
737,1511
1347,2443
287,913
1046,2411
2337,2997
1295,2095
282,1240
495,2784
544,2618
317,3063
617,2594
610,1690
1857,2950
1058,2083
608,2405
297,1811
599,3137
500,785
197,1811
24,2199
1314,2993
347,2442
844,2030
927,2782
1131,1225
909,1634
126,910
2410,3118
1188,2968
852,2503
845,1780
1334,2938
250,2084
1137,2254
1165,2448
768,1715
1711,2351
199,1330
1141,2966
681,2604
189,387
662,869
762,2475
387,1883
1793,1900
1890,3115
1171,2566
590,1767
4,801
712,1552
2284,2562
226,424
427,475
820,1757
468,479
336,1170
1931,2820
1091,2490
39,1758
2856,2945
1370,2591
620,2283
1039,2883
1659,2472
1753,3158
797,2427
1836,2437
651,2927
91,1776
3167,1814
2555,2956
2579,2884
2518,2567
2,1983
223,2083
933,2240
1402,2242
620,2375
1300,2427
649,1511
753,1836
306,449
782,1767
1037,1891
229,1182
1483,2878
1630,2595
911,2138
729,1486
836,2539
2476,2990
779,1841
664,2415
72,254
1486,1582
210,779
104,2996
1048,1241
107,1300
328,1046
506,2876
449,2801
2011,2614
98,1586
506,1822
2301,2653
94,674
1982,3077
303,2393
561,622
829,2772
1188,2367
448,1887
1644,2232
1752,3151
893,1827
706,2692
1181,2889
160,1072
756,2664
1398,3080
25,1247
516,3143
130,618
167,817
383,624
12,1433
2522,2879
155,2205
1650,2894
194,1563
168,556
972,2162
2324,2496
427,1899
158,2365
2945,3111
474,1217
1290,1841
2219,2221
2619,2967
2458,2764
1128,2862
129,1662
1053,2154
1622,2721
180,1191
11,797
931,1599
725,2805
550,1066
1871,1933
2286,2379
733,927
684,2049
1171,1297
2057,2197
82,1137
641,1470
915,1769
496,732
1801,2683
1063,3034
2169,2444
1606,2002
2083,3158
935,1261
1213,1539
1284,2811
934,1616
1459,2795
522,2833
15,2552
258,3080
551,1888
3,2142
1611,1723
1365,2251
993,1006
1479,2504
2397,2971
1401,2566
1067,1655
18,1945
172,1138
157,1348
1121,1295
20,1751
404,2136
1932,2316
1048,2628
1780,2832
74,1028
733,2644
589,942
312,1256
156,975
1021,2669
1052,2092
1363,2533
742,2862
1891,1948
1827,2897
39,2294
2040,2582
1566,2959
2075,2351
942,949
1062,2800
504,744
2205,2555
713,1089
896,3005
1721,2563
835,2171
1629,1735
792,1131
1859,2407
439,3073
627,1606
1633,1726
1394,2434
1029,1470
378,392
1612,3066
464,1153
1091,2860
1853,2928
1365,1994
1902,2632
1139,2804
628,1560
65,1720
1599,2456
763,1294
1018,2413
1661,2087
448,1745
301,2217
1398,2369
1039,1263
1509,1847
877,2308
16,1848
731,954
562,734
890,1861
2279,2297
874,2411
699,3094
1602,2848
993,2133
1231,3066
2200,2384
175,1557
2692,3143
462,2456
1071,1685
315,510
1007,1928
2236,2302
188,2566
61,1398
226,1605
476,1031
684,1930
1128,2340
76,3069
347,695
306,3034
624,1162
2431,2853
948,1465
737,2445
65,153
105,1907
1836,2095
955,2060
694,2862
2693,2862
1181,2044
148,424
1649,2473
2394,2712
2193,2913
1749,1943
1217,2308
2443,2506
931,1776
1322,3103
310,2824
1864,2032
1726,2953
263,2664
517,2318
1834,2598
878,1125
1851,2641
634,1531
65,2618
1046,2549
222,1563
163,817
294,1044
925,3071
595,521
1702,2012
1582,1802
524,1114
172,1649
601,2921
867,1398
1634,2142
2448,2632
478,867
860,1104
178,2272
1563,2379
178,898
2316,2728
200,775
1020,2233
2722,2895
674,1114
975,3062
209,2638
2531,3130
145,495
373,2282
433,3124
462,2949
381,1089
1470,2809
2019,2945
479,1387
1170,1617
548,2415
1628,2100
2568,3105
398,2783
1063,2311
25,1050
311,1277
1921,2432
2755,3119
1676,1749
1624,3059
1869,2929
402,2161
941,2228
2280,2442
1039,1404
1730,2551
474,2629
1372,2155
593,1899
221,1513
1907,2056
1834,2068
350,650
102,1578
1373,2682
585,2894
544,2177
347,1706
915,2737
185,2025
2122,2152
552,2102
498,1513
646,1065
1017,2822
1447,2516
1822,2209
2828,3093
2996,3060
1509,3125
536,2051
1632,2375
570,3158
563,2546
1794,3132
116,241
689,1761
1034,1449
2032,2338
193,1295
838,2258
322,2865
1895,2908
1566,2387
800,2892
1181,2695
1695,2728
88,694
836,2157
1128,1691
331,1797
2140,2309
107,1416
1926,2712
1036,1756
1263,2324
1771,2504
123,2805
3071,3131
1895,2456
532,1943
806,964
2334,2806
813,1320
2094,2180
632,2076
591,1726
1155,1177
1174,2119
403,801
2945,3124
1674,2534
2326,2638
578,2626
2101,2448
170,1638
280,901
70,1599
1531,2378
1772,2532
1314,2068
608,2829
2635,2851
859,1697
502,2012
106,2678
3,1254
951,1176
55,134
1431,2860
2154,2317
504,1762
887,2572
209,1113
422,913
469,676
1596,1630
448,845
583,2600
419,1154
55,1735
3,1490
590,1726
1529,2672
1946,2122
717,3106
10,2992
301,1922
24,932
474,2476
799,3062
258,1674
917,1277
1603,1980
1156,2525
662,3162
820,912
2262,2372
1554,1731
914,2985
760,1538
1735,2890
2291,2735
317,699
931,3054
737,2686
460,1341
1153,1661
168,2862
1113,2556
806,3119
1470,2101
2242,2408
1771,2883
3031,3096
824,1330
835,2096
385,2778
1337,2923
278,1627
601,1938
1519,1578
1665,1849
2099,2856
105,2897
345,927
179,1512
271,2633
155,2658
921,1340
2076,3132
911,2688
448,1363
321,2046
179,2623
2062,2328
275,1893
1513,1860
660,674
151,1970
555,2731
785,1987
354,992
400,712
1201,3000
417,582
1638,2072
1544,3156
1247,2357
1571,1627
1222,2003
1222,1291
10,2069
500,2951
280,1533
1370,2931
488,2712
912,1230
1660,2804
1511,2305
854,861
1036,2187
1848,3146
1162,1898
1446,2747
794,1954
851,2781
383,2009
194,2451
345,1511
1046,2142
1995,2706
257,1024
1891,1787
671,2653
225,1259
496,2948
1300,2883
1052,2703
1115,3123
378,2527
580,3102
2588,3026
1756,2196
1831,2400
1811,2240
2912,2924
415,1423
578,1426
224,2767
938,1187
1024,2669
1046,1078
244,1931
2533,2914
267,2090
725,2069
1437,1741
2046,3084
2680,2986
684,1978
1343,2880
471,3025
2534,2800
1537,1591
786,2931
355,1826
1197,2004
389,487
593,1674
469,2525
2281,2495
1591,3063
612,2706
2371,2996
2490,3006
938,1525
1787,2040
1263,2411
1529,1614
183,1306
676,2660
647,1287
259,2122
1381,2997
2188,2227
805,2083
1592,2931
255,1045
1054,2304
602,2778
2445,3121
635,1711
380,3133
99,236
1018,1961
483,2299
786,2606
1841,2852
1344,2308
363,2099
1219,1666
2058,2187
1060,2555
1408,1737
1154,2113
1415,3056
1825,3039
377,753
2317,2954
1048,2138
1330,3104
107,561
423,686
2072,2714
579,2231
1345,2351
1721,2276
1475,2531
1848,2547
1596,2066
7,756
650,834
926,1559
861,1112
694,2699
1493,2277
370,1561
2160,2442
1277,1771
593,693
543,1607
375,1674
699,1143
344,1552
1072,1354
487,1617
1045,2145
285,1053
1243,1568
1382,2594
503,1420
295,986
1823,2398
1168,2684
2069,2611
2267,2690
785,1254
1360,1436
523,1370
119,1855
1768,1897
1254,2066
2584,2957
72,2634
2654,2917
781,2236
387,752
1803,2923
1168,3107
1290,1790
1760,2470
238,3137
259,1668
1560,2966
306,2061
1855,2101
296,2437
1018,2068
283,1073
696,1121
744,1913
383,1284
652,2289
1236,1698
1516,2055
867,1818
1095,1706
1056,1696
533,1902
375,1486
2238,3082
342,990
1413,2210
1886,2865
2244,2542
1263,2201
2590,2614
145,2950
939,2236
1520,1948
1636,3123
820,2071
267,2590
1586,1616
1200,2680
371,2308
2285,3136
427,1734
44,232
918,1348
975,1625
1057,1801
1942,2533
912,2467
1676,2100
689,1589
1097,1899
1045,1523
568,617
1209,1776
1887,2300
1665,1994
1512,1706
753,2712
72,1224
1952,3062
2839,2897
187,2491
207,953
2072,2496
2434,2678
2204,2284
948,1045
2618,2849
1848,2099
12,1836
941,2999
854,2947
989,3031
834,2413
329,2397
1036,2779
1100,2261
1660,2395
843,1489
1951,2138
303,1300
506,974
247,1320
2938,2986
913,3062
861,1176
169,2471
2340,2740
742,2712
325,834
1074,1594
1031,2519
1160,1566
509,815
1805,2861
177,2532
1156,2552
299,3158
1126,1136
923,2055
2699,2988
1617,1741
2307,2805
1415,2398
505,1583
987,2343
874,1370
64,903
506,2786
742,2333
726,2850
921,1667
1323,3063
2182,2692
313,3096
1052,2921
623,1512
1823,2378
2027,2639
501,2084
670,1853
1594,3124
147,2935
2221,2735
57,2444
958,1151
1544,2138
619,832
179,1682
920,3045
1041,3119
610,908
419,2577
867,1370
2282,2582
2515,2779
646,2170
1641,2176
2609,2853
310,1423
188,1690
1907,2225
791,1131
3007,3133
1676,2487
570,753
1810,3043
501,3086
1970,2519
1649,2838
984,1981
2169,3025
178,1694
1144,2448
1276,2704
1334,2863
807,2133
1525,2555
353,362
821,2815
575,2595
832,2870
702,862
1595,1840
995,3054
110,2308
1554,3138
427,702
343,2396
2515,2630
1908,3127
1331,1794
781,2966
1509,2176
359,3127
497,2511
595,1320
1236,2407
1131,2052
1749,3130
1661,2271
1164,2369
972,1834
460,2008
1370,2652
1514,1618
349,1834
698,1644
882,2254
561,1689
1531,1864
197,1731
824,1943
2825,2862
977,2623
2168,2348
1715,1726
759,2278
1901,2082
453,3080
194,2521
1764,2970
2093,2319
2080,2447
792,2122
78,1883
164,2957
757,1834
1007,2628
768,1047
709,2606
68,3104
711,2966
282,1125
173,224
508,3139
236,2103
528,1145
2731,2856
492,2421
2049,2162
1165,2647
130,1058
90,1189
2709,2842
429,1844
1599,2077
547,1458
278,1504
474,2973
857,2113
646,2891
1724,2673
1095,2969
1897,2099
172,3044
755,1342
171,624
2559,3138
492,1382
1336,2600
61,3146
628,3084
1425,3084
983,1724
2381,2514
625,737
1762,2458
1468,2046
1284,2216
1169,2018
63,1345
1036,2500
606,1655
783,2950
969,2268
723,3091
170,2076
1063,1767
1819,1831
1030,1613
642,2639
1516,2945
2526,2988
2471,2950
1314,1330
2,2328
1868,2300
301,1397
1472,2984
1370,1700
626,2271
1595,1690
1444,2620
1316,1647
1039,1797
1394,2502
1413,2288
1896,2998
2116,2119
364,2177
356,1408
1365,1629
1137,1477
736,786
1288,2167
966,1060
629,2504
1006,2366
750,2512
1199,2674
64,2728
621,2960
435,978
1360,2172
1693,2472
1055,2628
328,725
2320,3015
36,2070
1458,2281
993,1831
488,1582
1398,2299
223,1040
2046,2825
668,2907
449,1993
2973,3031
1499,2448
92,144
1862,2878
1005,1520
900,2268
1136,2325
1170,1711
1676,3054
2326,3161
1474,1831
27,2721
1872,3082
66,764
547,2471
2448,2827
1130,2697
2238,2849
2345,3098
932,2284
446,1758
215,1304
550,2397
1630,2102
99,2619
1657,1735
1128,2593
780,969
376,2326
282,2441
1171,2017
1138,2245
382,1317
165,2633
662,2697
1056,1287
1617,2326
1994,2159
2593,3161
1345,2527
1032,1644
1820,2625
407,2901
1382,1480
2705,2966
173,2619
204,1563
1384,1853
282,2651
2354,2476
2012,2131
690,2300
105,2044
2258,2876
1893,2855
1964,2584
22,1453
719,1243
1206,2703
1098,1994
1443,2682
457,2020
36,2891
259,1036
2165,2433
1336,2809
649,750
339,3155
2134,2658
2555,2885
2227,2958
692,710
1239,2979
119,1213
119,129
611,1295
932,2434
197,446
358,3098
1574,1585
764,3064
1985,2103
1165,1617
2995,3044
1021,3093
1039,2795
564,2931
879,2684
1139,2778
1640,2787
475,1564
761,1015
1840,2692
1870,2114
1938,2324
1348,1732
1456,3064
1183,2660
1370,1836
676,1402
772,2996
841,1216
508,676
1067,1340
2084,2594
177,2163
1172,2300
2430,2475
1496,1939
263,2998
2589,2600
1595,2587
545,1668
1474,2530
464,759
712,990
1624,2638
232,968
917,3151
95,176
420,2728
543,3157
2,977
2026,2772
283,773
761,2634
445,1591
55,2735
1247,2422
606,926
374,417
585,2293
1667,1790
493,2961
753,1560
302,323
1803,2068
1109,1895
1315,2325
662,1317
609,1591
1559,2408
1067,2895
1837,2154
729,1319
1253,1606
1029,1350
171,2445
384,2799
17,2434
958,1562
963,1298
1208,1230
1758,2564
1102,1847
471,1992
757,1479
2804,3054
492,2019
1742,2347
694,1732
81,2198
669,1407
507,1363
712,2643
116,489
2316,2488
1097,1492
820,2443
2880,3042
536,948
753,2438
1172,1598
380,3031
597,2192
2270,2740
801,942
460,2075
82,2766
1512,2873
2223,2672
1866,2993
267,1909
1878,2623
2477,2790
1303,1463
394,3109
1539,2068
15,2012
2240,2514
207,1458
2345,2969
17,3138
497,3013
232,3069
222,2328
952,2399
104,282
2124,2210
1104,2653
2320,3014
1539,2956
2052,2254
1797,2068
100,1256
689,1738
829,2938
189,2562
715,2413
1605,2884
34,2287
724,1247
2800,3082
225,1935
1183,1376
844,2588
1194,2274
661,2832
108,1476
446,1254
13,342
661,1933
497,1779
625,2737
179,2690
386,483
830,2846
1022,2503
994,1842
1512,3074
1243,2024
2624,2900
811,1509
294,1215
1055,2782
524,2145
203,1213
483,2591
1121,2884
64,373
1408,2094
207,344
1058,2644
734,1025
479,1370
16,998
693,1531
674,1696
695,1553
744,1501
173,2565
617,1907
1298,2040
127,1942
193,2961
166,2122
1873,3074
2157,2255
2807,3100
1631,1932
1002,2638
805,1642
1189,3059
16,570
543,766
1124,2624
2326,2772
1349,2455
214,453
763,1342
1787,2274
219,1249
160,2179
1052,1240
1396,2363
99,2638
758,2463
276,2516
165,462
921,1295
2030,2728
501,545
1080,2678
949,2018
511,3057
2121,2488
2434,2549
1752,1871
370,963
1404,2179
111,2379
975,3145
592,1277
1132,1633
417,2600
912,1860
2151,2309
253,471
449,1426
36,1172
435,2434
462,1317
2337,2894
429,2332
57,2180
806,2316
1200,2267
1255,2755
990,2225
328,1209
715,2929
222,642
1056,2262
446,1182
224,760
813,3161
2098,2183
1706,1981
588,2190
1257,2948
12,1450
928,1905
657,2588
723,2641
1552,1674
468,3031
2557,2969
106,287
10,1875
1334,2364
826,2440
446,1674
475,1893
1078,2988
2188,2877
1545,2917
1526,1873
1161,1447
243,2618
657,1623
223,2875
755,1578
396,2422
1348,1994
2309,2327
905,1794
698,1936
1154,1646
618,1585
506,1511
314,1102
2473,2491
709,2219
299,1429
1037,3155
265,3108
1351,2002
694,1413
1515,2708
1854,2287
378,1921
1752,3015
2653,3107
2425,2770
750,3097
1784,2456
1057,2046
944,2921
1230,1790
280,1244
1928,2711
755,967
1851,2958
506,3104
243,740
2598,2999
1139,1837
963,1601
641,3138
2795,3066
604,3136
733,2735
2302,2728
2605,2639
684,703
2781,2928
634,816
878,1166
692,1173
496,1175
542,2291
495,2669
986,1552
551,3066
1685,1913
2288,2614
857,2595
153,2705
373,1366
1606,2999
219,648
105,951
150,1023
108,2340
803,1194
1253,2653
1382,2600
1063,2391
1479,1699
2048,2147
1608,2986
96,1720
868,2443
1617,2503
1443,2683
175,564
1828,2443
2686,2931
717,2152
1496,2697
2565,2638
142,2640
1739,2472
624,3157
0,861
1630,1793
1284,1865
55,1827
479,902
1324,3095
623,782
1659,2672
2575,2858
1382,2843
450,2522
528,2514
1928,2461
514,2469
1946,3063
1319,2580
294,717
934,1470
603,1606
1398,1711
898,2113
1224,2489
301,2910
860,2562
2712,3017
1348,2084
1139,3158
1821,2219
1885,2874
417,497
603,1554
1951,3131
1305,1933
2504,2624
173,2973
61,2017
0,874
2480,2843
444,772
929,1247
900,1381
811,1213
570,2353
106,1003
1189,1709
2481,2798
349,493
748,2514
1160,1485
406,536
243,719
1254,2014
2683,2710
767,2018
2428,2639
401,2619
2995,3063
192,2055
177,2405
563,2472
94,1869
1027,1623
500,710
493,2597
725,2402
189,2433
773,1627
37,2647
2189,2937
685,2490
25,3155
1697,1758
1097,1182
496,2263
1351,2724
19,554
1188,2848
2143,2522
197,357
1497,2628
2726,3064
104,1370
1529,3054
400,703
1441,2095
1518,2981
671,1451
2031,2557
915,2860
2257,2415
166,672
1061,2327
2008,2091
188,1514
1343,1536
1060,1381
1742,2504
495,2125
1109,1314
967,1851
1662,2236
1099,2068
978,2292
380,1090
502,2039
1158,2787
103,2494
920,1091
88,1732
607,2787
2186,3078
2055,2142
1869,2917
102,2919
1602,2802
1060,2865
1041,1138
84,416
1352,1873
1694,2193
365,2197
1091,2446
777,1061
1348,2871
114,1014
543,2239
1706,2193
1011,2040
658,2277
444,706
176,1566
755,1563
1694,1820
2124,2541
280,2042
2660,2931
564,662
1624,1794
77,1345
1790,2813
316,3082
1749,2102
2632,3059
452,930
781,1527
2100,2516
282,2342
1314,2482
829,1295
223,229
899,1655
1403,2445
479,2782
501,984
734,820
1292,3123
821,2231
1158,1730
1771,2347
2844,2998
536,2834
106,1865
55,150
1065,1601
1720,2950
1494,2443
400,1756
1198,3109
2223,2947
1190,1767
1144,2069
708,955
226,873
989,1740
836,1263
2122,3072
317,444
2455,2887
1051,2183
158,1991
2019,2186
2308,2549
2907,3057
1218,2463
1140,2122
193,263
550,1823
401,2954
1454,2949
781,2681
1306,1729
1176,2122
260,622
44,503
1825,2398
387,1428
1360,2543
1598,1624
1848,2048
679,2221
331,452
1024,2574
1513,2002
854,1175
575,1554
503,1731
442,1578
561,1126
385,1649
1319,2077
66,1949
484,1632
1675,2566
1908,2796
734,2187
1089,1876
310,1643
1617,2678
1099,2472
747,1355
1404,1696
524,1465
2040,2173
200,315
2068,2851
1359,2444
2374,2653
378,698
382,763
1638,2605
1583,2077
39,1187
238,2810
2486,3009
1089,2316
583,1394
1340,2508
531,1021
1881,2433
954,2770
721,3135
2189,2354
2218,2678
978,1803
1213,1788
178,867
1130,2153
2360,2845
1572,2862
1484,3124
242,563
646,1640
2176,2595
1012,2338
856,2877
1399,2241
1342,1682
287,2665
2115,2904
313,2308
68,2213
119,1166
742,2988
321,2562
590,2600
155,1298
219,1714
105,2992
287,2965
986,2570
939,2188
1885,2192
1036,3152
987,2012
2458,2836
447,832
516,971
913,1194
2504,2597
1100,1492
679,1726
1511,3094
192,1603
1489,2742
655,1370
1218,3007
37,201
2913,3080
759,2570
2049,2686
958,2677
1163,1447
948,1886
1399,1423
583,2901
1265,1396
1025,3009
18,1376
867,2653
485,2309
1801,2730
1446,1907
1841,2160
2305,3112
915,1123
1724,2625
1256,2796
942,2448
1761,2770
617,2490
794,2728
196,859
1496,2429
1156,1649
1156,1643
94,1427
1294,2651
1553,1911
1315,2783
123,277
1948,2639
386,725
407,2133
2221,2835
510,1377
262,630
1743,2085
639,2807
2345,2805
296,1096
1790,1841
1583,2414
1052,1328
723,1016
444,1618
912,2453
1173,2503
756,948
1014,1180
1304,2317
1428,1834
821,1692
1030,2352
695,2697
336,2830
2349,2802
234,1316
638,2221
1034,2737
2295,2996
585,1396
849,2939
2031,2101
143,311
2154,3115
761,2665
529,3122
1566,1980
639,2865
971,1017
1858,1864
921,829
2069,2568
244,2669
1674,2954
117,1037
635,2846
1310,2476
12,882
1355,2815
655,760
382,2631
1245,1846
524,2236
1642,2865
2514,2931
1128,2081
685,1014
634,1513
1239,2965
837,3072
586,1578
550,1395
1585,1829
1618,1894
759,860
1470,1832
708,1992
1752,2674
1115,1711
2545,2883
2444,2535
2413,2778
693,2784
413,1958
1112,2068
1188,3063
657,2678
441,779
2603,2632
1859,2075
347,1400
1921,2798
563,1895
1504,1972
826,2669
570,1050
753,1371
1502,2516
1854,2198
1153,2272
639,715
22,2907
103,119
1481,1749
611,2271
772,1007
207,947
1343,1472
10,1719
2396,2951
2530,3152
1711,2026
295,985
347,2363
954,2678
2141,2918
402,2894
759,1146
1557,1614
22,2203
584,1007
1102,1883
1909,2277
1476,2949
577,1856
631,1422
857,1858
444,1629
729,2525
2641,3085
2229,2421
1568,2369
2387,2783
218,245
783,2016
223,2284
1180,1449
1896,2448
2674,2777
275,2940
878,1647
183,864
2562,2828
782,2008
1095,2891
1481,3077
644,1594
1090,3062
1855,2305
523,1237
984,1616
1078,1784
1413,2701
147,237
2072,2097
1811,2684
235,2543
1735,2071
1975,2512
89,1743
2102,2643
430,1444
1025,2218
1412,2549
189,1764
1526,2767
175,263
693,1176
1048,1787
1576,2668
1224,3129
778,1053
2324,3093
1209,1377
287,617
1285,2921
1431,1802
583,1138
2071,2650
2060,3157
783,2732
3011,3055
547,1113
709,2001
496,2495
415,2856
654,2082
22,551
235,2721
766,2504
2891,3064
2115,2957
1545,2996
753,1173
1277,2514
842,956
420,1835
2113,2221
19,690
856,2039
311,1811
921,1415
2572,2584
1370,2906
1293,1454
869,2359
282,1442
1691,2787
735,2605
1784,3136
156,1793
2135,2831
253,940
229,2164
100,193
2883,2957
287,1355
265,1429
467,1571
1277,1343
262,1188
496,1162
1305,1567
676,1844
552,1813
293,993
1217,2584
1247,1514
1030,1933
955,1596
2577,2984
873,1640
235,2129
663,1518
1244,2901
265,1863
2016,2196
1641,2889
1848,2801
648,2890
563,2808
321,2122
395,943
680,2781
1181,1985
110,2040
73,2473
1384,2689
278,1854
44,755
258,1751
584,2058
237,642
2061,2444
1514,2686
1506,2885
100,286
1706,2274
2415,2829
395,2516
948,1694
427,1497
542,2199
922,1102
1613,2934
1651,2985
2738,3025
302,1512
1427,2939
686,1852
1709,2497
633,2690
1848,3023
3134,3151
391,1513
650,960
1708,1973
650,2782
1181,1465
756,2874
123,391
1177,2711
799,813
1563,2598
52,406
2565,2597
1247,1796
471,1169
937,1254
1470,2592
2495,3054
1952,2660
710,2063
224,1764
343,3154
150,1078
528,1424
330,1130
1698,3082
292,3164
496,1001
880,928
1091,2172
987,2688
1446,1846
3163,2271
1231,3068
791,2450
633,701
503,570
923,1174
263,2071
2434,2461
106,2534
160,2910
792,2194
2893,2959
1521,2862
64,1668
1160,1399
1600,1787
382,2798
157,2993
1031,2965
747,1739
158,224
623,3025
173,1696
372,1884
2508,2873
36,2242
2244,3111
2191,2641
1695,2518
185,1529
1756,1833
1409,2424
259,1528
1413,2986
470,2735
1714,2986
334,2767
663,813
759,938
1253,1637
1231,2782
204,2277
940,1693
1533,2270
2578,3137
460,992
1636,1720
193,2266
270,2374
562,717
102,2614
1724,3072
1194,1238
2046,3046
2738,3026
251,2102
218,254
1905,1927
1594,2320
1872,2372
2588,2638
1164,1587
1451,3091
1333,1513
2216,2767
373,1636
856,2064
1460,2616
524,2444
4,2850
147,2461
1412,1853
1128,2173
956,1225
1382,1660
1454,2139
849,1665
341,978
2398,2568
153,942
1449,1692
484,2906
443,2618
826,2180
1208,1884
2032,2294
2,2062
1591,3062
27,1057
1404,1865
336,2308
1875,1893
244,1632
745,2778
684,2708
2019,2223
531,2477
2290,2455
1645,3123
189,1735
798,1782
2949,3104
2378,2438
647,2065
270,3155
2369,2977
1174,2284
887,1669
1499,2327
2491,2578
1097,2028
7,1244
923,1503
857,3082
807,912
352,811
820,2104
1355,2242
381,3057
1343,2018
250,2268
949,2068
167,1006
2132,2232
661,1897
127,1039
621,685
2254,2875
2,931
299,1426
812,1900
768,1870
1643,2839
1470,2898
674,2736
593,3126
1501,2616
1590,1961
278,352
881,1214
1470,3020
422,2627
949,1602
118,328
2398,3060
1251,2543
1039,2977
2168,2651
1091,1582
923,2591
620,1020
2143,2259
406,1439
165,1613
876,1849
323,521
1298,2631
729,1931
608,712
1682,2233
403,1836
1146,3131
1772,1784
128,564
1602,2265
2689,3114
820,2289
737,1307
68,1108
2228,2832
1843,2399
2955,3097
1454,2378
247,1322
1180,1970
1462,2012
1243,3133
2402,2704
255,3026
2311,2884
842,2184
832,1064
1242,2684
694,1552
2101,2102
1225,3004
1293,1317
1644,2433
333,1180
1470,2431
285,773
920,2497
1021,2610
2007,2598
524,2643
1476,2138
1645,1751
1143,2967
860,1345
2101,2363
284,2565
1288,2860
1023,2893
772,1490
733,966
2218,2231
1293,2563
218,2958
1349,3093
1618,1759
2433,2647
336,3157
719,1220
150,2388
127,1578
940,2058
2031,2048
466,2663
1496,3025
2514,3132
657,692
398,501
602,743
353,2365
955,2201
2406,2509
1662,2150
1033,2614
2364,2442
2027,2999
1583,2184
636,1449
1634,1789
613,1400
1627,2424
310,2884
2595,3004
1348,2807
1176,1265
1808,2686
1547,2853
423,2469
607,1797
189,2369
2009,2914
731,2638
619,1056
986,1265
398,1815
689,1991
117,763
1480,1962
1248,2387
725,2058
528,2941
280,2444
801,1290
1553,1732
1063,2575
111,142
1160,1238
2190,3058
1190,3057
381,3039
1137,2055
209,648
1752,2083
374,785
1271,1396
577,1898
394,1314
563,2522
510,1157
975,1407
3011,3082
669,2186
993,1379
1180,2247
2046,3112
2317,2687
932,2008
941,1690
536,2935
2657,2923
1859,2619
187,1140
1330,1832
631,1462
726,2247
926,2759
1659,2023
642,1805
408,426
639,1863
1650,2977
1466,2151
2219,3083
577,2959
1629,2908
4,363
229,1168
147,2051
862,925
2578,2669
193,2556
941,2037
971,2100
296,3142
64,3151
116,2349
1110,2077
1883,2994
402,2270
844,1078
144,1142
2168,3136
253,2557
125,956
1747,2985
1170,1854
813,1359
1909,3132
103,1702
1667,2559
577,2858
1409,3071
1769,1933
1734,3119
237,2014
1722,2271
506,1300
504,2326
629,2658
1074,2082
1451,2691
818,1641
526,2416
1314,2320
1350,1401
894,2107
223,3153
214,357
1693,2093
2154,3122
2365,3008
1285,2221
411,3151
2239,2732
1514,2319
1057,1553
1706,2117
1784,2152
777,1124
429,2845
394,2983
1785,2674
1513,2241
1509,2460
619,764
536,1925
341,1315
1136,2295
317,2722
1265,1317
102,1603
1513,2787
395,2067
372,2204
1520,3096
128,2588
2448,2831
929,1497
451,1722
1698,2137
563,1056
1586,2219
1743,2046
399,2825
334,2772
2449,2543
1151,1454
835,1169
2475,2824
425,910
467,2487
917,2535
752,2624
2461,2977
820,1123
1720,2565
608,2442
222,624
1714,2282
713,1623
1676,2509
753,1544
986,2288
551,2204
475,3099
676,930
2600,3084
724,1376
997,3088
2456,2914
1980,2643
1916,2447
781,1408
453,2019
1141,2950
215,1092
681,2306
1437,2701
19,702
1401,1402
686,2667
159,1020
1578,2518
1909,2117
674,1384
554,1531
272,3156
631,2016
289,2446
1247,2858
2008,2427
168,1629
1913,2689
222,1981
1431,3084
55,2782
1310,2077
1381,2603
20,987
1693,3161
19,2885
449,710
283,3107
2007,2948
294,1313
419,1640
650,1443
1307,2534
2293,3104
281,2133
988,2257
689,3138
1591,1721
382,1128
1180,2728
1700,2019
1346,2300
444,2778
755,2272
1254,1931
1825,2860
823,898
2064,2682
1642,1989
1314,2011
925,1162
106,554
2598,2632
357,3119
867,2352
956,2619
2619,3063
2133,2160
564,1140
1305,1735
792,2449
816,1256
402,921
2002,2855
958,1138
568,1274
415,2351
662,2051
1645,2951
510,3104
98,1387
172,1437
2686,2922
108,2824
244,2996
962,1447
462,2811
1214,1449
1428,2788
970,1563
924,1728
1970,2663
1610,2632
1169,1630
214,3132
805,1501
249,1546
13,151
489,1237
1499,2458
621,2013
1163,2266
862,2228
1752,2107
177,818
290,503
1902,2271
1673,1825
18,57
1184,1853
260,968
936,2317
1716,2951
1316,2904
1898,3015
1398,2027
27,2279
849,2921
381,1394
6,1182
685,1295
1586,1665
381,2548
263,1898
612,1363
2080,2975
908,2570
570,714
552,1840
292,1741
958,1176
311,2841
367,1443
1241,2487
2539,3048
1407,1886
1294,2378
869,938
1131,2609
425,1197
172,1635
551,2883
1170,1649
210,2139
424,1834
66,1118
1360,1624
773,2764
985,2782
2379,2458
1633,2836
1322,1796
27,2007
860,1523
1313,1811
1078,2955
224,955
481,689
1198,2694
1048,1907
1248,3061
2134,2514
1256,2152
1939,2297
2539,2860
735,1170
1023,1900
2337,2889
294,1694
1726,2875
645,1162
408,1989
280,669
394,2990
394,1991
582,2820
510,1941
948,2938
2803,3068
289,1021
2550,2897
1587,1924
233,1121
2579,3136
646,2412
123,2957
2684,2779
1051,1052
1020,3063
1320,1825
1706,2885
650,2048
297,731
532,2092
993,2547
760,2245
1257,3130
2194,3027
1766,2669
2191,2998
1409,1961
258,2071
1497,2084
1583,2055
225,662
219,3017
658,1685
158,2241
862,1645
481,1673
931,1277
400,568
321,1535
1751,2832
226,2873
974,2235
72,226
1320,1633
995,2660
169,2210
295,1443
543,1531
837,2020
1402,1797
2387,2511
2456,2643
614,1864
723,2861
1547,3162
2965,3096
753,2556
1948,2075
1946,2830
1182,2098
497,2816
816,2211
911,2449
2268,2653
1395,2183
1900,2369
873,1399
666,1250
2441,3151
1048,2879
2017,3068
927,1319
2304,2898
1716,1790
2204,2371
1342,2109
851,1463
444,721
1509,1902
1314,2651
210,975
2445,2834
262,2782
1372,3043
1192,2235
127,1665
637,780
2584,2619
2083,2956
1399,2356
1475,2242
92,1219
1082,1284
1821,2853
1340,2194
314,3123
1011,2909
500,1146
1058,2145
1423,1902
78,780
1907,1995
1623,2588
1311,2461
1105,2100
869,2279
1502,2369
2247,2924
2764,2860
254,2245
189,2469
978,2683
1056,1740
3,2904
1055,1740
1007,1902
829,3008
851,1642
2309,2779
1014,2748
1263,2543
1876,1931
2068,2849
1865,2458
415,726
1289,2447
1677,2550
283,2161
1653,2515
1504,2349
2066,2802
2051,2533
254,666
180,568
1608,2328
2192,2221
836,1086
2683,2846
12,1190
785,3083
755,1826
2423,2878
701,2445
1042,2778
3114,3119
908,2162
911,1188
603,2082
1724,2288
444,458
430,2828
18,1552
1560,2919
1334,2367
322,1423
1911,2843
1189,2787
1008,1430
1408,1900
1456,2988
265,1304
914,939
2543,2834
766,1994
921,1036
424,1139
786,2175
319,854
1692,2139
1173,1328
1109,2996
1215,1297
226,1454
284,1190
25,2244
582,1764
550,1080
39,2778
396,2317
844,2689
1449,2691
187,928
682,2669
2278,2842
1384,2534
2463,2545
2458,3039
32,768
71,2196
588,713
2167,3075
2589,2997
2704,2908
1712,2850
1151,1701
758,1739
1200,2674
868,1089
2030,2554
635,1756
1231,2197
1778,2878
331,1939
188,1735
2057,3067
2302,2893
233,2919
1594,1659
1529,2352
929,1045
1831,2235
1829,2683
1160,3127
2432,2692
1582,2830
2016,2509
1007,1050
734,1763
1141,2640
2434,3071
702,1406
361,2055
267,2565
2274,2376
151,1422
2033,2914
1954,2701
482,1136
1075,1407
444,2980
263,524
306,1921
144,1167
492,1513
833,2811
483,1250
283,445
1768,2847
1768,1978
896,2951
225,2347
103,1679
2952,3010
2001,2347
1103,2384
1855,2190
2600,3099
1462,2235
336,1873
99,2173
238,1305
1495,2871
933,1180
1238,2458
926,975
50,2906
1443,1616
1449,2267
699,1175
592,899
997,2843
66,893
1151,2378
135,423
1958,2201
2232,2825
286,635
901,1480
1169,2203
882,1694
695,1525
303,911
1859,2807
429,629
1499,2240
1147,1711
2447,2884
74,603
2476,2657
283,1287
1007,2490
1439,1749
1254,1727
992,1086
612,1842
303,2017
95,448
1180,1290
1762,2593
721,2008
1264,3008
1856,1877
1429,1581
1257,2706
218,2357
381,766
3,1164
2776,2878
1208,1693
1199,1394
731,1932
2414,2973
1351,2304
922,1183
565,2333
1516,3075
726,2423
700,2317
277,993
1443,2347
2495,2958
1424,2692
734,945
431,2952
1476,2353
225,2186
1456,2262
226,827
634,2235
1516,1953
866,2084
4,798
648,1446
1633,2436
1203,2319
879,1155
1652,2233
2295,2938
2598,2845
2877,3151
623,2008
227,1043
160,415
938,1256
1163,1861
657,3007
768,1821
401,1381
1243,2447
179,467
1489,2719
1689,2856
945,2674
19,862
2299,2543
987,1972
1568,1789
583,1790
2583,3057
1613,2779
19,2170
1561,2551
655,660
383,3036
208,2912
109,2617
1156,1251
1915,2656
782,2082
138,1007
1175,1254
2258,3098
1107,1205
13,855
1157,1700
785,834
193,350
922,1642
1363,1879
119,1143
508,3011
1181,1531
1016,1859
1105,2240
1351,1958
2834,3136
1180,2178
791,2534
795,1841
1562,1572
706,2085
100,1640
611,975
658,1858
263,1313
106,637
112,1869
39,1290
965,1039
1859,2563
835,1801
959,1607
2289,2998
1383,2442
103,1427
386,2222
1165,2883
234,1153
214,2083
378,661
274,2593
2198,2979
476,3011
1729,2788
2136,2594
1890,2769
1693,2427
1441,2514
74,662
195,938
1310,2943
719,1700
218,2873
783,1819
10,703
714,2553
896,1105
923,1595
78,398
911,1942
2082,2186
510,1026
169,503
449,2995
428,1726
0,2472
2493,2588
704,2706
502,2432
176,1869
2134,2205
314,2500
755,1857
1078,2424
470,2795
1825,2853
2677,2856
772,3057
521,2992
1056,1334
599,959
333,1191
81,2267
995,997
647,2290
636,2598
176,2957
1607,2787
1217,2467
18,1324
1029,2445
282,2284
260,1780
415,2068
384,773
527,929
363,1822
158,1057
2263,2549
108,2589
292,2199
931,993
590,2138
905,1415
50,99
116,405
1448,3020
2490,2714
1217,2145
731,1129
1576,2928
2084,2223
869,3068
1007,1266
1731,2303
588,2442
1617,2565
1164,1171
1476,2970
1855,2848
1785,3156
283,1394
1109,1284
1290,3025
3166,2421
487,3014
269,812
1137,2652
1736,2233
864,1083
1428,2907
2236,2651
52,2635
593,1962
155,1627
226,2651
2051,3130
703,3123
390,2388
1958,2375
928,1005
1021,3123
379,422
2782,3155
702,1184
1110,1700
226,2396
731,1339
801,1696
472,2055
2704,2874
1349,1462
1102,2436
2292,2801
1217,2635
1157,1263
64,534
1790,2048
2012,2843
564,2822
2162,2504
872,2737
2278,2764
1571,2487
449,1905
1042,2557
169,2701
2460,2706
2070,2579
589,685
347,1554
197,2639
2631,3013
726,1933
2679,3059
941,1271
1578,2039
2313,3151
1110,2674
1025,2204
1160,1466
998,2875
797,854
1005,2575
583,3168
1189,2843
471,737
1753,2023
2522,2738
816,1853
584,2738
159,2578
478,2532
357,2816
388,1513
317,630
35,1315
2185,2829
1012,1878
1181,1833
978,2885
708,866
677,2254
874,1510
99,419
1451,2951
2237,2433
401,934
618,2919
17,654
588,2959
2042,2449
905,2072
41,116
649,1005
1762,2922
1105,1765
1158,3132
942,2347
721,2623
1741,2039
2445,2775
133,353
386,3158
1494,2001
2115,2400
1695,2267
889,1640
1103,1196
1265,2833
742,2263
1017,2898
2203,2227
2240,2693
908,3042
836,1890
445,2566
1365,2566
1690,2722
1277,2674
1519,1861
1058,2355
726,1846
2327,2362
1394,2197
1072,2604
2016,2674
1671,1900
335,2132
523,2308
2070,2914
1905,2066
1805,2052
171,2813
379,2762
189,1188
3,1704
2721,3094
938,1208
647,2504
2167,2240
1669,2198
1624,2949
583,893
2291,2954
824,2691
993,2830
935,2273
2411,3124
2914,3151
1175,1192
162,3131
955,1528
1140,1643
1073,1200
319,1897
177,504
1959,2275
1067,1448
1089,1138
640,2924
2257,3022
1943,2865
1850,2142
974,2327
697,1112
1503,2305
160,1397
815,2521
1037,2858
1841,2390
607,1819
359,2956
2840,2914
316,2813
686,3097
844,1539
55,2600
1784,2352
747,2369
440,1206
583,860
649,737
1347,2357
859,3075
726,3114
70,835
1450,2891
1560,1591
214,2552
951,1241
648,2511
1922,1787
1647,2561
353,1029
1805,2342
2149,2172
949,1875
599,2372
2457,2796
896,2372
119,1871
1310,2813
194,482
977,1142
1052,1755
506,1611
317,1674
444,2387
370,799
521,2054
265,504
166,1019
52,1805
470,1465
1736,2760
1970,3158
1143,3099
128,2197
37,223
1134,2362
331,2279
201,1879
1078,1418
476,1892
912,2875
1290,1355
790,853
193,847
463,2782
306,1220
1583,2674
816,2798
1200,1931
2319,3069
162,1995
613,2304
2807,3084
208,536
986,2282
1599,2098
1214,1298
765,1603
2301,2840
712,1191
39,2133
869,1612
281,2769
901,2908
1014,2949
468,3103
343,2096
725,1513
438,2558
6,1317
1138,2973
381,1892
193,3057
1217,2343
1507,3151
409,1555
74,2917
382,2556
1083,1685
692,2787
1104,1668
8,1277
1072,1192
2012,2834
854,1183
2061,2345
1625,2442
2196,2242
275,1439
1797,2801
849,2434
551,1025
674,2122
1849,2274
2389,2447
818,2301
407,1437
474,1956
1089,2204
1359,2327
484,723
61,254
1492,1499
1489,1647
764,1591
609,2515
860,1645
226,1123
1346,1719
404,1539
1230,3010
600,1365
498,686
391,399
2066,2384
1380,1745
1453,2297
219,1852
1039,1104
1454,2879
484,1154
1636,2176
163,1162
1641,2321
329,2098
68,1555
233,1350
798,2912
483,1623
1027,1370
383,855
698,2456
625,723
1089,2849
2167,2173
975,2813
797,1518
1265,3157
1099,1539
2381,3000
322,550
2503,2597
701,1819
2162,2516
2058,2777
659,2818
1048,1058
1123,3011
496,2546
2186,2356
572,2688
1386,2448
1316,2996
1163,2502
393,1306
952,3029
1396,1891
437,1160
68,1037
2514,2939
576,951
772,1342
2326,3094
378,493
517,2450
500,3053
1310,1989
629,1921
280,1810
2048,2197
1300,1565
1885,2381
285,3122
1098,2992
1289,2270
226,1916
1667,1861
175,1872
2009,2779
401,1774
341,2606
102,2938
1146,2704
1943,2848
482,2874
501,901
1234,2400
452,1821
938,1490
734,1840
2600,2860
798,1743
1980,2879
1188,2472
1220,3100
629,1181
18,125
68,2160
311,968
833,2813
474,1290
2064,2320
2504,2927
608,2629
332,1051
1310,2147
971,1401
645,1871
998,3092
580,2540
642,2870
223,2302
259,1529
502,3085
2279,2451
199,1372
1931,2502
29,2515
791,1715
1251,2918
3167,1951
278,1502
1509,2703
600,1065
19,650
1752,2211
1950,2007
1895,2030
378,2332
849,2660
2257,2316
1739,2782
1162,1602
661,2722
1893,2784
2254,2374
2652,2969
990,1029
66,2884
550,896
955,1325
1176,1617
872,2854
263,797
166,1866
923,1194
113,2883
15,2518
147,1960
367,1063
948,2959
1952,2235
126,2211
1771,2455
854,1400
1114,2285
583,1591
2075,2961
2082,2658
157,2236
1470,1784
1143,1180
367,1720
2084,2269
918,1060
2161,2306
1643,1948
1423,1625
1194,2176
780,1935
1539,1751
1057,2719
2550,2904
1396,3124
1833,1948
1220,3137
606,832
2308,2847
176,245
622,2787
226,1273
869,1276
992,1520
1376,2804
2165,3136
2065,2961
2138,2321
1348,3091
1155,3103
676,816
1531,2847
861,2457
1042,3054
129,3064
1168,3085
468,755
1429,2431
949,2709
2,1449
522,2623
1372,2862
2850,3093
1156,1334
71,154
712,1706
1215,2802
708,1610
411,1052
468,1858
650,1821
948,2352
31,791
854,1305
1370,1529
2776,2893
1818,2777
1531,1873
854,1902
831,1898
1844,1895
2783,2928
811,1217
2728,3011
1823,2611
1074,1183
1206,2122
512,1290
2626,2733
123,2988
10,2932
1334,1586
1058,2967
2018,3029
52,223
160,1913
881,2082
1560,2511
313,1019
502,672
1014,3137
773,2650
1576,3054
400,2283
630,1423
2693,3151
978,2486
1669,2872
660,2684
1578,2489
651,2349
117,283
296,1053
591,1629
1699,2476
727,2811
1598,2916
1446,1838
144,791
250,1977
2405,2971
67,859
868,1873
418,2333
1907,2027
119,3062
2092,2431
134,911
719,1352
990,1197
1126,3007
1048,1442
2830,3015
1497,1841
65,2708
756,2349
2240,2365
1576,2481
406,2690
660,1662
313,2865
460,1733
1171,2461
704,1501
2133,3005
2437,2461
387,1255
1985,3139
585,2295
1089,1841
199,222
218,2342
1797,2196
209,2153
1306,2052
2915,2940
176,294
1613,3071
2188,2254
159,681
2407,2875
44,1865
1971,2227
18,2476
1217,3013
420,1535
379,2066
1194,2617
356,772
1822,2008
674,2273
0,120
1305,2534
2083,2205
1307,2697
900,2012
180,1694
562,1931
316,2441
682,2284
2007,2699
579,1924
1724,2619
504,3061
873,1595
1319,1591
429,1138
505,3151
2057,2114
2284,2979
193,1289
794,2627
304,701
585,1058
1525,2267
1219,3053
222,956
690,1093
250,2671
1621,2190
17,2796
2438,2623
2149,3100
2183,2531
570,2191
980,1706
536,2072
1837,2767
1830,3096
524,909
523,2421
2604,3081
3100,3160
1485,2153
2282,2977
25,2664
2454,2996
311,1096
913,1174
2616,3078
179,1408
328,1594
963,2515
1811,2680
2554,2893
2271,2614
1713,2269
811,1402
1343,2494
980,2582
170,739
613,1667
334,644
844,2946
1284,2789
754,869
1578,2889
2326,3043
343,854
703,923
1203,1378
511,2284
844,856
386,1154
1197,2458
1583,2921
684,900
1320,2864
50,2267
1265,2545
2193,2504
415,1943
1213,1265
445,1579
138,1842
1493,2191
1751,2692
737,2328
2450,2953
1768,2626
253,2678
1795,2535
544,2591
1165,2346
2699,3025
1496,2240
760,2073
1946,3143
232,1475
644,2461
236,743
549,2843
1195,2037
590,2738
978,1438
583,731
728,1338
254,2102
367,823
1797,1928
1616,1736
316,2241
608,633
2428,2444
158,1071
510,1572
283,2614
218,1772
356,649
468,2984
1565,1971
1954,2431
144,2228
1074,1298
1191,2027
306,2506
1742,2691
564,2569
1162,1173
229,2982
648,932
169,1735
756,1136
193,508
36,2669
584,2550
476,801
193,2262
462,2680
815,1577
244,1594
456,1331
1295,2853
437,1243
2071,2197
1844,2490
978,2979
693,1733
2052,2482
233,400
1662,2671
25,180
258,2633
900,2777
225,2340
1044,1984
417,458
1448,1989
282,1878
262,585
1518,2113
758,1608
150,1901
19,2699
955,1263
1140,1520
2508,2710
44,1887
1276,2154
1558,2443
498,1802
1039,1939
2053,2057
1675,1865
1462,1887
1422,1475
955,2710
1832,1980
387,1568
323,3011
253,1840
223,1472
1685,2470
479,1241
234,1042
760,2961
881,1051
941,1883
523,2063
2117,3026
684,1075
1203,1941
759,3057
1267,1290
1842,2007
568,641
232,2059
1513,2922
934,2434
977,2939
1181,2989
144,723
27,756
624,1397
1264,2227
785,2880
712,1192
1154,1932
725,1659
523,1080
2251,2813
1700,2356
106,1732
387,1259
2376,2655
1261,2002
1035,2504
1868,2327
1680,3115
1308,2467
1197,3168
2223,2415
2033,2673
1640,2639
1046,1277
1507,2563
698,1449
2970,3128
651,1642
267,2030
432,731
1504,2152
881,1808
1278,1283
1248,2433
1887,1943
2268,2471
394,1169
278,2895
1339,2482
2121,2398
521,954
3118,3124
1137,2205
173,623
284,1123
747,2995
1841,2761
91,2007
222,244
1247,1481
1660,2913
611,1869
667,851
1776,2500
2118,2946
579,1823
1458,2427
689,978
604,2829
1579,1776
110,2674
110,1324
1047,2002
834,2005
2794,2878
2283,2460
521,915
1108,2153
790,1510
1872,2432
1871,2270
1739,3025
1468,1630
669,1271
2098,2626
460,572
875,2410
849,2756
1230,1685
2604,2977
764,1063
335,2852
229,232
1020,1030
1085,1937
106,860
686,2592
2455,2770
1191,1897
199,1933
363,1446
1647,2655
978,1424
1109,1196
78,1745
1712,1961
706,2405
2091,2215
1257,2381
5,1328
964,2040
123,1855
2796,2948
162,597
1177,2684
244,2295
619,684
2398,2412
155,1139
1046,2651
943,1901
1210,2879
1081,2924
1977,2284
614,1255
1504,1930
495,1842
102,2292
238,1662
786,2525
382,606
717,2651
1516,2708
258,1879
992,1024
145,2213
798,2024
500,809
321,2693
1324,2683
794,1329
1564,3025
1394,1763
857,2291
350,2643
894,2862
1446,2038
589,987
1659,2845
208,1097
171,2988
1059,1310
1102,1263
4,1840
860,1689
544,1130
879,1632
316,2098
1198,2056
1633,2024
837,1915
949,3152
1165,2788
768,1727
2588,3086
1518,1618
306,2788
825,1197
2186,2633
1612,2469
12,3101
1600,3010
3074,3108
96,2123
1037,1073
78,1584
861,1128
462,2320
1572,3100
201,493
1322,2213
874,2626
1032,3091
941,1382
2261,2659
1566,2999
878,1716
1764,2857
321,780
102,948
489,2732
858,1943
1932,2103
1200,3083
984,1670
46,507
1089,1875
625,1056
1878,2456
21,2428
2027,2947
2545,2556
479,1713
936,2111
726,793
684,2669
2022,2398
340,1860
2054,3053
2960,3010
1802,2990
1618,1844
2173,3096
655,1975
157,2434
1097,1243
1409,1749
282,2185
1204,2147
422,1641
1173,2941
1640,2495
99,2341
942,2157
1014,1100
1860,2790
2311,2854
689,2860
1248,3054
1635,1931
199,2279
4,589
2610,2835
2027,3075
384,387
550,1650
479,1652
2868,2995
1617,3086
1484,2901
1061,1327
797,1176
453,1423
1196,1574
1246,1571
339,2772
1278,1752
3,1727
2456,3117
1382,2946
914,3156
433,570
635,995
350,2665
1169,1276
669,1907
88,2274
745,1244
755,1539
254,2337
1063,2203
786,1720
882,1499
637,1855
2327,2669
1446,2077
189,2868
2290,2552
1740,2588
660,2188
1217,2178
303,1748
1037,2018
2900,3073
462,2195
1197,2006
922,3131
1042,1892
158,1129
858,1970
1022,2616
509,2708
1557,1615
1823,2839
723,1168
523,1659
965,1854
2741,2865
258,2471
609,2022
2779,3075
1078,1698
655,937
737,1895
1977,2200
780,831
924,1216
879,2669
1162,1363
1050,1217
2829,3010
1711,2550
1096,1124
1529,2767
2434,2781
2564,3116
1736,1774
1104,2832
918,2934
676,2247
1080,1104
693,971
1803,2456
1294,2254
39,2813
1241,2352
1853,3143
1446,2849
835,2921
1040,2184
766,1512
785,1660
214,1029
785,1501
1214,2496
1579,2068
1851,2066
2243,3127
104,147
1150,2055
349,415
1050,1124
2616,2706
2352,2550
2338,2594
229,1952
138,1369
1813,2902
914,1333
105,576
1437,3042
495,1811
2346,2396
95,1328
664,948
1310,2693
686,1497
1958,3128
1020,1322
1037,2543
612,2878
988,2640
1219,1507
331,1852
104,511
257,2627
1112,2455
2039,2889
1519,1914
1670,2226
1623,2030
1472,2247
1036,1677
778,2092
719,1853
1252,2610
715,2225
1476,3007
1438,2455
708,723
2160,2397
1050,3031
1627,2508
2254,2609
448,2949
831,3011
590,1165
1373,2579
721,900
620,1790
1492,2145
166,2327
939,2614
1165,2921
1589,2862
1196,1911
2216,2627
2275,2617
627,3138
350,3007
1519,2431
402,3146
1516,2351
1024,2257
2115,3098
462,1578
647,1555
2014,2951
1107,2133
2655,3119
1448,1526
824,1625
2297,2996
2051,2412
282,1220
1396,2051
1097,2802
1216,2992
1372,1960
777,2330
329,1974
862,1922
916,1385
635,2332
1451,1501
1078,2040
1569,1978
194,3096
908,2769
1644,2238
454,2849
1739,2071
4,2572
164,782
1465,1891
155,816
319,2957
1664,2988
171,2378
310,1053
1130,2613
1007,2168
2957,3157
474,1815
1112,1661
1056,2195
1417,2593
582,1366
993,1047
122,2871
515,2854
487,2227
597,756
1453,2950
932,2160
926,1029
1448,2245
1154,1576
492,588
1046,1168
1474,1551
724,2671
2447,3133
985,1568
229,2532
173,2762
310,498
282,1575
232,1395
1557,2504
162,2966
1125,3088
199,2996
1555,2810
900,1820
1404,2559
1108,1958
780,959
1422,1829
331,761
193,586
301,1067
189,319
1180,1277
958,3025
230,2227
733,1932
3103,3116
302,2491
2503,2941
1105,2245
1128,2272
1566,2566
1475,1480
1160,2670
68,1020
144,1220
1179,3073
823,1422
2075,2704
915,1214
1408,2982
2588,3007
145,1513
1587,2777
1520,2429
670,1427
1634,2294
1192,1752
449,2046
1183,1312
332,726
2627,2912
765,1599
1151,1315
2285,2710
1664,2415
1712,2033
780,2901
723,2068
424,726
356,1171
1638,3119
871,1224
338,794
1823,2068
170,2147
25,2947
524,2776
1036,2289
1459,2667
963,1230
332,2388
2104,2534
593,2518
2682,3082
2653,2979
881,2644
339,2098
869,1984
1481,1776
1308,2776
1293,1975
554,1259
197,1751
1983,2424
1431,1539
766,1575
975,1365
384,1165
591,811
12,1754
1105,2597
680,1848
992,2961
1650,2169
258,2184
2416,2828
1444,2413
1139,1931
18,2248
910,2856
535,1096
171,618
2456,2683
2315,3095
2533,3013
2121,2609
986,2616
44,1709
175,328
301,350
797,2024
569,1975
1416,1470
583,2633
374,1109
73,2442
2801,3074
816,1693
335,1632
1254,1635
362,494
440,1547
1959,2985
1041,3071
612,1749
407,897
2534,2940
1154,1589
1635,2706
935,2939
2934,3073
803,1061
1244,1907
394,1943
561,2432
2184,2461
1036,3137
2186,2955
339,2469
1029,2772
1456,1863
1665,2709
90,297
226,1153
2413,2945
512,2956
606,669
1613,1993
494,928
496,590
989,2257
1250,1842
1060,2068
1738,2131
1414,1711
874,1618
1265,1350
1497,2271
710,1261
1083,1110
938,1190
723,1632
807,1866
2516,2545
661,3088
88,801
638,1259
729,1048
2108,2430
1206,1627
1774,2833
426,1616
1618,1964
951,1249
2644,3096
409,917
1217,2657
101,2917
1385,2830
922,2788
964,2372
1661,2459
2546,2614
274,1105
561,1883
1323,1415
1443,2373
172,938
931,1130
709,2860
2461,2679
381,3129
2295,2672
1019,2988
1309,2809
931,1107
1421,2878
2245,2460
807,1602
257,2443
153,2119
64,908
415,1355
470,2632
1288,1724
1613,1662
207,342
229,1892
1758,2028
719,2862
743,1248
725,3123
1162,2862
356,2095
2448,3068
1731,2951
1342,2578
1782,1901
920,1514
99,1446
2007,3155
189,1276
1128,1426
57,651
1821,2143
175,657
2618,2688
777,2242
1167,2503
1181,2002
1095,2640
504,2737
995,2511
347,2947
1699,2711
2979,3118
386,1907
1895,2449
198,2428
2831,2986
1007,1055
1788,2138
1539,2319
1578,1635
1741,2862
502,2302
797,2373
1617,1668
811,1841
745,1437
275,750
539,674
1575,2598
706,2592
531,917
358,3121
776,2493
1259,1605
939,2598
757,972
1826,2735
1836,2579
2397,3006
76,2967
929,932
129,1540
489,2719
1058,2693
352,2735
990,1348
44,2033
896,974
838,3100
1169,2449
1332,2057
92,96
1053,1746
837,1578
555,2075
164,2951
737,1676
1416,2276
1370,2634
820,1847
44,1093
233,2026
334,1210
543,878
584,3068
71,914
671,1518
258,721
343,2504
1384,2686
993,1144
158,296
712,1034
777,2868
1638,2847
504,1305
1005,2528
12,2693
403,2752
1961,2486
153,728
1615,1931
766,1474
628,2251
572,819
90,1691
1887,2597
0,2994
713,1124
1107,2514
1271,2431
824,1582
1970,2654
780,1954
2878,3153
1042,3106
806,2183
139,2317
1694,2901
721,2635
57,168
1572,1642
760,1692
536,2508
15,561
1689,2644
1554,2508
614,2850
1192,1370
306,2266
303,3115
908,2076
995,1128
634,2223
1648,1938
2493,2640
2550,3085
162,2378
931,1240
1370,3115
557,932
1649,1897
1441,2432
1834,2843
95,2852
254,1841
463,1822
2794,2849
317,403
1265,1832
846,1014
411,1343
112,1173
728,2398
1199,2892
432,2804
1075,1737
1961,2171
604,1761
636,2205
99,955
2057,2444
2557,2848
1526,2910
1861,2876
492,901
1223,1469
1303,2900
1600,1602
280,2686
236,1295
503,2846
835,1961
877,2545
1109,3151
1942,2800
1892,2273
926,2449
36,2235
999,1805
1720,2974
862,1433
334,2292
557,633
254,1112
668,2272
2055,2065
564,1855
1253,2270
1821,2653
1729,3006
1256,1594
180,2954
1036,1277
849,2889
1200,2191
157,2011
1143,2682
1203,1593
644,947
908,1062
1394,1484
603,3074
2236,3092
547,2855
2167,2839
2210,2393
557,1618
452,1600
1668,2683
2267,3055
2017,2033
995,2770
1858,2186
2178,2653
1035,2083
550,2068
651,2919
495,1901
2558,3081
555,955
1303,2333
1519,2396
862,1771
871,2376
745,1673
636,2695
1287,1942
680,1007
503,2183
260,2165
939,2102
872,1347
1436,2231
1021,1856
407,2337
18,71
2730,2816
905,2058
689,1003
1499,1996
17,1339
282,655
2227,2977
2557,3033
768,2568
885,2380
922,3133
11,572
380,737
1858,2299
600,2254
742,1252
2292,2861
524,585
1538,2966
2121,2673
1833,2374
712,2910
1859,2299
506,1301
1528,2927
783,963
1924,1964
869,2236
623,2891
458,2404
844,1343
634,644
1305,1954
2495,2870
1345,2843
407,1752
1489,1685
226,2319
686,732
197,275
597,2874
1586,1848
1251,3092
22,2885
179,1046
1381,1583
853,2669
1646,2830
3083,3119
400,1476
422,954
88,1065
599,829
2002,2318
960,1758
1194,2236
515,857
709,1629
470,2204
2254,2299
1674,2440
1036,1907
316,1250
64,2943
248,2938
19,375
2064,2578
1854,2267
1444,3102
871,2364
1486,1536
460,1233
918,1098
2714,2912
433,483
831,1140
2403,2686
152,394
693,1331
898,927
959,1671
1741,2027
2174,3000
1139,1979
235,642
742,2219
460,1854
471,2557
2343,2482
908,2535
22,390
782,2646
172,1031
2633,2650
500,638
2592,2996
258,1296
25,989
1479,1980
637,2657
1327,1931
555,3118
2284,2819
236,2304
176,266
1754,2407
147,606
162,394
341,1084
1855,1901
933,1188
1348,2476
915,1981
811,1523
739,1749
3048,3119
2061,2149
1162,2843
1365,1863
1699,2068
1176,2269
2473,3109
529,2299
17,1946
2293,2311
1296,2701
1414,1677
350,1189
1290,1958
1790,2593
387,1584
1152,1319
37,1115
321,2262
798,1025
1586,2085
911,3136
1852,2471
777,2169
2282,2213
618,2398
1182,2308
1501,2584
851,2046
31,2883
958,2909
756,790
685,2861
2450,3071
1414,2301
2447,2456
2892,3151
1794,1802
905,1225
769,1454
259,2039
2233,2848
1290,1627
1063,2080
620,1423
275,1972
816,2890
100,708
685,1335
214,2967
2530,3125
547,777
719,868
79,2408
898,3128
1504,2531
2557,3005
1346,1955
99,1533
2175,2856
1459,2397
2040,2194
633,1591
1297,2239
1036,2018
6,1769
402,1738
1650,2549
552,1036
1928,2432
629,829
932,1032
2443,2477
680,2209
379,726
975,2019
1021,2433
777,1900
588,854
918,1290
142,2454
2123,2883
2242,2824
343,790
1461,2677
941,2083
1195,2451
2461,3126
1551,2007
1994,2551
497,694
133,395
2529,2940
53,1909
1739,3048
2064,2670
676,2177
1856,2411
2008,2927
1184,3096
599,1864
515,1058
900,3017
411,2376
966,1295
1406,1465
1011,2080
235,3011
413,660
510,2741
2427,2656
177,386
515,737
1109,1137
1199,2633
813,2518
591,761
258,2199
913,2678
1423,2284
853,1699
1954,2744
971,3154
10,2422
402,2467
1774,1902
1587,2470
208,2268
935,2397
610,1016
408,2963
764,1576
36,1143
2169,2804
487,2135
909,2996
1715,3073
1994,3059
2098,2476
1128,1869
416,1243
2719,2954
783,1363
985,2800
766,2579
878,1489
1197,3029
761,2866
1545,2125
2039,2583
479,2434
693,1243
2039,2638
28,1020
896,1153
374,2159
762,885
267,2680
319,2456
75,1674
715,2214
1935,2706
1875,2235
523,2477
2071,2388
898,1814
1314,1476
2349,2629
1296,2871
294,2167
111,2264
259,2508
2440,3124
484,1153
1086,2422
57,2305
639,3149
389,708
334,932
1172,1741
453,2451
443,2425
1135,2122
1306,2258
2,1022
2135,2152
2003,3026
2122,3047
814,1958
1819,2950
678,2433
670,1495
1288,2730
777,1257
1818,2111
717,2897
622,650
706,2883
479,2093
824,1450
402,800
500,2100
1384,2518
1924,2493
189,2471
1699,2592
123,2018
1981,2487
2438,2653
209,483
15,2953
41,2211
88,3130
2602,2706
757,1555
1630,2610
1618,2068
1365,2671
1496,1942
310,1129
2353,2614
939,2244
1916,1972
1490,1978
137,2054
510,751
81,561
1518,1779
820,1244
504,2214
2367,2907
1927,2653
569,2587
601,2999
2529,2672
1203,2390
401,2540
103,2716
460,1974
135,2870
400,1582
1182,2007
1398,2872
407,2352
371,1831
1885,3162
1902,3064
77,2945
1642,2801
2153,2431
272,280
552,2892
1501,2728
514,959
2117,2619
719,1052
36,1451
119,2436
1058,1375
2345,2490
955,2365
635,639
927,1866
1375,2701
1858,2017
2436,3002
2019,2577
1450,2578
1190,1266
928,1875
1290,2787
1466,1948
1955,2195
554,2679
2049,3054
1219,1699
1643,2680
1752,2960
1472,2066
284,2689
2427,3098
1525,1749
2788,2855
162,1583
110,1448
1339,3138
233,2317
474,1048
431,2908
287,2563
1834,2083
168,2986
18,2367
1304,2399
1217,1324
501,2097
872,1123
1637,3044
166,275
2433,3156
1050,1194
75,1697
1121,2664
2552,2977
1014,2434
108,1545
684,1396
482,1583
448,613
2962,3098
971,1637
1674,2145
1831,2070
2170,2861
1985,2542
2815,3123
492,2635
543,689
180,2444
855,1458
226,2225
2213,2858
954,2434
1072,2147
1275,2217
2531,2839
1034,2947
1306,1345
72,1899
805,3055
2232,2673
1416,2001
1338,1441
63,1143
1224,2815
313,2890
1339,1429
239,835
1172,1774
1201,2215
977,1517
915,1637
268,778
2221,2919
596,2917
897,1113
235,2509
1217,2476
2052,2233
12,52
1815,3029
1901,2259
316,2194
241,871
1618,2931
1533,1758
1118,2304
939,3013
14,2800
1330,1884
1340,1662
1875,2603
1175,2238
517,2900
706,2831
1834,2828
874,1057
1667,2487
2620,2979
373,2874
476,2421
509,1079
511,2345
145,1594
106,3126
108,1667
259,1170
918,1631
1292,2857
379,2049
1637,2372
1794,2691
702,2028
2924,3096
720,2188
721,1225
683,1773
860,1214
1669,2416
27,100
79,3021
104,2285
1131,2088
2427,2514
415,2432
777,1929
431,2970
2055,3100
1183,1309
1408,2264
974,2848
2402,2638
7,650
416,1970
169,2916
2631,2796
628,2515
1089,1676
378,1102
68,219
350,2531
448,2957
135,868
1206,2602
1610,3006
767,3115
812,2920
1504,1900
608,2461
4,3078
2251,2463
686,1066
96,1112
1797,2986
958,1255
125,3015
2738,2834
647,917
2626,2638
336,2125
2096,2897
2874,3152
672,1136
2431,2847
608,1182
1173,2319
1291,2807
1423,2992
1899,3119
2583,2673
2138,2616
297,413
1616,2605
750,897
2298,2878
2186,3085
44,1396
2578,3011
415,1416
90,2779
1382,1601
281,811
1842,2782
314,2291
330,1853
1414,2902
2518,2846
503,2023
178,2955
1756,1902
1336,2431
1713,2776
2364,2399
536,1972
2161,3122
880,3054
2620,2854
1901,2892
2453,3023
1501,2589
2287,2603
2023,2640
2783,2857
926,2618
136,862
798,1711
99,2805
911,2167
131,913
258,1323
266,2539
236,958
2613,3031
522,2216
617,2495
1005,1907
282,1427
1256,1856
468,1166
1790,2504
1248,1595
661,1401
615,1489
1492,1884
564,2819
1028,2195
161,755
987,2547
185,232
1148,1632
219,1776
2058,2094
402,3074
1579,2122
712,833
1819,3018
981,1636
2295,3138
200,355
187,785
2116,2670
1769,2598
729,3156
833,2363
595,1046
1372,1905
1395,2877
328,2124
18,3020
1346,3015
1628,2858
54,832
867,2221
278,1579
1170,2523
356,1855
2497,3106
111,3080
488,2017
669,2096
462,1595
119,873
1022,3082
99,2788
365,2022
1165,1545
1471,2878
1596,2083
158,1036
737,1095
1230,2308
593,1458
1108,2126
471,1711
446,2533
2938,3130
394,2959
1539,3114
2398,3136
207,2878
420,580
399,2366
381,1166
956,2613
120,1989
536,564
81,1759
512,1758
407,2665
785,3006
1740,2734
947,1578
1879,2196
1292,1433
576,867
358,2242
1589,2740
1003,2345
505,1648
1992,2122
960,1512
386,1876
91,1640
1477,2618
1174,1774
992,2213
975,1067
1362,2262
1347,2912
988,1814
2064,2627
684,1975
1210,2922
386,1153
1865,3094
171,343
222,864
753,1608
813,2755
108,3131
943,2928
381,508
2949,2961
1,2531
1582,2623
1410,2189
777,2755
1743,2443
805,2973
1243,2237
964,1213
1892,2176
547,2577
1375,2559
524,2413
2534,3116
1225,2631
944,1550
710,2857
2199,2461
576,1859
2184,3010
903,2996
2082,2593
2102,2834
704,1579
1618,1860
1640,2186
2116,2267
1222,2984
623,2269
1192,2248
806,1544
415,1932
145,2968
2436,2458
1192,2380
908,2652
437,689
659,780
1219,2787
1314,2557
2906,3115
860,2825
179,1253
937,2185
281,2979
1125,2853
1018,1682
564,3015
846,2554
1036,2327
1908,2199
1342,2563
1475,2679
2317,3116
51,2145
698,984
670,3029
964,1784
2506,3082
1742,2857
1381,1470
1989,2075
287,460
2195,2547
386,1414
327,1858
1231,1398
275,1586
1841,2252
1901,2482
1164,2532
2046,2762
666,2992
328,1758
2735,2993
1216,1315
2142,2384
1153,2184
2355,2702
1053,2551
1740,2643
1305,2334
383,898
1085,1176
2680,2893
512,2836
28,474
93,2901
800,2950
1025,2691
1020,2534
1294,1511
1898,2984
155,1758
690,2141
1416,2429
1407,1793
1288,1682
997,1252
1917,2709
20,2288
88,1513
752,1384
1492,2068
781,2023
1958,2891
501,2808
178,2650
814,2504
586,2736
180,880
2411,2514
2122,2844
193,2188
1375,3084
197,1576
280,1692
1836,2969
335,529
939,2710
284,2992
1384,1885
88,1876
2084,2829
1074,1607
1146,2381
103,1964
2248,3116
490,1568
939,2055
4,107
856,2398
884,1011
856,3155
611,1413
397,2498
271,2197
2042,2448
1278,1751
138,533
363,1861
1818,2102
276,1715
968,3096
1423,1427
728,3098
1007,2320
1907,3078
25,1859
287,1261
1036,1846
2399,2408
1618,2364
400,3158
1662,2463
1305,1690
544,2721
547,1821
1029,2953
281,1536
694,2600
2101,2494
171,2245
2829,3084
358,1108
1583,3080
684,2266
4,2732
2277,2366
782,1213
384,764
660,1533
478,920
1137,2664
523,1351
2534,2770
1457,2455
998,2583
2195,3155
2123,3121
2054,2924
1230,2803
1183,2028
981,1468
372,847
226,988
232,1987
794,1861
286,487
271,2305
383,1551
1668,2875
551,2906
881,2443
682,2628
764,1014
2320,2779
826,2320
944,1348
2263,2767
282,1171
1640,3007
2397,2769
2019,2353
1509,1660
10,1617
96,2992
938,2500
453,1553
935,2423
2240,2945
274,593
2650,3106
95,1669
1037,3107
1424,1433
2270,2699
1540,2924
1848,2398
333,1805
2052,2885
466,2874
858,2388
2313,2952
546,3139
633,777
1176,2959
921,2161
603,694
655,2946
674,1958
1266,2488
922,2908
1309,2868
1996,3123
817,2995
1761,2655
2828,2857
1909,2219
164,1838
1602,2913
1133,2871
2215,2268
229,570
564,997
834,1219
2416,3137
474,2171
1665,2850
157,1650
580,1305
197,2281
1039,1304
1413,2776
266,2358
1199,1218
1632,2850
811,1480
289,2561
138,1584
1197,1578
502,3025
2928,3132
560,1513
549,2926
968,1728
583,939
2075,2921
1173,2614
1277,2856
593,1316
1108,3081
135,1878
778,2055
1138,1977
153,463
7,2581
2838,2848
922,2463
921,1030
395,689
355,813
321,1617
349,1247
1652,2473
105,1447
1785,2012
1344,3021
55,401
388,1894
1336,2308
1958,2728
2198,2574
1321,1456
157,2458
1018,2199
1330,2703
918,2001
860,1377
801,2374
228,2473
300,1841
2024,2965
1615,1756
1213,1231
992,1501
2434,3097
460,3082
199,2444
1497,1923
2292,2862
719,1860
799,1384
507,566
1899,2460
1950,2471
980,2840
857,2453
437,2119
301,2783
719,2945
509,1777
407,1875
938,1053
1902,2025
1344,1468
2299,3104
28,1449
423,857
269,2257
2174,2767
1966,2019
1969,2464
2843,2857
1156,2064
609,894
1427,2157
1258,2268
281,2066
833,1590
1760,2611
173,3043
575,2831
839,2197
521,1772
630,2861
1203,2056
381,1496
466,2831
2108,2154
1724,1958
272,2018
1456,1866
1819,3071
661,939
1341,2854
128,232
2805,3026
7,2564
1700,3119
701,1512
524,1414
1623,1659
61,1499
725,2362
1163,2112
1191,1729
572,2399
1547,1923
1415,1745
306,3158
551,2516
583,2582
731,1200
1398,1772
1475,3044
2003,2653
431,2449
511,2349
1082,2931
133,386
393,1607
1853,2584
680,2294
2543,2884
1593,2415
1229,2624
331,612
555,1764
451,2945
510,2001
374,492
1129,2073
344,2690
159,3077
230,2829
2182,2458
329,824
966,2629
1072,2965
834,1180
1036,1475
835,1980
1045,1489
1823,2802
1970,2554
745,2257
1860,2145
281,600
990,1204
2143,2577
1720,2233
1178,2871
1263,2562
651,2225
1870,2268
1722,2236
1561,2227
1935,2448
479,2349
507,843
395,1878
399,2786
2545,2966
1082,1647
1447,2290
1769,1821
722,2638
1924,2522
985,1232
503,3121
2247,2638
1474,3005
770,1446
1568,1674
1992,2947
930,2398
390,1408
846,1181
693,2304
1219,2712
1382,2207
3017,3034
1029,1175
2414,3104
1774,1863
265,602
2433,2867
731,1758
2288,2800
2428,2844
721,1741
777,982
542,1609
460,859
138,2945
743,1567
479,1749
593,2347
794,2503
916,1201
1078,2348
1463,1680
2679,2897
487,2680
1037,1614
1659,2579
407,1154
1879,3074
1907,2984
111,2337
551,1316
1176,1424
1188,1198
1695,2083
875,2829
374,2102
125,602
2477,2689
1348,2579
1225,3017
1306,2767
79,3104
1276,2375
756,2796
1955,2868
28,1553
1602,3157
1675,1922
178,1431
91,1143
260,2338
687,1955
684,2544
1348,1897
701,2884
150,2318
853,1096
214,2970
119,227
2171,2590
163,189
869,990
917,2103
210,1024
731,2122
1561,2794
655,1994
2352,3096
909,1883
2918,3067
1645,2777
831,2613
282,339
845,2931
543,2101
67,3081
555,1046
110,1937
586,765
238,898
818,2291
1544,2897
274,3077
1558,2270
867,1348
123,608
1025,1977
604,794
1815,1950
684,1265
1189,1691
1663,1899
1205,2735
18,630
780,1094
689,2170
2893,2950
297,1040
512,523
1046,1523
1726,2910
1758,2299
7,1022
1602,2092
1655,1870
391,1579
511,1853
214,2070
2189,2794
995,2133
1547,1907
1961,2679
1689,2515
1414,1797
720,759
1732,2884
155,1774
667,2286
735,1610
1146,1743
188,1872
698,932
262,978
625,1290
2115,2429
864,2800
1453,2892
1615,3115
2444,2894
2274,2631
780,1136
1157,2690
864,1618
1511,2449
929,1780
908,1036
547,1060
2375,2740
175,2199
659,2092
568,2598
714,2240
889,1589
38,952
178,2415
370,2574
1636,2660
824,1458
102,761
2324,2654
438,992
1849,2921
1381,2770
2302,2349
561,3155
1513,2639
495,503
1553,2921
715,975
590,1993
93,2343
1407,2994
2686,3077
1696,1819
71,915
1184,2784
1103,1200
2593,3043
2489,2529
2320,2505
260,341
1016,2233
1129,1305
1084,1370
1291,1625
781,999
2722,3158
150,905
2447,2616
2274,2695
2334,2554
422,1496
52,2958
2216,3083
2104,3117
321,2910
2270,2839
1454,1748
621,1829
1105,1338
969,2145
1071,2871
2378,3101
1635,1982
159,177
2029,2264
1067,2798
2448,2844
1334,2504
551,2939
1050,2308
1475,2660
1119,1637
846,1294
1582,2960
440,1110
2282,2375
1538,1902
433,1972
2375,2767
1181,1724
708,2850
235,2807
508,2278
538,648
1249,1418
1294,1841
107,1607
287,721
2832,3062
362,3085
1994,2040
1144,1948
2304,2305
484,1414
882,1165
568,1462
1516,2961
119,1674
362,2997
1855,2938
559,1635
1238,2697
1557,1996
226,2966
1924,2891
2002,2874
350,1819
2593,2679
2405,2788
235,2057
96,3114
599,647
2679,3036
1462,2227
911,1224
1661,2539
1608,2504
1348,1607
956,2412
523,777
692,2174
55,2767
1640,2367
580,1691
296,988
737,2102
378,1414
2009,2853
99,837
1625,2735
2235,3094
1210,2968
150,2380
1087,1556
1768,1916
1243,2400
1016,1826
1591,2971
2067,2877
1346,2305
2692,2776
1238,2755
1566,2269
1948,2549
935,2904
446,862
339,2914
650,2767
306,428
452,2807
1016,1184
253,1568
1028,1972
266,1237
619,1351
1412,2302
235,1140
31,1005
19,820
483,909
863,2653
2099,2242
506,1884
816,1387
2836,2855
1310,2888
506,2009
1153,2891
170,2657
407,2176
2527,2844
1712,3008
897,2529
3,912
1045,2631
1250,2022
543,1554
702,715
2100,2396
1156,2626
2160,2497
226,1766
1053,2051
702,1048
1065,1980
931,3155
1220,2398
510,838
874,2378
356,2440
756,1664
308,2326
1321,2054
1513,1836
2159,2282
923,2244
810,2210
725,2894
549,1954
791,2828
791,2324
2254,3066
1449,2470
521,2815
1028,2907
862,2567
36,3143
563,699
1422,1603
2196,2912
1055,1784
985,1895
514,2516
1291,2320
1589,2451
1060,1552
164,1732
816,2984
723,1188
1344,2438
1314,3067
1811,1977
2055,2188
16,920
1659,2134
15,2846
942,1181
177,2052
508,1858
878,1235
2083,2904
521,2407
685,2179
1235,2857
958,1368
1853,2142
670,2253
163,1060
1911,2190
12,471
1991,2673
238,1924
1191,2101
341,2614
521,2732
2093,2892
275,2956
294,629
2199,2871
381,2285
1375,2380
495,3128
1594,3099
246,2679
701,1790
1073,2939
200,578
86,1859
544,1734
1328,2230
128,1761
512,810
1328,2979
693,1029
611,2019
845,918
1526,2648
765,1834
17,416
1553,1637
901,2472
496,660
1128,3104
55,900
2082,2188
756,2543
1046,1370
74,667
958,2429
21,1913
401,1863
2141,2557
752,1166
1902,2100
553,1343
420,555
1048,2218
2145,2463
844,1098
1978,2375
694,1162
235,1738
905,1536
1863,2886
80,777
849,2712
1266,2057
2201,2632
1187,2588
475,1732
147,2338
692,2116
2565,3158
1465,1497
1136,2052
1728,2692
139,478
417,1994
1254,1589
1404,2274
676,2961
629,1265
1473,2660
2158,2264
1175,2638
967,2471
1760,3136
55,2875
686,2234
2347,2820
2490,2511
747,1601
427,1852
323,2957
1937,2429
625,1905
175,2053
226,484
1126,2151
2019,2686
1249,3011
978,1983
1601,2014
1733,3156
257,2835
2415,3083
415,1256
1762,2091
2092,2999
303,2188
306,1905
1173,1946
639,1307
336,487
1540,1576
648,2069
707,2018
224,555
915,2931
523,2680
19,2522
1848,3061
236,2002
512,2533
98,2019
172,930
223,2384
2072,2858
352,1490
2476,2885
117,757
1552,3155
2240,2521
1244,2865
163,1790
1599,2798
81,507
385,2504
674,2189
984,1583
1029,2167
2094,2897
197,2278
393,496
2231,3084
1853,2652
340,2185
208,877
503,1946
382,2619
1055,3146
934,2496
2566,3093
926,2203
2099,2175
224,778
1278,2052
1864,2016
400,2845
1175,1376
71,2096
376,1856
1504,2879
1342,2850
540,2885
878,2216
582,1362
1317,1479
1544,2415
1246,3080
851,1105
551,1173
1572,1976
2559,3044
244,1899
1247,1932
704,2011
2272,3057
1615,2721
344,1449
831,2961
172,3084
1657,1841
993,2614
2890,3011
1632,2434
912,3126
523,1173
1718,2309
105,1501
2244,2850
221,2678
561,2568
827,2434
1328,1703
262,2908
1892,3133
650,1173
1174,2326
1078,2561
927,2068
183,549
2007,2461
378,2562
1236,2567
955,2986
262,3083
2084,2906
1907,2951
1182,1271
260,1372
1058,2471
1254,2875
1276,1414
1091,1250
2297,2807
1198,1296
1782,3082
1082,2624
175,1901
831,1821
1943,3017
401,1603
111,3104
2840,3106
1915,2980
608,1603
2422,2447
942,1296
1527,1597
2248,2348
262,1216
2311,2355
296,1870
2103,2268
2639,2960
347,1254
1331,2376
274,2347
2222,2956
59,1748
1606,2092
583,3002
452,628
2788,2952
638,2317
929,2397
358,917
515,2502
316,1726
1478,1951
359,1336
129,2697
618,1169
1985,2399
1137,1648
1200,2632
1224,2610
984,1911
380,2788
233,2096
682,1912
611,1169
1582,2522
893,2512
2190,2728
510,2473
1029,1634
926,2928
564,1341
948,2033
1176,3093
732,908
1565,2012
229,2121
1114,1854
1396,2397
1815,2240
1961,2589
1301,2632
497,1247
1518,2519
1462,2807
168,1894
2238,2681
2354,2614
316,1183
169,1110
1017,2739
1320,2120
488,1048
281,2528
1614,2203
1332,1756
824,958
478,672
1040,2948
1490,2618
263,2712
921,2457
2443,2491
2699,2778
817,2653
529,2960
437,2689
2617,3017
467,1677
359,945
2049,2444
0,3047
1315,1779
7,813
1011,1511
510,2883
1890,3161
1025,1219
794,2037
937,1879
1211,2474
611,2184
2199,2807
2589,2883
462,1097
1991,2398
1578,2238
1801,2254
978,1131
638,2954
756,2795
1168,1600
500,1051
893,2195
19,1595
1896,2125
2366,3123
586,1381
7,2244
1137,2884
684,2172
1342,2945
187,2895
101,723
1579,1924
706,986
489,2414
758,2046
375,1975
1037,2659
2923,3154
1394,2547
158,862
2221,3082
19,1402
902,1756
460,1703
411,659
265,1175
811,2692
314,3026
1574,1625
913,3051
880,1481
973,1279
178,1772
1407,1987
1605,1632
1493,3133
1558,2199
297,1052
668,2969
1748,2854
2348,3119
1698,1757
955,3152
263,562
819,3006
434,3158
2313,2557
254,428
662,1741
998,2892
725,3096
1789,2240
920,1430
929,1287
813,913
1499,3119
1954,2800
596,2788
1640,1790
402,1420
1165,1465
1217,1873
1457,1591
2,601
428,2244
1493,2268
230,1234
715,2121
926,2305
145,207
1305,2533
1642,2960
2372,2907
1732,2239
637,1399
367,2084
1752,2575
432,1019
2121,2272
454,1514
153,1063
89,1721
921,1181
911,1172
1980,2281
396,1345
430,1292
504,1647
2464,2610
944,2232
660,2329
1437,2172
920,1533
127,2884
331,2855
977,1516
2941,3082
718,1063
879,1805
383,606
2451,2704
1181,2033
785,1984
647,2478
603,975
917,2813
1739,2299
1330,1371
1196,1350
2261,2471
959,1932
497,2953
2120,2739
253,2109
994,2600
804,2413
926,2653
1131,2205
1129,2876
1605,1774
18,1741
19,2033
793,2095
1085,1984
1647,2669
674,2876
1827,3153
258,1978
1162,1905
506,2291
362,540
3062,3136
2848,3123
1098,3077
1416,2324
1880,2234
133,2444
2870,2984
2018,2836
821,1321
1772,2632
27,2788
68,1342
1553,1698
1143,2082
1362,1752
1039,2533
284,355
2030,2714
1382,2340
1614,2168
1674,2301
922,1676
435,1755
564,2497
12,1550
915,1902
317,2031
624,710
591,1053
172,644
974,1574
2022,3122
908,1095
600,2692
1028,1739
926,3050
1219,2765
1176,2330
1376,2187
833,2494
864,958
1714,2876
1346,2876
1538,2474
568,1911
712,1314
2080,2343
2570,3103
2233,2551
347,2048
807,1852
1787,2674
729,1288
1259,2421
1348,2049
1855,3136
901,2311
2528,3146
1671,2006
99,2850
357,2008
2171,2539
939,1190
997,2504
1191,1628
258,2147
2570,3102
898,2121
206,1962
93,2857
1189,2799
2453,2985
1714,1892
258,2274
568,642
1911,2235
287,444
2472,2986
1331,2054
1658,1948
372,926
733,901
1470,2328
1729,2490
2084,2582
744,1146
172,781
3004,3073
1058,2387
684,1711
1021,1469
5,2825
12,1381
1804,2415
558,2570
1682,2484
1180,1700
719,2542
411,2139
1166,2779
1063,3131
2478,2848
1674,1975
2450,2588
609,646
963,2464
770,2153
232,1342
686,1007
2238,2472
296,1943
780,2027
222,2413
562,2502
1,358
86,734
629,689
2102,2807
1038,1110
1836,2264
230,2578
236,947
498,2897
867,2672
1738,2856
2226,2369
1007,2674
1240,1805
2117,3071
232,935
237,755
308,2346
1295,3154
568,2295
2534,2702
415,504
1662,2855
693,2684
1342,1907
724,2663
1330,3011
1437,2878
259,1448
359,989
440,2263
1109,2092
2605,3161
244,1831
2317,2449
708,1751
942,1885
2353,2549
824,927
2204,2232
333,382
1349,2494
494,2674
2119,2565
913,1665
1192,2906
1291,2935
2540,2898
563,1196
1194,2597
1671,1883
7,2049
2482,2950
1836,2545
650,2092
2162,2796
1494,2580
1140,1751
1157,2309
1823,2338
427,506
378,820
386,590
453,3133
992,2413
4,2846
1129,2635
108,110
1096,2684
236,449
88,2334
2039,2111
1315,2605
1470,1915
1290,1868
736,1176
1578,1885
729,2329
676,1126
2080,2845
551,1493
2433,3059
1209,3134
355,1760
335,2764
2340,2958
636,2829
253,668
19,2113
831,1887
1051,1405
1164,2160
1513,3154
1399,2862
483,1502
847,1617
1290,2346
1114,3054
2475,2504
90,1037
1627,1901
125,2639
280,2326
376,2579
1480,1628
193,1763
681,2017
130,2075
1317,2133
1188,1853
1930,2602
2122,2230
1240,2348
1213,1753
475,759
284,416
436,1719
2206,2277
1230,2147
931,1371
2421,2966
994,2460
2195,2551
2016,2651
890,1306
148,2809
2346,2644
303,2529
292,2378
1753,2444
1200,2068
703,895
689,811
290,649
2609,2907
260,1662
626,1873
7,2796
515,540
4,2788
1763,2236
734,1735
725,1016
308,2254
855,1310
167,3123
1825,2735
2046,2730
409,2099
1489,1546
964,2320
1227,2572
2122,2247
1165,2185
1901,2033
274,2684
777,1875
218,1253
39,2825
460,2656
710,1243
102,1321
1155,2068
1180,2496
2049,3095
178,1612
1309,2772
551,2297
203,297
545,1113
1130,2278
714,2969
1166,2347
793,1344
1210,2767
1310,2787
1594,2584
268,2977
724,1627
394,2401
100,385
614,1805
71,2798
297,2835
564,3115
1928,2639
442,1139
628,2701
1476,2717
951,1823
453,2262
1181,2966
1736,2669
591,2406
963,2447
177,3013
1134,2469
306,1773
1647,2437
1042,3136
762,1674
1584,2709
1366,1644
2080,2175
371,859
541,837
2540,2767
444,1794
1089,1240
710,1665
963,1984
830,3083
782,3075
669,2843
500,2921
2163,2693
1837,2234
1406,2278
541,3122
1732,2271
235,292
101,285
654,2868
1154,1176
2008,2199
1715,1763
717,964
1508,1611
2290,3137
922,2914
428,2839
427,502
773,807
1321,2251
504,1848
483,1771
1403,1821
356,702
1398,1958
650,1927
851,2890
50,649
2464,2800
70,2923
1921,2783
179,615
773,1912
215,3096
265,2868
469,3162
4,382
933,1831
1240,1547
316,1663
1191,2591
1018,2437
2157,2185
931,2919
1399,2610
938,2031
1741,2658
664,2816
1407,1892
1749,2282
1112,1831
127,1328
1174,2374
631,2910
1588,1720
1115,1461
2616,2688
17,2850
1895,2448
838,2124
1372,2950
923,1118
1141,1784
1714,1954
355,772
411,2061
1512,3136
1470,2879
597,2958
338,3080
1328,2626
371,2686
1456,1924
158,1840
937,2277
687,2300
163,1642
2240,2647
1305,2931
395,508
168,2471
330,1643
1525,3061
20,460
2966,3044
837,2985
75,529
316,1409
591,1848
931,1129
222,2855
1768,2125
1473,2230
48,101
238,1964
992,1003
3023,3093
851,1776
153,1170
286,926
529,2413
1996,3096
277,1230
549,641
169,1864
2157,2670
434,702
426,1101
680,1816
160,2427
106,2778
1849,2721
975,2112
2240,2244
1463,1821
1196,1349
682,1805
698,1496
235,453
576,1194
590,2183
1898,2614
1943,2557
664,2095
2332,2461
167,831
19,416
173,2062
978,2437
179,357
1758,2304
2442,2991
1780,2584
1024,1724
229,356
3,1408
259,2679
576,1195
2049,2950
119,2834
777,1052
670,1810
686,1489
132,1772
967,1504
321,789
254,3137
2189,2319
2259,3104
957,1192
939,1771
1071,1602
107,2495
948,2178
1450,2868
387,610
262,287
1322,1623
321,3156
820,1614
2104,2306
1175,2695
1327,1829
147,635
1948,3057
80,2243
1385,2515
1630,2738
676,1208
2305,2970
947,2935
1191,2225
1172,2216
280,1802
1462,2263
2294,2514
974,3086
929,1671
1984,2692
1515,3102
768,2975
721,2241
107,2095
416,2238
689,1156
714,2111
900,3011
333,2463
834,1766
1165,2203
661,1931
2161,2461
1218,1316
860,2055
415,588
75,467
158,2592
1323,2456
1008,2840
2324,3154
2112,3073
383,1310
963,2956
2402,2906
861,1661
1005,2393
908,1711
484,1263
694,1306
1292,2876
577,1518
165,1348
2231,2977
1490,1637
2042,2952
1516,2402
1787,2977
997,2845
1071,1659
1584,2040
1834,2986
1781,2394
2222,2545
1174,1772
167,820
720,1181
358,475
1110,1869
2162,3005
224,1583
57,693
1685,2734
2535,2993
1618,2432
912,1126
54,3129
232,2788
1455,3048
1905,3006
2191,2305
423,951
721,954
238,2956
719,3093
1072,1815
916,1766
731,2885
350,1852
590,1640
655,1323
227,1576
781,2240
80,168
2343,2570
52,2384
981,1292
2138,3084
125,1261
1051,2574
1525,2559
2281,2534
1290,2584
2814,2873
580,1693
495,2592
346,2165
1512,2516
1154,2670
3167,2025
2415,2781
988,1208
1490,1539
1523,2828
2469,2802
655,1708
2355,2522
723,1954
466,2897
1277,1424
446,2040
2221,2422
1016,1539
1961,2800
2227,2410
2075,3132
1312,2956
1468,3144
1014,2635
1476,3086
453,1265
100,1615
1004,1858
622,1591
553,1253
889,1749
1082,2701
399,877
19,1305
1128,1167
462,2948
1146,1892
2549,2672
1853,2503
583,1628
162,2423
134,500
935,1842
1942,3082
585,1709
2025,2366
1594,2686
600,1170
756,1875
1231,1913
1251,2111
503,2632
1579,2582
1462,1769
385,1921
2163,2825
943,1052
3073,3142
64,1291
1150,2443
577,1617
2463,2577
10,1641
1182,2947
971,1776
259,1020
699,2796
721,2410
2614,2642
1456,1772
104,2556
1642,2240
2351,2961
1174,1462
1475,2475
720,1100
95,2235
1820,1942
393,2389
756,1583
258,3154
622,2515
726,1138
1932,2299
1650,1959
1958,2616
785,3139
1343,3063
709,922
1933,2207
1074,1561
689,851
1660,2463
123,1261
1180,1836
717,3161
1488,2046
1382,3036
151,2495
1533,2838
893,2614
1447,1468
2024,2860
1776,2890
648,909
460,2539
923,2873
1063,1718
2728,2850
1012,1345
215,792
1398,1868
1327,2842
352,1741
932,1476
180,2153
608,1255
1749,3099
177,1880
2,602
370,463
261,1855
466,1473
448,1927
1916,2779
559,2096
554,2986
177,1748
757,922
1720,2966
2277,2776
1829,1848
2375,2496
458,2143
2064,2408
1421,2197
536,1247
245,2912
1863,2862
431,986
993,3059
1322,2455
1504,1584
542,2122
2213,2920
302,2119
1741,3133
505,2544
1667,2082
2162,2906
1703,2374
1039,2352
1759,1834
760,2912
1667,2230
2806,3111
951,2450
1451,2118
963,2878
2830,3103
1193,1841
1057,2387
2139,2924
1399,1568
391,2804
2529,3077
2497,3094
386,807
1112,1751
1197,2934
2195,2405
1894,1907
258,1776
2432,2616
1834,2939
319,1774
579,2917
691,2413
715,862
2195,2294
2302,2455
1139,1842
1886,1895
321,2806
1665,2251
1303,1882
19,2162
334,2959
185,989
708,1584
110,2017
130,347
226,969
1995,2734
243,2759
1734,1820
1051,3116
145,2433
2052,2427
955,1188
259,756
736,1913
2299,2628
2461,2907
723,1380
373,2996
695,1312
439,549
411,907
1373,2430
1340,2432
677,2559
985,2721
918,1539
367,1124
697,2257
842,2506
806,2472
2033,2157
2421,2760
613,2274
357,1021
900,3131
464,2855
381,2138
2173,3143
845,2832
1840,3125
764,2042
2512,2625
2143,2639
1788,2180
555,2600
233,1513
1409,2697
2048,2534
2221,2365
1334,3095
2099,2271
200,688
144,713
2311,2521
1661,2091
940,2493
576,1842
568,669
1828,2574
608,1980
1753,2030
1758,2603
1894,2868
165,173
3129,3143
2222,3125
461,1841
2101,2582
1189,2875
284,1131
1180,1964
383,1842
1051,1713
375,2901
387,2343
1496,2044
150,1587
2692,2849
1320,1752
1956,2557
213,1845
1816,3084
320,1066
2168,2423
555,2411
2002,2798
320,2087
92,1879
2325,2680
1734,2186
1430,3168
27,209
1890,3042
1051,1921
1339,2804
173,282
662,1255
503,1446
407,1955
357,901
284,1138
104,726
2353,2431
2545,2834
227,2796
232,551
1319,2258
1045,2129
333,1176
1685,2199
2046,3044
1118,1984
1523,2961
2554,3021
2767,3100
1448,2980
64,1065
1564,2890
1157,2706
2820,2932
1693,2628
2488,2895
1180,2018
2860,2951
483,726
659,3160
1961,2282
1067,2813
1215,1314
2071,2462
483,2593
785,2292
875,2567
259,743
593,2125
39,2879
1615,2315
1108,3143
1348,3044
2363,2605
814,2907
1115,2692
1735,2461
2456,2897
2294,2688
199,1749
710,3043
934,2639
61,229
2277,2853
766,2495
39,1960
818,2138
397,2234
1813,1832
600,2007
877,1829
943,1089
1197,3052
985,2788
1371,2272
2080,2593
771,2428
682,1007
1538,1637
380,2684
2376,2528
778,2561
836,1520
68,2204
801,1191
394,909
2179,3137
902,1275
1513,2268
226,372
1924,2633
2442,2906
625,1525
702,3074
449,3093
611,2679
993,2833
1339,2424
1935,2631
2195,3054
1641,2778
25,2316
2221,2496
2123,2610
1176,3138
2435,2565
2735,2783
479,1886
1251,2140
314,2679
64,1058
451,955
110,1174
761,2243
1518,2807
625,1732
712,2808
2578,2945
752,1773
1855,1892
764,2405
145,1080
229,1041
254,708
984,1406
134,3009
90,3091
138,2770
1539,2257
70,1649
1629,1690
628,1797
1437,1951
310,1295
188,563
1525,2589
199,2469
1625,3064
215,521
446,2151
2448,2641
169,1210
1476,2411
463,1128
179,1587
873,2728
799,1243
756,1496
107,1065
1108,1423
313,415
954,1714
105,668
1455,2875
697,1186
1062,2172
431,1051
897,2878
263,567
1453,2883
188,2422
1249,2025
1907,2844
497,2738
744,855
1146,1559
421,1595
1103,3006
2587,2644
19,277
222,2530
1562,1713
2399,2443
968,1868
68,229
199,692
11,153
842,1841
1465,1708
171,262
1846,2943
2670,2959
147,2162
250,3132
1497,1529
2617,3095
547,2230
933,1842
2018,2031
837,3059
500,1168
968,1027
780,951
939,1818
1194,2638
615,1761
2490,3021
1861,2304
295,2787
1201,2854
422,753
479,975
2231,2865
791,2931
330,1063
801,1157
1067,2069
1632,2593
1166,2236
1239,1853
25,3054
2194,2230
861,2451
772,931
172,234
1709,2614
811,905
1776,1875
1757,2122
1972,2562
450,2870
964,1640
1201,1650
508,662
1456,2460
630,685
805,1645
724,1768
555,2940
1512,2082
921,2714
1618,2850
1153,2529
1523,3098
1956,2692
682,2012
2532,3131
139,2755
3,903
398,984
274,349
1903,3152
173,1833
2374,2851
2360,2554
794,2376
589,1317
343,2870
381,2024
2375,2534
2648,3158
385,2411
1591,2282
633,2456
2301,2928
1053,1097
444,2315
2240,2269
1932,3158
1289,2838
1640,1768
993,1860
1428,2292
1951,2839
145,1235
760,2430
1960,2305
101,168
1958,2328
911,1005
1644,3133
36,331
993,1841
805,1373
310,1943
1842,2861
1462,2400
717,1045
1036,2728
243,1915
27,1802
729,2138
930,1288
283,2923
2,671
393,1456
733,2551
2279,2584
583,2735
1472,2979
12,715
1057,1334
911,1932
970,2878
1823,2883
882,2776
2318,2796
177,2875
494,993
500,3153
1057,1143
1189,1240
558,2083
208,2051
529,1398
2315,2648
2949,3073
508,1231
821,1563
398,2604
1912,2284
214,2861
1847,1913
682,1073
923,2976
1574,2862
314,1822
564,1055
995,1842
1633,1787
544,1035
2372,2514
500,1961
3167,2738
1296,1297
77,890
2040,2387
1216,2660
634,2719
1425,1740
1794,2359
497,3096
1467,2221
142,1115
928,2398
419,1568
2782,3111
448,1921
48,1583
1316,1412
36,626
1601,2283
2870,3157
710,1938
591,2626
92,1566
3,685
2275,2691
495,1456
232,1011
672,2553
826,2257
623,2082
948,990
2938,2981
2728,2832
2549,2644
1219,2527
618,1029
179,317
1634,2805
52,57
693,1606
2512,2893
1700,2378
723,3096
712,2317
900,2885
545,567
1955,2776
66,2461
2346,2508
696,2620
1718,2878
780,1285
323,2939
2024,2939
766,2603
880,2688
2532,2902
259,3039
417,2683
1044,1618
180,593
1820,2735
589,2338
977,1454
985,2069
1669,3082
256,394
720,1492
1099,2534
1536,2302
1284,2849
1258,1574
0,715
1016,1296
1437,2437
18,189
949,1138
1805,2443
1315,2058
226,344
952,1450
512,2184
1476,3106
2046,2921
500,629
759,1746
1496,2641
332,1579
259,1865
2190,2921
1880,1886
435,582
731,1981
1429,1393
1194,1218
2022,2885
523,2876
913,1558
44,1527
1085,2670
554,2831
1913,2107
507,1374
1050,1627
2455,3121
1183,1930
1978,3015
1613,2222
728,2931
568,2979
925,1450
843,2064
2487,2782
335,945
993,2820
2072,2939
1946,2880
151,2182
550,918
1204,2235
454,2362
647,761
527,1035
235,2582
462,655
259,1104
960,2777
16,1114
2367,3157
2679,2960
1753,2545
1349,2270
1109,1769
1831,2735
2653,2955
2084,2780
198,1006
1685,1694
158,2362
283,1933
134,1579
286,624
767,1295
2302,2550
2455,2963
564,2515
1578,2058
306,1031
1317,2330
452,568
1216,2343
238,2765
1126,2755
1,880
489,1948
975,2868
2189,2893
1519,2618
515,1571
362,1726
1894,3029
2173,2770
1005,1787
1348,3081
1252,1363
1856,3112
151,546
512,563
106,1370
466,1365
590,702
1355,2016
1848,2583
39,1037
1767,2454
395,3054
1025,2564
957,2064
255,1103
923,1340
931,2368
1222,2451
382,2693
553,2667
2659,2986
926,2032
2475,2690
459,1206
2546,2831
921,2842
2213,2489
966,2012
1677,2545
440,1020
1128,1585
953,2251
1834,2147
1886,2512
158,1012
106,449
1626,1821
759,1415
2341,2730
1847,2452
1365,3078
1413,2884
1162,1661
657,1868
243,2115
2081,2857
1007,1258
1296,2304
1579,1873
2434,2993
108,2447
208,2259
930,1879
2495,2952
453,2008
980,1883
2084,3011
1014,1413
2232,3082
2658,3158
357,1402
395,931
1657,1674
474,2270
321,1420
322,1771
1314,1465
189,1711
816,1195
920,2489
2040,2257
1637,2263
460,2884
723,3044
1735,1908
359,2234
1507,1955
2016,3133
866,3002
507,2079
510,2062
1733,2529
632,651
258,1322
265,1029
316,2405
526,2240
488,2121
903,2337
2579,2781
657,1344
57,1781
2052,2461
102,985
1529,3015
382,2259
1345,2809
2046,3143
2460,2547
1630,2490
375,1155
1756,2297
524,2040
2906,2956
1319,2300
1021,1837
1210,2657
2691,2878
1407,2214
862,1164
82,1105
1554,2545
1879,2437
1332,3068
676,1921
836,1582
2919,3119
380,2460
792,2140
1393,2019
1236,1789
414,1813
238,268
1230,2183
1766,1894
399,423
2230,2830
2026,2223
739,3143
1045,1692
1427,1589
1266,3124
772,1476
306,2526
1535,2832
452,1726
1322,2486
702,1931
376,3027
590,1994
128,2235
920,2221
99,2992
1090,2534
1519,2205
761,1984
2418,2663
593,1616
1162,1489
901,960
708,2535
1565,2600
1352,2923
214,1815
827,2205
951,2011
1488,2755
995,1249
2708,3083
514,897
105,2858
662,2284
1959,2619
23,1024
955,1942
283,2458
1420,3011
555,2848
453,576
394,1809
1550,2839
1606,2772
1334,1595
800,856
627,2958
71,1181
374,2704
2022,2091
1039,2488
2,176
1627,2138
2152,2600
1814,2907
388,1558
927,2456
1299,1855
2492,2826
2518,2590
922,2767
1743,2024
599,2461
1941,2165
1036,2347
1579,1594
1489,3068
1171,2915
1048,1533
1865,1887
1041,2556
1749,2118
2354,2704
2430,3091
1583,1918
798,2506
386,2297
1657,1873
49,2588
1317,1333
620,1290
1156,3093
488,3006
515,2286
1936,2858
39,2460
244,2201
1346,2214
86,1342
331,3157
192,2430
2777,3011
1520,2617
344,2719
1884,2012
173,3073
1160,1347
2593,2818
826,1992
523,1853
895,3000
681,2085
2321,2475
209,1815
65,2519
1314,2111
805,2820
460,823
1078,1447
502,1263
11,210
130,287
1377,2046
1527,2931
1112,1898
1038,2461
926,2758
2219,2959
817,1089
674,1429
1643,2325
1071,2371
2456,2555
1317,1979
869,2356
967,2671
918,2938
807,1018
1797,2704
3099,3132
1668,2226
2324,2432
901,1074
2121,3155
664,2769
476,2614
625,2367
621,1143
1027,2962
1780,2534
2458,2825
173,971
825,2421
2228,3117
373,921
2167,2348
2305,2397
2381,2448
1905,2072
372,2805
1014,1182
147,2081
238,526
916,2137
586,2712
1138,1323
185,2075
21,1584
650,1203
1052,2547
287,2309
14,1305
1058,2263
402,2371
185,1131
452,2689
2839,3122
2619,2738
415,460
2519,2533
52,91
1265,1849
356,3006
1278,2709
1994,3097
123,2384
492,724
1036,1995
1602,2557
1371,2495
321,1219
742,2076
910,1752
296,858
505,798
18,123
2147,2923
1319,3112
827,1288
1552,1774
147,2919
226,2619
1769,2388
1623,2460
1995,2434
5,2251
1255,1832
14,158
1754,3027
1346,2493
1017,1149
284,2967
105,511
634,1029
550,3121
752,2203
720,1733
702,1582
2224,2669
2063,2752
1269,3154
422,1711
1344,1578
1121,2415
2787,3083
1110,1704
522,2075
1825,2995
960,1603
1254,1897
1466,1961
679,2204
1690,1855
419,2024
1331,2965
1518,1610
1430,2032
882,3054
2515,2596
2555,2629
1174,1333
347,923
1630,2557
55,1547
1328,2145
2463,2954
1176,2584
1329,1344
734,2804
136,1384
165,2147
2674,2832
667,1381
1030,1475
1309,1384
879,2343
38,378
244,1021
1899,2183
499,1584
2175,2244
1422,2295
1078,1416
684,2094
1451,2202
1497,1942
2225,2845
393,1422
844,1955
505,1669
1095,3066
1437,2068
1476,3130
524,706
3,2203
992,1209
377,921
72,2408
798,1393
2739,3115
1960,1982
1563,3162
955,1649
478,1579
909,3066
130,3068
135,2939
218,538
1578,2848
1451,2778
2102,2883
1276,2453
222,916
1113,2281
1590,2372
437,1692
543,2186
1667,2333
135,2588
106,2849
479,2235
7,2095
521,1014
355,3100
908,2604
1662,1665
1317,1403
257,1951
757,3074
203,1711
2307,2472
994,2529
287,612
341,1661
2493,3009
1684,3146
441,2575
666,2373
1713,1879
1463,2839
800,2279
334,350
1381,2807
1290,2077
1384,2692
1048,1154
275,1547
1547,2236
1849,1913
1362,2405
226,851
695,1948
454,1014
454,659
55,2784
972,2850
1078,2962
2381,2673
1175,2832
356,1529
2362,2679
928,937
937,1156
501,1433
1411,1669
1505,2930
2061,2543
2227,2364
255,459
301,2087
941,2700
358,1039
586,1322
1269,2027
2707,2779
1717,1984
55,1948
123,1585
14,836
109,2873
463,1136
1629,1841
1397,1774
655,2408
316,390
1711,2315
1711,2172
1602,1992
878,2986
125,3096
1876,2014
407,2591
1758,2245
1657,2906
500,715
271,1886
1856,2926
1429,1497
440,514
1450,1458
1160,3098
689,2832
102,3062
2084,3059
37,575
1344,2433
1585,2016
817,1335
2198,2679
1150,1436
554,694
1832,2604
422,3099
1497,2311
2183,2889
1830,1872
726,2438
693,972
1296,1607
303,1486
1558,2171
192,1476
908,1643
260,1693
1047,1576
1648,2115
834,1942
283,407
1048,1860
335,1279
777,2227
568,3008
1253,2421
2244,2254
557,992
861,1292
504,2660
1501,3104
1937,2115
1789,3137
847,1826
276,2160
1005,1128
1823,2443
1021,1748
648,2582
260,2966
650,1142
785,1673
1627,2462
597,3104
1182,1540
1261,2461
2072,2085
1101,1632
1400,2251
1533,2173
180,1305
330,2319
524,984
918,2365
919,2469
568,2940
2244,2669
432,3096
2802,3085
2052,3136
606,2147
591,1333
2023,2954
731,2214
38,187
2073,2195
679,763
1333,1956
2313,2722
372,1907
846,2017
218,761
2302,2875
1805,2186
2152,2996
733,1536
899,2885
931,3137
679,3161
1019,1230
280,568
265,2473
911,2181
106,2154
207,1956
930,3136
1259,2966
38,2248
1648,1838
2690,2873
939,2906
948,1613
2133,2294
1497,2531
2262,3096
1519,2712
777,2095
2625,3080
864,1300
372,1330
1758,2598
2375,2988
569,1137
568,2431
615,2013
18,2570
254,1961
40,1855
693,931
2052,2795
1109,2592
1288,1938
588,1124
1172,1956
1056,1327
420,2845
880,1129
975,2767
285,2443
1352,1979
394,2376
679,1720
2398,2559
405,521
250,2986
736,3101
674,2135
1069,2295
1276,2388
61,394
631,2197
1519,2864
1546,2629
2102,2169
214,844
227,2099
1636,2876
1339,2938
1353,1729
602,923
1167,2692
225,638
985,2895
1751,3063
463,2009
2279,2996
1188,3126
1428,1781
596,2016
2691,2798
600,645
846,2244
1347,1856
111,3069
1774,2995
2410,2491
909,2706
400,474
2295,2954
1797,3151
402,735
259,2732
70,625
1162,1194
168,1375
1545,2503
1182,1606
726,875
1211,2008
17,335
1415,2820
487,3062
1885,2191
1382,2388
592,2257
697,2354
111,2796
521,1822
1206,1712
108,1819
1396,2101
110,1309
973,1838
1905,2855
469,2572
715,2573
851,2966
723,2422
433,911
425,3122
2260,2878
2184,2201
1776,2946
602,1005
1053,1905
922,3128
562,2469
1907,2372
164,1350
1974,2344
1630,1961
2472,3008
1355,2689
680,684
2001,2908
1169,2873
1203,2711
1244,1755
1312,2783
710,992
1129,2016
760,1890
826,936
363,2326
740,1225
1490,1924
1735,2907
674,1627
561,1854
2069,2851
2644,2711
165,2516
164,590
2813,2851
497,1157
583,2398
1454,2670
1753,2673
2308,2950
1737,1914
673,2738
356,2463
942,1950
1787,2679
207,623
1863,1911
501,1160
647,2031
932,1112
324,2770
377,1265
2529,2565
629,2755
2546,2604
1493,1995
948,2186
1252,2444
226,2614
1396,2947
164,3036
1494,2593
1814,3055
402,2977
12,1647
287,2019
900,1291
330,2795
968,1305
172,2650
108,1673
2767,2919
927,3069
3068,3124
1568,2755
284,1363
15,1192
1735,2543
610,3063
610,755
846,857
1145,3073
1878,2011
1150,2116
1047,2073
259,383
501,2083
836,2115
1062,1810
332,2444
2080,2770
955,1628
35,1323
172,2549
824,829
90,1420
835,1307
169,701
1156,2324
174,862
649,1227
1886,2734
914,3013
880,1166
1210,1950
650,2394
851,2954
340,2977
569,3100
446,1729
1137,2516
1961,2592
777,1165
242,1630
1643,1673
611,2907
851,2157
1747,2856
2049,2064
1171,2811
19,1883
2424,2555
2046,2434
1292,1887
101,2378
2554,2663
733,793
927,2011
956,2327
172,2496
501,2308
1668,2669
2603,2781
494,1977
1194,1876
498,1743
1257,2209
218,1225
685,1591
1685,2176
1130,3057
402,1890
978,2545
2772,3130
150,899
2937,3033
37,2202
2161,2924
119,2999
356,2885
719,2548
444,2620
536,2858
504,1350
1214,1966
1072,2839
944,1406
556,1027
2678,2894
955,1555
2221,2783
1623,2544
719,2900
267,1192
1089,2346
219,978
528,756
501,2557
1136,1215
2375,2801
1174,1742
1794,2626
1568,2132
2584,2789
2262,3077
507,948
712,2001
2222,2652
70,2016
731,1776
1617,2686
254,2784
945,2299
860,2268
1238,2683
1203,1212
542,1813
2498,3026
401,1247
2279,2954
2017,2321
387,1831
2339,2396
3059,3073
1578,1712
1414,1885
1994,2721
577,2676
731,2232
275,932
1156,2616
939,3104
488,2592
424,3112
1448,2046
1977,3048
299,1497
1156,3062
744,2959
414,3008
196,2620
448,2183
1053,2387
323,1924
263,1736
1371,2444
1978,2777
702,2890
341,2317
862,2269
756,938
1958,2399
699,2922
306,1918
3,1764
1078,1960
1581,1865
1450,1881
1988,2258
495,2266
246,1216
1571,1739
1769,2356
1078,2257
3061,3064
576,772
710,2718
540,1063
2,2690
1706,2017
1645,3017
1446,1488
2437,2962
1314,1436
129,2988
15,2362
454,2769
1950,3151
1214,1956
222,2009
908,2404
1669,2819
756,1453
812,2471
233,1601
1869,2649
15,117
486,1918
763,909
941,1724
1259,1629
1248,2995
1726,1805
1073,3055
222,1836
224,2611
564,1959
862,1988
15,928
676,1350
1974,1988
590,2998
106,2049
410,2947
1435,3000
978,2228
577,3130
376,817
508,1676
193,1933
192,880
638,1203
2381,2961
1426,2605
171,1245
635,2529
1994,2199
375,2530
613,2871
177,1434
1801,2952
222,1600
655,1465
835,2973
140,1156
728,1644
75,952
660,1731
2547,2583
568,2270
266,1217
838,2962
1869,3118
2906,3106
452,684
200,617
159,1691
1271,2940
860,2677
2316,2890
135,1381
763,2673
489,1949
1971,1984
2432,2946
670,816
200,2565
217,1074
1774,2070
1759,2083
311,2620
1181,1572
1031,3067
1171,1400
937,1409
1375,1841
488,1698
1563,3136
937,1345
780,1744
250,2215
807,1195
2297,2958
2926,3016
373,744
68,145
2064,2928
672,2917
1480,3011
2040,2633
99,1479
685,1129
1560,2928
242,345
1071,2311
880,1576
659,916
1501,1529
516,1569
98,1382
503,968
1400,2861
827,2028
1099,1908
745,2796
2277,2673
967,2201
381,2907
365,2515
48,2924
2052,3049
1470,2986
1112,2669
2308,2427
927,2993
592,2092
1810,1954
1659,2995
1615,1895
646,2174
209,909
467,2273
613,621
2378,2891
330,920
968,1230
1739,2451
1515,2688
1247,2567
552,847
16,590
550,1994
4,1032
1183,2787
344,3010
931,2057
725,1384
2592,2895
628,2861
1115,2147
889,2957
1637,2928
451,1868
497,898
1456,2051
963,2787
1667,2268
321,1016
1627,1955
2565,3011
2697,2699
170,2845
1645,3021
258,497
1814,2614
1576,2773
507,2156
344,2778
611,1894
670,2094
2109,2311
383,495
1624,2055
973,1860
851,3146
15,2627
277,757
378,1576
945,2404
710,763
1466,2514
2297,2628
383,2295
699,2125
1745,2272
514,759
2219,3111
1243,1339
68,316
619,2940
2521,2907
1662,2083
1376,1735
1258,1896
655,1907
1966,3073
415,1061
416,1552
2014,2845
52,1776
527,706
1748,2931
1605,1607
1194,2613
1612,2186
415,1057
1994,2631
2068,2069
17,868
773,1694
2068,2665
2012,2274
102,685
302,1915
17,577
1938,2653
1276,2832
442,831
1316,2264
295,2515
1065,1252
951,2046
725,1169
1566,1741
817,2085
1249,2955
1047,1700
311,2836
702,1938
1256,1769
2285,3062
2665,2779
192,3056
1251,3003
408,2856
731,862
1841,3156
1213,2737
487,1955
721,1305
638,1020
1014,1628
278,431
937,2712
119,2160
736,3136
1605,2456
432,3007
648,2300
2338,2614
2020,2977
930,2375
581,2940
731,1332
1109,2613
692,1834
2231,2897
1190,2169
1078,1761
180,2281
119,1327
37,68
294,2502
1689,3146
1924,2195
70,445
364,537
1112,3111
36,245
951,1820
971,1214
908,2328
1197,2960
1578,2549
1847,2535
921,1476
669,1056
258,1057
2064,3161
1700,2699
12,2273
479,1144
650,1980
1138,2434
550,3069
3055,3153
1932,2058
2167,2244
330,2893
550,868
630,693
343,2804
316,479
1046,2460
158,3104
908,2550
993,2160
1313,1470
135,2885
1322,2668
1250,1644
528,2319
1501,2171
667,2884
672,2890
993,1589
1768,2076
1470,3096
756,1111
142,2950
674,1224
2257,2379
349,766
1637,2995
2317,2529
394,2252
223,1213
615,1842
953,1140
1961,2852
654,1317
859,992
1047,2658
1164,2228
462,1451
1533,1841
1254,1887
869,2210
344,1143
1493,2042
1110,1454
207,2798
2504,2548
954,972
2906,3018
1125,2691
246,1890
1579,2529
2251,2475
1898,2988
440,504
2854,2963
829,2947
1412,3158
1574,2092
1025,1677
659,1699
271,672
358,1334
2009,3145
2257,3031
2188,3007
1479,2591
755,1863
2491,2616
1371,1501
19,193
370,3075
234,2011
2082,3025
1408,1671
1823,2977
1234,2962
1966,2750
500,2013
2160,3124
18,2814
100,431
829,1036
540,2273
997,2951
223,3097
1078,1468
2138,2441
2172,2796
282,1146
22,3015
1492,2351
344,2730
820,2201
314,2277
780,2984
503,2014
2669,2781
381,2549
159,1030
988,3094
474,2052
1319,1736
502,2681
580,1518
4,2345
1309,3013
2091,3160
401,2122
314,478
993,1418
667,2897
1977,2616
1189,2624
1131,1448
1756,2096
222,232
1514,2308
777,1499
1020,2533
691,2219
1644,2177
951,1025
990,1343
1310,2723
448,1696
1424,2605
1802,3139
193,1693
645,1585
639,1265
416,647
1256,1816
235,1479
1036,1502
1479,2986
1177,1642
434,1360
543,1637
1855,2715
1276,1332
994,2706
1519,2374
1416,2266
342,1293
564,766
791,2947
1144,2815
624,2801
2367,2463
1948,2839
335,462
18,601
450,3013
343,515
1143,1275
159,2691
104,1048
34,1856
214,1823
955,1040
1950,2359
159,649
1316,1380
198,2653
386,3146
514,2289
755,2404
1470,2479
979,2464
2535,3124
199,1566
90,489
654,1456
226,2902
506,2297
1317,2967
1749,2122
489,3044
2308,2868
1859,1939
1589,1797
223,2362
838,2680
173,2949
394,1674
71,610
2242,2861
1424,1861
393,974
31,2020
222,2672
1175,1181
2695,2912
403,2626
848,2207
64,2796
2639,3138
1407,1523
120,1905
479,3112
1984,2680
1325,2726
1014,1373
29,2415
1905,2422
506,2912
1529,1924
646,959
474,3092
2151,3150
96,2693
744,1821
1058,1154
1787,2549
805,1235
70,1790
2701,2919
1734,1740
105,1209
387,393
4,803
274,2977
880,951
1636,2939
462,1021
838,2610
2511,2813
1165,1618
1934,2197
350,2979
3,974
1711,2197
2582,3128
166,1263
753,3018
2858,2912
2109,2462
1648,2227
708,1288
1734,3137
1143,2829
729,1336
310,2436
376,2245
1245,2205
3167,2611
316,1977
496,3138
747,2184
1951,2825
1635,2281
1145,3115
511,893
1965,2244
1050,3083
376,2593
777,3005
4,637
501,2967
98,2305
62,1306
856,2440
1503,1802
1937,2238
710,2412
1437,2022
100,2999
1172,2467
286,2072
230,408
933,2605
335,1121
862,1555
380,908
223,3095
1972,2226
225,2242
542,2030
1966,2049
1752,2080
2092,2632
2122,2994
394,2859
660,2516
1762,1805
243,1680
1855,3146
1711,2548
1075,2928
283,2472
1136,1568
306,1924
1970,2977
2153,2644
484,2488
1536,3129
2415,2877
786,1516
2084,3061
2076,2412
284,661
342,821
133,2291
794,1736
522,820
491,2898
119,2448
590,1247
909,3023
1582,1942
1181,1638
621,2940
1907,2338
552,1151
867,2012
1933,2584
599,2431
241,862
660,2410
1596,2294
92,1176
394,2837
1265,1474
119,2692
275,1981
1475,2019
618,1355
1360,1949
1659,3075
158,2787
1053,1413
2360,2402
2814,2819
400,3138
655,1643
1552,2798
927,2947
958,2068
172,1785
2286,2726
2238,3068
3167,2966
19,2627
294,1724
1078,1624
207,2683
1692,2931
792,1831
506,1709
1143,3039
2442,2570
728,2689
857,1902
306,3033
2367,2770
2040,3005
528,1096
2660,2684
1200,2611
2017,2851
1114,2226
189,989
2551,3006
572,2172
838,913
448,2610
381,1398
2262,2437
277,953
1271,2834
1050,1130
2939,3069
2437,2828
64,1709
2471,2690
162,1244
308,1295
17,1872
503,1831
897,2434
253,2807
1591,1950
1667,2486
8,2847
2102,2475
2412,2692
1295,2365
732,766
84,1250
2399,2897
1100,1851
177,1586
1478,2984
1558,1774
394,3025
601,620
1763,2679
2075,3068
1819,1842
2451,2992
1295,1489
1280,2415
927,2486
2533,2732
1156,2373
824,1681
1894,2031
2539,2585
286,2950
15,889
1199,1895
333,2014
463,1533
869,1509
78,501
1493,2669
383,1400
313,561
1923,2488
324,2664
1449,2196
1249,2895
648,1669
1576,2077
1151,1516
479,2779
214,3144
2199,2854
544,785
618,1162
1735,3075
729,2118
479,2109
1396,2588
832,2839
3039,3131
1009,2489
749,1586
90,690
1066,2221
347,1629
1647,2445
947,3074
854,2438
1774,2384
2840,3080
349,851
1627,2592
2913,3084
316,657
612,1143
834,1437
1696,2054
1709,2109
805,1285
1138,1916
1574,3074
842,1600
678,2442
2626,2850
2346,2883
1447,1451
145,922
1561,2682
942,2973
1042,2384
1659,2356
982,1218
335,2094
603,2865
1251,1736
226,2711
987,2288
377,1210
102,762
75,1292
975,1638
1614,2906
197,755
443,1536
1481,2961
613,1581
218,2577
1554,1960
74,776
1514,2874
229,449
136,2664
609,2076
2008,2340
124,2353
874,1018
1023,2463
463,2198
358,1714
654,816
248,846
931,1642
1856,2644
414,1509
1141,2191
193,694
757,901
1256,2326
2014,3003
627,2205
225,2040
2022,3027
1014,1635
1011,2900
400,1831
1959,2285
1801,2404
693,859
1339,1991
1155,1717
2432,2772
12,1501
214,647
1774,2534
1575,2042
135,2994
1642,2584
768,1572
1734,2297
902,1752
90,1784
158,1396
239,2838
1366,2019
958,2427
236,2412
1328,2449
6,1277
680,3125
672,764
7,2966
1006,2121
158,2582
355,898
18,197
128,2238
22,851
2398,2769
1719,1916
2066,2191
1007,1501
610,634
496,1537
429,1255
699,719
463,2830
452,610
1706,1814
543,1779
372,1055
1553,2257
95,1682
544,521
2643,3050
1011,1755
495,922
7,2284
829,2178
55,2557
2824,2885
1793,2310
1128,2188
1330,2838
1422,3047
1582,3047
1849,2897
858,2639
158,2420
1805,2338
1894,2860
625,2907
1740,2897
215,258
977,2306
1490,1899
2796,2818
651,2076
833,914
699,2283
1647,3100
1276,1773
1348,1536
568,992
1771,1977
584,2960
1643,2578
664,1177
1259,2460
2783,3010
1492,1702
725,2706
2167,2316
607,2862
2389,2870
1296,1897
387,2879
737,2475
2858,3146
349,2399
2162,2639
1139,1838
644,1462
493,2055
569,2612
826,2883
1875,2085
689,1614
1431,2535
206,2721
1855,1858
1858,2511
17,1568
336,2832
1040,1210
1514,2454
672,3054
409,1423
2183,3008
1901,3082
151,2600
708,1182
202,2647
477,1579
2016,2851
394,2626
274,2659
368,500
926,1108
931,1288
2070,2973
2022,2966
886,2415
500,1248
183,1005
514,1103
1734,2738
2900,2965
717,2843
2767,2807
647,960
329,2534
1825,3008
283,284
561,2823
1618,2966
259,1214
1206,2970
6,446
1254,2307
638,694
436,1248
512,2075
451,2739
359,2966
1058,1722
632,2389
2,2928
1669,2686
1996,2315
1801,2447
2397,3098
2904,3156
169,2783
2236,2352
2457,2860
7,1751
1111,1420
344,401
805,3136
610,1876
1552,2528
271,2493
1189,2565
2132,2497
2602,2967
340,2590
435,1362
1695,2794
507,2399
1090,2565
1846,2569
1217,1719
1674,2191
920,1130
1647,1711
566,2811
649,3083
161,284
1233,2663
176,862
620,2338
1628,2977
1499,2168
1855,2249
751,2245
678,3073
914,948
2264,2423
199,2921
1661,2552
274,2167
402,730
1131,1330
760,1172
230,1669
399,965
460,2270
1964,2862
1154,2052
1492,1563
1523,2495
2233,2824
142,1437
938,2132
2017,2067
1767,2362
2133,2853
142,1166
928,1430
1082,1780
35,1336
827,1638
145,158
690,2710
1172,2108
75,2172
134,898
483,3121
2233,2937
564,637
1732,2421
805,2285
214,1690
2016,2973
872,1805
187,2384
445,1399
12,1175
927,2550
2365,2431
2157,2423
34,534
998,1131
1595,1642
1893,2215
880,974
860,1444
2070,2532
1615,2273
1667,2949
577,682
1594,1875
524,1787
1917,2397
1382,2778
1755,2268
1315,2830
3,1061
744,1834
2307,3157
836,1516
922,2870
2378,2686
1056,1503
780,2647
1887,2013
271,3015
178,2628
1237,1726
374,380
1123,1895
2098,3158
1495,1742
488,3088
22,940
1090,1701
1659,1912
1213,3094
1194,1255
503,901
555,1594
942,2349
1283,1983
903,1849
1871,2447
544,1905
1854,1958
1160,3071
1169,1887
1470,1909
768,1386
173,2684
1641,2052
1100,2834
837,1583
524,2957
1773,2052
2354,3158
88,2013
1825,2354
2533,2800
189,531
222,773
501,1131
415,3145
372,2460
2003,2077
1659,2848
938,2902
387,2529
2227,2411
266,1118
135,2678
889,3119
2947,3119
80,90
1525,2924
2458,2878
36,801
453,2927
2831,2992
843,1126
958,2239
924,1770
193,1423
975,2935
1724,2455
1290,3084
1650,2266
1630,3066
1868,2638
2075,2551
1168,1788
821,1463
1045,2912
2109,2305
1887,2447
998,2588
1324,2798
479,2966
189,393
153,1244
1758,3078
1382,1413
1130,1905
677,932
755,1842
2288,2815
1086,1690
1519,2644
286,2384
1927,2657
584,2349
1378,2695
1097,1698
684,1024
1598,1691
2476,2921
2431,2845
107,937
194,2291
1977,2950
222,2490
314,2608
48,3075
282,459
2939,3146
280,1214
107,1597
1114,1339
2561,2670
2022,2161
596,1980
436,1166
1476,2582
303,1339
1740,3107
1129,2755
135,969
564,2338
817,3063
684,2019
1041,1372
1660,1709
693,1528
192,2353
493,698
1315,1616
495,2287
1437,2345
380,2858
159,1328
662,2996
2514,2545
905,2323
172,349
960,2598
2279,2487
1854,2772
2083,3088
4,911
1726,3129
712,2096
855,887
1476,1667
107,1298
1742,2410
107,824
2189,2387
350,1473
1552,1600
263,1853
420,2430
297,813
106,1393
1452,2862
2561,2844
2,2845
1065,1257
2577,2671
357,623
625,2235
677,2772
27,2961
42,2442
2525,2849
1126,3096
1470,1835
1869,2087
2692,2880
654,1578
952,1126
1381,2769
579,2697
236,1711
576,584
333,1407
936,2345
163,321
851,2590
536,1080
2032,2423
178,820
361,1326
328,821
1576,2889
2184,3133
2962,3047
173,1041
1225,2098
2215,2516
133,684
913,1217
590,2159
502,3026
690,1314
1516,2663
881,1699
283,2345
1020,2196
342,1416
1933,1962
1856,2344
755,766
2379,3119
1674,2155
1359,2139
948,1984
1210,2996
918,2411
1797,2456
1490,2951
162,1912
260,613
1571,3055
1562,1761
583,2286
1715,2176
224,2973
277,1014
1848,2367
768,815
376,2402
2080,2922
609,1319
1670,2876
2132,2583
1298,2740
988,2231
2283,3044
15,1016
1186,2019
475,552
446,684
217,2836
634,1014
993,1920
199,2783
2245,2338
238,365
958,2475
875,2614
227,831
993,2027
644,1355
1794,2897
222,2578
555,1558
57,2011
1891,2547
1346,2960
475,2444
1036,2476
819,2201
1346,2057
1813,2582
1163,2521
1061,2691
111,1981
1209,2451
416,709
1192,2814
1396,1589
1095,1190
662,1827
805,1110
1360,2568
111,3119
1051,3119
737,2190
791,3096
1078,2961
2229,2317
341,469
2843,3027
1355,2938
882,3064
280,2719
1027,1097
2442,3019
1305,1751
952,2080
697,2833
762,920
563,1865
779,2544
1123,2289
1369,2278
443,761
2334,2558
2499,2620
917,2900
1905,3128
978,2626
2691,3073
833,1688
10,1842
956,1372
197,965
1569,2271
1441,1513
604,2020
299,2001
483,2853
633,2031
2906,2910
1864,1921
1138,2530
915,1682
68,1613
2278,3083
2266,2271
1182,1762
2643,2660
504,1426
99,2549
185,197
1600,1931
334,2096
64,1699
2910,3048
25,2124
1415,2813
2235,3130
1694,3066
661,1047
1208,2799
253,1977
1153,1883
1430,3063
2387,2907
1887,2873
2589,3092
725,2052
901,2039
238,2826
1894,2504
203,458
86,2990
956,2372
1902,2019
750,2640
977,2845
173,1247
1504,2693
2017,2413
593,2413
1074,2398
193,942
1323,1407
1630,1735
790,1918
2127,2197
1539,1961
2475,2659
25,1948
889,1206
1173,2221
1,1575
172,2018
503,2514
2248,2590
1603,2179
10,797
158,726
2068,3084
872,1586
1276,2988
2397,2398
411,2590
816,3069
1109,2921
0,1321
320,792
262,475
119,1307
2959,3064
462,1461
127,1254
1648,3077
1294,1875
1624,2085
448,783
71,2862
173,3064
2223,3151
319,1640
1016,2378
1615,2874
2064,2973
899,1238
1210,2372
1431,2379
179,686
398,1266
2167,2804
151,1915
1869,1965
15,78
1635,2447
1606,2242
1091,2634
407,1905
1406,2347
1130,1698
698,1156
1350,2398
369,1698
151,379
1841,2770
381,466
837,2317
506,1892
1276,2968
813,2670
710,2639
1379,1869
2349,2836
1429,1797
2171,2966
253,1912
17,352
495,2908
108,283
917,1610
173,1191
1595,2891
70,281
1484,3055
2834,2969
1425,2278
1137,1425
44,385
1187,1511
1539,1907
912,2451
2722,2807
859,2219
698,721
2825,2959
257,1233
2692,3083
102,1096
1614,1820
243,2245
984,1189
204,2129
772,987
155,2138
2533,2783
209,2319
1184,3158
988,1246
280,2315
214,1665
923,2200
834,917
258,2790
984,1563
145,283
753,1058
791,2669
559,1607
422,2884
864,1693
25,1496
1923,2804
474,801
544,2852
119,676
2722,2732
1447,2098
674,3053
172,1369
820,1490
2447,2988
321,660
649,1334
579,2337
1681,2118
2279,2362
1662,3074
2290,3155
1206,2943
933,1196
1406,1459
521,2965
2400,2992
1166,2857
977,1278
97,1027
424,487
2338,2495
1398,3031
44,1758
222,2545
940,2589
1993,2051
1660,2454
304,2356
1052,2187
1407,1926
2286,2550
133,2583
1365,2732
269,2279
1169,2204
1224,1732
166,714
1674,1923
1601,2690
260,275
1939,3157
853,1086
2046,2142
66,145
471,2012
785,2149
402,2729
356,2310
123,641
2202,2692
1162,2279
2324,2378
1346,2931
986,2184
2119,2458
2048,2314
948,3062
2083,3096
733,1166
270,2680
1180,2298
2474,2726
2169,3054
1855,2243
2012,2019
2880,3146
1112,2020
1370,2471
164,1909
18,1110
564,2093
2462,3007
2805,2878
1554,2349
1180,2007
1895,2153
1492,2946
956,2824
1407,2463
1989,2590
92,752
614,2330
1633,2145
345,2337
163,2633
1706,2678
729,2862
2221,3096
736,2680
829,2471
972,1121
1758,2412
2,846
64,2153
162,2194
1630,1641
2529,2711
454,469
1574,1647
834,2221
1993,2469
831,2066
663,1155
1431,2550
914,2658
908,2033
1931,3011
143,3007
609,1659
943,2279
2098,2326
236,647
664,1346
3,110
733,1608
420,2456
1494,2422
2352,3084
985,2068
4,1698
955,1297
395,908
1902,2954
827,2460
650,1126
676,2603
801,1572
1961,3078
193,1594
432,2795
38,2092
1948,2271
500,2402
799,3122
952,2020
25,836
1166,2738
102,168
662,2908
630,1296
500,2628
2066,2162
593,1907
406,2096
1797,2935
959,2225
1615,3057
987,2233
1762,2502
109,1432
1400,1462
663,2449
1767,2553
496,3084
2305,3025
116,512
936,2955
268,1907
857,2052
407,3095
663,2421
1844,2387
1019,1996
2853,2986
2378,2421
1545,2856
609,627
1375,2587
117,811
1907,2066
1448,2421
460,1558
1511,1767
1627,2084
448,464
1196,1553
1476,2954
1864,2834
2345,2871
136,2274
1372,2504
275,3107
315,426
253,2804
975,1400
2442,2731
229,1815
2543,2603
2080,2424
25,585
1726,1955
1624,1958
1802,2858
1039,1657
521,1017
1884,2482
1649,1667
689,3161
814,1398
1203,2449
1958,2532
1841,2262
1873,2679
18,1598
1552,1641
703,1579
1493,2557
1741,2235
1197,1872
2028,2330
384,1899
690,2737
1563,1630
483,1723
332,1987
1669,1685
1893,1898
1691,1952
2961,3058
2436,2472
1550,3088
2604,3011
958,2431
2624,3127
1848,2708
130,1074
496,1424
189,347
1525,1660
847,1398
606,1014
987,1814
357,825
1154,2849
1829,2197
1401,2658
1578,1608
1603,2914
938,2920
545,3104
474,1231
1442,3017
1188,1305
393,1255
444,636
1787,2372
467,993
1187,1776
2194,2356
745,2787
697,2820
693,2299
229,2019
1074,2649
1682,1890
909,1600
421,1340
1436,3110
501,956
829,1052
1126,2626
310,2847
1430,2549
497,1428
179,1767
954,1698
2684,2810
2052,2943
1486,1721
496,577
230,2104
1591,2295
761,2322
498,2276
1399,3058
1218,2057
287,1215
831,1826
737,1194
881,2240
124,150
2141,2916
2722,2919
35,742
93,1811
739,2393
2040,2279
2363,2873
1504,2688
584,1981
1596,2600
408,2016
1542,3000
2876,3157
269,2208
222,1267
158,2192
592,1045
375,1128
984,1371
1736,2300
2516,2704
282,2235
1826,3085
1415,1776
443,880
660,2099
925,2848
900,2977
798,2973
2256,2878
383,2953
1664,2708
1431,2187
1222,2359
1668,1670
514,1194
2117,2452
1301,2286
11,862
180,2019
1863,2927
878,1324
1283,2856
752,1200
2349,2801
514,1509
1771,2215
1263,1762
623,2205
1310,2444
1328,2455
1027,1695
1431,3027
908,2292
596,2012
780,2918
1923,2672
1540,3138
44,1011
555,2338
899,2606
1501,2738
1447,2427
1307,2190
1080,2703
1634,3093
2772,3008
2200,3130
2461,2935
305,790
996,2427
100,1173
1137,1738
198,3031
1841,3025
269,1954
921,2688
1696,1700
223,1980
1138,1348
1065,1633
2072,2469
1841,2559
405,3056
262,664
471,977
2302,2327
1143,1875
1960,1980
119,2886
2993,3119
473,2728
250,3152
422,2514
172,1700
372,1972
483,1767
1338,2842
242,2680
2514,2640
2044,2142
920,2352
1146,1832
1170,1659
1332,2195
500,3107
625,1489
382,2213
1439,1591
289,1715
715,3023
2261,2453
791,1126
38,1258
198,3004
1339,2850
1913,2511
25,2395
269,1264
584,684
193,2134
1905,2013
1290,1605
267,505
266,923
1492,2408
98,2626
1141,1241
2535,2653
2085,2329
426,1098
492,596
207,1319
2317,2838
274,3112
912,2400
786,2043
753,1137
930,2496
563,2027
2009,2084
19,1873
1645,2221
987,2734
2653,2779
111,773
395,3158
2421,2844
1453,2199
36,1711
1886,3107
356,867
583,970
1829,2332
662,1578
912,2359
1163,2874
2109,2502
151,1525
2065,2786
1075,1423
1715,1742
1319,2907
2374,2516
1479,2643
958,2115
428,2131
454,2883
621,2922
1917,2772
94,407
2414,2471
25,324
1883,1972
192,2853
38,283
2232,3106
64,533
311,426
2843,2948
444,2001
2892,2993
498,2803
516,2475
1507,2947
1401,1948
2588,2992
2197,2837
1444,2343
99,1200
2531,3152
783,1404
1560,2848
2870,3162
518,1942
791,2343
303,1838
44,637
1030,1734
2604,3100
2247,2629
502,2359
1643,2966
1022,2670
523,1172
1454,1539
2475,2616
544,1192
1230,2295
631,2092
755,1056
1277,2578
2195,2885
996,2767
523,2172
2319,2214
230,3143
596,1146
1017,3137
967,1390
387,1470
710,1287
2582,3132
645,654
466,2347
1572,2362
510,2524
1029,1712
1811,2787
316,1486
353,3093
699,2738
145,811
1954,2351
1051,2509
1802,1962
1805,3057
1063,1747
349,923
2019,2374
955,2472
2871,2940
1252,1719
15,80
615,1005
226,536
1437,2883
467,1734
2068,2234
18,277
792,1192
2339,2527
179,3098
874,1197
1565,2147
1227,2931
446,1979
893,1713
936,1857
937,1731
108,332
2248,2614
107,237
973,1552
2119,2655
1396,1890
462,2914
619,1180
356,1447
415,2114
2398,2877
180,2984
873,1706
1097,2558
108,216
147,1790
1061,2508
236,2473
1382,2710
458,2509
1427,2354
1776,2534
1376,1694
65,479
167,1039
856,2378
821,3000
766,1966
1140,2257
448,2122
878,2043
448,2897
12,2204
25,395
194,3153
382,2381
1927,2940
1205,1241
1539,2928
1360,2534
2135,2679
6,650
321,1713
1660,1857
559,3031
1992,3031
1218,1381
1696,2722
1266,2195
1090,1975
180,238
512,2486
401,2317
282,938
1060,2557
993,2990
1857,2897
321,1645
581,2120
766,1078
187,3166
170,1345
107,286
502,1187
911,1447
2184,2679
202,2245
1726,2914
2529,3157
101,3161
292,676
310,1332
154,872
1085,1943
394,1198
319,626
922,2693
874,1121
280,1513
978,1993
1759,1948
644,1128
1907,2173
511,2102
1513,2777
781,3062
1841,2089
1312,1422
942,2487
554,564
2280,2878
185,1864
783,1162
2738,2970
851,2618
374,2767
638,2870
1295,2588
1046,3124
162,1513
2347,2835
1547,2674
1192,2638
868,2648
900,1805
1067,1865
61,2579
496,1309
468,3100
1349,2870
317,2999
1136,2058
847,2487
1887,3093
177,2188
975,2711
2233,2629
64,1496
135,2069
1720,2447
637,1175
1114,1578
150,783
1250,2443
1767,3111
736,1052
1139,1736
765,1607
405,3079
1138,1894
1536,2119
179,2616
915,2404
2979,3017
2018,2028
2084,2647
1720,2290
1264,1408
2094,2214
2734,3133
142,158
753,3021
847,2349
1155,2451
1901,2091
276,1763
286,1113
157,2889
2379,2588
1298,2861
859,1242
1600,2007
494,3096
1273,2225
1045,2101
2000,2600
399,2125
295,2934
26,1523
2292,3063
315,1543
209,2057
2633,3123
234,1939
645,1831
1382,2582
267,3103
1060,1602
438,2326
469,2189
942,1528
1187,2516
57,957
1827,2273
758,2184
1112,1314
570,2777
592,2095
1219,2642
1257,2531
372,3006
24,3119
798,1423
562,3092
111,2895
110,1188
713,1742
723,1926
488,2901
382,2356
638,1188
1447,2235
900,1668
1774,2614
702,1933
901,2875
2308,2413
679,2457
4,304
259,2938
409,3143
18,347
1698,1842
1433,2451
2721,2921
1644,2081
2163,2580
175,576
1546,2104
294,2621
2423,3025
535,1313
1223,2267
1409,1667
475,777
674,839
285,2460
524,1932
2452,3161
172,2462
1449,2040
2098,2870
1533,2549
223,2289
745,3081
646,2019
2018,2564
1380,1742
677,1035
1385,1698
1168,1348
785,2486
1762,3013
2795,2994
2292,2398
1082,2534
1950,2652
287,2842
1191,1899
1030,2767
953,1706
25,1523
1787,2788
106,3075
282,390
363,2579
1624,1898
3021,3121
2851,3155
985,1126
2815,2860
199,2644
1308,1414
552,1025
180,2943
388,2327
3,55
914,2095
241,1525
1313,2240
2651,2787
161,2454
2330,2861
960,2084
878,1375
488,2437
1166,2719
1741,1851
579,2906
1578,2137
1931,2969
1618,1691
385,908
303,1661
1423,2147
554,2049
310,1844
158,1776
1961,2638
570,1693
617,1047
917,1320
550,2463
2295,2535
472,1179
986,1854
400,2209
1870,2733
913,2549
848,2452
411,2223
2192,2285
759,2308
813,3146
127,2647
756,2053
497,3077
635,2907
446,2352
568,2404
37,2080
2049,2410
100,477
981,2503
151,580
1039,2802
744,1271
874,2113
500,851
989,1814
759,1216
197,1696
445,2966
1456,2433
1118,2456
824,2995
740,1105
1384,2589
100,266
1814,3107
382,1047
224,2906
935,2988
1051,1841
552,902
1058,2600
978,1637
274,3080
953,1349
399,2203
177,2779
764,814
702,1612
645,3130
253,467
1501,2659
1352,1617
155,1927
724,923
1734,2289
604,2600
1085,2064
969,1045
733,2565
162,1039
2098,2559
826,1396
1218,2053
2001,2427
2949,3027
245,674
400,483
986,1388
1980,2587
1758,2326
187,444
586,2589
912,2195
1923,2102
1641,2072
218,2663
591,2767
1942,2525
1346,2989
651,1871
180,884
503,618
230,1424
759,2437
1499,2023
158,2458
138,1640
603,2463
283,1241
672,3055
2142,2893
13,262
1350,2340
660,2907
648,1873
1513,1637
1173,1616
76,1341
2843,3125
150,1866
1264,1415
875,1539
327,2738
2136,2231
928,1826
36,260
1090,2061
1363,2496
2338,2398
763,1875
1591,3137
1583,1612
1071,1756
1156,1330
1581,2848
820,882
1492,2594
545,896
2598,2879
1252,2529
948,2849
1752,3059
1820,2897
1290,2102
1931,3097
2293,2893
1461,3046
383,3029
287,2575
1373,2647
584,2264
347,934
428,2290
98,1447
1078,2113
250,2102
660,680
2165,3029
174,2427
396,1838
2085,2947
333,2170
1060,1899
1066,2567
503,1617
1760,1901
1006,3125
1218,2632
267,556
284,2710
359,1844
841,2594
1320,1759
757,1312
1823,1901
1790,2868
129,2235
193,1114
1284,1501
930,2886
813,852
860,1659
227,2509
319,1855
1820,2917
1601,2016
1643,2884
1048,1826
1443,2712
430,2083
717,2475
1219,2534
316,1720
806,3123
1171,1214
1133,1173
2469,2214
2200,2209
2282,2321
1173,1698
2518,2673
218,2372
1347,2288
1400,2271
75,2584
1058,3055
1055,1231
1217,1916
1300,2952
1901,2046
1294,1661
55,2111
1525,2732
932,1016
695,3136
1016,1305
159,1583
2084,2479
2343,2890
1841,2001
260,1606
1579,2997
597,1851
180,1347
415,779
1358,2431
2145,3008
617,2415
442,1847
452,1140
1114,1709
183,200
1934,3001
715,2139
187,899
773,2315
868,1878
780,2225
19,398
17,1637
881,1837
1647,2728
633,1292
965,2019
275,506
280,2366
1136,1946
545,3156
2221,3117
1223,1395
439,832
987,1627
2422,2828
1878,3090
1907,2769
306,1016
384,2199
254,2982
355,2890
2226,2294
1805,1932
75,2111
113,1907
2117,2530
1627,1899
482,1826
1181,2711
1298,2456
1031,1091
1080,1568
333,631
670,1674
1125,2095
992,1589
406,1590
1998,2871
157,1776
1844,3080
1328,2255
68,3128
52,433
1644,2594
236,1475
495,1668
1447,2458
2374,3039
693,2592
415,1142
1897,2772
329,2653
2683,2695
1230,1755
2354,2901
1493,1939
524,2966
1615,2883
1764,1846
2375,2657
2274,3104
229,2883
2242,2263
68,362
1740,2651
2840,3153
564,1684
2254,2533
2996,3008
2037,2809
171,2460
1181,1259
1247,1454
1578,2161
2421,2513
1578,2080
545,1256
959,2039
386,2199
2223,3015
1661,2965
1668,2582
1768,2728
1706,1883
2363,3013
816,2725
187,1833
933,2091
2198,2285
2,1984
836,859
2204,2384
1751,1873
1907,2693
1854,1909
331,1768
406,1215
1140,2055
1195,2327
1527,2405
476,1429
179,3136
331,2161
76,1951
1954,2491
172,776
1170,2566
383,1154
1057,1864
458,3048
706,2049
2924,2985
2840,2921
2627,2830
1006,3031
739,1201
25,2764
1902,2174
516,1155
848,2081
316,1823
179,1271
418,1667
153,1189
689,772
74,1294
222,1527
2020,2506
773,1339
1797,2221
1439,2221
1844,2242
502,667
2399,3084
244,1846
709,757
1831,2883
742,1162
1604,2579
937,2650
1486,3083
1892,3155
2063,2934
1501,1930
215,1533
488,2306
1231,1857
721,942
630,995
1039,2160
717,1154
2228,2861
1330,2265
1841,2288
343,1831
1322,1902
260,1696
387,1529
1782,1853
127,1325
521,2977
373,2281
1946,2114
235,402
752,2580
1247,1709
806,943
1598,2610
90,1572
1145,3127
474,606
226,353
958,2254
1342,2532
2222,2877
506,1476
650,2428
1288,2340
108,1451
1375,1795
350,1474
72,1951
730,1203
197,681
1295,1872
511,2017
557,593
1823,1859
937,2463
2222,2735
1412,2305
172,993
824,2631
205,2704
942,2592
2600,2647
500,695
2514,2672
869,3162
917,1002
1254,2294
2278,2460
1536,1781
550,1254
756,2550
382,3119
2961,3082
685,2378
692,1283
387,1126
2267,2584
774,1693
647,1168
385,2092
1330,1670
1774,2027
173,2829
462,853
2312,2319
554,1769
756,2923
872,1643
535,645
1979,2839
908,2710
723,1940
846,2176
416,1822
429,2412
1298,2609
1380,1501
897,2557
389,2081
1196,2616
2167,2900
51,2308
400,1524
2057,2802
2033,2122
1475,2862
524,1241
169,429
1042,2891
1516,1719
673,3167
2444,2807
1600,2495
909,2984
1309,2147
591,782
623,1831
422,2509
10,2669
101,2049
2124,3122
1314,2121
1193,1671
923,2404
2172,2517
679,2521
2042,2122
1938,2288
418,2049
978,2656
1351,2845
709,1216
1138,1774
197,1475
1019,2893
3168,2782
1476,2840
766,882
1310,1313
66,799
1195,2122
532,1835
2670,3146
1933,2516
1447,2691
2271,2801
226,2133
102,2324
729,2477
2096,2956
1025,2626
691,1328
172,372
702,2413
631,2448
1533,2883
1194,2264
254,1596
193,3045
208,3096
2473,2800
52,3130
971,2643
1512,1939
2305,2722
92,2610
155,2097
1284,1821
699,1254
835,1661
1394,1739
1031,2203
396,2428
1230,2795
2258,2973
629,894
834,2780
197,1248
1768,2699
296,2260
1476,1923
911,2408
1384,2506
362,1218
374,2221
1366,1928
1449,1853
971,1497
1552,2201
1273,2130
1259,1674
715,1321
306,660
1137,2984
267,2122
618,2954
1721,2076
937,2988
1484,2678
1294,2532
180,535
155,1691
905,2923
901,1674
834,2526
61,479
180,998
637,2267
1396,2251
145,1056
923,2801
1362,1876
218,830
731,2138
1052,2329
2496,2951
408,941
1221,1782
483,1468
1053,2843
2296,2309
1572,2270
467,2669
660,1400
564,2961
1698,3084
1219,1792
70,1605
444,2689
269,1036
107,1400
921,1255
1497,2582
218,1738
336,1103
177,1693
2109,2218
889,1950
226,2328
415,1844
1342,1660
756,1502
2554,2931
314,3155
600,2868
756,923
1886,2588
780,1103
1486,1948
1025,2487
628,1138
301,1583
579,1196
2423,2997
902,1572
1872,2257
2389,2463
25,297
1624,2928
2012,2968
943,2032
444,689
277,2911
489,1192
2476,2487
1927,2907
2055,2769
1609,2197
1321,1837
177,2355
139,834
1005,1016
1473,1846
816,1118
500,3133
1125,1431
2252,2443
425,3042
915,2402
495,2853
1924,2428
207,2431
86,2776
206,1045
659,977
816,2846
1165,1749
1128,2519
527,1365
1536,1700
363,797
408,2912
99,759
119,336
2219,2528
314,725
1402,1649
1310,2977
866,1883
2054,2407
224,2862
532,873
955,2897
4,225
561,745
1173,2588
136,469
425,1300
1739,1923
334,2274
17,931
563,1732
709,2704
1199,1301
283,2678
590,2025
187,911
34,416
1039,2534
432,931
1253,1476
1066,2563
1348,1706
1870,2179
244,3115
856,2132
669,973
667,1230
2316,2362
1978,2097
875,2878
2594,2910
680,1039
1165,2795
1215,1864
1323,2595
2384,2619
94,1841
294,1114
1409,2639
2003,2583
287,545
1790,2332
2456,2540
1102,1218
1591,2320
323,1112
2605,2850
1636,2721
1126,2693
1255,1872
1606,1673
937,2207
793,2240
619,2690
2639,2995
380,2519
254,2437
755,2956
1563,2939
454,3093
1451,2692
166,1924
371,834
294,2637
111,593
593,2157
7,215
425,3077
874,1214
332,375
349,1171
25,2092
1110,2138
1259,1306
1501,3114
602,2304
2198,3103
791,1192
757,3000
1531,2961
713,3033
1197,3027
214,1369
2156,2473
800,1493
1205,1342
333,2458
607,2629
201,1810
294,2376
1644,2477
524,1511
443,932
173,2358
1932,1994
792,2374
641,755
177,432
1468,2644
710,1220
2291,2986
1977,2011
474,2907
712,2874
1363,2853
117,241
284,2620
764,1394
732,1058
179,811
1817,2486
1612,2545
84,407
1711,2448
101,1733
1955,2768
422,1539
462,924
1640,2496
2831,2839
496,1632
1531,2884
2490,3058
720,2052
387,702
1584,1935
859,2022
1612,1996
1873,2938
1073,2802
894,1354
1759,2402
1239,2398
1970,2627
797,1994
1160,1556
992,1191
1235,1721
302,1802
28,2324
751,2691
511,1981
811,1140
2673,2894
1295,2387
557,2660
656,1576
294,1577
2271,2926
1741,1931
185,1284
401,2697
1188,2977
1959,2846
1188,2324
1630,1691
284,2343
1451,1632
1128,2290
476,2362
1472,1642
610,2737
1585,2270
1887,2271
1724,2852
1742,2712
100,142
719,1774
2155,3119
903,2471
1174,1363
1095,2589
2652,2998
1420,2432
1899,2921
1128,1661
367,524
215,2114
2001,2850
1321,2512
659,753
747,1180
1246,1823
2836,3013
2039,2101
2469,2954
1446,2351
1029,2535
2119,2584
2085,2307
18,3136
1954,2038
3,1641
27,2508
1546,1961
710,823
2684,2832
400,1930
967,1339
632,1317
2257,2892
250,1961
664,1072
658,964
130,506
597,3055
900,1292
993,999
102,1761
177,2267
969,1036
1126,1680
168,3157
1382,2921
2046,3049
1061,2842
646,521
113,2728
957,973
328,1699
816,1215
2977,2985
1342,3059
686,1977
772,2802
2143,2295
343,2692
1907,2958
681,2486
770,2597
1296,2935
1452,2438
660,2632
476,1921
262,1265
373,992
1263,1657
648,2143
2053,3158
1489,3057
706,2456
918,2669
1039,2052
715,2514
1617,2457
103,2327
764,923
383,1931
2437,2542
2431,3045
345,471
169,1439
1716,2398
1511,2277
706,1060
1050,1208
316,897
908,2865
2482,3162
2324,2923
505,899
1595,3005
1147,1890
2121,2236
1032,2839
308,2638
38,76
1065,2908
1595,2292
937,1614
1693,2818
1112,1698
1677,2632
1137,1146
155,929
583,2509
270,3119
2077,2769
3055,3161
1627,2415
358,848
1194,2067
82,1516
786,3151
1319,2387
108,3006
294,3112
973,2016
877,1927
2230,2408
1958,3063
755,2170
1310,3065
2490,2986
1629,1673
1616,3096
1159,2176
981,1815
276,2871
2444,2495
2411,2732
737,992
436,1146
91,1490
235,1091
949,1719
314,2214
843,2614
1041,1406
721,2952
1096,1865
1736,2347
2244,2800
401,2584
1415,2947
908,975
3167,2603
800,1497
1290,1871
482,2226
893,831
702,2934
781,2633
1830,1902
726,1381
280,2384
386,989
1192,2172
277,654
229,1360
2281,3006
459,468
128,679
1381,1463
1058,1958
458,502
820,2904
2223,3119
2592,3123
777,3006
1761,1803
702,755
1723,1769
889,1657
1623,2689
2092,2809
551,3054
1513,2996
827,2919
16,1981
399,702
1951,2895
2393,2428
471,819
502,911
1931,2142
702,2800
893,920
1090,2860
1247,2738
934,1863
412,2518
2444,2895
2348,3084
868,1551
1331,2318
1203,1698
657,2973
224,499
2201,2321
1216,1855
1292,3075
2781,2871
1136,2373
2470,2506
453,1591
566,2494
2967,2994
1630,2333
17,2469
1665,2221
1805,2968
1820,3156
232,2073
1078,1450
1912,2673
662,1612
1739,2579
1948,3083
282,2372
760,3011
974,1415
330,939
415,1096
1102,1406
278,706
915,1078
401,1430
321,3086
1265,2938
160,1563
509,581
874,2863
390,780
1602,1942
2670,2688
225,2755
755,2875
1704,2565
399,1264
1448,1387
1641,1895
630,639
359,2367
543,617
1742,1897
1284,1983
794,2232
639,2737
2191,2319
1271,1343
624,1578
676,2308
158,2825
1219,2933
2009,2683
394,434
1505,1661
275,2990
998,2349
920,2311
158,303
2682,2885
685,2559
306,1589
564,638
2408,2728
943,2805
1617,2770
816,1844
1465,2829
683,3082
208,2490
2354,2504
948,1007
1018,2854
512,1971
1201,1243
1698,2420
275,2186
634,2951
893,2157
2014,2404
937,1188
1578,2316
948,2999
2151,2219
898,3123
2062,2922
1231,3153
492,1896
764,1439
355,1861
1924,3103
287,365
1907,2404
1297,1470
1126,2627
821,1345
1723,2032
1271,2959
200,754
1111,3027
1011,2813
536,3137
776,2893
1218,2198
2075,2943
103,1594
108,2330
159,1305
1802,2159
745,1165
785,1855
3,2277
1735,2521
1108,2772
1446,1748
1256,2511
389,942
61,2289
463,929
2482,2632
857,1188
497,1450
347,2515
1858,2451
400,2767
2529,2706
536,2559
523,2154
463,2825
1423,2554
2527,2594
793,3002
1350,1594
31,647
893,1414
76,1736
1751,2075
878,2349
875,912
1890,2212
2013,2922
2113,2854
647,1935
1602,2533
1924,2257
505,1066
483,3136
990,1175
747,2388
1414,2669
973,2257
543,1911
1046,3109
481,2862
1006,3008
729,1872
222,589
875,1553
2138,2410
1901,2345
1855,2298
610,1296
968,1112
846,2081
107,1761
1797,2471
1019,1129
159,1805
873,1876
551,1180
1036,1431
381,3152
1996,2907
1154,1669
1322,1456
1509,2206
297,1924
100,1399
258,349
178,2521
684,1838
1520,1882
1755,3088
2176,3024
10,2458
709,1603
1316,1820
90,708
1172,1505
1948,3025
1866,2289
415,968
468,931
1152,1303
1290,3006
203,2092
677,2816
516,2973
706,1667
828,3151
1434,2299
127,175
501,535
145,2152
2283,2434
1852,2025
226,2977
1713,3068
2322,2665
2099,2456
849,2161
686,812
916,3062
755,2224
824,1319
2164,3069
8,1044
676,2572
974,1480
2095,2697
358,1018
7,1752
737,2545
899,1903
262,952
1128,2534
900,2193
1046,2154
493,2491
371,2544
898,2604
328,489
753,1832
1525,2414
4,1140
1301,2167
365,729
1031,1972
1725,2169
1585,2235
2191,2279
878,1014
1512,3061
1195,2875
262,2295
1089,2444
734,3162
1441,1972
411,463
313,3146
750,1350
2755,2783
2487,2992
427,1261
2685,2686
2315,2440
1376,2970
861,2815
873,2072
1875,2463
401,1640
1978,2820
1511,2442
298,612
612,660
726,2532
1014,1668
1768,3119
178,1412
603,1629
2935,3061
934,2658
1065,1288
1790,2984
2083,2290
1553,2434
286,1350
1741,3151
1156,1708
2027,2962
768,2422
254,1099
1782,3000
1424,1761
401,2557
391,1103
2374,2556
1869,3053
1722,2977
116,2092
171,2557
591,1430
508,2489
917,1086
2291,2883
1252,2631
1901,2465
1090,1572
2013,2935
431,1878
1946,2317
641,721
1895,2504
900,2543
1061,1978
1552,2908
1924,2604
905,1340
971,997
1572,1958
2455,2839
200,2644
1100,2221
1492,2192
3,1372
374,1630
173,2163
1831,2349
15,545
552,2009
352,1518
577,723
1602,1785
732,2129
1426,2533
104,1827
929,1661
1959,2557
2195,3067
126,2376
1878,2650
682,1660
791,1879
474,2489
1210,2540
875,2306
407,2721
107,1585
2828,3073
1142,2839
1140,1579
1768,2427
986,2064
2429,2616
672,2142
2515,3104
297,2556
908,3111
1601,2170
1992,2990
2941,3158
2570,2852
147,246
908,2855
757,2228
752,759
1209,1815
2356,2922
283,1652
1375,2473
1448,1872
385,2730
1544,3119
383,3117
1248,2885
1637,2614
2504,2855
715,2661
911,1019
1105,2095
19,1103
334,637
1182,3073
1257,1729
1942,2703
670,1938
2722,3058
702,2614
1209,2778
1050,2782
343,698
851,2271
1113,1982
817,2977
1381,1852
1156,1163
900,2988
2081,2858
2541,2790
753,1128
1137,2374
1048,1785
1559,3119
1688,1752
2724,2910
1539,1978
663,2308
1108,2122
1277,2489
2487,2709
103,1747
1121,2076
931,1382
953,1948
10,2248
2137,2438
921,2844
1988,3118
1331,2364
486,2618
1301,2160
516,2322
338,878
345,897
540,1665
194,1165
948,3093
1756,2221
1752,3112
483,1802
1047,2404
1074,2393
847,2891
1529,1662
1624,2172
1503,2722
89,958
2295,2805
276,2017
2001,2451
197,524
807,1577
631,2040
611,835
2307,3054
1752,3078
2965,3115
780,2590
1151,1505
2583,2894
427,2956
222,1090
232,2835
501,2052
170,1331
553,1215
1208,2138
446,1833
1199,2448
1265,1784
753,1649
3098,3123
915,2056
876,1160
1301,1784
1073,2674
531,2590
1673,2008
1089,1950
923,2295
303,2686
597,3155
458,1977
853,2443
593,2451
1583,1980
1181,1632
1169,1395
70,744
417,1674
1720,3159
2071,2907
2652,3039
937,2138
2928,2958
1230,2188
1048,1484
625,2788
111,1584
1171,1309
805,813
263,987
50,1448
663,1648
183,2080
874,2866
834,1327
1183,1276
280,2879
1294,2807
1793,2757
2233,2399
284,611
494,674
971,1758
992,3051
725,1465
269,2168
2638,2996
294,647
1113,2133
2366,3008
925,1853
793,1913
992,1982
699,2030
561,886
316,1529
1766,3033
600,1039
1047,1143
967,1895
768,1424
447,1955
1252,2737
967,1950
971,2081
1444,1971
200,1870
217,992
1507,2300
577,1917
1181,2283
1713,2327
163,172
650,2639
2624,2801
2138,2495
1115,2931
1170,2970
550,986
168,3010
1129,1340
1073,1316
64,1017
2487,2678
1902,3086
2430,3007
2301,2920
550,2052
590,1891
239,1307
695,2947
76,723
280,1528
1884,2977
1056,2292
902,1243
860,1699
518,1961
1856,2304
274,1369
416,2038
677,2928
2293,3011
1347,1802
2265,3125
790,1872
1021,1700
717,2369
407,2436
555,1139
697,2434
1206,2902
1290,1403
610,764
1958,2472
943,1073
306,1188
945,2619
1130,2141
986,2195
615,2868
1811,2263
2561,3018
163,1330
1576,3152
1165,1553
698,1720
508,1667
947,2235
636,927
2579,2906
2468,2690
1829,2772
1058,1395
793,897
638,1210
2102,2472
282,925
2116,2231
238,1437
1414,2102
1300,1727
2338,2876
1973,2487
1201,1397
16,2460
2054,3060
394,2968
238,2357
2076,2431
1021,2438
984,2906
1675,1971
7,2133
761,1793
1897,2374
44,1816
620,2631
2263,2959
1915,2393
2085,2294
446,1629
981,2545
551,1170
130,2988
625,2961
1176,1667
1946,2688
64,1074
613,2927
942,2031
125,1165
2347,2648
1425,2331
2292,2557
1061,1776
311,1984
263,2804
1712,2307
732,1674
1600,2251
995,831
119,563
993,3083
280,503
1456,1961
550,1539
495,3078
975,1667
2283,2907
173,3112
813,1197
967,1544
524,2580
2500,3092
186,275
66,2232
1195,2777
414,2469
1970,3123
1153,2568
375,1720
1695,1994
1025,1767
1511,3093
693,2480
2299,3084
2589,2594
25,458
1057,2600
157,3025
994,1290
1582,2444
2568,3067
712,2245
1496,2921
129,2421
1670,1739
262,2138
1244,2482
1080,2820
1053,2807
258,1078
2405,2534
704,1767
619,1397
917,2873
2313,2857
618,2263
1406,2567
1073,2460
544,2895
2085,2545
1696,1907
1088,1597
1247,1838
1493,2272
1933,2477
2605,2947
479,984
2431,2807
1789,2952
1200,1256
1449,3010
662,2448
224,1458
1224,1861
1140,3071
2268,3125
72,405
479,2223
423,1739
1937,2782
2195,2652
2204,2514
1602,2639
1316,2627
107,1696
1861,2853
731,1564
1175,2891
708,3152
173,1486
408,2077
2424,2684
2205,2907
2232,2449
613,997
788,1005
832,1340
110,417
277,2928
420,1526
4,487
1771,2351
286,2584
2284,2710
857,2198
497,2693
94,1568
117,2832
686,1572
2017,2735
660,1157
723,2648
1641,2444
448,833
1191,2528
1121,1271
1261,1670
310,1932
466,2471
655,797
1847,1958
1171,1833
2772,3133
1175,1448
396,1336
2115,3004
133,1187
1349,1403
1727,2095
672,734
335,932
2487,2796
347,2728
61,1923
2202,2427
1091,1946
1434,2082
142,3104
2218,2889
1935,3050
2281,2710
1278,2119
289,2564
1782,1970
2270,3100
422,3146
2497,2950
463,725
296,723
949,2381
1633,1825
1735,2320
1385,2151
310,1271
19,817
914,2068
407,3014
538,1342
108,504
725,1648
576,3009
1125,1373
1631,2795
193,1788
1589,2444
527,2471
2431,3080
2603,3009
430,2695
2444,3144
1789,2908
1300,1399
319,2787
2627,3071
782,2664
815,2996
1255,2405
2240,2263
622,1735
224,1935
1849,2305
1869,2197
2449,2486
908,2066
1039,2188
1327,1370
1111,2244
1725,2458
192,2876
1041,2469
2096,3013
1760,2316
45,993
56,2649
1292,1359
479,2683
1630,1757
355,2889
222,1265
1307,1933
737,2914
259,2069
1220,2142
384,2343
102,1345
2704,2870
311,1937
1306,2865
173,2235
2049,2644
612,833
914,2829
2848,3084
2914,3006
1896,2282
79,1195
632,2013
1761,1797
1685,2778
1773,1859
825,1155
2937,3158
232,2066
2178,2434
602,1607
2497,2706
180,1873
911,1571
907,2711
2057,2202
2019,2305
350,2732
1194,1370
1008,2113
295,524
1423,2248
1470,3029
524,1768
97,677
2600,2638
831,3006
2195,2907
25,927
1954,2432
2154,2565
357,3051
2540,3000
589,1284
2695,2940
824,2585
1484,2221
2844,3109
2843,3115
1347,3151
600,777
674,2372
1958,2421
1970,2957
1290,1297
2104,2487
218,1455
280,1502
529,2796
25,356
1187,2192
2669,3062
449,2405
1708,2613
2154,2680
1461,2445
978,1560
113,2990
926,2398
662,1396
2351,3132
509,755
196,3059
897,1991
11,1098
282,1078
966,2469
1330,1682
189,1803
451,516
507,1313
662,1606
444,2996
1110,2956
927,2262
398,2644
693,934
262,2682
2051,2332
536,604
460,1424
391,965
2380,3027
1176,1871
1893,2320
2776,3104
614,2239
2243,2304
378,1843
1603,2170
1137,1966
483,1698
1582,2429
523,1696
747,2907
661,2065
1047,2411
674,2138
1217,2927
424,1583
199,500
725,2525
1014,2272
225,1365
1078,1693
829,1210
1344,2154
1171,1874
357,1625
1938,2947
2306,2638
2795,2807
413,2460
2221,2624
250,280
685,1572
686,2268
380,1293
725,2630
2997,3155
636,2801
301,2040
945,1635
2886,2960
2238,2787
706,2714
695,2405
862,2487
1316,2488
238,1646
677,851
500,2730
294,2805
387,1071
1566,1752
1021,2345
70,1343
1110,3129
2135,2486
1300,1402
227,1166
15,1815
1958,2970
3080,3123
2918,3103
719,1961
229,1224
478,2890
419,459
1344,1902
1064,2565
676,1078
431,1961
1513,1579
534,2876
310,2176
1215,2927
613,2728
1430,2152
1254,2657
1855,2630
1545,2486
610,2228
662,2609
714,2489
559,1590
759,1856
1754,2434
504,2067
119,2458
6,3158
1511,2320
635,1956
1164,1294
712,1362
1647,3063
2554,2686
127,1673
2081,2508
500,2070
1720,1800
576,753
107,2463
457,2910
607,2205
584,585
984,1852
3038,3067
277,2952
306,1574
390,2348
492,2945
451,2016
446,1196
19,1841
846,2518
1252,1606
649,2429
218,1630
1582,1789
357,3062
1113,1497
1507,2800
694,1696
266,1674
1090,1937
36,637
723,3064
24,2408
922,2002
510,2289
715,1858
1201,1456
2087,2692
278,2643
2271,2934
2120,2949
709,2018
582,1235
915,2066
973,2623
1198,1718
1852,1908
1100,2102
44,1832
924,2564
1137,2421
38,2198
1472,1816
1276,2737
545,3081
993,2670
171,2907
861,1703
19,229
1230,1711
1174,2699
659,1041
1154,2121
1978,2735
268,1130
1051,1661
1430,2117
2614,3062
2,2393
96,1128
1743,2476
17,978
224,303
1854,3096
260,692
1196,2374
969,2879
585,1376
275,829
507,1286
356,2920
901,2996
1489,1719
859,1082
1047,1928
3,2543
1719,2959
1852,2236
448,1861
179,282
1971,2238
2437,2565
544,2321
32,3000
479,2206
1848,1932
1553,2096
921,929
382,1399
622,2755
171,621
508,2458
460,805
1163,1869
387,1222
1320,2947
973,1736
1413,2223
331,2330
601,2210
654,2873
1797,1805
1300,2655
2041,2054
2075,2912
299,3008
172,330
69,2853
478,667
874,1890
1815,2504
164,1726
557,2884
145,3132
993,1219
139,987
2221,2278
1486,2167
502,2087
669,2051
2240,2560
1840,2450
2805,2928
1160,1454
601,1642
1090,1320
564,2705
1562,2844
2549,2579
1084,2438
325,2177
2618,3139
531,1224
2619,2710
555,942
677,1915
948,1497
985,1018
777,1103
685,1189
467,2728
2131,2677
108,1180
496,2389
699,2522
316,1219
2143,3077
222,2547
1018,1051
333,921
269,3096
236,635
1583,2460
925,1586
575,1053
355,928
1429,1642
725,1520
1661,2853
1527,1994
931,1586
169,2308
817,905
2852,3101
749,1451
1398,2291
1791,2442
775,2189
947,1560
2714,2828
505,821
176,908
147,1531
744,2324
1300,1758
1501,2900
1215,2447
2332,2961
124,3078
44,1048
444,2979
733,2577
756,2502
2462,2875
2152,2735
1655,2092
2461,2653
428,837
911,2381
2240,2415
287,2530
699,1497
476,1276
1352,2635
376,1224
176,356
1203,1756
2704,2755
354,2430
845,1690
964,3119
1091,1341
2259,2475
721,897
17,1294
1909,2688
1052,3167
1827,2285
57,872
1013,2139
715,886
826,920
1451,3007
723,1648
1732,1854
589,2509
723,1014
2565,2906
978,1235
786,1561
255,502
959,2434
2692,3093
1183,3099
715,3141
628,930
1130,1316
133,1200
1623,1721
1868,2949
717,1095
7,2910
284,406
317,1659
1362,2811
918,1948
2317,3025
1739,2236
773,1484
2317,2960
1458,1790
260,2461
542,2395
600,2332
238,2237
655,2845
1169,2205
703,726
2313,2813
1731,2171
214,2254
1644,2027
552,1472
629,959
897,1754
90,3093
373,785
1142,1437
2071,2891
2195,2992
1564,1788
932,1210
835,2912
2257,2644
180,586
1014,3024
1048,2627
1276,1560
1752,2557
933,1420
259,2026
1655,2566
2215,2431
2145,2451
543,2056
2672,3097
269,2395
1399,2048
301,2475
1795,1932
750,2912
1932,3036
133,1891
1614,1709
964,1943
860,1051
1502,2840
1321,1334
74,355
770,1954
766,2040
373,927
990,1732
2142,2894
135,986
192,2999
1644,1734
937,2168
380,2437
359,1303
10,1288
127,817
2504,2672
911,1130
857,2200
2640,2840
444,2535
1313,1751
974,1761
2081,2461
885,2260
1170,1721
2915,3080
2040,2879
708,1052
468,903
17,3133
2115,2755
1514,2273
358,545
41,152
1401,1578
584,882
374,1183
2138,2201
832,1904
506,3058
453,1771
577,2578
2516,2879
2378,2902
57,2054
1310,2263
1749,1801
1029,2990
965,2795
892,1841
1890,3101
524,1476
1572,1989
372,2167
2658,2995
1336,1966
234,258
1703,2455
1184,2591
2077,2732
641,2405
1014,3006
142,943
1431,2276
1294,1301
2197,3040
2406,2648
997,2853
1515,2399
466,2829
1603,1855
576,2776
194,1529
297,341
1856,3118
1334,1610
2167,2195
662,947
202,510
176,2620
1873,2639
1853,2980
404,2535
260,933
329,2935
314,1103
1446,2136
402,2524
1202,2277
107,373
2150,3029
367,1472
1058,1502
618,2098
604,2927
2334,2686
879,1362
1414,1579
1474,2145
2809,2906
1942,2452
381,756
807,2977
1470,1578
102,2697
1176,2290
2416,2618
2209,2277
637,1382
1017,2798
1518,1624
504,1145
2931,3122
1284,1347
2512,2860
2061,2957
295,3083
160,1321
764,2802
2285,2349
155,729
1319,1793
2167,2318
1829,2608
2320,2914
2805,2977
779,2167
134,1858
2008,2878
282,2067
1485,1610
239,1841
1789,1980
1772,1823
502,1571
187,2884
200,1377
67,1372
2240,2545
84,2001
1492,1898
831,2012
1166,2852
1086,2796
1431,2633
702,2168
759,2321
185,1295
944,2018
380,1576
2338,3078
1637,2082
550,717
694,963
1198,2270
851,880
797,1437
1888,2294
385,2190
1732,1894
2014,2471
395,1398
278,1516
2064,2796
106,2456
393,1176
608,1552
2007,2796
1754,2704
1731,2632
416,2461
1632,2674
780,2163
483,1263
1943,3011
153,2433
714,1251
407,1025
508,2080
2625,2778
549,2865
798,1016
662,842
781,2069
966,2152
142,2616
1932,2895
281,1074
1308,1814
982,1972
79,481
917,1777
415,1105
1255,1324
2240,3103
1058,2935
7,3103
526,1872
1022,1181
697,1130
1606,2912
2304,2860
1170,2743
199,2046
1276,3088
1441,2566
981,2943
2421,2593
2783,3094
927,1785
158,3157
2853,2984
2242,2719
719,2534
2251,3130
1743,1872
1312,1317
365,2276
297,2142
420,2865
725,726
632,1265
164,1020
1536,2300
733,1583
175,234
3,381
2181,2534
297,1848
1061,1329
1265,2522
7,2815
816,1606
1295,1729
2539,2607
476,543
451,2632
1627,1685
1840,2449
2180,2469
2076,2671
1751,2534
2442,2482
932,2083
144,916
258,712
655,522
99,2790
1495,2608
1044,1203
829,1972
166,1753
554,2923
606,674
2399,2961
1887,2356
2985,3137
378,2939
1557,3131
1022,1572
158,1660
1848,2395
871,2139
1310,2398
1019,2352
960,2487
224,1955
1062,1098
476,1423
1108,1892
458,2709
536,2387
265,1210
1625,2341
1241,2384
44,170
813,1537
444,1897
435,1415
1036,2897
310,512
971,2008
458,1852
164,2421
255,2436
426,2572
44,500
321,1348
1424,2314
112,294
1756,2697
2417,2629
432,3054
356,1497
319,1841
233,959
278,2584
275,1350
1180,2665
773,1647
219,1213
577,719
1315,1749
679,2186
24,2790
733,1454
908,1864
1576,2976
780,1368
509,651
524,1682
2521,2840
1298,1423
104,135
1290,2259
948,1404
2134,2922
303,394
1,564
2276,2704
1343,1696
729,2644
1342,1951
1191,2195
1793,2748
68,258
512,2436
1086,3077
1897,2728
1716,1762
446,601
552,2871
766,936
1909,2002
1351,2945
816,1931
1042,2192
1947,2442
1805,2348
427,2535
1502,2025
1081,1841
1343,2027
1843,2688
6,2084
1173,2224
1673,2313
342,2958
1030,2891
65,507
1982,3005
1154,3033
2909,3115
878,1253
1458,3073
872,2597
720,2345
1557,2316
929,2398
1927,2692
1057,1128
1039,1789
1203,1804
1601,2952
1671,3013
1865,2046
226,2679
1546,2225
383,905
22,2353
3168,3054
1567,2663
677,2611
164,561
706,2081
2653,2883
872,2614
715,1049
819,1408
2854,2945
694,2460
837,977
963,1074
647,2179
2829,2834
1600,2514
1630,1640
52,1584
1572,2247
2463,2522
618,1143
1055,1693
1670,2994
1617,3119
642,3119
1118,1425
1872,2290
223,1756
1369,1583
560,2873
343,703
628,1722
2075,3157
2491,2800
681,2295
817,1523
715,2965
169,1271
255,2310
889,1067
382,1734
1493,3094
2191,3069
267,1645
1565,2560
2674,2954
2065,2860
960,2251
1858,2180
647,3005
108,2172
896,2582
717,3071
929,2914
794,2422
51,2568
2138,2627
1475,1752
932,2016
878,2870
420,2651
2151,2534
690,1933
2450,2928
2122,2593
2714,2722
2219,3115
555,1533
2801,2927
283,2427
2340,3013
92,425
237,2196
462,1038
1942,2058
662,2939
1591,1865
2835,2875
926,1196
1757,1866
1733,2138
1749,2924
38,3026
84,3082
2607,2692
1989,2914
1172,2340
2033,2348
715,2221
803,1674
1879,2491
550,712
777,1290
2007,2784
99,2891
504,2200
1263,2285
1724,1994
81,1341
357,930
2494,2919
226,489
329,2013
1290,2897
467,900
105,1019
2020,2557
712,1470
1037,1952
1454,2890
685,1958
989,2186
1587,2214
912,3133
435,2247
1314,2431
2556,2693
2001,2027
233,2263
1761,1762
1313,1691
1644,2435
563,2678
91,816
1402,2076
1303,2182
143,2092
314,1930
2497,2969
1576,2611
912,1192
1603,3074
281,2926
1662,2457
1198,2873
2618,2965
18,2561
622,2020
2186,2324
80,506
1242,1380
200,2407
1256,2453
69,2840
1052,1995
1943,2783
2670,2765
639,2051
726,2442
1031,2579
281,628
2241,2829
2346,2710
827,2719
483,1409
302,1568
1902,3152
1987,2453
294,2978
2850,3129
1561,2568
543,1699
155,2928
1703,2139
923,2847
363,2455
637,2016
647,2416
158,488
1938,2186
693,2531
254,1815
400,900
334,393
623,1014
314,1194
18,2210
2339,2669
1171,2288
38,1731
1154,1680
313,794
55,302
303,502
1213,1980
1029,2907
811,2427
481,497
971,1629
504,2508
1577,2614
269,2452
898,2207
670,1275
323,2844
1294,1376
599,1861
2170,2653
1613,1669
1568,3057
1842,2521
263,1202
68,945
1559,2324
1200,3103
2865,2937
308,677
435,1165
1633,2475
988,2641
1848,3130
453,2579
1855,2840
14,176
1110,2043
959,1876
297,2069
2186,2641
1454,2068
1668,1942
164,563
521,2484
1239,2317
601,609
1474,2184
139,1760
2277,2734
1834,1872
894,2018
286,1014
2824,2950
938,2625
866,2199
2174,2315
1020,1259
1058,2178
1841,2080
939,3096
1067,2767
926,1725
512,2914
459,1430
283,2313
1209,2516
106,2692
2012,3115
254,1078
12,2934
948,2870
1331,1597
1039,1802
661,2389
106,2080
612,621
2562,3033
1726,3098
1399,1752
193,1553
289,1137
1401,2031
1823,3006
2652,3136
55,2066
2709,3104
1643,3127
1894,3044
955,2242
651,2251
1584,3152
468,813
398,487
235,709
2565,3077
1016,2985
1513,2304
1294,1641
719,835
651,2281
2261,3002
274,2531
341,1507
1689,2664
464,1203
1415,2854
1425,2085
1430,2966
173,1355
407,2719
77,1224
295,1649
2094,2545
1292,2437
930,1637
1977,2680
44,596
2,443
715,871
127,1106
1594,1655
1335,2548
39,1797
28,842
1232,2619
1154,1535
2550,2613
2839,2858
330,2458
1025,2132
147,3151
374,2195
1921,2210
1887,2072
280,356
294,2651
2206,2611
1164,1647
1108,1257
607,824
992,1238
2529,2777
310,1716
2013,2270
1110,2151
1810,1977
971,2239
147,1574
2411,3013
332,2145
1153,2711
1876,2805
1048,2735
1171,2914
1399,2614
708,2848
1363,1423
617,794
777,1590
747,2779
2197,2940
1018,2865
1699,2183
1776,2267
765,960
1789,2813
655,1322
139,1042
1030,2848
1714,3068
868,2848
932,2059
611,1175
698,3103
668,2906
408,2068
865,2232
1553,3058
693,2949
1736,3132
2024,2072
1496,2966
1627,2300
36,1109
1840,2781
1074,1762
1089,2783
502,753
1084,2906
450,1060
731,2064
816,1720
649,2910
793,3011
2098,2511
920,1208
1339,1370
832,1727
1690,3003
633,1956
1961,2728
756,1851
314,1886
535,2027
380,650
537,719
1056,1758
958,998
1365,1552
102,259
1317,2100
2157,3129
2136,2938
2272,2273
274,479
456,1074
331,647
844,986
2009,3068
1618,2534
350,1217
2807,3094
1263,1794
271,583
1462,1975
2619,3085
667,1814
1412,1901
1859,2691
1020,1290
1908,2271
1182,1764
2460,2755
321,2845
669,1248
2122,2171
2772,2940
1489,3134
1050,2554
1684,2593
1560,1863
222,1129
1214,1276
859,2800
1067,3005
1144,2489
123,2778
1174,1826
1256,1905
1314,2131
821,985
1966,2122
846,874
209,1719
2611,2891
2102,2316
764,2566
266,2300
930,3025
1452,1454
737,2254
1230,2807
209,1576
126,739
1107,1939
1168,2641
2550,2625
540,2966
287,702
2205,2838
492,3098
416,1344
479,2514
2424,2953
258,1554
77,1309
311,736
1642,2714
935,2025
192,1345
152,1869
151,1552
1577,2122
1414,1853
993,3158
588,619
82,1419
508,2765
488,915
1330,2410
19,385
1736,3073
130,2787
158,3133
1738,2327
467,1758
311,1699
199,3050
1157,1841
1057,1288
613,2529
71,394
2055,2221
708,3005
106,380
817,2936
1296,2461
470,1367
930,2928
285,2779
192,943
86,583
17,1113
2772,3063
882,2277
209,2397
1641,2805
176,2787
2955,3055
733,2966
2592,2923
1771,1772
1924,1965
1139,2456
955,1036
987,1319
1959,2599
1045,1475
1640,1805
111,276
693,3144
211,556
2231,3056
878,997
2417,3063
754,2268
1320,1794
1632,2609
1726,2157
510,1178
1734,1965
172,2772
584,995
1554,2049
2431,2961
1720,2761
1596,2097
600,613
2279,2638
2281,2340
934,1128
2102,2218
500,2650
2232,2969
403,1534
15,2184
956,1189
0,680
1244,2470
1924,2369
1470,2632
1547,2352
942,2252
1163,1992
173,2205
401,706
1907,2960
1667,1942
732,2353
1901,2907
1395,2988
1711,1975
1497,1788
2950,2968
428,2619
267,1994
797,2711
1182,2058
1802,2865
818,3125
2328,2461
363,985
2421,3033
1558,2324
1380,1393
512,2951
715,2179
0,2104
1422,1856
437,1051
52,1314
139,2440
2200,2206
135,1366
467,1048
1348,2904
1550,1856
1815,1865
2461,2680
1548,1569
981,1424
834,2099
633,2263
1291,2209
1278,2334
1607,1625
1019,1381
2415,3065
639,1513
866,1459
897,2984
1384,2504
340,1992
2441,2854
2456,2478
25,1923
170,947
2480,2783
300,402
1774,2134
2084,2135
224,1929
1423,1938
1840,2906
1504,2042
2291,2854
1340,2847
2357,2998
1842,2737
702,2290
2790,2998
1158,1752
710,1184
1576,2279
1213,1244
475,2320
933,1606
1256,1408
1407,2613
1472,2215
2226,2333
791,1931
393,1213
1660,2372
1321,1597
756,1831
462,1003
2187,2488
253,1931
2908,2979
2494,2824
512,2731
2281,2657
1072,1657
1385,2376
183,2540
977,3093
1330,1407
2854,3133
947,2028
2365,2449
1577,2777
111,570
15,2901
868,1762
394,2203
794,2428
86,2462
1781,2298
221,2977
229,1469
2327,2802
2273,2669
355,3025
2356,3058
1339,1716
1474,1596
1138,2476
544,896
833,1160
1749,2847
954,1244
685,2068
561,993
278,1594
502,2672
1844,3063
2632,3000
631,2683
1618,3004
450,985
180,2966
2833,2956
610,2421
1250,2949
662,1632
24,759
260,2116
1759,1975
512,2873
367,2767
753,2802
1112,3003
1582,2241
898,1267
512,580
1162,3156
2200,2408
791,1583
1724,2052
860,2254
257,3151
192,2722
674,2445
988,3026
1851,2579
1633,2874
289,1203
1096,3143
1575,2347
1364,2448
2264,2291
1690,2475
763,1860
401,2102
467,3167
1153,2206
447,2692
1782,2684
1716,2952
151,1513
915,1381
948,2421
2138,2358
1738,2443
2514,2618
2440,2589
1715,2734
1903,3158
767,2848
415,2787
1821,2208
17,602
1761,2066
617,2372
939,993
306,2846
1695,2445
1381,3008
2504,3021
386,1028
1339,2734
1784,2955
2197,2496
861,2173
861,1165
1169,1224
3092,3153
901,2923
1192,2862
51,362
1632,1649
1449,2281
1664,2399
1542,1835
440,935
1112,2215
199,745
1640,2509
1036,1346
2133,2597
2267,2683
1406,2684
381,2556
7,1343
12,1347
1618,2625
1344,2982
932,2404
686,3123
2467,2638
1052,2215
1048,1937
693,1835
792,1954
1051,1810
686,724
266,1711
1089,2299
900,1942
1005,1977
448,460
2856,3111
777,1465
1194,1754
1396,2274
404,2213
2346,2631
862,1632
1576,1841
570,3055
1540,2398
935,1073
975,1724
275,1940
1540,2254
2167,2610
1598,1984
1630,2278
2111,3097
1894,2372
662,1307
1006,2825
816,823
1615,3088
1334,2354
310,1647
2796,3056
2782,2931
761,2688
2572,3134
2052,2665
239,2923
86,2521
395,1190
476,1050
139,1583
34,972
192,1218
2122,2434
276,1141
1365,2508
223,1257
1287,2648
855,968
378,1462
1295,1296
1224,1478
1130,1691
1396,3010
431,2831
1954,2357
147,926
989,1883
218,1314
564,2962
44,953
748,1704
2516,2851
436,2584
650,2683
987,2796
1879,2084
777,2579
813,817
352,734
2263,2684
347,639
479,1534
829,2095
2291,2602
61,882
770,2046
926,1662
2518,2865
790,1126
453,2332
723,2414
644,1217
344,1540
757,2769
1762,2959
500,1577
369,835
463,1174
782,3072
1031,1398
1632,1650
999,3125
647,923
893,2550
25,1342
550,2438
1328,2022
939,2278
116,2085
585,2574
532,1702
170,1742
858,1140
12,2115
621,2374
1154,2705
734,2254
1815,1836
1230,2619
858,1289
471,1465
1756,2019
159,224
609,1907
843,1649
644,1933
561,1680
394,1573
939,2490
628,2190
2514,3162
908,1966
1194,3118
1565,1825
650,2800
1790,2476
846,2240
1840,2326
967,1187
295,1692
103,1031
488,2162
2404,2445
218,2679
1950,2951
1726,1849
1994,3136
2632,2692
901,3136
790,3100
1474,2018
1080,1899
552,1018
99,1879
1794,2463
577,2273
1660,1924
648,1568
945,2180
1680,2448
269,3007
2154,3100
669,1333
448,2017
1255,2695
798,2437
2611,2639
462,2112
650,1426
1829,2232
955,1214
2278,2876
988,1886
2193,2450
477,995
1637,1726
1820,2557
748,3041
1316,2871
192,1981
1788,2254
494,2955
2007,2721
474,1109
785,2313
693,1837
408,1954
2085,2996
1071,1805
1762,1907
862,2590
817,2425
782,1682
280,964
679,689
259,373
1416,2986
929,2175
1060,1129
268,937
103,2627
2919,2960
1346,2302
729,2794
851,1615
1003,1780
1905,1956
2281,2653
1823,2778
623,1263
2590,2854
332,1112
1774,2660
258,1412
222,347
1052,1156
1171,2691
1758,2199
1870,2924
1520,2461
2824,3084
847,2868
378,586
10,1879
2286,2669
1305,1774
693,2569
1065,1855
706,2588
1484,2625
2549,2641
677,2009
299,2118
977,1969
2160,2602
564,2218
2096,2378
1525,2952
503,1089
1358,2155
311,1550
1493,1848
1476,1887
150,1047
379,2455
2379,2214
923,1931
376,2054
55,1484
340,792
2160,2721
1249,1381
622,1174
2180,2295
218,3095
494,2874
1016,1721
853,2444
1158,1840
1431,2244
483,2570
489,2016
1451,3012
919,1613
1250,1569
1288,3062
632,1363
1550,2943
395,867
2514,2592
609,1741
229,1208
51,487
2224,3101
234,995
1209,1858
1175,1578
171,1899
196,1444
463,1003
382,2494
321,1752
2957,2963
295,1074
407,2832
237,2952
90,2539
736,3085
2445,2813
1853,2001
756,1691
1429,1540
543,881
1899,2265
383,1131
1756,3055
1074,1536
168,813
425,1397
238,489
645,2190
1797,2857
2271,2914
406,1476
1162,2471
2447,2845
349,2308
68,242
335,2786
1324,2491
1676,2002
239,1855
15,1244
811,1455
2024,2353
487,1406
218,282
479,1240
375,721
827,2018
1871,2372
2582,2682
1325,1384
143,2138
172,1074
17,1051
1073,1564
476,1209
960,2178
1443,1946
13,1563
284,2457
258,2598
1513,1915
1291,2602
36,955
400,2594
1456,2300
617,1599
1004,3031
649,2295
109,235
2411,3078
2120,2792
1826,2264
1465,1981
773,1802
1248,3064
2112,2154
1574,2311
1216,3151
465,1177
2257,2414
2913,2956
633,1921
1142,3105
973,1874
913,1890
559,1528
832,1255
1017,1255
1351,1601
1105,2577
448,2996
1109,1413
1741,3132
1230,2404
1437,3158
956,1739
944,2345
1924,2660
465,1336
144,222
985,1128
1259,1348
2384,2614
1061,1314
974,1617
929,2931
129,833
1355,1756
791,2938
378,2072
2012,2493
1287,2879
1424,3075
234,1942
576,3015
474,536
2829,2979
2271,3137
1739,3054
1853,2805
446,1905
385,1382
500,1659
1674,2225
1037,1406
2738,3063
306,2472
1271,1468
667,1991
171,2956
1917,2514
443,3011
1149,2883
500,1019
1873,2953
345,1893
352,2201
909,2885
2115,2842
153,2670
1138,1215
94,781
1196,2071
2324,2479
868,3026
959,2384
1246,1859
672,911
1724,2139
478,1164
1359,2551
942,2619
1602,1890
173,1357
481,2489
695,2431
757,2145
2257,2400
992,2122
145,2994
1995,2726
547,583
1935,1978
1198,1967
407,2173
1380,3038
629,816
1409,1929
232,1559
1501,2355
6,2349
785,3098
857,1489
955,1225
1574,1590
1557,2293
750,2674
2124,2177
1552,2530
1590,1637
630,2292
1156,1842
1560,1711
679,2673
1118,2941
1128,2945
1955,3130
588,3058
610,3158
314,3156
1436,3007
1408,2667
2563,2796
1171,2356
444,1855
2305,2555
1501,3024
824,1431
185,1103
918,1425
188,2940
835,1729
561,3105
1289,2710
1174,1933
1214,3104
1203,2249
7,1583
1300,2728
2931,3073
2924,2980
168,591
321,556
1689,2854
176,1652
1332,2678
2282,3063
192,872
494,2315
1764,3068
76,402
1292,2712
374,1699
189,358
1865,2384
834,1427
667,998
222,1810
1827,2199
521,2476
2118,2852
1317,1898
380,2738
629,2184
1685,1763
258,2954
341,408
2040,2638
586,1907
1089,1499
758,889
726,998
172,654
528,2022
1511,1569
1885,2684
342,1868
818,2452
1884,2897
1058,2408
106,2945
142,2474
1174,2349
100,858
927,2693
444,2073
917,2865
1625,2340
199,1552
993,3033
1907,2284
145,1459
3165,2248
733,2970
2408,2688
1837,2626
350,2850
104,712
1646,2225
218,1970
222,745
1370,1465
1224,1304
931,1853
259,2632
2176,2682
2440,2988
2200,2939
494,3153
1956,2616
698,2992
914,1053
555,1553
332,1455
230,1217
629,1138
337,394
2274,2850
1901,2143
2939,3054
1661,2652
1616,2551
398,2951
153,729
133,2924
1218,2302
223,1739
936,3167
1857,2472
2084,2861
2094,2950
1247,2287
2921,3015
380,1946
280,282
79,2839
1555,1719
1155,2437
1749,1802
1938,2986
582,1578
646,2534
221,3152
135,1100
331,2254
229,1611
18,1316
859,2083
104,226
222,2115
286,1805
18,1558
1401,1422
835,2846
921,2627
620,1349
2203,2423
1496,2032
2776,3080
128,2422
336,2595
685,1424
476,2669
764,1700
2159,2883
2421,2739
514,3048
187,255
2044,3136
1987,2369
401,1591
2077,2611
798,2198
316,1842
585,3119
434,2437
2197,2356
1475,1568
235,938
648,1382
497,1794
48,948
185,992
1058,1939
260,798
52,668
2442,3108
263,1394
1158,1668
975,1215
2273,2782
248,2828
968,1397
927,2225
508,1561
2176,2407
1203,1328
38,111
443,2644
316,1954
2799,3066
1578,1678
74,229
506,3131
1129,2274
1375,2022
721,2712
2183,2209
1579,2892
126,934
365,1583
384,502
829,2995
1394,2200
780,3008
1495,1540
897,1025
189,857
74,2191
1216,2528
1490,2852
193,2489
657,2787
2286,2907
2633,2855
2722,2861
1964,2965
1442,1721
935,1948
775,1192
209,1050
102,2430
785,1566
386,2966
826,1720
1143,1665
690,1347
1503,2432
881,2122
1587,2497
1572,3139
1554,3104
931,945
2787,3134
1451,2529
1313,2167
363,1628
1230,2222
177,1140
2055,2820
588,2400
415,1328
734,2423
1290,2674
1075,2907
479,2984
684,989
869,1827
1475,2632
1734,2046
1291,2609
1490,1492
2308,2384
406,1288
336,1526
591,2659
379,1130
1314,2324
1631,2122
2343,2590
1582,2703
612,2683
1785,2304
580,1971
622,3129
1029,2411
30,3073
1489,2534
235,528
44,710
382,2069
550,3009
564,1841
444,1902
383,1702
766,2138
2215,2273
424,3041
119,2959
347,878
10,763
44,1401
4,2449
1072,1511
208,429
2063,2428
540,2133
807,2941
644,2040
2143,2895
710,1489
1296,2281
908,2209
1181,3133
624,1109
1562,2304
2093,2738
400,1407
608,2263
785,2437
1903,2779
715,1377
504,1764
285,2413
210,3151
466,1755
628,1921
169,2649
332,2306
1052,1811
1531,1649
2198,2669
1058,2988
2052,2099
1633,3155
2691,3151
171,2274
1860,2979
367,1014
227,2722
1789,2076
344,599
90,698
542,2679
1890,3100
1709,3002
184,2895
1188,1209
1255,2533
609,948
1418,1891
579,1246
1644,2411
2183,2616
2402,2922
648,1924
237,926
1450,2965
958,1764
1340,2183
1992,2507
1263,1878
860,1171
230,1129
2160,2597
861,1129
934,1263
1624,3008
1039,2031
1501,2989
1244,1350
350,1872
72,776
1168,1970
1063,1384
882,1195
693,1903
508,1631
2115,3096
2226,2895
1694,2784
1395,1741
2122,2321
68,2516
672,1339
406,2692
1831,2844
729,2796
105,1958
425,2779
333,2534
1630,2892
2549,2950
107,1310
2271,2534
237,1758
1176,1766
978,2373
2155,2912
232,358
2380,2603
1511,2012
1018,2320
1038,2533
492,1667
1021,1171
801,1599
911,3096
606,2938
2065,2790
2540,2810
868,2097
1005,1677
801,2954
1980,2460
356,3055
232,1265
470,667
628,1375
1366,2274
287,1062
165,3073
223,2883
1978,2830
282,647
590,2168
651,842
905,3051
65,1598
952,1143
2302,3151
654,1291
2272,2379
1394,2102
934,2375
1292,1802
1473,2213
394,864
1370,2092
391,724
1188,1821
1837,1949
619,2411
1196,2591
1840,2969
99,428
1831,2365
2066,2778
2776,3056
2299,2535
1969,3145
197,923
1805,2032
286,2790
1897,2679
113,1048
172,1769
110,1522
103,1080
402,2871
512,1594
865,1164
880,1105
203,3133
986,3125
374,1641
689,2493
694,2559
1706,2496
1894,2472
2562,2564
2679,2830
476,2950
1100,2625
1339,2997
317,2239
2071,2895
1175,2849
2245,2317
856,1189
294,1895
150,1294
2559,2605
1834,2847
1640,3071
1481,2921
1332,1741
927,2904
1183,1864
2174,2883
2286,3007
2883,3083
1348,2223
697,2770
563,2839
452,934
2893,2980
230,1841
2735,2908
151,577
414,1838
335,2416
1529,1923
1932,3015
367,2151
133,1181
373,2476
1642,3161
511,3131
2431,2927
2710,3015
2082,2631
1288,3119
706,1905
1611,3039
1943,2152
553,1129
324,1089
1377,1782
2346,2836
1042,2652
547,2546
1165,1371
53,1740
710,1802
2277,2871
1568,2219
1408,1758
597,1739
2490,2517
1381,2167
1811,2581
489,1137
2926,3051
666,2407
1290,1306
926,955
445,2906
2001,2410
739,3031
1153,2286
1244,1624
5,2564
964,2408
1306,1339
1844,2772
1872,2245
1902,3101
215,380
1247,1890
623,684
1046,2825
632,2600
1636,1642
1613,2396
2651,2907
1813,2611
1065,1635
402,1282
1384,3151
987,1529
782,2798
424,2491
1173,3161
1266,1787
1790,2796
1729,2014
239,2631
1310,1946
684,1755
1604,2728
1040,2639
849,2931
1074,1582
378,1634
1151,1444
188,824
686,818
604,801
1294,2514
685,1324
1648,2304
759,1217
363,2848
123,2653
837,1935
1634,2261
1698,2828
3007,3045
2973,2996
308,383
1901,2327
1265,1447
262,2174
281,864
777,1213
1176,2248
393,631
1879,2958
17,2617
17,2655
985,2963
934,2215
1685,2804
96,2958
1146,1846
1501,2503
95,3144
282,2873
1959,3106
1365,2648
25,1735
612,1169
402,1348
610,613
1153,1763
2894,3069
932,2557
978,1771
1014,2359
1022,2182
676,2473
2363,3158
1209,2055
1788,3068
799,1041
1756,1871
1732,2919
284,2525
1002,2113
1192,2543
729,3081
740,1243
1058,2096
693,1743
1907,2675
1752,2165
1878,2796
2503,2811
382,966
380,2941
1136,2928
1634,2338
515,2142
357,835
1533,1988
801,2527
1128,2511
84,1533
2122,2953
699,1365
714,908
25,755
1425,2049
1665,2461
1745,1852
1249,2966
1200,3069
127,2833
1954,2561
1018,2659
703,1838
1625,2787
1649,2064
755,2055
1287,2083
1293,1416
2235,2971
352,2855
138,1265
1263,2317
234,2052
657,925
921,2504
902,1377
258,467
38,2885
2122,2337
164,3152
286,398
837,2195
1613,2450
2555,2706
330,3158
772,2444
340,1409
71,1297
200,3092
1250,1671
61,1948
411,3144
476,1332
219,2349
1114,2451
1769,2170
669,2848
15,1018
939,1612
468,1842
729,1539
104,395
1366,2097
1020,1479
380,1746
2154,2288
234,1739
17,2737
529,2579
1968,2871
1668,2659
44,2188
524,2846
2460,2710
2629,2721
727,2409
650,2189
1474,2598
2240,2800
872,1436
1208,1218
208,1732
1169,2402
702,3003
504,974
1449,1706
1254,1399
472,1561
1578,1721
1598,2055
501,3131
878,1749
2415,2823
939,1036
1453,1885
1071,2023
1531,1831
1927,2228
739,1793
2014,2413
1165,2815
1841,2976
1241,3168
680,3131
17,1176
28,684
295,1451
1418,2442
2850,2959
147,495
1512,2463
1675,2940
2114,3029
508,1294
986,1642
1540,1671
1884,2776
698,2234
626,1252
408,1815
1991,3158
1784,2632
225,1512
1650,2514
190,1375
1115,1868
424,1740
12,411
289,1759
1835,2954
74,2271
460,2589
178,1205
1674,2805
3085,3146
676,1975
139,330
94,284
2161,2255
447,577
1954,2807
1915,2848
226,2066
1900,2234
698,2365
2102,2722
1224,1594
154,1273
940,1063
1723,1864
1932,2142
2369,2892
860,2922
474,2776
1218,1246
1470,2085
585,2969
514,2176
333,1640
2059,2956
99,206
1153,1594
684,2496
985,2670
215,1288
1614,1959
374,2487
1276,3062
38,2018
479,917
244,1715
2464,3089
2211,2499
102,811
406,2951
129,1655
1156,2221
385,555
1315,3151
2279,3023
1790,2159
1447,1915
693,2444
1758,2099
1216,1689
1333,2251
1169,3063
1657,3054
702,3126
2414,2427
203,2638
1866,2878
1442,2504
860,2224
2052,2349
344,1649
1154,1664
1832,1977
1100,1557
331,2233
1720,2273
816,1646
902,2046
1895,2551
106,2354
1024,1701
297,1980
2617,3158
405,1447
1855,2034
389,900
729,1216
1231,2272
315,2554
726,2185
2790,2854
179,2542
504,889
100,239
1671,3024
1100,2702
733,2534
1431,2950
1536,2304
197,3080
676,1136
1971,2900
2328,2372
781,1970
398,2603
618,2456
100,2927
985,3161
14,292
265,1365
813,1843
2049,2295
1504,2704
2272,2299
350,2494
2597,2979
1715,2295
1151,2692
1641,2184
506,2730
458,2643
218,647
2083,2141
2706,2805
2680,3071
1141,2735
593,2102
250,448
785,1449
287,2230
733,2680
449,2226
105,2187
192,2278
1449,1454
1182,1739
822,1688
531,1985
1864,2960
1741,2113
1951,1973
501,2181
1095,2958
693,2813
1406,2308
2098,2367
679,1766
1668,2706
496,661
491,2396
1922,2266
531,1181
917,2668
2055,2928
1409,1825
415,3115
280,1047
362,945
193,1840
964,1667
277,1306
1698,1894
275,524
957,1203
1100,3151
2352,2955
978,1530
2,1802
1349,1629
698,1180
811,1303
2214,3068
2310,2448
811,3093
1382,1895
1038,2605
2071,3011
2053,2071
2102,2958
1671,1902
1475,2338
720,2183
1319,1726
723,1139
611,1449
1581,2476
936,2547
11,733
934,2196
1174,2082
280,794
584,1739
1758,2695
2305,2907
1761,2173
951,2199
1165,2271
274,1929
1217,2815
385,2956
1721,3112
1527,2095
911,2157
764,1020
619,993
1181,2363
1176,2617
270,2183
273,963
753,2263
660,811
2376,2569
19,284
81,957
253,807
167,336
1176,2850
702,1248
709,1381
1112,1229
1577,1715
1256,1591
2324,2522
2825,2992
1128,1946
2457,2578
452,1961
588,2309
1954,2605
271,674
230,2082
1513,2254
1855,1975
400,3157
834,1794
1940,2680
1055,3151
911,2910
2236,2604
1833,2533
1632,1739
2327,2998
951,2597
145,994
968,2599
1613,2893
515,658
2120,2232
2446,2460
777,898
1403,2968
846,2198
901,1060
860,2437
2167,2593
1611,2308
532,3154
585,1992
313,1063
1556,2215
95,1802
1230,2012
633,817
545,1568
3100,3119
1595,2868
2378,2849
671,777
1063,2252
415,3013
1796,1899
1423,2378
1168,1330
1014,2381
1402,1476
350,1667
329,1538
753,2058
102,2179
2856,3019
1089,3094
1261,1448
427,459
552,2878
1996,2993
2076,2740
817,918
197,2518
1071,2284
647,3151
450,1916
446,1638
715,1241
285,1024
921,3082
1993,2461
1114,2191
3129,3157
1711,1932
712,2161
1140,2737
1164,1674
316,2966
915,1662
13,2094
347,2958
2957,3158
715,2822
129,1215
1184,1908
72,2988
1369,1885
1060,2836
504,1774
293,1855
987,2957
2635,2772
780,2652
433,1055
1451,2504
635,2658
2475,3005
407,527
6,591
479,2408
344,3093
224,2007
474,794
1174,2848
1579,2461
813,2673
2195,3071
1294,1818
681,1137
239,2456
978,1407
760,2728
68,158
381,2893
7,2036
723,2801
2020,2120
1404,2772
2561,2570
2468,3027
2,1058
1110,2884
356,1781
2083,2632
868,1476
522,1078
943,2308
753,2941
506,1351
1263,1840
1047,1870
1154,3043
900,2471
2655,2949
611,2002
1420,1558
333,2531
690,3133
129,1716
902,1616
1869,2610
917,1290
984,2434
335,2558
1823,2998
2135,3071
271,1992
2819,3100
967,1183
2802,3136
776,1994
285,523
509,2524
2883,2961
2304,2783
2277,2783
259,2495
1343,2400
141,2309
663,1616
102,2721
119,2556
723,1223
613,1217
179,766
514,773
699,923
1892,1939
1591,3029
188,1139
379,975
651,1029
733,2665
1842,2783
1168,2633
94,245
1605,2788
209,1767
1344,3098
544,2235
1156,1332
107,615
420,813
1333,1525
444,523
1181,1348
157,2277
581,2617
2915,3110
634,2190
793,2428
1625,2732
869,2504
93,1489
1472,2680
2018,2914
285,2136
102,2738
833,2909
1714,2504
15,554
235,1978
232,1025
1613,2040
2423,2549
577,1305
937,1935
350,1041
637,660
953,1288
1576,2051
422,1751
266,1860
500,2390
1118,1295
263,1961
1449,2854
1423,3083
940,2293
1574,2228
1503,2145
691,2856
2251,2560
745,2937
505,1975
1976,2185
1902,2098
237,2016
1961,2610
2069,3132
723,1236
483,1510
1169,2077
857,2627
494,2017
1024,1946
1629,2404
164,285
816,1209
659,1437
497,2597
2847,3059
1265,2397
768,1383
498,2075
395,2053
1034,1831
177,323
1157,2884
59,816
981,2049
1574,1694
139,1857
1549,3151
1538,1985
1711,2463
175,1003
233,2923
218,899
980,1330
263,3143
1448,2811
1529,2907
1189,1255
1643,2985
1841,2987
1952,2679
1105,1576
857,2203
2372,2938
1875,2851
1476,1566
269,2030
1118,2551
2123,2605
2018,2019
260,1047
1195,1408
670,2298
170,974
1614,2874
869,2890
555,901
153,1589
99,3086
1933,2947
1949,2402
203,2471
507,1121
150,1492
1479,2039
383,2569
1951,2607
344,2372
1328,2610
775,2473
1913,2871
322,1594
1650,2337
1384,1823
1155,1661
505,759
72,1582
1192,3000
1931,2782
347,1911
1476,3064
282,1714
864,1808
71,2267
1972,3132
339,1676
52,1552
332,866
2545,2843
516,766
1096,2503
593,1887
2614,2782
185,422
2198,3039
27,1749
496,615
2357,3063
842,2767
781,1886
355,495
1225,2372
452,1327
51,1712
1342,1424
1247,2803
119,1582
1104,2895
2,1608
1661,2232
558,2503
474,2317
1516,3082
440,2638
972,1243
2136,2151
671,1031
1707,2722
349,1180
1805,2807
380,918
2921,3128
790,1519
1615,2019
511,1709
394,1155
732,1213
1197,2550
2098,2712
1045,3096
1317,1562
1859,2488
878,2593
203,2678
776,2998
1899,2907
637,2504
1865,2534
1661,2722
633,723
140,297
2320,2855
398,1509
197,536
224,708
1970,2065
1036,2992
192,963
1935,2589
1376,1732
575,2728
2103,3126
8,2873
423,2805
154,1108
109,822
1513,1928
951,2619
777,2136
1441,2885
1449,2811
1768,1837
500,1591
931,3119
2653,2795
333,2096
316,2755
1654,2473
1650,3131
2190,2490
303,469
759,2663
2344,3124
1115,3146
417,971
1042,1886
1860,3102
2300,2767
74,847
878,1105
1047,2508
766,2369
349,3084
511,2906
1219,2046
1003,1572
590,1702
1563,2069
1980,2461
335,2458
2167,2641
2380,2649
2007,2326
4,1098
1961,2664
177,2781
618,2921
222,2472
12,1835
634,1295
588,2131
2161,2938
1172,2873
1732,2843
718,1841
1644,2945
11,2963
2019,3036
1787,2293
113,1190
1240,2240
1180,2063
504,785
958,2339
1699,2456
1528,3025
1052,2591
937,2737
269,2398
921,2703
1810,2564
926,2639
1599,2956
374,986
2781,2967
458,1115
1217,1623
258,1760
1168,1213
36,901
791,846
66,1602
576,2291
453,2990
1199,1859
1348,2002
1454,1808
1131,2002
1570,1841
1550,1771
151,1932
344,600
2947,3044
1157,2340
1848,2109
250,1481
2172,2992
564,2918
359,2145
650,1215
1443,1859
1329,1837
316,1586
682,2504
277,674
446,2278
2080,2267
350,1741
1669,1811
391,459
1135,2233
1625,1796
1265,2850
402,1822
1197,1904
118,3100
674,1820
811,2979
1890,2347
1163,2271
615,2908
2443,2922
1657,2294
469,2198
543,2438
744,823
1838,2061
1060,1768
2557,2904
2593,2684
2165,2741
2778,2886
1965,2945
2,161
321,1709
1371,2277
96,2061
937,2999
2040,2421
413,1099
2514,2954
2008,2432
278,2355
188,932
39,134
702,1358
943,2874
0,1099
514,753
1249,1740
1172,1898
1164,1244
1284,2437
335,2950
1078,2554
1162,2424
94,1128
373,446
123,1183
224,2578
1582,1594
453,3137
402,1377
1363,1456
2648,2984
1114,2493
12,2023
286,922
2040,2076
657,1594
1191,2807
1486,2616
2150,2951
2203,2232
199,1937
1036,2534
3063,3095
607,2378
2263,2800
583,1078
25,978
3111,3160
437,2402
219,2770
193,1150
638,1029
1848,2123
238,3161
612,615
1854,1855
1007,3026
701,1729
685,1749
814,2286
898,2330
776,2625
1572,2221
386,1858
674,988
2024,2064
469,1994
1408,3125
2578,2655
1110,2773
61,2629
2113,2688
64,159
71,476
949,1295
2671,2870
173,2186
1977,2345
872,1665
362,686
1934,2614
223,2956
145,978
712,2928
929,1773
130,275
1542,1702
306,340
1884,3136
2278,2772
2223,2904
414,1972
577,2745
274,1674
1027,2356
678,1578
662,2033
332,2057
550,2952
1096,1586
1624,1746
1095,2954
2430,2590
13,2008
203,2557
322,2308
1619,2473
729,1153
820,1557
848,2301
358,537
2679,2868
992,2953
269,1627
1373,2921
916,1802
2511,2732
814,1168
2397,2709
2598,3155
44,2295
1558,2728
915,1319
286,732
710,1823
1355,2262
1052,1774
1939,1951
2205,2349
927,2204
310,1708
2566,3084
886,1841
2295,2680
1203,1285
699,1638
108,2254
649,1848
2291,2632
968,3121
2245,2938
1726,2557
456,2174
123,601
3,281
2954,3157
310,967
1517,1736
2263,2594
2825,3080
440,2264
848,2359
95,2163
862,3114
3,1544
552,2885
483,2199
19,2516
1475,2007
1241,2781
537,1802
995,2190
861,2402
214,874
679,1521
479,2369
1061,1979
1340,1473
1233,1472
801,2914
763,2852
1297,3061
636,1005
1283,2215
618,1230
667,1665
1595,1815
1887,2472
2189,2889
2890,2950
1014,1051
478,2893
2450,2767
103,1422
1706,2103
99,2890
698,2691
1355,2205
176,2055
1415,2317
110,749
1310,1348
1993,2938
611,1401
915,2076
564,1612
556,941
224,3095
169,2868
642,2922
297,1268
1240,1563
2171,2588
328,2939
1142,3121
1153,3133
820,1886
3,1123
79,2486
2080,3124
1422,2815
1736,3129
2040,2669
99,1875
1083,2539
2819,3158
1128,2995
1086,2172
645,942
435,2001
474,2112
1959,3151
1659,1810
2233,2867
1607,1637
172,1199
1531,2184
2251,2421
1022,1660
171,2328
136,797
1472,2577
1742,2104
511,1836
352,1628
1610,2755
685,1312
1731,2142
644,898
1146,3011
276,1563
1176,2514
908,1837
2822,2977
1,2072
394,1231
2147,2975
800,1602
170,415
1164,1478
100,352
977,3007
1104,1769
1490,3077
1568,2533
17,2145
1513,1977
1602,1905
2068,2287
462,1370
379,497
676,1039
509,1034
924,2399
1864,2270
2098,2135
1236,1757
715,3027
860,1561
61,2643
1154,1162
381,1365
854,2709
959,2959
1194,1769
1805,3130
80,2572
816,2945
1766,2934
669,2439
437,1239
987,3099
877,1074
1933,2977
1734,2017
1155,2691
1742,2492
12,2279
932,2518
1409,2536
378,1680
967,2012
1370,2993
94,2588
584,1895
2108,2119
1210,1741
833,3111
1270,2027
258,804
119,761
1823,2993
134,478
1051,1142
1720,2764
637,1305
901,2679
2077,3027
164,2522
2511,2954
1761,2862
994,1585
263,1616
123,237
1903,2281
720,1694
428,1853
2147,2639
414,1523
993,2965
1187,1836
2726,3085
1749,1938
1784,2546
2407,3151
164,393
105,2499
2238,2937
889,2632
172,1146
694,782
210,1713
1138,1742
2688,3071
1061,2760
1503,2019
1382,2660
178,1813
860,2836
417,1330
1245,2077
16,776
187,1723
218,2705
352,1984
1552,1789
334,1263
529,1284
294,1891
742,849
1442,2563
2344,3118
1948,2957
275,2283
2208,3023
707,974
1332,2449
492,647
162,2180
376,3122
2442,2939
811,1747
1163,2457
453,2931
2557,2732
1854,2578
429,829
1187,1693
428,2897
524,1667
1331,1955
1470,1734
383,1699
2321,2893
1501,1525
918,1155
176,500
2447,2623
176,2108
299,872
757,2046
1774,1928
476,2444
180,684
1540,3061
2372,2398
993,3096
51,2436
2254,2619
743,2666
1187,2557
1298,2870
1057,2875
860,1461
593,2182
2,2016
543,1732
320,1952
540,2516
1694,3124
630,974
2200,2721
1067,2183
375,2406
2514,2908
1568,2606
2059,2913
1306,2938
348,958
2363,2504
934,2824
916,1748
1348,2779
1698,1907
540,3133
898,987
2798,2906
570,2549
1075,1637
448,2338
2027,2796
835,2961
1183,1355
1189,2371
1032,1724
693,1052
1321,2431
260,2755
821,1197
1668,2962
227,1803
1213,1834
1978,3133
342,1913
1217,2332
2618,2707
2533,3031
1057,1131
91,3056
1218,2939
1263,1863
641,1017
923,2174
2956,3117
2852,3116
462,937
1160,1334
1923,2223
998,2728
2201,3026
302,3121
924,2674
1416,1735
168,2605
2042,2157
1861,2541
2504,2870
395,903
1304,2122
861,2711
236,1831
540,2160
1935,2145
1930,2998
995,1332
1005,1644
380,1972
188,801
2337,3156
209,2183
1128,1704
15,649
1080,1590
208,2321
1793,2194
1605,2332
1840,1996
951,2600
1444,2682
1095,2440
836,864
282,954
25,1499
104,492
1489,2415
1848,3044
2027,2245
322,3121
1215,2895
278,2268
763,2854
928,2362
679,1264
1188,1375
163,1752
287,2315
1984,2232
613,2986
1034,2846
402,2227
1206,2069
2057,2625
2413,2503
2565,3045
545,921
119,2664
2367,2848
1840,2853
99,506
726,1539
1230,1811
71,3137
589,1645
515,2236
1791,2317
3,647
1674,3082
2463,3036
1215,2072
254,1225
86,1153
515,1833
2437,2647
2247,2548
2198,3125
1464,2442
995,1208
2338,2801
193,364
1959,2348
192,2639
925,2065
236,444
993,1076
283,3092
1711,2960
341,2819
955,2657
1192,2260
1025,1661
14,2910
585,1694
1034,1674
441,1437
2704,2829
133,470
1189,1499
824,1451
796,1890
153,1913
1160,2674
1566,2412
1693,1780
1678,1948
2847,2928
1561,3011
0,2443
474,3123
13,894
106,2532
3021,3043
1182,2960
1403,1876
2092,2801
1484,2989
192,1958
557,745
1625,2009
1551,2133
1291,2356
564,2782
1214,2740
725,2429
1514,3153
18,2639
1019,3100
720,1924
1613,2482
474,2367
1063,2771
2052,2877
827,2134
179,1858
153,2707
634,1296
2551,2746
878,2253
2521,2877
1075,2679
1759,1829
1879,2762
1158,1238
339,987
1310,2956
709,924
1348,2121
1292,2083
1613,2440
426,469
1635,2071
177,2595
1197,1317
1328,2574
955,1890
401,2077
175,1128
775,2001
449,1756
95,719
199,1096
693,2271
699,1037
2001,2407
150,1735
2556,2914
1782,2554
37,1224
1086,2728
836,2455
1849,2205
1423,1591
369,1321
1038,2238
1846,2060
614,2954
2138,2801
1442,2095
235,1731
287,896
719,2504
555,947
1776,2415
18,2014
105,597
1951,2505
939,998
1512,2638
648,1757
258,1694
893,1249
12,1711
285,1217
2145,2959
180,1760
1342,1496
1005,1495
1735,2728
376,1156
2665,2709
862,1031
1020,2179
2779,3145
119,1971
1301,1908
857,2486
19,207
88,1213
1550,2054
1738,2145
699,2605
173,1933
100,790
1439,2349
446,829
340,2939
16,940
1559,2591
2449,2651
827,1897
1726,1832
1599,2375
276,1407
1375,2461
372,909
830,2378
1350,2295
448,2772
454,3006
1217,1413
794,972
834,3075
2618,3151
1581,2084
909,2641
1553,2186
1441,1812
2688,2951
1333,1449
355,992
849,902
625,2274
2528,2979
1614,2653
1465,1942
91,2704
2320,2836
263,649
125,2487
1314,2299
549,647
444,474
1256,1849
1372,1962
937,1342
517,2017
779,2807
1139,2199
38,1740
2619,2734
378,487
250,1776
1265,2429
1051,2773
1519,2343
1113,2514
420,1713
1053,1909
1708,2118
492,2632
1825,1834
967,2635
2056,2567
1225,1943
1145,1766
1762,2605
452,3130
614,2442
306,1143
1574,2788
1472,2022
674,2947
2529,2651
987,2951
2617,2635
824,3158
402,3028
761,871
1461,1802
2540,3157
686,1437
394,1350
540,2502
2118,2854
3081,3100
1831,2533
108,2398
2176,2684
779,2846
689,2593
638,710
106,878
2740,2914
902,1955
1767,2381
929,2215
871,2464
1742,2807
753,2102
281,608
1205,2231
423,965
355,863
475,1095
791,2654
194,2614
856,2998
620,2092
1018,2317
927,2313
1174,1617
462,1622
453,1176
902,2017
1994,3080
2551,2750
925,1518
576,2448
719,2342
816,2268
157,1241
1937,1946
1939,1981
494,1715
1726,2169
306,2614
1749,3128
1128,1553
2272,3106
489,2735
1215,1844
2111,2669
2207,3008
2022,2387
2678,2772
147,1215
2343,3101
601,2952
387,1761
419,3048
411,1233
1971,2270
1230,2692
452,2870
311,2403
373,2659
725,2347
142,506
482,2969
331,677
463,2189
2257,2992
811,3103
414,2353
728,2244
1197,3000
2769,2850
747,1659
97,108
773,2990
444,2485
764,1630
843,2115
3,1180
189,2535
715,2370
1212,2464
2011,2415
1598,1664
460,1793
440,479
478,1913
68,1628
2381,2616
667,693
773,2204
992,2487
2121,2462
1726,2802
421,1613
2247,2304
374,648
1172,1233
1172,1348
1398,2650
1254,1797
1065,2077
2939,3085
922,1568
1418,2917
387,1180
531,2433
104,1594
514,1114
1561,2684
1295,2257
25,1037
1095,2348
1767,1886
648,1011
1176,2922
1650,2547
224,1032
448,2334
142,453
1977,3131
951,2121
2041,2464
1456,1853
1630,1948
352,2374
18,1627
2099,2438
1045,2489
500,2062
329,387
753,1814
1617,2674
755,1162
350,889
685,695
636,1553
817,1067
1823,2804
942,2427
509,2883
2165,2299
1075,2338
659,2701
106,280
555,1834
1659,2639
1551,2783
918,1183
2235,2680
2554,3101
358,1762
1745,2186
503,650
1373,1647
376,489
622,933
1735,2954
2119,2432
908,2356
349,1387
1097,2804
3,2397
592,977
647,1825
2836,3100
1437,2630
755,2959
880,3137
2327,2738
378,2075
753,2728
942,2717
708,3008
1737,2566
897,1851
662,2897
1608,1873
1110,1310
1599,1635
395,1153
446,932
963,2958
992,2451
1659,3057
155,2441
1685,1808
197,3088
481,1484
699,1047
1013,2883
1481,2084
2294,2648
356,2895
1895,2552
330,815
647,2101
1677,2214
1052,1501
396,2618
2070,2467
902,992
2623,3140
7,2099
882,1784
70,1842
939,1266
921,1641
170,1317
693,2699
222,2437
187,2285
914,2517
599,2846
0,3023
818,1407
260,902
460,684
2423,3007
96,737
200,1314
55,597
17,2923
2914,3119
1578,2001
1761,2095
797,2554
157,945
2048,2396
903,2209
2240,2572
19,987
2136,2985
1529,1864
10,76
2795,3085
2369,2632
1355,1693
1836,2489
1300,2062
1572,1692
2239,2907
956,1696
199,373
28,237
725,2844
1912,2989
2179,2514
1667,2014
309,2578
65,96
1742,2783
695,1938
1819,3044
444,824
1640,1897
2,2693
2039,2098
375,1314
1053,3063
594,1325
987,1024
2172,2878
1489,1764
1301,2042
568,1554
1067,2092
208,2444
562,927
2081,2644
620,676
496,1252
676,1591
316,1067
862,1583
919,1131
940,2295
2315,2947
658,1073
625,1382
1664,2139
479,777
658,800
1310,2728
905,2333
1250,2603
596,1330
1398,3151
214,3125
171,1933
76,1584
1514,2490
605,3029
338,2210
679,1462
784,2054
110,1121
600,2420
100,1037
583,3133
1758,2192
1053,2772
2594,3045
1708,2627
1013,1519
672,1814
648,2446
164,1539
1192,2594
2798,3132
787,876
1,2254
60,1005
1039,2369
1240,2804
52,726
920,2579
1133,2194
807,2354
651,2737
2077,2522
475,511
1319,1716
1165,2574
428,1184
2410,3006
1758,2051
2442,2656
1721,2659
2091,2542
821,1322
816,2378
1611,2160
998,1912
1130,1644
1425,3151
402,1164
911,1741
450,889
232,869
409,2594
1761,2546
512,2613
727,2789
1525,2778
1172,1713
567,1902
1222,1609
422,2125
544,3091
233,2196
974,1197
709,929
2308,2602
596,1731
2996,3131
563,710
437,2430
1195,1659
1511,2977
1475,2349
177,464
973,1513
188,252
333,2387
301,862
956,2389
343,1846
720,2706
1627,2669
2421,2448
2324,2541
474,2463
68,3007
1860,2830
1895,2653
1578,2684
776,1756
2706,3061
1552,1935
1256,2145
1776,1924
1197,1624
514,2032
102,266
2183,2669
285,777
3123,3146
912,1344
1624,2815
622,1855
674,731
2553,2894
1018,1683
1305,1521
1154,1823
1222,2261
724,2236
745,2104
1011,2122
1842,2998
1169,1623
1821,2927
682,2454
1730,2241
151,2548
1526,2714
564,1342
689,1514
759,1036
672,2892
358,1277
189,2122
1138,3099
648,792
150,1014
981,2967
18,214
1526,1831
1165,2065
1053,2985
606,2092
135,458
2011,2042
2019,2853
2705,2779
1694,2913
2552,3088
511,807
1540,2084
403,1608
2413,2683
407,2122
2094,2393
744,1642
2806,3042
71,2099
856,2470
2381,2582
1169,1735
550,689
578,2194
2726,3143
169,1637
1907,2413
676,1556
51,2226
523,2644
233,1696
375,1811
1166,1559
659,1348
1725,2873
1513,2677
1125,2473
294,1976
614,1894
710,967
2399,2796
1834,2302
973,3073
766,2613
1011,2349
244,2635
906,2590
536,2706
454,2851
676,3126
817,2230
313,780
849,2787
145,1317
1624,1882
949,1595
1943,2447
113,667
615,1400
619,1566
157,1453
994,1608
1616,2091
701,2695
2,729
811,1339
466,2052
95,2398
1602,2954
1490,3106
1630,2643
75,649
2886,3155
1519,2344
0,151
2179,2833
173,3119
164,1191
710,1842
1649,2706
155,763
2616,2678
411,2472
267,2444
2054,2350
816,2776
473,1576
1430,2602
177,780
420,601
154,646
1350,1831
1140,1605
1041,1058
1472,1815
1413,2690
2115,2624
832,2258
111,2203
2643,2703
1555,2251
1171,2402
438,3132
39,1295
458,1576
1797,1833
532,1194
2950,3157
948,2939
280,462
225,329
1224,1344
378,555
386,476
2157,2420
628,2922
1309,1711
993,2091
18,917
1029,2935
807,1734
3013,3136
1287,3008
1735,2423
427,483
641,1574
1118,1668
1029,1847
173,447
684,975
2681,2999
2539,2796
110,1005
1219,2019
1188,1470
867,1418
2140,2398
1322,3091
607,2706
1108,1714
1189,1901
268,1721
403,949
1289,1974
262,2334
724,1138
1331,1446
551,3158
926,2359
13,1321
259,764
169,898
2320,2643
68,3094
359,1579
1307,2456
1020,2927
514,1063
729,1648
1188,2398
1844,1879
1456,2375
1617,3100
590,2456
545,1868
1623,1938
434,1126
836,2787
1694,2878
1657,2660
931,2455
106,334
352,382
399,1029
597,1476
1887,1889
1317,2632
77,2233
1835,2943
1240,1735
1603,2372
493,837
1183,1948
1365,2367
1137,1852
987,2799
1853,2131
2673,2782
355,484
197,2644
1034,2445
483,585
323,948
1723,1900
1582,2990
1284,1551
306,2848
501,995
882,1884
1314,1572
820,2216
2290,2308
1756,2955
708,1061
2133,2326
668,1907
1016,1533
528,2884
39,255
384,806
1136,2300
493,1462
336,1450
1759,3139
1742,2101
1696,3157
958,2833
1872,2136
2807,2912
978,3103
1511,3096
974,2135
1627,2072
663,2431
128,2616
4,2977
504,934
780,2796
729,3151
93,1752
903,2199
918,1822
583,1893
817,2633
1816,2183
860,1780
594,3083
1067,2430
433,3011
189,259
1284,2095
1571,1892
483,1721
705,1092
756,1370
658,2348
1294,1760
2057,3025
74,2308
417,1409
150,908
3,1761
807,2647
0,1080
2133,2652
2068,3121
1165,1277
1090,2087
1125,2542
1139,1696
136,1720
929,1740
2268,2754
809,2215
1025,1110
2161,2542
101,824
10,226
1556,2199
753,1197
2160,2205
1046,2966
2216,2309
1418,1720
1635,2412
2405,2475
824,3143
296,1194
778,2398
717,1048
756,2549
909,1168
1276,1660
419,1761
985,1649
1294,2112
144,2647
175,2614
1533,2448
1235,1976
269,2264
1025,1547
1056,2307
1408,1932
1632,2502
1277,1970
117,416
2565,2788
494,562
1366,2215
1571,2111
1734,2643
564,1749
2080,2992
2161,2820
378,1902
647,2161
1332,2188
523,1309
1885,2805
417,1288
894,1526
175,693
503,1197
1438,2684
1514,3168
162,2500
1742,1966
302,2306
1511,2889
544,1832
1089,2672
1181,2940
343,2908
498,929
901,3074
1214,2658
1246,2988
2019,2598
589,1935
2832,2951
2160,2722
1240,1734
702,1879
1916,2396
1476,1492
226,1339
223,2042
175,453
1859,2284
1217,2611
588,2767
1955,2684
984,3124
777,3115
66,2464
1985,2952
753,2623
297,2313
1043,1324
591,1615
36,1243
2024,2322
275,2063
1396,2462
1314,1352
1341,1441
173,2833
230,685
488,1078
3,2095
2811,3003
258,2053
25,2799
1191,1699
1821,2292
585,2462
2518,2691
942,2040
1082,2267
1266,2989
239,1635
1954,2980
1171,2048
1861,2617
172,223
345,2851
373,1628
2486,3130
400,2977
286,1892
1164,1913
1455,2441
593,1473
158,570
750,2299
985,1758
800,2613
217,1072
1423,2737
1244,2518
2992,3088
319,637
12,1342
2085,2835
487,2533
276,3161
1929,2346
61,3125
2286,2449
57,712
586,2870
509,2520
1140,2404
1063,2734
1715,2712
385,2099
1276,2414
2157,3116
1041,2424
715,2265
474,720
612,1365
1462,2710
1398,1578
260,2400
1454,1610
1473,1569
1121,2901
722,1189
1659,1690
2090,2565
2277,2710
764,3130
856,2832
1216,2065
1194,1739
2286,3161
88,1741
1785,2504
388,1167
2046,3020
603,2476
1558,2914
1526,2518
897,2508
1527,2536
339,1182
1612,1840
452,2594
943,2132
937,1365
1080,2196
2935,2968
780,522
14,3060
1878,3069
2072,2277
55,984
1305,2653
1655,2740
1100,1136
894,1536
757,2589
1021,1711
2176,2216
833,2980
1821,2921
676,2477
1924,2568
1531,2829
2066,2910
536,2101
2759,2947
1442,2061
150,2264
768,2905
1343,2255
915,2542
1932,2897
419,1628
1219,2659
1089,2379
753,2376
2547,2672
2172,2224
1065,1512
987,3037
2551,2712
2123,2865
508,1414
287,3118
401,1784
2343,2646
2411,2789
2539,3047
889,1254
155,164
314,2183
908,1848
287,1470
3071,3122
607,2330
1583,3069
1322,2172
151,1382
1533,2376
1404,1890
1208,2894
1943,2310
84,1642
2476,3039
192,2349
1978,2315
816,2170
265,2658
2075,2504
1644,2252
511,2042
1300,1327
603,2683
2080,2846
1172,1405
1131,1346
1174,2625
2679,2958
2016,2281
1492,1961
509,2219
1909,2317
540,2167
2529,3091
2614,3123
543,2330
2320,3039
1669,2646
510,2743
732,2143
1105,1189
1309,2068
526,1063
2238,3081
1524,1693
1217,2959
275,1627
222,717
1376,1529
1659,2883
495,2081
2861,2940
1995,2875
386,1231
379,1721
2221,2329
2477,2921
650,1519
321,1247
1578,2632
2604,2627
2271,2860
1630,2631
617,1397
489,2172
259,3125
615,1673
160,830
790,1447
84,209
1977,2297
1608,2701
2168,2628
1489,3048
3063,3155
375,1125
1643,2073
1769,2960
286,2546
834,851
1475,3093
86,515
2134,2235
2343,2852
1429,2046
347,2411
179,1923
7,454
737,1720
135,339
150,300
454,2459
514,1913
1030,2374
19,818
692,3143
1814,2167
1164,2337
2305,3039
2623,2846
1954,3095
2097,2653
106,1802
893,2297
25,2754
1660,2452
647,985
2345,3102
2338,2959
19,583
487,2242
760,1616
1935,3138
1203,1379
350,2487
1683,1752
1108,2629
125,2691
1188,1844
797,2963
2998,3066
444,1922
259,1594
2767,3145
125,1025
1109,2529
854,2397
2521,3054
79,398
763,1162
1156,1454
453,2830
689,1404
1162,1935
37,1610
873,1138
1585,2328
1190,1842
226,934
1029,2801
626,1961
1293,1645
280,2356
1519,2139
786,2309
221,1255
446,1607
589,763
125,1572
1961,2367
2061,2590
1422,1529
38,876
1523,2900
872,2963
1865,2268
835,2400
225,1169
895,2287
1089,2423
498,733
753,1028
2451,2894
117,1083
1051,3051
1158,1525
276,2254
536,1600
1014,1600
540,2454
797,2708
2052,2516
1590,2031
2099,2600
483,697
1507,2977
1036,1220
3047,3122
129,927
1168,2993
757,1607
1732,2274
1372,2939
1151,2308
2175,2525
868,911
2080,3100
214,3020
726,1880
1659,2349
2467,3069
158,2831
1078,2169
608,669
1252,2623
127,699
1053,2099
915,2641
1584,2889
880,2346
1166,2614
1630,1790
1084,1924
44,2143
786,1160
162,263
2222,2293
1479,1582
466,1194
1063,1155
759,2630
437,2464
2002,2448
22,1215
1351,1590
806,945
2829,2956
2188,2966
1314,2138
2908,2924
151,320
971,2118
1131,1776
2489,3127
232,2924
2228,2772
1723,1848
1110,1615
1493,3092
244,2529
772,1371
1223,1975
524,993
2434,2547
2009,2935
1196,1935
238,1856
230,1080
523,2413
2064,2800
430,2308
2647,2824
563,2434
426,958
559,1769
1455,1848
911,3025
1860,2161
1767,2345
1100,2482
2033,2315
364,1838
504,1841
22,1760
64,116
1179,2883
12,75
21,2460
134,1195
1431,2634
918,2237
1381,2706
1630,1844
3015,3155
1566,2351
1970,2084
623,2631
1406,1886
1058,2356
918,948
767,2381
1873,2258
732,2346
406,1259
2027,2854
555,874
584,2191
1209,1659
80,1144
711,2138
507,2827
1985,2709
597,964
958,1892
1688,2663
232,2577
645,2824
1100,2044
1074,1467
2094,2352
759,2345
1328,2357
1720,2160
471,662
138,1632
99,1456
2195,2406
742,2397
591,756
1198,3021
493,1321
1430,1785
1583,1891
494,2917
2095,2337
334,609
2,363
528,2604
208,1758
1863,1897
481,1894
629,644
719,1734
2387,2690
1513,2194
2398,2880
923,929
175,432
1091,2617
226,602
276,1371
776,1492
781,2264
684,1741
1331,2234
589,702
1847,2706
2145,2216
608,2635
388,552
1462,2699
193,629
13,2579
328,1952
2237,2854
829,1040
923,2897
842,1665
1052,2279
330,772
1248,2638
281,693
1853,2448
702,857
219,1231
505,550
1136,3107
953,2096
738,1736
590,1351
564,3075
733,944
2277,2313
434,2347
154,1699
1383,1841
792,1948
1822,1883
1226,2309
898,2958
310,1253
1330,2264
801,2927
439,1072
1561,2731
1246,1414
937,1770
608,2398
2781,2990
1533,2644
495,2860
1100,1858
1094,2878
857,2017
483,2415
1552,1802
1347,1810
193,806
720,2349
693,2737
583,851
1879,2736
2207,2448
2001,2617
1067,1873
2635,3137
103,2706
1113,2843
1633,2979
2734,3015
1948,2705
2639,2714
1317,1601
451,2629
1596,2961
1668,1740
908,2580
425,2966
2052,2137
475,1891
684,1494
745,793
576,3156
52,524
909,1788
997,2456
1304,2807
478,590
375,2683
1523,3115
515,1734
1188,2186
898,1176
898,2301
2448,2969
990,1959
1145,1441
303,371
1450,2110
1057,2445
985,1981
383,2019
286,2604
578,2116
1768,2780
2014,2494
1804,2515
468,1946
1339,1752
941,1046
148,2711
399,2142
334,1961
723,1191
2618,2709
781,1240
833,1182
188,1138
1058,1256
1489,2221
1045,2624
1380,1758
1173,1746
696,2001
1893,2663
310,2798
1310,2689
967,1842
1935,2665
1139,2031
170,1213
144,2664
1492,1776
2414,2551
1518,1583
1264,1895
2098,2174
1200,2295
2268,2663
1195,2057
403,2332
2101,3119
1496,2366
615,1174
2222,3156
162,1527
286,1458
1096,1233
142,1557
145,406
2946,3112
275,2412
1502,2365
2623,3071
209,276
487,1595
21,2966
747,995
176,2654
2539,2561
909,2798
827,2949
425,2519
408,2449
523,1538
208,2097
2755,2921
1863,2952
1180,1802
99,2653
1317,2271
827,2865
1731,2939
1372,2546
2065,3126
1126,3059
685,2085
2271,2632
949,1714
994,2186
283,551
1018,1167
450,1006
1284,1494
286,676
406,1053
470,2547
591,1130
1213,1693
380,1455
487,1105
2737,2740
2155,2937
948,1539
1252,1907
1189,3011
1230,1853
2431,2527
927,2453
1050,1832
1215,2923
1913,2059
1153,2557
968,2959
793,2233
842,1319
2376,2708
1724,2372
1095,1891
1389,1849
2272,2714
226,1764
2511,3025
44,2504
313,813
1970,2664
882,987
372,2138
1665,2308
921,2765
437,807
2107,2215
25,3144
650,817
597,686
39,453
2347,2957
2493,2504
2699,2788
501,2176
2395,2414
2235,2591
926,2787
629,709
1118,2613
1014,2768
402,1145
1493,1630
189,2310
2308,2786
2076,3000
662,2262
189,1769
1283,2054
1893,2213
715,2969
831,1164
1144,1724
2663,2670
914,1145
2300,3020
1242,2211
258,1741
244,834
862,898
783,2824
70,1183
99,1946
847,1659
1014,1522
117,192
259,2907
502,2044
639,898
1886,2502
856,2613
596,1248
660,2490
1155,2443
1040,1247
580,2334
2770,2800
1825,1833
1343,2332
1448,2755
756,2722
951,2990
1682,2897
585,3080
676,1630
709,2658
2187,2547
1430,2095
2274,2935
725,2547
1818,2652
698,1972
218,1885
2415,2601
659,1053
214,2832
959,2261
960,1657
927,3119
1110,2455
676,1233
1153,2606
179,2218
1058,2440
127,645
219,2160
1308,1453
1774,2245
835,2730
323,1689
2083,2873
663,1915
1857,1892
286,817
2077,2862
389,2430
1146,2076
242,2085
2397,2453
311,2677
1489,2799
481,659
1513,2953
1476,2293
816,1288
210,363
1398,2955
374,1732
1628,1905
617,702
990,2862
1158,2432
2828,2945
222,2968
612,921
794,1711
814,1858
960,2534
805,1773
400,937
127,3143
1724,2399
968,3011
2058,2264
1977,3162
1403,2732
1057,2531
2122,2572
1305,3156
1020,2143
1667,2404
2020,2445
1370,2898
57,1451
728,1038
747,2447
909,1514
854,2566
2006,2442
1370,2795
1559,2966
1600,2397
1698,3151
901,1942
1996,3057
549,923
2979,2984
2325,2429
48,217
926,1873
283,851
78,2437
1735,1763
927,1825
811,2557
192,1670
757,2469
221,1790
12,2843
185,2463
2356,2616
664,3016
524,3036
549,2236
633,2631
358,2825
2299,2345
1662,2957
119,2788
297,1767
1434,2455
262,933
914,2889
258,2904
791,1344
1333,2461
1564,1627
275,544
1575,2017
2451,2624
1716,1956
816,1082
1165,2988
780,2606
265,1197
566,3143
1346,2080
1217,2048
2722,2796
764,1259
813,1388
826,2825
1222,2996
356,2469
2800,2973
331,3152
99,1526
411,887
908,1038
1243,1316
1995,2454
778,2420
1051,1360
1110,1742
847,2993
322,2123
2085,3151
676,1566
1665,2502
2049,2372
856,1028
753,2563
2069,2257
648,2245
316,2318
1239,2597
987,2025
1074,2262
2007,2456
1074,2108
2463,2787
1579,2085
1309,3083
1174,1600
483,2623
1027,1943
329,1732
1012,2317
3168,3106
1063,1948
646,1255
1885,2352
659,2267
1646,2880
939,1942
275,2490
263,1407
647,859
951,1872
297,340
1021,1244
1136,1328
1168,2878
1112,3129
2722,2784
1657,1931
1098,2219
790,955
28,2330
234,1100
1948,2624
95,1898
446,2356
265,2772
561,919
1724,1937
2182,2664
2585,2789
1742,2055
2024,2375
2013,2223
11,737
1169,2679
2471,2948
1456,2631
798,1535
999,2264
44,544
642,1429
1849,2458
1885,3096
1062,2965
448,1905
1277,2267
661,2455
1174,1975
1552,2305
1594,2399
902,1582
406,2798
38,2271
509,523
1977,2277
2245,2809
255,2199
1078,1878
899,1525
614,2048
588,1871
1305,2945
642,2515
1801,2695
0,458
106,1657
668,3011
609,743
1829,2473
2430,2486
1516,1631
283,427
1694,2553
526,2123
2454,2515
2190,2914
1539,3092
1701,2787
432,1842
280,1756
1706,2813
917,2988
1039,2792
2262,2363
1003,2539
334,1271
123,3131
107,1739
310,2082
704,2514
164,429
777,2985
2437,2798
720,1301
1524,2616
2236,2271
1647,2839
674,862
2273,2320
2352,3119
1511,2458
1045,2948
1215,2471
909,2851
1041,2883
84,1665
188,2870
1129,2095
1339,2030
923,2232
436,1108
1265,1415
2674,3137
1166,1973
924,1347
2844,2907
18,2008
2865,3075
1591,2406
884,3031
2314,2354
1294,3096
1790,2922
15,2467
1293,2101
1143,1890
915,1566
467,3025
2482,2738
2170,2807
1504,2583
1060,2469
446,881
2429,2908
945,1348
1011,1958
193,2187
933,1345
1175,1292
661,3156
867,3092
706,2695
437,726
112,3129
1924,2068
2257,2956
512,2658
634,2147
1801,2077
1644,2951
729,3099
1724,1935
658,826
1869,2194
817,1830
294,2257
108,978
661,2018
1180,1649
2801,2940
1118,1582
1748,3121
657,1693
2638,2721
350,2242
2772,2824
1668,2787
232,2790
868,2614
159,254
2313,2531
219,699
682,2988
123,1879
856,2889
1635,2283
1205,2423
17,596
164,1030
952,1310
347,1138
266,3010
1382,1726
971,2847
1300,2834
1818,3066
445,2890
2442,3123
1550,1951
476,717
1943,1952
221,1258
601,1140
287,2767
1866,2673
836,1642
657,2677
618,2495
1550,2669
1447,1954
1217,1649
422,1734
2427,2592
2001,2467
1677,3068
1301,1398
2007,2228
200,474
1041,1561
2436,2531
381,2628
820,3107
2600,2986
909,2591
2115,2557
868,1589
500,583
627,1911
222,2216
1753,2955
157,2186
2172,2317
1731,2294
806,2327
1671,2720
297,488
403,3169
173,3084
1261,1793
274,937
7,955
1254,2885
2854,2939
1365,1732
2142,2920
159,2068
136,2862
2023,2379
799,868
684,800
955,1072
162,721
234,474
781,1128
974,1596
2031,2868
2834,2990
529,1832
147,1330
1511,1899
1746,2539
702,831
1595,2632
772,1674
547,2613
1450,1488
335,2616
1956,3062
1372,2965
2065,2317
156,1520
108,2272
280,471
2406,2461
1293,2820
1252,2847
1308,1715
121,2224
1139,1514
1072,1562
1290,1721
636,2949
2277,2488
510,2812
465,2965
289,1233
43,425
978,2147
2684,2849
833,1843
70,2040
25,2904
2444,2913
1525,2807
1037,2808
2551,2660
150,394
1197,2448
107,3136
1216,3091
1281,2189
380,564
626,3093
956,1670
747,901
1450,1519
1907,3160
1772,1952
110,1053
15,492
501,1052
1546,1584
2288,3117
1052,1123
1197,2239
1984,2949
1484,2308
609,2912
1091,1468
1424,2514
851,2782
1494,3155
316,2121
3048,3131
878,1846
109,416
510,2499
835,3010
316,1895
2009,2389
733,971
1742,2040
1501,2316
28,873
802,2107
165,1815
1006,1823
1176,2239
2084,2282
1624,3045
1516,2472
2323,2429
874,1747
97,2811
1248,1381
1761,3132
777,1822
714,2674
1594,2081
1772,2575
1224,1519
168,599
554,591
199,1174
1198,2570
1138,1615
208,444
765,1642
165,1523
383,2176
224,3050
378,2600
437,1373
53,684
197,1976
1994,2264
512,1825
1291,2062
790,2263
1776,2834
68,527
729,1278
524,753
2618,2949
2627,2832
107,947
524,1660
702,1911
1322,1662
2174,2731
1315,3111
647,1345
2914,3133
992,3076
1674,1700
857,2310
189,273
2265,2611
963,2178
1309,1966
1969,2605
676,2077
1181,3025
98,99
1105,2631
1366,2722
107,239
309,2503
1174,2922
899,1357
1206,2424
402,2874
283,1701
1235,1715
759,820
287,1640
198,2015
1055,1659
1130,2022
1024,2072
1381,2169
981,1180
194,2121
102,2927
893,2998
128,3115
988,1571
1108,1907
1880,2795
260,295
193,2027
1474,1924
1305,2028
986,1954
888,2769
702,2254
681,1865
2815,2852
1063,1952
19,744
2472,3082
1454,2711
1019,2094
733,2195
365,1330
908,1458
1037,2947
2077,2577
763,1901
358,661
1545,2251
1632,2455
570,1164
1752,2912
603,2308
2040,2122
151,1162
401,2528
1110,1385
1067,2996
719,2099
31,761
380,1643
1948,2223
411,582
1784,2555
1860,2290
816,2101
2151,2737
1263,2328
265,2966
1172,2533
465,1322
2075,2767
175,588
834,2290
155,2719
1365,3119
892,1671
720,1164
431,1591
627,1834
1961,2977
1898,2460
1107,1181
586,1194
1753,1972
508,2199
2262,2907
2018,3091
945,1813
882,1529
2281,2421
1083,2800
757,2072
985,2630
339,1958
314,488
253,2044
254,521
2431,3111
504,1659
200,2899
818,3131
1057,1606
859,2444
638,2891
38,1100
1841,2847
955,1978
1096,2245
533,549
303,2120
1929,3077
1802,1943
2421,3063
180,2548
169,452
15,2059
1602,2257
932,2200
321,2663
259,1825
1074,1276
1298,2179
1625,2730
1322,1382
227,693
2199,2578
1542,2540
242,706
153,742
1751,2349
170,238
893,2632
2228,2884
773,2299
280,2764
1056,1875
1735,1858
959,1635
2449,2678
531,2308
90,3114
650,2349
2267,2628
104,1314
297,2635
586,2551
1496,3069
176,508
1287,1640
406,1848
2040,2236
1886,2989
2389,2658
1067,1189
2316,2589
362,776
862,2622
497,3084
2325,3062
1690,1938
1037,1978
124,761
15,1708
945,1288
381,1017
1427,2992
68,2907
535,1854
978,1110
1650,2651
1831,2463
489,1020
1972,2938
2145,2558
1468,2803
963,2077
1496,1902
470,2093
1858,2614
667,1857
2039,2967
185,2609
497,1793
488,2059
664,2779
985,1918
1473,2921
1414,2232
1833,2966
64,2701
335,2362
408,3084
1244,2235
1699,3136
2447,2487
1507,2691
702,2553
930,1605
2033,2907
903,1805
743,1622
383,1215
556,2430
197,1332
702,3123
1170,2263
712,2870
126,2527
855,2016
1847,1852
376,1422
1665,2633
709,1665
222,2440
947,2239
282,2399
44,68
1757,2514
310,942
1022,2421
645,2787
807,2381
2353,2434
282,2160
1222,3011
1050,2495
914,2075
908,1166
1860,2518
563,1381
2268,2349
238,1372
524,1954
1568,2892
2671,3157
821,1879
1571,1848
2578,2875
2319,2871
2206,2984
2597,3020
177,2102
1209,3151
2138,2986
562,1453
497,1954
1907,2561
1898,2092
954,1751
908,3093
235,1688
1195,1342
818,2265
2443,2597
702,2324
1898,2734
517,2928
1769,2340
1909,1935
1641,2337
37,2372
2508,2889
1782,2022
1430,1525
1204,2798
1632,2347
2288,2413
1841,2688
834,1288
263,1667
848,939
864,2233
554,1176
1540,2605
25,714
1093,1525
1446,2809
880,971
1334,1713
1102,2786
1003,1112
229,2264
761,2333
1011,1635
105,2437
1213,2529
1214,1954
1553,1865
1490,2019
1617,3131
1584,1616
317,2788
1239,1328
2285,2448
358,495
16,474
2313,3031
500,2713
1727,2527
1454,2816
144,1251
953,1935
365,2407
773,1711
1058,1414
1018,1918
1637,2629
641,1607
71,1382
550,2188
1399,2056
781,2493
1872,2714
507,2883
1174,1278
483,1039
1265,1960
1041,2722
2337,2476
682,1107
214,265
1982,2722
1038,2767
2284,2317
862,1758
1112,1219
275,1927
1130,1802
783,1605
1987,2444
600,1011
1112,2692
1051,2373
1171,2893
507,3010
1052,2042
236,1946
347,2966
274,1118
924,2565
1020,1887
1078,1460
1450,1838
958,1331
1490,2346
131,252
839,2448
892,2614
1785,2191
432,482
82,2858
442,2795
1271,2254
993,1464
1630,2295
1428,2603
448,2932
1163,2222
533,2973
2143,2629
773,2628
1448,3004
2286,2357
2307,2822
1966,2367
1165,2218
776,2058
816,2118
2244,3018
416,1594
502,659
297,1805
1253,2534
1216,1330
3063,3117
2183,2588
218,2143
735,2878
79,1230
833,1162
66,2266
358,3076
2314,2455
613,3093
151,1142
1053,2509
1271,1659
1748,2235
512,1554
64,1674
932,2633
744,994
2722,2728
355,936
1930,3011
588,1475
496,1259
701,2292
1215,1734
680,2326
1720,2251
43,3124
948,2543
2644,2673
2246,3098
948,1476
203,214
1437,2705
1332,3092
1332,1497
1857,2058
2875,2951
1182,2643
408,3007
768,1255
1217,3127
544,2290
1248,2740
501,1714
528,1187
1476,3136
1294,3117
785,3073
584,2011
2326,2895
1400,1402
1263,2635
632,937
1594,1893
169,1197
1248,2697
989,1892
448,2941
502,2311
1572,2938
2534,2845
1784,2735
992,2572
797,1623
2644,2811
302,1908
642,2947
1284,2831
2007,2448
1766,2115
403,2495
2931,3102
550,887
918,2374
2444,2833
641,2184
959,2947
460,1516
349,2638
336,424
1096,2082
229,2988
522,2458
1241,1741
893,967
352,483
830,2924
2850,2999
198,1501
1319,1933
2012,2023
782,990
109,918
856,1612
581,2980
1206,1841
274,2722
1497,2516
974,2683
1330,2598
382,1979
1355,2854
801,2701
689,2804
1114,2440
1123,1931
104,1797
88,610
760,3156
792,963
2260,2382
222,1973
547,1665
37,1632
44,2228
2834,3107
607,2986
2506,2554
166,1840
2592,2851
629,2471
1782,3114
420,1444
1926,2027
165,811
1397,1828
1802,2257
1613,1923
44,1961
1848,2387
553,2605
499,2145
230,686
1355,1933
2545,2893
919,1900
1875,2206
2066,3063
607,2824
1911,2722
1350,2884
896,1873
1036,3096
702,719
151,333
1794,2265
606,1576
91,1029
1523,2639
10,462
2436,2474
2240,2996
297,945
1890,1961
2023,2651
2844,2985
57,1652
197,1125
1544,1837
813,821
11,1869
1284,1525
475,593
2037,3112
1459,3131
1642,2194
12,232
1162,2931
596,1060
173,468
1794,2719
624,1005
2018,2085
2453,3039
1295,1540
1011,2678
274,721
500,2356
1170,1334
790,1880
1584,2333
998,1208
2674,2897
415,759
219,1342
254,1943
2145,2555
1248,3154
697,908
1697,2684
528,1650
834,2459
1315,1652
910,2270
599,1057
1563,3157
2024,2104
403,3135
2564,2939
739,2938
2561,3134
1894,2328
1394,3107
86,1130
869,1078
658,931
1561,2442
2472,2546
613,2740
993,2515
188,1552
1019,2989
164,1749
992,2533
1605,2186
816,1522
1197,1454
1490,3036
1092,1921
94,2248
222,1156
163,2162
791,2664
711,2535
1735,1924
575,3088
466,2476
1339,2142
2588,2988
1048,2227
1615,2012
287,3158
2725,2949
2287,2857
1042,1758
1058,2669
880,2957
930,3137
680,900
615,2490
1004,1886
920,2257
1507,1708
1182,1641
236,669
999,2939
1048,2095
1382,2804
1316,2907
2033,2305
522,1244
354,1913
258,432
667,1065
1244,1898
435,681
208,1566
453,1290
2911,3080
1328,2118
422,693
2534,2598
2303,2486
750,2277
171,3007
1894,2578
1578,2033
2121,3057
929,1866
1476,2639
2232,2290
124,926
1624,2644
577,1462
259,681
395,3119
2397,2825
634,2679
816,2879
1016,2221
2295,2421
1825,2322
622,1204
177,2311
2591,2996
1632,2787
1645,2019
900,2437
829,1067
713,759
1556,3114
413,746
1805,1875
1428,3061
432,1924
109,941
633,1288
1603,2695
1437,1866
1346,1556
1797,1985
1743,2755
1640,2514
1080,1774
1764,2135
2589,2629
407,475
1197,2626
529,2231
2293,2996
658,1240
503,2639
1029,1942
540,1100
1323,1441
777,1736
446,2330
2903,2924
177,1936
579,1674
173,603
1173,1219
1652,2490
1250,2384
376,3127
1194,2588
636,1174
1246,1852
833,1618
410,1451
2590,2992
1891,2650
435,1721
2012,3151
1172,2722
1036,1248
162,1014
18,2271
1850,3162
2256,2871
801,2600
2796,3047
564,1614
1598,2565
761,2317
2196,2959
729,790
2235,2271
1359,2514
306,2843
2058,2352
506,993
777,2529
1176,2992
806,1181
1476,2199
564,2529
280,2117
1097,1181
2206,2516
448,577
432,937
1627,3125
2455,2593
986,2875
935,2254
1188,2996
238,2900
106,3027
262,2806
760,2022
2100,2374
1266,1492
314,937
1859,3080
684,2412
330,995
296,919
993,1642
0,2289
1395,2057
19,1657
355,3085
602,2908
2427,2629
400,1574
793,2902
138,1825
2413,2461
1092,2846
1090,2233
992,2996
1365,2990
125,1080
1284,2007
1109,1607
1348,2625
1309,1837
606,1741
175,428
177,857
564,2574
833,1305
862,2820
2098,2629
1758,2941
1223,2317
1490,2235
1930,2125
284,2839
306,1125
672,2279
1603,2912
833,1020
1972,3097
263,2233
415,2054
1414,1851
1024,3151
914,1540
528,2605
1831,2971
2099,3027
160,2430
1128,3061
1853,2493
1040,2591
547,3063
702,1591
1073,2272
283,1295
14,1036
583,674
729,2172
992,2548
1025,1305
2605,2939
1566,1568
1667,2602
2362,2686
1762,2684
179,679
103,1515
1863,2923
385,1248
766,1166
416,3013
303,1170
609,833
1719,2600
699,2578
974,1815
1844,2935
1014,1322
978,1142
854,2825
328,1691
1319,1756
2008,3061
1946,2912
1864,2411
446,1907
752,1808
1891,3057
1061,1513
127,2251
777,1036
218,2655
993,1305
561,1676
2458,2514
169,3151
1238,3054
258,3168
2119,2512
677,2732
955,2284
68,2770
728,1422
684,1014
797,1526
1197,2590
55,1851
297,3165
708,2600
1835,2000
1948,2880
2085,2277
577,2581
948,3010
908,2607
957,2649
933,2460
331,2170
782,1741
668,1168
684,3126
2049,3068
874,2116
2188,2977
1538,2258
1160,1233
0,1582
512,739
1760,2583
1853,2379
482,550
1053,2028
2444,3064
1306,3016
193,1284
963,1518
649,2664
709,3064
687,1448
1520,2869
944,2272
849,851
2475,3000
999,2200
2740,2846
802,2647
266,3021
527,901
1636,2683
258,852
1660,2669
320,1644
504,2852
168,2172
365,2378
2040,2791
1060,1255
1497,2555
1479,2461
2263,2534
2992,3103
564,958
645,2508
620,873
1043,2233
160,2454
385,712
94,481
2947,3130
651,1560
656,1051
1943,2024
1174,2807
496,1575
1394,1611
2067,2415
1017,1774
1501,2764
2349,3068
1566,2843
867,2017
709,1215
1246,1731
7,2518
624,780
798,3088
2958,2960
266,2001
1047,2464
4,707
1162,2949
1643,2947
1829,3033
2138,2159
1901,2016
402,1863
214,2495
764,1977
593,2476
1712,1943
1512,1525
925,1692
177,1994
352,3011
108,1814
1751,2876
1004,2516
1764,3077
781,1583
172,1584
387,797
1858,2192
776,1991
2442,2899
425,2449
2873,2915
1324,2498
944,2883
1729,3062
659,2572
797,3059
674,1489
673,2889
404,1852
282,550
106,2335
920,935
899,2429
1056,1351
463,2977
1325,1755
281,1572
511,2947
834,864
1376,2647
99,971
590,1815
1248,2516
479,1991
388,1719
724,1166
1425,1516
113,2448
1,591
1162,2648
180,2012
2032,2463
1140,2531
1167,1423
1738,2161
1774,2002
1753,2734
765,2597
507,2821
2180,2907
1533,2056
1842,2788
1314,1577
220,500
1048,1414
645,1402
1078,2669
1416,1568
1732,3157
144,2139
632,2026
2040,2077
1842,2031
1197,1661
1074,1801
900,2907
2591,2722
2072,2798
1031,2232
94,1348
1253,2495
1819,3096
222,2897
224,2597
261,1869
175,222
389,1289
868,2788
1424,2298
837,932
685,3084
785,925
2122,3112
236,1355
873,1560
851,3137
984,1476
310,2170
1406,2619
1300,2943
157,2381
757,1037
985,1579
340,1521
1449,1769
561,777
543,1140
415,2663
1265,1416
844,2830
609,2018
1265,1673
997,2343
2040,2659
807,1907
1861,2444
710,1642
2033,2440
1456,1518
543,1831
2728,2977
1156,2446
1180,2844
932,2103
2634,3075
1115,1449
468,2076
209,1634
1057,1667
355,2240
1322,2900
923,1255
1197,1290
561,1976
570,2979
1519,1846
80,356
1948,2542
1793,2453
310,981
411,1165
1080,1878
794,1429
689,2109
1051,2914
1047,2891
659,2845
169,1702
258,2286
993,2392
1794,2966
161,1447
1063,1758
1632,2960
427,1459
498,1156
86,2337
200,510
10,3158
1129,1685
1721,1913
422,939
545,1740
2448,2631
1313,2251
1496,2453
2169,2640
512,3087
2131,3116
1240,2214
608,1213
598,952
419,1636
391,1137
258,1612
84,1492
1902,2313
475,2180
708,1247
1572,3075
1208,2653
854,908
879,1330
1041,3126
143,187
682,1037
1841,2122
1642,2529
939,3075
1028,1583
471,2547
93,777
110,1700
1613,1749
606,676
1571,1587
182,420
1453,1665
222,3017
666,1443
1699,1795
702,1584
133,1490
685,2235
2873,3061
194,86
224,2782
1985,2001
232,1365
1884,2782
1172,1307
87,2442
1060,2939
420,2898
1365,2912
966,2952
453,919
49,2897
403,873
1549,1970
811,2122
1136,1371
395,2462
676,2309
781,2907
460,1021
310,1875
158,2735
1032,1720
2963,3033
207,2494
647,1518
350,1555
422,1053
612,2698
123,1948
1743,2241
282,1546
1143,3011
2033,2203
402,2933
169,1456
1052,1394
308,2851
210,1090
163,2154
1242,3042
816,851
2040,2514
1164,1827
1507,2027
301,629
1665,2931
244,725
988,2895
267,2461
100,1761
1025,2493
419,3026
167,2966
287,2697
1529,2053
577,2083
387,1016
341,402
458,2117
791,1595
199,1305
1363,1927
2618,2684
1451,2512
2160,2625
672,1213
222,2961
864,2251
402,2899
1771,2460
2092,2680
345,1637
270,2853
739,3146
1952,2357
630,1248
805,2289
465,3004
128,407
1793,1984
232,1954
641,2018
197,793
3021,3101
642,898
938,2404
641,645
2353,2702
488,732
256,715
287,625
630,1375
63,1447
2500,2977
12,268
2094,2311
1470,2619
384,2495
381,2966
1682,2800
902,1078
916,1698
3,1748
1616,1859
387,1589
757,2704
79,2454
1743,1972
1065,2046
286,1375
269,1847
654,3093
262,2506
135,684
2160,2897
1035,2875
1734,2514
1819,1948
1131,1688
94,1078
1827,3069
664,1220
657,1328
1208,1431
1139,1408
2135,3039
2394,2649
270,295
1028,1371
1719,3099
2040,2282
1721,2545
1051,1148
148,1955
1939,2348
593,2653
1647,2061
1297,2460
2701,3006
1603,2954
130,937
862,1533
1489,1774
586,1667
289,2830
1907,1992
1366,2619
489,2036
2277,2302
208,3119
1698,2155
130,2178
538,2833
254,2176
878,2396
536,2372
596,967
753,1624
2871,2900
39,1745
968,1446
1805,3013
496,2456
1398,2996
1579,1826
2518,2921
2071,2311
1674,3026
1813,3026
1937,1952
2447,2704
3164,2362
959,2907
663,764
710,2024
1643,2692
553,2804
2871,3136
1252,2232
232,1764
1752,1975
1715,2286
2283,2397
2305,2588
1538,2398
1756,2824
1473,2635
1712,2039
1057,1261
482,731
907,2669
1051,1452
833,2076
355,3103
2281,2450
1576,2995
161,3073
64,2958
1805,1887
1449,2923
1274,1477
2139,2411
2581,2779
12,1858
1301,2094
701,1333
1408,1587
350,617
283,2659
406,635
956,2907
219,2704
1137,2990
898,1442
2663,3146
835,930
411,2663
2142,2614
2269,2962
1712,2943
721,2644
1330,3132
1756,2272
175,3146
1050,2760
676,1412
406,1787
1370,2264
1284,2830
175,1328
2099,2100
462,834
1448,2397
453,2767
129,1842
1046,2590
1932,2081
1476,3161
2189,2383
239,959
2039,2885
1042,1484
214,1216
64,1154
2292,2529
897,1805
1661,2398
637,1333
398,2682
1790,2885
1853,3123
659,2287
662,2257
1316,1785
2455,2765
1039,3064
193,2629
135,1109
644,1253
2235,2557
50,729
555,2765
69,1145
2402,2860
83,1096
1314,1490
2183,2583
1476,1819
1215,2160
888,2339
2203,2874
1050,1142
545,927
128,2357
1020,1958
2359,3048
551,3085
1942,3156
358,2400
599,2378
1720,2156
2889,3094
12,2025
547,2977
2469,2874
1248,1852
432,725
2039,2236
2486,2609
1542,1834
1194,2312
1394,2067
28,710
459,1100
941,1950
39,1873
2281,3152
1538,1572
14,1758
1156,2862
920,2610
939,1502
782,2223
593,2083
1566,2686
19,1603
267,3094
1176,1224
1698,3061
280,932
1847,2486
321,3068
35,739
402,3094
703,1661
2207,2659
349,1192
1702,2376
1287,2953
1518,2868
2295,2652
3004,3145
180,1376
1075,2737
1805,2017
1745,2161
1041,1492
435,2704
3091,3144
451,1300
1516,3157
1883,2931
1308,3080
1865,3096
1668,2259
903,2633
192,1020
1544,1760
930,1985
448,2376
451,1822
2136,2429
1706,1797
1585,1607
2122,3136
452,1317
1907,2178
790,1993
1863,2557
1898,2111
1217,2840
1759,2574
419,2355
1759,2782
744,2560
233,2692
677,1462
1247,2305
422,928
807,1110
578,2226
2722,2938
1927,2779
1637,2074
423,935
1372,1970
813,2956
157,967
1539,2529
1458,1699
2012,2469
1413,1749
2293,2495
134,1042
564,1515
862,1343
1020,1058
2180,2186
2458,2895
385,3157
145,568
335,2802
1138,1837
1599,1608
642,1554
142,381
363,1470
650,2281
594,1283
1571,2989
223,1014
1441,2938
1128,3006
488,2027
25,487
1856,1868
1876,2067
317,1716
1055,3084
834,1130
1834,2231
897,1370
975,2198
866,2081
1859,2290
95,2655
448,2102
720,943
1884,2214
590,1287
686,1490
816,1983
518,1676
1633,2604
2330,2728
2444,2878
1980,2327
1310,2636
1412,1612
593,849
543,1121
1853,2610
899,2387
1191,1409
1365,2988
698,1183
931,1674
331,524
1984,2670
1905,3086
258,2169
398,3080
1414,2222
333,3165
1741,1763
393,747
2121,3131
698,1041
896,1575
1468,2923
2437,2504
1470,2162
400,2121
2101,2833
1317,2690
915,1615
1281,2878
757,2660
824,1099
1831,2594
1102,2213
163,1803
1156,2985
1036,3108
1913,2052
744,2387
552,1370
2109,2226
1098,2593
479,2209
259,1848
287,2738
274,2374
2279,2398
1608,2868
732,1065
647,1317
2320,2711
509,1178
279,448
986,1479
259,951
2302,2451
2428,3112
1984,2040
1572,1784
1203,2080
282,926
1360,2188
1182,1928
1025,2993
393,632
1240,1767
811,1794
2434,2795
869,2583
2052,2251
806,1855
1444,2151
1611,2265
2404,3058
1810,3059
1141,3054
1414,2121
1089,2066
1501,1891
16,1858
55,935
258,3099
1476,2553
1699,2824
1190,2058
2770,3088
259,2194
2778,2845
1613,2460
15,1546
224,868
7,415
382,2860
741,1525
236,1600
187,1263
1891,3106
1709,1756
86,820
937,2875
538,2195
55,1859
99,2613
1869,2106
1503,2200
764,1823
1163,2673
1137,2277
1894,2950
401,2961
1025,2304
2424,2996
742,1172
803,1292
150,502
1233,1698
199,2832
275,2462
1315,1949
736,3158
1257,3063
668,3158
187,1847
644,1762
1466,2828
2320,2369
1989,2082
780,834
971,1257
817,2424
500,2933
780,2486
1583,3100
939,1648
1256,3054
579,1740
1057,1973
2197,2824
1214,1518
757,2683
1394,2142
1735,1761
1138,1456
1041,2042
917,2923
344,1700
881,2689
244,660
805,2353
648,1993
142,2500
760,3123
2378,2951
1732,2923
1136,2285
1,102
931,2908
1368,1720
1358,2084
464,2172
2291,2957
1624,2234
543,2619
955,2683
1450,1895
1680,2755
309,2544
1171,1894
1437,2873
269,1176
1772,2423
1842,3119
833,1423
2056,2979
2085,2208
1052,1773
510,520
503,1005
1575,1892
1172,2856
698,927
1097,1284
1382,2504
1589,1911
2075,2910
1129,2984
728,1327
585,717
618,1706
1562,2456
701,1276
686,2222
1906,1931
171,1355
1467,2099
1825,3125
791,834
2024,2039
782,2680
625,2834
634,2228
881,2049
670,877
496,2813
269,2994
232,927
2235,2432
222,3094
530,2938
1422,2919
2197,2291
88,2940
409,781
398,2007
239,3078
1001,2952
2431,2842
1277,1929
229,1972
238,1946
254,2145
833,2973
334,1956
610,2732
770,1225
1751,2585
1908,2167
1163,1529
721,1331
563,974
302,2245
462,474
725,1720
1556,1771
468,2471
1056,1342
754,2924
1923,2651
867,1025
1036,1884
845,2211
481,2967
1636,2616
1192,2216
1693,3072
720,3069
843,2061
2123,2900
2923,2988
5,375
355,506
2850,2967
2436,2652
254,1248
2289,2633
381,1284
1706,2701
1502,2135
1154,2268
2051,2950
920,2223
1586,3063
2352,2516
1204,2847
2026,2986
1667,2384
661,725
283,1373
339,931
294,676
214,791
1890,2040
1181,1469
1874,2980
680,1153
813,1501
1192,1699
450,2456
2268,2315
219,386
995,2782
1263,3133
974,1350
74,2305
1948,2732
1694,2549
1802,1860
1110,2854
82,3046
319,449
1964,2438
167,1848
510,2431
677,2638
780,1420
283,2828
1305,3051
119,2161
2,2138
1481,2040
1320,3156
2218,2781
2213,2813
522,1572
260,1343
1511,2482
2404,2659
941,1334
509,2889
2710,3151
2436,2452
1894,3145
380,2901
1422,1841
851,1072
330,470
356,2160
407,2081
921,933
2062,2197
135,1960
693,1815
2108,2308
2167,2241
1821,2177
172,426
1596,1633
1625,2468
215,484
19,2535
684,3066
721,1993
1050,2289
2226,2533
1340,1657
5,2534
1420,1514
2135,2895
1547,1852
1288,2264
10,1578
689,764
782,947
385,2013
1263,2270
1519,1841
975,2374
347,694
200,643
297,729
188,657
1655,2196
1340,2509
677,2408
715,2270
1144,3100
107,1043
2103,2686
1011,2068
2289,2632
100,1516
258,1613
469,2443
1761,1853
234,945
2838,2956
1649,3068
347,1638
720,1958
294,1383
36,1584
647,2402
1244,1598
406,2755
1758,2240
585,1771
1467,1952
1674,2831
757,2068
689,2850
1314,1414
899,2535
2967,3152
2545,2778
13,633
17,1579
2033,2257
1907,2508
1739,2598
61,476
350,2305
2017,2451
1098,1359
1533,1810
612,958
308,321
2449,3152
757,2472
818,2268
909,2735
242,2195
102,1263
185,2722
1802,2592
192,3007
11,1277
781,1036
648,2949
972,1496
630,709
1842,2085
760,2814
385,2456
1473,2040
561,3023
928,2604
829,1492
1561,1855
253,511
1036,2453
923,2072
2125,2600
1928,2091
280,1572
913,1692
553,1183
2348,3055
1038,1746
1289,1895
947,1254
482,908
564,2205
328,1501
710,1402
1583,2528
833,2155
401,985
384,1932
1001,2923
2052,2111
424,1977
1585,1762
2145,2943
1184,2543
811,1256
1677,1857
1194,2796
2025,2381
2640,2904
2246,2398
1854,2767
2635,3006
1475,3006
2412,2461
1253,1657
2857,3104
2858,2934
5,2921
816,1466
1772,3057
269,1859
593,1376
102,639
2162,3056
2178,2956
297,1489
2052,2600
262,1494
580,2815
1418,1489
1951,2798
1425,2080
2080,2755
132,2005
379,2755
496,3125
1858,2910
265,1531
1197,2233
1294,3082
960,2204
107,553
1160,1415
156,537
71,783
500,3006
1374,2878
568,1174
1258,2176
1165,1757
423,911
1151,1690
986,1384
2248,2327
234,1209
2945,3117
1553,1754
905,2474
726,1222
2559,2598
1571,2384
218,2846
1198,1750
444,2962
106,1162
1760,2917
129,878
1921,2924
84,1201
1446,2973
1669,1764
544,881
365,3007
1030,1776
1562,2798
764,2302
1668,2703
2267,2405
2421,2977
3,2868
1169,2740
494,931
329,1961
1047,1874
2732,2928
1345,1834
1516,2103
344,1171
200,1185
2073,3155
1153,1369
1512,1633
384,1131
496,2971
403,1173
281,963
851,1514
329,549
823,825
2279,2348
395,2521
963,1210
1634,1787
761,2398
1971,2444
1362,2960
1166,2593
2420,2455
2272,2445
455,2429
636,1072
1952,2876
1342,1866
617,932
1316,2327
1954,2108
69,278
1931,2273
1345,2219
1192,1886
1200,1987
2632,2800
321,2985
1050,1172
2154,2619
834,2820
79,1489
1731,1813
217,2184
376,1027
2227,2399
728,1544
969,2967
2489,2538
2231,2988
209,2651
811,1275
642,1456
2556,2858
715,1664
3018,3077
504,1554
99,1928
585,2379
855,1356
1757,2956
1841,3143
1566,3062
781,2132
391,686
942,1771
1552,2862
1003,1176
222,2155
2178,2295
1052,2897
963,1053
545,2893
1218,2284
175,2167
695,1034
911,1169
1046,1918
1107,1660
2325,2965
686,2542
1529,1629
504,1146
1314,1784
489,2002
1453,2442
2341,3031
1151,1582
1406,2647
125,2324
189,2796
1163,2535
1409,2353
2406,3007
2412,2838
359,1823
1248,1490
846,1482
1366,1579
479,2458
1277,2376
283,2329
1574,2913
647,1336
1096,3042
1300,2921
12,2593
362,2728
2411,2871
2546,3093
2307,2671
100,1951
1629,3093
1878,2285
2871,3025
1225,2868
14,2996
446,1401
768,1984
1182,1709
1289,2364
893,998
169,1700
531,2397
172,2138
1200,2195
1195,1627
2320,2788
817,2767
1575,2659
1045,3116
1449,2848
1058,2098
1627,3095
878,1247
777,2988
2443,2885
2518,3100
1258,2162
856,1661
1406,1708
901,1911
1574,1640
800,928
988,1007
2055,2604
402,1128
860,2682
842,1339
173,2562
2152,2710
399,1813
968,1924
400,1727
709,2680
2046,2889
2122,2583
107,2587
1876,2995
1048,2652
2776,3007
74,2990
1175,3122
1529,2470
1037,1448
1813,1994
2765,3008
1735,2830
873,2019
142,1067
967,1594
226,2012
406,1291
1756,1815
1525,2026
1846,2233
763,2198
993,1612
2314,2626
88,102
1755,2399
734,911
858,2531
561,1102
339,2943
1526,1733
833,2960
987,2507
512,1559
506,1772
208,1305
0,2487
1798,2871
108,155
232,649
556,2816
205,898
543,1644
1050,2455
284,1899
2133,2549
2562,2711
830,2339
1831,2315
833,1278
1199,3025
1546,2850
2893,3077
1717,3145
1430,2948
842,3064
25,1836
657,748
1665,2192
677,955
1531,2914
468,1473
265,266
130,3025
1342,2223
0,1063
194,1564
1857,1859
812,1987
790,2725
655,2584
1704,2906
1958,2603
103,1838
254,1191
1578,2318
444,2860
1063,1314
512,1987
1123,1848
753,1558
507,611
269,1753
1407,1540
1277,1856
928,3094
2376,2856
1948,2030
937,2434
2374,2840
1350,1560
545,2953
663,2231
2080,2789
1649,2525
142,2795
1022,1617
1314,3153
971,1189
648,896
827,1825
1574,1657
157,2529
415,3169
292,2457
681,1008
849,1309
2109,2583
1243,1446
2688,2764
474,3013
470,668
286,2223
1037,2802
180,263
1972,2603
2600,2611
1384,3073
402,2603
382,544
403,444
657,853
874,2001
1905,2434
2223,2639
1053,2272
282,475
2080,2949
916,1005
970,1951
108,1857
1057,1263
699,2026
90,3045
387,3058
278,1630
2299,2781
543,687
335,1856
278,2467
609,642
1409,2692
566,1171
145,3151
1789,1838
1827,3011
116,1802
314,1314
2221,2442
1012,2398
484,1931
992,1137
2068,2346
218,1345
816,1348
987,2572
394,417
1829,2706
64,1915
888,1454
1624,2411
1493,1693
280,2721
2598,3136
556,2267
175,1192
664,2910
223,900
2564,2618
119,762
1670,1816
1894,2837
930,1182
773,2570
511,2547
1796,3080
1089,2449
1058,2686
561,1047
476,633
561,1293
1529,2679
1144,1738
1174,3060
1594,2728
813,1544
214,2295
1255,2118
402,2572
274,1470
1171,2907
1370,1912
1797,1932
1072,3063
2338,2704
915,1984
2125,2271
550,1733
2551,3118
2234,2429
744,1365
1384,1780
234,2651
611,2986
225,497
920,2852
916,1921
2604,3139
244,1566
976,1446
1376,2369
2654,3092
550,1856
731,1048
590,1339
280,731
2290,2928
2133,2204
1951,2629
57,665
25,223
1071,2167
1051,1938
106,1468
417,1954
1349,1572
12,1213
986,1698
968,2828
2311,2890
193,2208
1004,1527
2703,2956
474,1192
1475,2135
385,1848
160,2972
2057,2868
667,2989
335,1630
2277,2282
1512,2295
729,1675
729,2830
1105,2953
44,1909
1652,1878
1645,2343
1985,2116
599,924
1551,2769
2169,2532
180,2284
142,172
824,1789
2263,2898
1789,1816
1224,1328
130,1696
1853,2093
1589,2421
1961,2680
101,3060
623,2514
1711,2679
860,1128
18,2247
1182,1375
684,987
1157,2511
306,1022
350,1204
460,748
1715,2277
460,2569
11,649
1647,2588
1582,2012
117,702
1531,2732
1559,2943
116,740
119,2340
10,932
1574,2040
127,1927
1400,3006
510,3070
1576,1829
648,2848
2073,2913
483,2458
2549,2860
280,2539
1006,1755
2839,2977
956,1913
1283,1618
720,2514
1420,2451
811,1671
1547,3039
2294,2855
986,2539
1584,2354
952,2160
1191,1537
382,1789
376,791
385,2690
1840,2470
1676,2719
512,3050
913,1782
2625,2988
266,1021
2514,2557
2125,2458
689,2357
1057,2952
1931,2664
921,2062
1012,2172
959,2262
1107,2372
920,1859
402,2169
987,3063
834,1145
900,1316
958,2979
401,1797
387,2366
1153,3168
914,2190
1702,1903
1175,3119
344,2604
1197,2270
1635,3064
2190,2235
582,2514
1741,2838
197,2825
1633,2205
504,1629
939,2226
1668,2660
1685,2782
96,2122
1407,2347
453,2411
917,1724
489,1844
1281,2515
913,2985
2786,3078
1208,2455
1606,2559
1143,2356
617,2891
17,2688
2076,2196
813,2519
379,2776
241,832
165,2762
66,168
390,3146
162,1451
116,1219
194,1195
781,1847
18,283
1564,2611
926,2848
446,2343
893,2312
481,984
929,1667
726,2199
56,1150
266,2494
2577,3005
1382,2490
1788,2345
1209,2372
1259,1711
794,2914
1490,2121
1473,1602
1721,1873
1980,2824
538,1027
720,1251
373,2267
562,1308
478,1407
826,2023
2195,2226
941,992
2003,2693
350,1917
913,2945
2456,3157
564,2367
185,2928
775,2712
922,2068
1160,2519
2048,2253
2877,2906
1377,3158
1165,1960
1633,2321
139,734
179,552
1613,1820
2784,2870
647,1902
764,1842
37,209
824,3135
2535,3133
1913,2248
119,1935
1654,2614
155,1151
2273,3155
1934,2515
1244,1490
629,639
861,1984
1112,2858
1422,3145
94,1810
1599,2228
942,2721
1706,2065
1254,1627
1580,1810
2321,3094
229,3124
563,829
1204,1793
768,2800
1394,2327
1021,3103
1720,3139
1711,3095
555,1271
2301,2582
562,2989
1623,2534
757,2269
179,444
356,402
753,2697
2372,2901
602,2174
1576,2949
992,2221
1836,2172
986,3134
553,1855
633,1210
80,1674
1189,2085
2289,2379
728,1646
2042,2652
280,755
38,1191
971,1350
502,745
146,1811
1181,2514
12,2453
1942,2824
182,451
356,2532
1981,2362
1102,3031
846,1167
1310,1520
1729,3136
761,3019
873,1865
1263,2652
1727,2133
189,824
2485,2977
1915,1954
1980,2445
329,1735
2232,2988
820,2491
1513,1846
275,2204
1859,1886
951,1836
157,2197
1674,1745
347,3093
493,976
1876,2958
103,460
75,1949
1531,1876
747,2330
928,1596
710,2829
44,2695
2206,2397
2077,3058
64,2495
1563,3031
776,2989
1953,2098
1175,2674
1859,2704
835,2228
349,729
295,2443
1404,2223
462,1955
376,2431
1468,2728
2722,3130
1694,1851
2066,2840
2293,2891
1130,2072
372,540
57,1623
2500,3123
1885,2305
2223,2824
74,284
1962,2693
479,1848
450,1980
230,1019
175,355
1797,2208
940,1977
1884,2042
975,2498
1791,2871
1169,3094
3,1257
1617,2082
733,2227
1582,2643
2693,2950
1709,1715
1330,1712
64,2555
650,1622
1162,2322
2087,2429
3064,3157
1053,1935
1052,1866
303,2433
1846,2095
1424,2402
2856,3119
1155,1264
720,1931
968,2160
1425,2938
2374,2966
1251,2988
1240,2641
1372,1887
2375,2943
166,1484
2349,2504
1447,1450
275,1190
583,1980
185,1883
738,1821
1514,2302
1533,2731
36,3123
2236,2663
1694,1891
1220,2897
405,408
2228,3093
1192,2327
1139,1423
171,2798
486,1336
2357,2764
1191,1890
3,250
1734,2564
1343,1640
860,2327
169,3078
1230,2239
854,2682
342,362
1596,1875
1819,2927
218,2963
2186,2497
1769,2912
2077,2591
877,2594
1571,2352
1859,1976
159,310
937,2574
2200,2840
2019,2986
497,2471
658,2102
142,737
2779,2910
350,1345
1879,2358
1907,2084
2352,2368
1935,2857
102,2874
507,2383
2092,2494
414,2535
939,1154
984,2083
678,2018
302,407
2223,3162
3021,3162
576,2289
869,940
128,1811
2013,3006
1416,1578
874,2324
286,2631
1219,1952
2012,2421
1527,2738
2472,2906
322,1176
880,1476
2632,2629
543,1668
385,1938
403,2409
1618,2830
1180,1769
235,919
362,1583
202,1829
1143,1474
1086,2128
949,1668
1891,1892
454,1373
1140,1248
1566,2495
504,1111
105,2710
1160,2197
1856,2113
262,825
179,668
1589,2002
2595,2704
93,1233
543,1075
699,709
1263,1771
234,1772
895,1555
733,1165
920,1650
693,3063
503,2696
762,1853
523,1848
932,2100
1837,2535
478,1981
1414,2311
269,1755
1182,1660
1007,1671
717,1240
1306,2405
104,708
1024,3007
987,993
1709,2738
289,1486
634,1203
545,1501
474,2026
1629,1674
726,2854
583,2039
2279,2603
1694,1912
685,2732
1150,2165
1118,2578
207,923
394,546
1290,2295
3119,3131
1856,1872
424,2747
584,2678
1416,2374
256,2464
779,1348
1673,2685
512,648
310,1585
66,1760
941,2216
927,2996
932,2248
218,878
41,2844
119,1489
521,1729
345,2530
2081,2798
1051,1166
1153,2295
695,1317
903,1734
655,709
105,219
902,2324
977,2590
1292,1841
460,2794
1599,1993
3007,3081
2205,2225
193,1738
502,2979
544,648
1314,2416
1176,2154
138,267
1594,2908
2443,3006
100,2161
1413,2413
487,2659
113,471
275,2526
612,1834
398,2953
489,1416
398,1256
1165,2092
1599,2447
454,2228
1419,1497
265,1956
347,1363
854,1864
1289,2009
474,1214
602,1667
1727,2076
314,630
145,2834
1168,2278
1028,2890
1594,1642
1819,1921
924,1632
1314,2231
365,1036
174,2091
52,1642
1114,1141
527,2923
623,2098
504,835
1574,1761
1539,2755
777,835
689,2678
1587,1895
974,1182
725,874
314,1691
193,487
1156,2118
1056,1774
177,2498
505,1355
16,226
2657,2730
267,853
2075,2800
1078,2619
554,921
2591,3119
864,2846
1423,2884
333,845
1566,2938
442,512
304,2430
1166,1257
1579,1732
259,2101
652,2969
329,960
479,2772
374,2083
1176,2433
1983,2438
1790,2270
1980,2861
260,3101
1446,1583
180,668
1693,2709
219,287
378,1409
464,786
521,2954
967,2011
1259,2495
111,853
1130,2080
753,980
1025,1342
127,3013
1514,2562
165,1315
1048,3094
2012,2170
1255,2605
2777,3118
1489,2061
1309,1446
1598,2568
597,2734
630,1312
1233,2210
2412,2728
1739,3124
657,2688
1612,2917
1873,2398
78,1568
82,2019
12,1840
221,2213
1748,2155
1424,2451
102,501
768,2214
1866,2799
164,1801
469,2728
1861,2538
1052,2371
238,460
2196,2228
660,704
1041,2514
978,1328
813,1420
198,495
2087,3103
287,2970
355,1058
178,1987
1467,2308
297,981
1170,2098
860,1901
314,2122
2415,2547
356,1100
2068,2532
250,2522
2236,3119
699,1575
620,2473
1454,2748
1907,2671
317,755
860,2008
1762,2992
263,1089
1182,2328
1627,2782
660,3002
524,826
93,394
281,2376
807,2966
2194,2775
734,2226
375,2378
964,2076
931,1866
1755,2597
135,2895
799,3077
113,882
393,2783
2065,3059
780,3062
2940,3126
2449,2583
1642,2433
1629,2205
1300,3004
250,2436
471,1667
1509,1634
207,1762
1834,2235
71,1271
244,2306
819,1513
1255,2658
830,1156
1696,2966
1057,2012
1662,2508
662,1627
911,993
2009,2844
1797,2118
2327,2804
935,1381
363,1086
588,2557
102,2857
1195,1713
284,494
1034,1312
2680,3137
1109,1911
900,1849
226,2287
260,1657
2121,2893
546,779
1213,1628
2969,3119
1518,2343
504,690
957,2165
487,2091
2055,2224
1928,2973
269,2618
1230,3082
1190,1895
1538,2411
301,811
1525,2283
1430,2920
1446,1984
125,1742
1243,1837
543,1327
2268,2660
697,699
283,2606
1696,3084
1308,2878
1569,2584
509,2231
1052,3071
2226,3031
481,943
64,577
524,1566
57,2798
913,927
2500,2777
1128,2627
415,2906
285,1836
2597,2756
1823,3153
2433,2880
930,1053
356,1885
1787,2653
466,2577
1156,2777
964,1665
671,790
259,1960
8,2430
794,2146
450,2200
993,2998
1317,2874
2073,2686
1042,2625
896,1933
284,495
321,2764
1258,1407
2470,2507
2367,3154
881,1058
1805,2378
2593,2605
1948,2907
1476,3058
2414,2647
721,729
2271,2424
619,2184
597,993
1416,2394
262,2131
564,1031
1814,3136
266,2242
422,926
224,2925
260,496
779,1918
1219,2921
924,2663
1306,2947
1348,1677
2728,2986
1700,1716
343,1979
1852,2603
215,2324
171,2659
421,971
1407,2166
284,1847
3164,1514
829,2959
2673,2998
1319,1735
450,2450
129,1732
757,2295
694,2935
1764,1887
1662,2784
2221,3146
464,985
1481,1594
1768,2555
1613,3128
2121,2913
1188,1420
142,1039
742,862
755,1601
1194,1235
194,1141
378,1879
1648,2357
464,1952
2075,2326
552,2450
137,402
1578,2566
1933,2534
1230,1898
554,644
1662,2444
2638,2920
2334,3082
1462,2349
1388,2900
624,674
1587,2897
1051,1838
1954,2092
309,3071
1263,1295
399,1900
2027,2185
647,2007
183,2258
238,1975
1447,3020
2223,2404
2393,2594
1347,2593
1308,3055
100,985
166,2221
2551,3018
777,2958
1924,3066
378,2077
1014,1531
923,2384
2346,2953
1603,1993
1242,1370
2352,2482
1128,2525
951,2531
2023,2398
1198,2089
2168,2878
468,1876
521,2233
1443,2846
753,2909
928,2577
1180,3121
764,3057
1436,2917
1994,2299
2346,2509
1208,2669
1572,2883
645,685
107,2647
66,402
2133,2628
1823,2395
193,1547
2582,3036
254,1740
763,2372
159,2118
2277,2663
469,2656
604,1528
591,2217
702,2374
626,1512
1935,2965
2372,2838
978,2959
2208,2928
1642,2688
234,1912
145,1230
1623,3162
138,1803
71,1016
25,900
2197,2603
117,1647
917,2947
1074,2170
756,2285
2063,2669
44,445
1029,1400
1052,2095
1176,1437
1865,2834
699,1430
851,2374
1448,2195
1497,2265
862,864
80,689
478,482
1183,1613
1199,1489
266,2405
294,2765
1023,1414
205,2786
960,1623
387,1805
549,1340
1051,2017
341,561
1213,2003
403,1288
1038,2906
914,2868
230,852
726,3063
380,1186
55,222
15,1236
1056,2651
1472,1509
948,2430
856,1398
347,2463
1037,2099
1163,2044
1758,3014
1492,1636
785,880
654,1805
400,1450
471,966
448,765
972,3151
1843,2515
78,734
2159,2653
1254,2507
618,3138
79,1174
854,2404
728,1984
1372,2349
1265,1749
1342,2132
1504,1854
52,1827
2009,2496
1036,2786
94,394
343,1256
1682,1856
2195,2592
1099,1430
945,1788
422,921
1901,2163
558,1660
282,2308
597,2889
403,1475
1172,1659
685,974
681,1048
147,192
1685,1756
8,1167
1381,2033
2584,2597
224,1024
984,2232
460,1359
367,2860
1431,2796
1005,1127
269,2012
1662,1686
170,615
1156,3161
177,2388
1698,2541
287,1977
944,1545
187,1334
908,2201
1091,2829
1317,1899
699,1632
1183,3008
1180,1941
807,1156
596,756
218,2152
350,2356
1055,2218
650,2728
620,2614
86,1396
1373,3021
524,2783
2281,2660
1724,2659
1233,1424
192,2663
1627,2954
86,928
2411,2873
1022,1890
1215,1994
275,1163
2440,2977
289,2376
2495,2927
1991,2279
821,1841
39,2308
450,1366
144,745
125,2566
286,2017
294,1952
463,1688
282,820
153,1720
1160,3143
1840,1907
227,2961
772,1762
223,2990
2381,2532
2330,2923
601,2324
2049,2813
2979,3063
1259,1879
468,2535
2876,3022
637,1029
238,679
1729,2077
1247,1586
493,3063
1642,1761
543,2616
258,2838
285,1243
2770,3077
2272,3107
1155,2710
984,1787
993,1843
226,1837
1752,2910
1437,1454
1624,2839
2138,2226
1927,2178
48,978
284,1853
937,2053
258,1065
1018,3007
1706,3039
422,1080
1781,2603
1902,2399
1328,2373
1441,2125
1776,3097
689,963
1839,1895
489,655
218,2632
199,236
2673,3161
115,2995
448,2399
1306,2727
1243,1922
2554,3146
978,2013
1776,2311
1295,1430
699,1731
1907,2607
2740,3062
2562,3031
1568,2384
139,3122
1472,2012
995,1296
658,1886
862,2230
782,1369
1261,1297
1443,1695
561,2407
1021,2188
1797,2375
1640,3084
1365,1569
1731,2624
417,2808
493,1536
1816,2327
1067,2587
320,1327
978,1846
330,908
2052,2674
2985,3139
344,755
1172,1819
2767,3119
1848,2965
284,378
135,1430
68,766
1433,2167
90,1050
68,1913
1128,3025
3055,3146
2516,2640
1322,2245
1866,2305
1057,1165
28,626
297,2297
1305,3033
1931,2066
179,726
917,2367
402,838
504,995
512,2369
1674,1755
260,2818
824,2347
2431,2869
856,2579
2873,2928
279,932
1865,2013
2824,2939
1186,3006
930,1075
2013,2092
939,2352
2768,3008
1473,2408
1365,2028
859,2689
1959,2487
596,1720
400,625
1196,3119
526,2421
1080,1803
551,2110
260,1452
1984,2201
448,836
1397,2236
2565,2634
55,1901
764,1829
401,2150
1776,1908
517,1961
912,3033
759,1053
1233,2853
1719,2780
1670,2268
719,1376
2013,3093
482,936
2783,2862
2508,3125
971,2039
1166,1961
759,2221
977,2432
1096,1985
244,895
1649,2679
506,1231
1902,2619
1314,1461
1761,2582
7,2647
912,2920
102,1290
2206,2562
401,491
1130,3168
478,1246
2225,2415
1890,2274
697,1305
1591,2259
446,2534
1236,2244
125,2031
717,2653
1203,2156
1328,2947
1160,3021
1810,3098
1118,1317
1155,1230
1347,1984
2232,3031
977,2578
1175,2009
1126,2430
1172,2343
1829,2557
733,2346
1566,2629
1981,2470
921,2294
274,756
2262,2935
937,2945
1560,2356
400,527
1584,2673
2321,2848
719,913
728,3093
12,1446
389,761
2363,3064
654,669
1632,2461
344,2692
1090,2778
715,1995
1325,2420
398,2475
424,742
3,820
512,764
22,481
258,1284
772,1787
1052,2491
1007,1382
355,1834
449,685
175,2993
2496,2957
284,411
262,411
350,801
649,2357
1520,3117
159,803
2046,2427
1025,2853
791,3119
1490,1668
2423,2890
63,489
1983,2593
2008,2826
1861,3136
1434,2119
1396,1599
1085,2681
2585,2684
1016,2299
453,2272
1376,1758
1024,1566
2055,2277
484,1948
1859,1907
241,2177
1216,1961
2187,2448
1676,1929
633,2585
793,2966
367,1175
232,1854
2646,2844
509,3021
496,2959
316,1415
1330,1511
197,3027
810,1382
846,2659
2325,3011
710,2471
259,2271
316,2803
1711,1886
2153,3082
1217,1553
629,2263
860,1797
1549,2669
117,1768
1606,2609
495,703
768,2461
901,1458
2095,2310
1972,2583
52,286
1381,2052
444,1121
1168,1332
1091,2342
275,960
2474,2554
1040,2556
968,1160
590,3092
154,1191
2234,2240
772,1785
1849,2591
2529,2730
578,2107
510,2280
2365,2619
2183,2853
2095,2159
336,468
936,2308
2018,2263
224,1559
180,1994
1742,2434
323,3151
428,2248
284,1728
655,2938
387,1927
1016,2241
523,2344
2487,2885
963,1020
1456,2290
1615,1667
618,3115
3167,2369
322,1128
1740,1847
829,1139
1214,1771
644,677
2628,2734
321,2755
2020,2931
268,1699
978,990
1208,2353
1788,2308
381,744
489,1229
928,2673
276,2521
1019,1370
1873,1933
142,2017
760,1921
1495,1655
2291,3013
645,931
157,2345
123,848
244,1176
1430,2639
1112,1444
444,1632
864,1422
442,502
1213,2365
694,901
862,2263
2603,2730
1294,3092
1185,2189
1266,2071
816,2674
1437,1752
2183,3137
811,1451
2594,2822
1294,1332
258,2227
2846,3157
1437,2274
1927,1933
794,1551
799,3102
1571,2448
747,2075
474,937
1396,2641
39,1041
844,2605
803,1238
494,2073
1928,2239
1295,1901
1054,2317
2693,2979
2183,2924
277,1761
1561,2624
1404,2099
1746,2900
333,1843
1138,2075
618,1632
934,2075
63,1610
1249,1709
158,893
1992,2495
400,943
2186,2658
1552,3064
1743,2138
316,1975
1369,2502
241,1985
1523,2512
2051,2767
2349,2648
670,1160
2254,2530
575,2281
1376,1840
811,2948
236,242
1437,2931
1057,3151
193,689
232,2704
1948,2475
1702,2240
334,2514
1699,2160
692,888
78,105
942,1691
2044,3156
564,1255
2588,3048
2653,3031
817,3152
566,612
342,1195
5,1964
1756,3062
1589,2854
938,3104
5,2075
631,1276
1539,2053
1452,2959
1787,3153
792,837
1628,2801
63,84
450,928
900,2320
1037,1217
502,1566
38,79
381,3071
299,2278
2349,3005
1192,2324
596,1563
509,2579
2378,2626
1288,2829
415,861
2643,2692
1935,2367
2787,2893
1454,2767
7,924
1276,2572
2674,2782
1407,2939
859,2590
988,2907
1045,2633
218,2568
1112,2276
702,1313
2285,2669
2529,2901
1036,2577
667,2543
2398,3157
1668,2857
1504,1642
540,3146
92,2916
2311,2535
956,2315
489,2995
1293,3093
1201,1515
934,1300
214,2490
367,913
603,2456
1915,2072
884,959
922,2475
1086,2171
644,676
762,972
856,987
1939,3025
2897,3104
321,736
821,1985
11,2122
77,1861
955,1323
780,2069
2257,2311
1056,2412
920,1190
28,1608
295,1314
1200,1558
298,2681
431,500
1640,3117
933,2690
432,1878
2836,3119
1312,2848
2007,2927
258,2516
993,2752
3029,3045
585,2052
2285,3084
2228,2655
805,1493
103,1062
661,1136
1365,1559
772,1740
1885,2557
2014,2986
332,1398
1513,2949
12,128
1503,1961
1954,3094
114,2049
557,1948
2838,3136
1670,2176
452,453
1287,2865
1104,2678
2680,2689
847,1568
1447,2934
479,2226
1159,1802
863,1244
39,1310
1996,2033
1200,2799
1853,2710
862,1672
780,2221
1450,2921
3,2497
723,2946
2226,2291
1180,2996
1861,2434
2943,2965
1384,2258
676,1698
1097,1847
2235,2592
509,2741
158,2397
2091,2937
713,3059
1294,2629
462,1166
867,3066
483,2463
197,1097
377,2461
355,1855
797,3042
1416,3151
2077,2307
267,1556
2345,2704
119,1563
699,2610
2374,3013
350,1854
18,1323
919,1739
2093,2199
147,2152
2071,2316
951,2024
497,2118
1633,3128
2206,3131
215,2408
677,2919
481,1514
161,2776
1952,2787
357,2096
1089,2674
1476,2782
500,1897
1895,2423
1760,1788
1203,1416
277,1607
15,2469
99,1596
1163,2267
157,467
630,3115
481,1901
189,2511
398,1767
951,1784
453,2906
658,2188
1727,2092
743,872
1840,2195
513,2197
726,1164
253,794
894,1149
2381,2540
467,2673
648,3146
333,1738
7,1728
1176,2788
1180,2760
369,1752
2589,2665
753,2709
151,2108
476,508
218,844
252,1016
1966,2961
2077,2313
629,654
2085,2153
239,1140
102,1284
761,1749
2702,2804
1630,2213
294,2692
1989,2064
609,3169
2514,2648
555,925
2767,2836
226,1362
78,1048
1917,2058
2431,2450
732,3155
69,1787
773,2285
25,731
2824,3122
755,3116
502,2046
168,627
838,2431
734,2497
283,2263
2353,3004
1981,3151
1557,2589
2779,2962
2989,3011
1,2259
508,2805
1711,3039
737,2263
497,1047
669,1933
1772,2226
178,2305
878,1399
1128,1764
568,1138
766,2397
434,1642
2025,2359
704,1924
130,2076
150,2977
684,1615
1375,2225
197,2071
134,2706
958,2824
1649,2332
1051,2413
835,894
528,2689
719,1189
1397,2945
732,2384
1321,1510
158,2994
11,2959
971,2346
10,1129
1215,2075
402,407
1213,3068
197,2098
232,2198
1372,1623
1047,2190
2769,3119
1196,2940
311,463
2428,3083
1199,1891
1160,3096
1341,1380
599,1305
717,3031
66,1045
1365,1399
2535,2669
1113,1665
993,2650
1437,2718
522,1362
170,385
1314,2679
1074,2714
1102,2611
896,898
254,1714
551,1571
878,1630
1219,1786
71,2463
1868,3029
134,2451
495,2842
734,1907
415,2708
794,2843
107,2374
851,1095
528,689
524,1972
246,757
365,2962
931,1188
192,2719
2787,2824
1111,2327
1879,2098
939,999
1339,2337
897,2374
627,1034
600,2706
453,3168
156,790
593,1861
1866,2506
81,2854
1869,2356
943,1677
1735,1829
1213,2031
545,2437
150,1568
854,1029
474,1924
743,2690
686,2463
219,1866
260,3081
2423,2931
833,1603
259,2605
975,2103
1475,1871
403,2719
98,2801
1526,2176
2577,3050
601,685
71,1252
1173,3000
1406,1533
573,2774
203,2895
52,995
1513,2125
1985,2226
422,1954
133,2467
2533,2614
2667,2956
1306,1984
1194,1849
1171,2908
2945,3118
91,2113
559,1525
18,505
2279,2746
119,2304
171,2269
913,1726
1594,2479
164,2556
903,2955
2695,2699
2619,2954
1890,2456
479,2273
1225,1449
1080,3123
1376,2593
614,2254
1676,2241
437,702
1382,1596
1344,2037
726,911
1136,1810
0,397
1757,2408
2422,2558
2184,2732
886,1869
1600,2372
271,478
2450,2738
761,2364
912,2854
241,2856
728,976
74,79
1400,2954
908,1618
5,2266
2539,3063
1036,2195
778,1443
831,1301
2475,2907
1611,2268
2343,2857
1992,2244
1341,2139
1989,2865
1829,1841
100,439
1950,2235
200,816
852,1994
2091,2172
2189,2491
2138,2890
617,641
662,856
1054,1702
1029,2143
1352,1640
708,2175
996,1974
835,1747
1278,1573
677,1407
509,1429
660,2957
1264,2019
564,2800
1002,1274
272,2961
2404,2949
130,2697
2066,2950
545,2324
1089,2755
1531,2456
898,936
550,1644
1138,2783
394,2289
506,2389
1080,2351
1233,1427
737,1143
1605,2463
1027,2655
614,2084
169,416
286,607
1550,1659
843,1720
1056,1655
1140,1322
1075,2076
628,1761
717,2295
263,2152
2138,2200
2578,2691
1557,2641
731,1497
505,2064
2221,2542
916,1128
189,2648
1362,1607
1657,2048
459,2998
2735,2892
2301,3011
1311,2274
259,1958
88,2697
1978,2875
2356,2961
344,2456
1856,2016
88,1096
1617,2133
1566,2190
157,2183
36,2958
1123,2121
610,3010
52,482
1166,2706
481,2467
1792,1869
693,1247
260,1756
130,2422
172,2411
710,2828
2495,2658
270,1832
1758,2525
799,851
356,494
1714,2534
391,2652
551,1114
1427,3100
98,108
2076,2236
1007,2939
698,3045
69,2879
1694,2355
1678,2585
218,3045
1643,2607
2618,3143
901,1907
2504,2734
1241,2458
2223,2574
344,2014
281,2456
989,1006
2040,3058
1449,2829
1739,2454
1183,2082
501,504
545,1011
1263,1935
2327,2662
964,981
3027,3147
900,1205
519,2900
781,2913
820,915
833,2238
593,1752
1046,3100
798,837
362,805
172,179
1188,2092
1690,2134
1512,1667
816,1075
1479,1960
135,999
1818,2451
1961,2308
18,1386
358,2678
1211,1542
311,3065
2145,2475
294,2982
2139,3016
601,2197
1758,2801
805,1041
714,2977
341,2247
99,2321
1188,1662
1151,1526
355,2227
2080,2423
1449,2244
380,2115
1912,2348
310,2979
2320,3023
350,583
1095,2236
1704,2240
643,2415
286,2117
932,2358
1213,2262
1699,1913
86,755
452,617
3,1328
1562,2016
923,2588
2116,2260
2197,2911
230,283
1343,1797
88,604
503,2411
1472,2706
500,2708
733,1575
285,1384
644,2968
600,1833
1774,2591
987,2067
689,898
2191,3156
1156,1162
731,1958
1630,1882
1153,1650
1754,3123
592,949
978,1601
283,2429
768,2954
476,1057
25,1315
171,833
1140,3151
440,903
2489,2918
389,3007
1943,2167
0,1412
1189,2324
173,550
1774,2735
1258,2294
728,2227
2013,2958
708,3157
1247,3080
2016,3093
56,1782
2150,2629
1617,2052
119,2173
923,2759
873,1621
2072,3054
818,1832
25,1085
1993,2327
661,2221
2518,2844
196,2959
861,1456
674,1679
927,1751
2145,2914
1030,1430
329,2405
712,1290
369,1691
944,2457
2099,2216
1130,3132
511,1493
997,1924
1776,3152
929,1954
91,1873
973,1984
993,1789
1682,2432
287,868
2488,3096
2055,2960
1757,2230
263,1097
193,2221
1327,2853
1020,2514
985,2221
1160,3094
1174,1755
1709,1785
847,2871
1175,1451
1711,2532
350,1197
1772,1924
2244,2814
57,1310
1180,2147
177,1322
783,2701
1890,3043
31,1856
2542,2957
729,1251
1950,2592
236,2021
2142,2611
559,636
706,926
1693,2052
2305,2460
1525,2870
232,1860
756,3099
375,2831
915,2072
728,1309
98,2674
474,1456
504,1991
1295,1749
554,994
68,1450
603,2002
526,2308
2064,3091
672,2458
407,2207
2057,2109
807,1995
1348,2996
1606,1871
210,2610
925,1665
86,1187
1671,2310
2533,2714
803,1129
767,1448
1074,2697
701,931
1171,2008
1173,1476
287,1339
737,777
773,2487
147,1657
332,649
170,874
1348,2266
744,1871
867,2349
811,2337
686,1627
167,2075
401,2179
1486,2865
303,1527
1711,2075
1961,2598
1741,1790
170,601
789,1711
773,2679
324,1189
1992,2327
702,2080
444,2399
2155,2684
1908,2305
556,602
2384,3066
475,2058
1143,2165
1699,2100
335,1989
1482,2444
172,2274
1182,2949
981,3050
1472,1895
1040,2221
816,2836
2281,2463
1669,3139
1055,2305
2205,2450
95,860
388,2529
303,1819
1726,1985
344,1439
223,2039
763,2069
945,1154
402,726
536,995
846,911
174,833
641,1468
2145,3137
1887,2190
2,1220
297,1110
357,611
197,2490
2019,3086
419,1905
330,2122
1181,1218
302,3093
80,2319
2619,2652
262,833
1727,2924
52,2186
218,2317
1447,1591
935,1037
511,685
1805,3003
90,526
1794,2062
1538,1550
370,2139
226,685
2471,2657
2267,2352
1105,1524
806,2804
2240,2489
140,289
1429,2824
1332,1685
913,2714
333,629
744,1320
2188,2549
100,609
123,978
782,1574
1761,2434
754,1796
723,2839
2163,2921
1129,3158
1114,1412
401,995
1131,2710
1038,2040
270,1551
1501,2550
1025,1771
142,86
1191,3073
1732,1752
803,1952
1985,2926
698,2833
1641,1875
684,1415
1528,2772
400,732
2294,2475
918,1243
1734,2311
959,1253
800,1676
2055,2767
1108,1898
756,1406
1774,2801
1400,1560
733,1696
1243,1782
2489,2543
464,2660
3164,1935
1128,2641
2267,3011
1961,2796
1121,3067
977,1901
1583,2922
2186,2995
689,2102
1731,2487
2345,2549
689,937
130,3135
2476,2611
944,1667
1520,2504
2805,3048
1140,2960
953,1180
709,1096
1668,3075
1146,2138
1345,2813
1595,2190
2393,2444
254,2679
1424,2947
613,1600
1720,2179
756,2293
537,2796
2366,2652
341,3018
1564,3136
2356,2845
2411,2986
1136,3082
684,1956
1851,3097
3168,2093
2218,2504
383,1840
81,2068
2192,2625
1981,2102
757,2669
984,2299
1914,2956
1676,2300
1513,2665
1103,1805
2052,3058
383,2984
381,1576
314,676
2098,2949
521,2525
284,2490
1422,2292
1943,2066
694,1599
1814,1942
135,2840
2433,3158
949,2801
404,824
702,1420
187,988
1726,3112
274,881
1014,1853
1659,2999
2058,2093
442,2240
1854,3158
1741,2048
1030,1790
463,2411
236,1244
508,2444
10,2735
2147,2530
711,2355
794,1423
1793,2825
105,1131
1037,1213
22,3059
303,2163
981,1078
1712,2784
925,937
1793,2667
1898,2644
2064,2238
717,1057
1050,2565
297,1912
596,3131
402,1280
1694,2448
1512,2584
1257,1627
1578,3118
550,1665
685,785
625,1581
669,1456
1277,2266
628,1762
1301,2348
1209,2917
1835,1865
1789,2992
2690,2928
452,2731
536,1513
2295,2469
18,1494
733,1978
777,1697
448,1902
1031,1241
1303,2118
1540,2475
831,1994
1310,2566
1415,1692
1714,2530
1489,2512
111,1490
1197,3137
2095,2949
422,568
102,1495
756,1317
990,2559
1348,2274
468,2767
1451,2756
806,1123
1095,1849
1528,2695
311,1144
479,1166
2604,3036
2265,2326
1970,2030
1907,2686
2415,3016
2800,2979
1890,2095
914,1550
260,1533
2244,2838
280,878
1153,1222
1333,2332
2052,2170
1933,3002
314,1818
1492,2728
536,543
2555,2801
1056,1519
1213,2452
1310,1416
1362,1422
800,1241
19,378
468,2052
736,2906
2319,2966
48,1446
2024,2711
1039,2895
460,2254
1595,2367
1734,1992
2067,2955
820,1671
283,1031
833,997
1912,2316
123,613
899,1517
671,2728
2349,2404
1317,2294
1805,2095
1644,2659
387,1712
1958,2516
1489,2570
1554,2305
253,1371
1872,2529
373,2604
654,2533
1609,2341
1577,2557
1114,2778
1099,1584
780,1538
2199,2669
1181,3117
1188,1629
648,1552
2565,2830
309,2443
927,1749
2283,2653
245,2992
777,2293
948,2440
2239,2447
1647,2624
329,2076
1638,1655
1328,2674
932,1463
772,1665
1062,1691
1501,1802
2923,3115
2448,2509
1462,2345
296,3104
1184,1423
1614,2807
1284,2017
1279,2590
127,1080
1190,1924
180,1820
2030,2198
1921,2154
90,1016
2244,2825
556,2251
130,2614
2068,2680
1594,2251
2124,3071
116,1429
684,1156
235,1480
1774,2874
1040,1166
953,1276
445,2372
1473,1935
1348,1756
704,2066
187,1396
280,1943
549,887
552,2461
938,1165
1249,1855
102,2833
773,1924
144,1954
2295,2955
698,1647
1048,2169
199,2098
2447,2562
1931,2491
515,2366
39,3123
1112,2588
2767,3101
383,1011
2072,2178
1824,2464
2077,2695
321,1635
1217,2471
929,1591
214,2522
2493,2989
612,1273
2378,2660
820,2329
1423,1935
334,2922
1539,2444
2578,2865
1759,2430
61,3107
378,1716
987,2721
478,1050
756,2883
1652,2878
1894,2792
234,2889
389,1676
1137,1505
1641,2160
1456,2861
2251,2456
1500,2883
17,1523
2627,2728
926,2522
1519,1915
614,2878
1263,2065
744,2631
422,942
2966,2986
444,2913
226,1163
505,1748
179,3117
105,927
155,1932
145,745
192,2691
1174,1540
928,1898
1528,2683
1062,2413
1690,3137
695,1844
180,3162
585,1736
1596,2456
709,2051
1776,1827
1004,1794
414,2928
109,2431
2460,3139
669,1834
1316,2947
1066,2979
513,561
777,1560
2197,2958
830,2828
1457,2686
864,1848
274,2946
582,2378
949,2084
2064,2912
574,1720
2738,2955
1759,2590
1615,2033
2221,2781
641,2290
915,1742
1575,2611
1735,2641
2802,2958
923,2798
2195,2242
1191,2374
889,1492
914,2959
80,1697
355,1195
172,277
947,2077
723,2508
193,633
1075,1217
1241,2449
1370,1456
1146,2778
685,1139
2504,3058
1360,1948
728,2008
1406,1985
1844,2737
336,2798
416,1576
937,2518
984,1164
1334,1882
2157,2433
1685,1758
2056,2775
1255,1657
36,2912
1680,2674
555,2871
523,1691
1901,2024
2878,2999
344,2242
1288,2475
1901,2998
1595,2808
2854,2889
282,1616
172,3123
657,864
308,1832
561,821
215,266
2539,2543
359,1694
1563,1761
193,2643
2207,2388
10,1143
1848,2222
1551,2721
917,1436
1030,1740
357,383
82,1586
984,1723
2231,2547
1948,2828
1633,1902
1895,2354
2527,2876
689,3133
1014,3008
1042,2381
648,1143
1381,2671
1218,2669
363,2825
897,2369
437,2489
1560,1855
352,661
1162,3104
1045,1591
992,2617
2461,2646
1414,1493
402,3054
679,3106
463,3126
1165,2353
1170,2957
937,2327
1217,1369
2176,3054
429,1594
158,1857
2851,3006
1203,1792
2094,2728
215,2398
1889,2397
1403,2949
1760,2308
172,2134
1107,2611
837,1476
732,2710
1635,1901
266,3078
242,1743
382,953
2434,3015
568,3078
1080,3098
978,1349
1013,3019
1164,1195
1558,1747
897,1472
800,3136
816,893
470,2997
618,878
975,2999
588,817
734,2728
618,2476
129,3061
1709,2799
192,2204
243,929
2922,3065
1616,2284
782,2699
1841,2775
286,1628
611,2614
1087,2516
2752,2770
696,1293
2162,2921
262,1275
1643,2605
12,875
593,2946
489,1879
861,2624
1740,3039
162,180
350,1815
2012,2320
66,1741
1174,1188
660,2096
2807,3134
596,3128
1150,1586
733,2177
2647,2807
145,2809
245,469
481,2290
321,896
1279,3127
3,2174
478,1772
1935,3025
1310,2210
2337,2993
1890,1942
1574,2340
1540,1662
926,2778
768,1957
1244,1476
1382,1479
692,887
708,2953
376,2244
973,1399
747,1143
57,2633
618,914
281,757
1191,2772
1753,3085
2267,3002
1344,1616
816,912
1109,1659
483,862
474,1163
1025,1734
1711,2516
911,2171
251,1263
136,1086
975,1295
18,2139
18,2393
867,3085
715,2280
403,1585
1574,2328
1926,2151
381,1431
719,794
690,3073
310,3128
1883,1933
596,2295
1259,2598
445,1529
1568,1680
500,1741
521,1695
15,1913
580,1051
932,2273
2442,3161
1989,2422
1746,3123
987,1771
964,1905
717,2291
627,2730
504,2755
2322,2809
14,1970
108,2164
1174,2638
78,375
1563,2408
1512,2908
622,2772
811,999
572,2309
3011,3104
684,2379
282,1448
561,2006
2344,2527
674,1051
554,1834
1341,2271
2464,3075
394,2255
1591,2970
1470,1842
915,1909
1016,2664
794,2705
661,1276
955,1641
1467,3059
2342,2617
1111,2839
981,2908
1627,2304
834,3157
959,2658
1437,2706
1047,1491
1493,2192
61,2673
1395,2895
593,2825
994,1600
1129,2282
2143,2922
1257,2693
1167,2670
1572,2228
235,726
901,2927
214,2080
2305,2784
1594,1921
22,1384
927,2958
449,689
1166,1513
104,3085
1703,2420
33,1336
381,2734
1673,3083
3167,2458
610,975
1774,1805
1995,2488
323,1598
1753,2284
1272,1742
1950,3006
674,2218
352,2948
169,2846
937,2158
942,1796
2914,3025
386,1164
1037,2042
1720,2865
1931,2284
431,567
2384,2672
25,781
1820,2977
102,855
400,1794
782,2083
1168,1200
2966,3002
502,2308
794,2229
501,1137
1109,2228
1987,2804
2197,2606
658,2442
753,1236
930,2421
1676,2098
150,552
187,1039
1540,2295
826,1097
693,832
553,1879
992,1525
797,2518
57,813
1802,3048
497,2018
760,1244
1207,3161
1860,1899
238,3075
2269,3142
476,2653
1928,2783
590,2133
104,1859
693,720
1130,1660
229,1842
423,1497
1450,2758
2659,2897
1825,2850
1481,3086
116,1668
749,2304
2112,2232
1188,1244
127,2845
923,1372
125,930
1975,2230
723,861
952,1545
1007,1048
1011,2996
993,2333
1085,2616
2710,2829
1569,1887
551,2805
1542,2912
1351,2722
1480,1790
1418,1857
2451,2516
1293,1303
588,1075
44,2461
1146,1563
614,2557
257,2977
1989,2070
1197,1305
1844,2907
1129,2557
224,1660
411,1320
2939,3153
1231,1995
414,1102
1451,2843
347,712
1018,2173
218,3118
12,517
618,1702
255,2583
407,2671
948,2503
280,993
843,2345
1575,2066
1171,1722
1370,2814
921,2408
2566,2870
447,2098
674,1418
660,1143
1166,1293
373,1154
704,1756
2598,2997
1292,2349
35,117
727,2514
1902,2143
172,725
684,1732
1954,2320
2027,2798
785,957
619,669
2071,2802
3094,3128
702,1955
805,2327
223,776
606,1702
1897,2012
474,3082
2236,3112
1007,2955
802,1198
232,3117
1767,2840
703,1112
732,1322
1833,2778
2897,2949
1489,2142
1727,2270
2,1838
494,2890
1693,2997
258,2113
2019,2375
1246,2782
1975,2565
1769,2387
1309,2798
2853,3011
540,1348
747,1365
2294,2738
2056,2464
144,1741
893,2218
588,1971
978,1606
621,1333
1005,2689
297,2218
846,1201
17,154
995,3093
500,813
617,1109
2420,3100
330,2254
508,2449
495,2951
973,2534
444,764
475,2423
524,1898
1063,2042
280,2965
1734,2961
723,1486
2598,2801
200,1561
185,777
274,2853
1322,1936
2850,2900
48,2052
811,819
1797,2008
940,2279
55,2091
764,2495
651,2464
207,963
453,2109
357,1112
966,2084
912,2430
921,1191
562,951
1915,3051
2179,2737
108,561
1343,2461
687,1461
28,2356
915,2446
602,1865
971,2906
1768,3074
1332,1342
2138,2664
887,3029
1244,1277
2407,2491
1655,2262
835,2072
241,1843
1208,2878
1511,2943
878,2298
2101,2829
1671,2857
1110,1167
284,2232
35,1516
2226,3074
1120,1210
459,2469
1776,2138
2593,2782
2653,2798
951,2851
214,1174
536,2622
2,1759
409,1369
15,105
577,726
1799,3151
64,225
622,2262
932,1712
1523,2869
2618,3121
955,1303
986,2243
189,2831
682,2345
1858,2471
2032,2308
1499,3007
805,1328
589,2535
1205,1685
984,1661
462,3099
1571,2188
2999,3145
1537,1595
681,3063
1180,1288
381,1031
1174,1288
585,668
2669,2956
580,1143
474,551
1451,2749
844,1643
2244,2958
164,2632
467,2632
139,402
439,1219
1544,1951
179,757
1213,2813
487,1624
1248,1840
275,2019
1377,1774
150,2221
2957,2985
109,463
38,1603
1191,2635
1566,3134
766,2897
156,918
1146,3143
881,3096
1540,2911
901,1712
2647,2853
1667,1848
927,1004
463,2433
1970,2722
1600,2093
2442,2615
576,1396
2664,2701
1223,1336
271,3092
1078,1314
1384,2728
508,2884
2324,2988
917,1582
1971,2876
660,1188
380,789
678,2985
14,1251
2444,3043
454,1136
1849,2424
125,1531
550,2633
576,1741
1797,2598
679,2895
497,1363
6,710
1859,2603
2497,3119
218,1664
611,2304
1371,2652
1293,2508
1233,1568
1456,2219
836,1192
1104,2282
833,2737
1623,2455
1041,2227
1456,2120
849,1668
1025,2289
2308,2493
12,867
1847,2326
1739,1815
481,506
1831,1849
1095,1163
350,1732
615,1348
1478,2833
936,1694
2187,2969
3,2236
1780,2503
562,1878
2201,2996
1793,2437
985,2362
829,2952
1129,2125
708,1635
1874,2455
1771,3161
2319,2781
2455,3137
1740,3133
1366,1899
908,2719
229,1246
1123,2958
500,2606
1996,2904
731,1734
911,1735
1637,2678
1342,1527
294,469
2219,2999
1160,3121
411,1359
925,1583
2187,2315
2415,2632
699,2025
899,2367
159,2308
1019,2583
703,2027
1999,2115
1045,3048
448,2327
453,1222
1910,2649
1056,2959
445,744
1042,2706
2134,2728
923,3154
1668,1994
479,2958
901,2722
1333,2048
1089,1448
121,2260
209,2562
236,1365
803,2545
2198,2594
2011,2167
2246,2755
99,1089
669,1589
817,2477
1613,2947
820,1587
1581,2952
554,866
755,1187
826,1181
105,1305
2349,2908
662,1525
599,1365
919,1291
2562,2804
170,2244
921,2970
2182,2924
128,2514
1858,2338
237,1428
411,1623
1882,2928
819,1822
1772,3033
1328,2215
386,1195
845,2221
1886,2977
1351,1873
2279,2950
986,2767
2805,3124
36,2690
728,1830
1252,2205
2142,2277
1189,2631
1078,2835
1409,1872
502,1946
1208,2102
400,3101
803,2052
1576,2001
974,1349
142,281
1214,2776
2546,2848
217,1441
1907,3157
752,2263
1858,2988
100,2769
897,2095
1959,3119
1037,1200
1107,2488
2068,2232
260,476
1250,2373
1095,1348
823,1974
1144,2139
1893,2384
1259,2604
10,2582
1181,1246
2463,2583
1175,1761
197,1951
140,2378
676,1959
689,1512
2671,2908
12,793
2518,2692
253,1866
383,648
1240,3158
2760,3077
2589,2800
1160,2607
2688,2910
203,1394
935,1007
1409,3137
610,2317
204,898
878,2317
817,1553
750,1613
72,2879
612,1819
284,2849
2223,2686
1187,1665
2301,2958
271,2998
1563,1875
1644,1668
468,2770
424,917
400,1338
1887,2804
1078,3045
1366,3086
1018,1025
772,2017
119,635
448,2880
1290,3050
1926,2247
151,3111
133,2203
1414,1880
371,1278
1790,2635
1133,1150
1177,2945
1895,2902
689,869
219,2301
1727,3119
138,2402
846,1098
2844,2960
1005,2114
2378,2565
807,1187
941,1014
1769,1848
872,1295
1959,3007
1381,1948
1203,2163
1630,2589
2834,2950
236,2317
2443,2712
1638,2434
1041,1937
306,995
349,3059
555,2308
867,939
803,2378
284,654
1525,2854
219,2532
1110,2696
2163,2708
502,1521
1239,1693
99,243
1922,2849
1834,2625
2502,3106
2421,2965
232,900
1264,1345
593,2465
2042,3005
504,545
1641,2884
1677,2160
568,3054
462,2923
65,2855
2267,2529
1890,3124
900,2188
860,1731
1755,2683
171,1797
1930,2160
199,975
1966,2857
2076,2829
258,1582
660,1811
1938,2375
2954,3011
233,625
193,2551
93,1443
1576,1938
927,2178
777,1759
105,2369
1951,1991
1494,2211
286,2352
268,387
2112,2468
379,1668
2262,2947
660,2056
2703,3084
1733,3096
717,1437
1589,1752
2055,2876
992,2814
495,1089
420,3166
752,3111
2664,2815
1224,1671
651,743
777,1230
1424,2623
17,1641
677,1898
1674,2201
483,1880
2114,3146
2462,2674
1892,2112
1480,2068
338,721
801,2147
1590,2533
310,611
962,2155
402,1285
1439,1667
443,1833
1546,2449
1180,3119
1172,1733
553,1575
1896,2018
1616,2075
970,1924
1669,2232
1018,1520
2092,2154
729,1660
1322,1821
52,826
2601,2878
1640,3058
171,1047
1372,3003
400,855
1496,2894
331,2476
2134,2184
2566,2605
626,1291
3083,3123
2900,3116
2432,2850
867,2603
2122,2721
1160,2588
1048,3023
613,684
662,1512
2436,2469
540,1630
1080,2923
501,2002
860,2616
287,2546
2338,3151
1748,2542
561,2982
583,2053
315,2473
987,2755
611,1252
1468,2833
1758,3007
1005,2243
2704,2961
2801,3126
398,1398
1603,2324
873,2999
2177,2557
1661,2794
214,1520
681,2475
2791,2813
269,2057
1057,1303
1962,2588
1065,2625
1162,1319
443,1516
398,3127
1636,2449
1331,2184
365,1220
2475,2755
1794,2001
1943,3036
1113,2996
61,2011
86,1194
463,3139
973,1315
1047,2853
1095,2641
267,1521
1025,2894
721,1754
799,1521
2131,2533
1774,2163
154,2040
2557,3042
1312,1758
1666,2614
17,1413
1805,2133
296,758
1194,2451
192,2489
106,2529
937,2215
1529,2362
1246,2502
908,1712
127,1259
2227,3151
1056,2320
70,1696
2321,2951
1496,2337
1089,2683
923,2288
1861,2001
1038,1151
286,2176
74,1859
632,2274
766,1366
611,621
433,2589
2548,3095
2330,2679
921,1503
170,2338
1019,1169
1210,1344
993,2186
1776,3108
1732,3094
1589,1643
857,1898
780,2576
100,2906
1201,2572
6,1980
614,2271
1972,2632
762,2444
395,988
2565,3051
914,2922
1833,2121
1047,1828
138,719
1248,3027
699,942
363,1151
2431,2926
2695,2935
990,2022
1797,1900
61,355
385,2846
905,2512
2116,2938
2728,3116
2500,3131
113,2362
854,2843
1740,2235
264,2633
1089,1995
2322,2367
244,1255
1650,2384
245,425
1606,3157
431,2663
1993,2643
897,1852
1950,2906
14,739
612,2850
868,1111
193,934
779,2224
383,2228
698,1523
583,2923
1802,2951
38,1278
157,2168
1575,2007
1637,2560
1317,3152
2379,2532
294,329
1597,2432
1074,3025
4,2400
336,2952
1162,1519
269,968
1644,2986
80,2248
1045,1729
1953,2604
38,1878
992,1441
1756,2454
1017,1831
1174,1971
1413,2772
798,2272
290,1189
897,1551
1163,1787
2080,2674
1719,2431
12,526
2084,2411
766,1568
1045,3084
650,1325
145,1637
2238,2728
1571,3025
277,1948
230,2895
1615,2545
1160,1316
733,3042
176,2360
344,842
1842,2892
584,2966
124,2921
1984,2237
987,1277
1080,3125
702,2194
155,1648
379,2659
2157,2248
1848,1852
2080,3094
358,586
1331,2712
60,958
1263,1831
193,1492
2779,3034
624,908
1594,2281
2040,2941
322,503
1156,2557
1046,2624
606,780
2069,2688
1692,2416
2800,2844
3007,3134
871,1177
1579,2522
41,2415
437,2443
155,701
1465,2055
319,2838
1039,1254
452,2197
1342,2343
2400,2588
1815,2434
639,1197
229,3102
826,2132
440,2201
1801,2616
1531,1897
2670,2684
283,2965
284,1932
482,909
1002,2631
508,1693
1805,2299
1735,2379
1946,2800
51,450
506,2848
2065,3129
387,2221
138,2952
1618,2258
880,3043
734,2133
365,666
1143,2632
325,1233
2448,2964
444,1903
648,2113
2028,2807
17,388
932,953
460,2646
2960,3130
214,853
2407,2434
1714,2373
236,710
633,2629
650,860
1423,1576
719,807
2402,2487
1931,2619
158,1552
2348,2454
2351,3117
483,2121
1243,1477
620,1933
756,2554
48,833
908,2572
1123,2348
1734,3033
1693,2167
761,1952
234,897
757,1014
388,1592
851,2788
508,2539
161,237
1343,2529
897,1857
2928,2984
1889,2700
1429,3078
289,1188
2183,2300
1095,2293
119,466
1514,1647
2809,3007
908,1831
226,1352
1431,1496
317,1489
1623,2916
95,1189
2133,3080
2013,2475
440,1166
61,1007
1741,2961
103,2787
1005,2973
221,1040
1866,1785
524,2784
1313,2532
1299,2309
12,2529
2496,2922
1605,2798
549,2980
12,2484
918,985
388,2670
2398,2607
596,2365
612,647
223,777
1647,2632
2607,3151
147,1041
2588,2910
285,2711
316,1950
140,435
1880,2796
1971,2139
1928,2233
407,1872
2308,2529
915,1772
1355,2935
512,2678
11,1632
792,2952
580,3143
603,2943
521,2585
282,703
84,1901
310,2065
333,1513
846,2490
1857,1994
756,1878
834,1898
1643,1879
258,847
236,777
460,2947
1461,2358
720,737
698,1805
287,1305
911,965
1822,2461
2075,3063
929,2855
940,2678
1625,2477
1819,2644
1939,2704
1294,2205
1776,3063
219,1805
1089,1257
1774,2117
725,1187
52,2469
2199,3048
702,2226
2670,3103
919,1103
1942,2117
1478,2491
425,1448
1561,1616
2049,2406
1157,1585
1450,2539
1565,2926
217,2765
1690,1873
1657,2952
1841,3117
163,180
18,2937
731,2542
1784,2268
933,2134
409,2143
329,1797
657,1964
2828,2849
180,799
239,2281
1105,1960
1233,2557
1255,1481
1545,1913
955,2976
1883,2584
493,1224
451,1381
187,568
1384,1752
164,1984
583,757
2511,3008
483,2567
658,998
2332,2635
113,2781
2001,2624
1449,2257
449,1801
500,2679
1342,1872
103,486
2122,2649
504,2514
511,2372
1115,1201
1939,2482
778,2565
123,2059
2308,2489
1037,1647
862,2924
280,1075
669,2865
589,2257
18,2308
468,772
100,275
2961,3093
676,3074
984,3011
889,1787
1756,1834
1563,1564
1478,1908
2190,2957
802,2112
22,737
258,2027
737,2012
335,2796
417,1340
2412,3093
1849,2602
1699,2143
2066,2836
464,942
622,2442
61,2053
930,3093
340,759
1109,2577
350,2428
551,1604
1006,2291
402,2794
355,3005
448,2236
856,2133
658,1787
283,2273
1450,1921
1719,2653
964,1764
527,596
1627,2497
2294,2679
2701,2949
1038,2854
1923,3085
2315,3009
462,2755
937,1167
2652,3023
875,2241
1879,2956
2518,2992
1250,3104
1970,2828
127,1907
902,1180
1061,1121
203,423
1174,1468
626,824
1373,1866
498,2329
424,550
939,2511
1563,2672
661,2919
1796,2226
3,1199
145,757
2138,2342
1263,1951
1784,3158
98,2491
794,1946
2228,2922
964,2384
1726,2855
2103,2492
70,1188
2682,2782
2790,2930
102,1519
407,1056
342,2649
496,1401
921,1775
739,1993
1747,2975
1788,2293
923,2081
103,2476
1774,1915
0,1154
114,2998
209,1583
2,3137
1285,2197
106,132
2063,2593
756,1991
1980,2629
2992,3011
1709,1884
2549,2557
158,777
260,1456
161,2179
1682,1715
2779,3084
406,2697
1977,2098
1426,1673
732,1641
1189,1815
723,1089
1398,1827
1840,2673
1002,2578
551,935
1630,2686
262,614
1509,2353
633,1782
1346,1751
1322,2061
1776,1907
1141,1858
1721,2578
1960,2334
219,1820
377,1740
3025,3138
1465,1490
544,2399
1018,1465
515,2920
708,2490
20,1345
493,2219
468,2665
1547,2044
1794,2430
237,1632
2009,2338
625,817
922,1057
37,1740
333,1350
1018,1089
182,444
1489,2069
564,651
1511,1815
2389,2411
851,2465
363,759
882,967
2300,2617
701,3154
1831,2269
464,1738
387,1174
2072,2471
1741,2533
1303,1456
36,103
1704,2442
2051,2891
1265,1523
1412,1499
1027,2091
1552,1890
909,1950
677,1017
524,3136
1706,1865
446,2014
133,150
609,757
94,753
1126,2241
388,1151
1055,2044
2564,2688
2198,2844
684,909
1080,1219
1140,1924
275,406
146,2400
2244,2443
1706,2948
162,3069
725,3103
7,2830
2239,2349
1731,2721
2415,2624
4,687
658,1395
553,1029
1171,1320
1838,1867
1602,1787
1063,1484
1045,1650
1617,1714
2067,2706
2068,2790
394,2761
1682,2157
324,798
2343,2693
517,2458
2257,2542
164,1428
1034,2923
1793,3111
1553,2046
179,607
818,1200
44,1430
306,1942
1030,2901
752,1188
209,2521
570,1200
689,997
2496,2947
2002,2324
1091,1125
2679,2772
550,2860
203,2307
2500,2878
2458,3031
241,1197
1641,2471
164,2143
270,407
311,647
571,1661
1774,2529
1840,2319
575,592
1842,2281
1402,2186
1320,1985
1942,3099
199,260
219,1305
1305,2443
523,1217
2244,2985
229,286
2221,2454
2521,2650
1641,1892
1360,2610
1131,1576
27,1036
1793,3151
2095,2171
1733,2592
197,606
523,2304
922,1330
503,1901
482,1996
1841,2633
878,3083
285,394
530,819
1376,2017
590,2319
1268,3154
1255,2545
84,1180
1305,2283
1067,1255
2067,2122
416,1086
415,3045
11,2052
454,1583
400,2893
2260,2495
90,1964
824,2405
1317,1805
1294,2980
192,2359
84,719
790,1729
939,2019
44,781
697,2588
1513,2417
145,2397
150,1190
127,207
717,1366
833,1005
136,1328
1644,3103
550,833
234,2504
232,3151
453,2295
1095,3156
1061,1821
319,1375
720,1346
75,458
715,1791
816,3045
938,1902
2315,2625
1366,1662
1193,2934
385,2968
521,1433
78,2347
1215,2850
226,1365
917,2922
1753,2271
753,2519
1140,2332
1306,3074
157,2840
923,1740
1724,2930
1394,2214
1674,2178
971,2052
2167,2895
124,1932
2431,2639
1606,1855
180,2374
1230,1978
857,1502
1075,2206
971,2460
1165,2469
523,2988
382,2853
502,2805
356,2263
1381,2674
69,2689
404,1213
150,1499
1657,1815
755,2695
323,481
1812,2677
284,1287
500,2084
1699,1732
1601,1758
2063,2263
1107,1418
721,878
103,892
898,1635
526,1447
258,1661
715,1958
2704,2825
2136,2889
998,2549
783,1312
106,446
313,1624
1319,1387
2176,2998
492,2098
1439,2356
1513,2277
331,1644
1420,2862
27,2598
1290,3151
854,2699
1339,1348
765,1531
380,1723
129,564
897,1995
949,1591
2162,2577
1376,2408
698,1736
820,1137
2142,2977
756,1153
1472,2772
522,3088
448,2267
138,1098
521,878
1439,2919
1736,2765
3,826
1344,1360
451,533
608,782
1289,2514
335,363
284,2655
2295,2494
373,1575
512,2755
197,319
1300,2184
1126,1992
246,1662
2410,2617
198,792
2640,2669
157,1855
1732,2437
1294,1907
259,2860
715,2517
855,2810
1288,2959
158,971
1572,1943
1553,2104
2357,2529
1423,2830
1989,2040
207,645
502,1180
731,882
917,2375
363,1649
294,1862
1319,1729
209,1484
1846,1935
235,2958
1050,2421
229,2011
965,1985
314,2299
209,254
833,1528
1328,2638
2055,2257
778,2692
1007,1977
147,2706
1342,2293
1825,3007
1113,1138
1659,2227
1246,2279
1187,2846
2001,2009
362,2969
614,633
1264,2998
1652,3056
357,1290
827,2635
63,444
1898,2295
407,1675
521,1300
1052,2996
3015,3084
732,1014
1489,3118
185,1317
1995,3007
1187,1583
4,926
1841,2014
179,2433
235,959
885,2608
2728,3158
105,729
2199,2800
2516,2850
596,2895
1560,1873
953,1752
2839,2910
444,2012
880,1980
415,2828
550,1876
2493,2802
1110,2358
1568,3034
309,1154
1513,2779
38,2213
1256,1595
1825,2947
1711,2963
933,2338
717,948
1053,2347
647,2456
294,2411
1878,3157
1553,2807
147,1005
16,1492
1576,2677
926,2594
443,3027
1938,2695
434,768
2348,2735
15,1924
1948,3021
489,2396
1342,2287
2320,3036
628,2460
193,2274
1306,2956
495,1138
984,2284
208,375
1827,2516
1715,2628
2048,2463
1285,2626
150,1930
1191,2829
710,3088
712,1890
677,1206
2883,3011
1586,2630
1931,2230
1322,2475
170,1355
489,2374
1198,2142
483,2122
942,1056
1052,1741
290,1802
1180,2487
824,2598
913,2223
440,2453
1075,1256
134,2549
1067,1568
452,2635
488,1529
1141,2442
1848,2167
1197,3045
40,1869
1682,3101
403,778
110,1966
817,1324
1182,2873
647,2345
777,2498
2494,3157
667,1972
127,2658
561,2899
1095,1339
997,2340
589,2842
145,1243
1369,1434
610,639
262,3100
913,1091
468,1966
898,1175
101,1206
830,1214
550,1434
229,2605
882,3009
1348,2857
2680,2943
564,1148
1169,2381
1865,2417
1722,2317
1571,2187
310,2062
385,695
1572,2807
910,3098
762,1669
173,2745
734,1827
55,2632
65,2115
1369,3076
1569,3043
1697,2960
536,1735
1554,2002
197,2893
1755,1952
43,126
632,926
1188,1362
2495,2914
155,1188
613,2907
2704,2958
521,2769
2135,2998
223,2379
125,536
379,1158
197,2276
239,684
898,1958
609,873
102,1584
878,1160
144,2674
624,3062
2274,2516
2009,2527
676,2446
166,1168
1490,2471
2092,2954
1456,2985
1838,2118
1647,2138
356,1743
1305,1465
381,494
260,2018
1151,2068
66,1965
151,1933
254,2326
295,1447
376,3075
284,1655
36,207
701,1191
1628,3119
888,2052
1752,2252
1971,3118
58,1879
506,1189
909,1475
709,1144
180,803
331,609
147,258
881,920
1727,2954
1861,2433
2327,2471
526,2680
1558,2227
147,1729
909,1912
942,947
1166,2678
664,2926
1533,2055
845,2433
386,1693
1290,2039
2458,3116
238,2254
658,2799
1018,1776
698,1446
755,3056
965,2453
420,607
1975,2691
2215,2569
2950,3097
1712,2040
169,1404
1048,2895
2943,2973
145,357
680,927
331,2985
1554,2268
1184,2904
2469,2855
719,2145
1196,1938
1659,2240
628,1842
758,2262
898,2912
801,2861
710,2492
1037,2160
645,2082
1972,2369
1476,2807
896,1615
790,2139
1243,1885
709,2441
570,1659
448,1307
2031,2369
657,2604
2304,2571
821,2572
993,2542
1784,3055
1397,2399
1041,1316
2846,3059
1155,1328
1290,2952
858,2678
980,2511
1582,3155
7,1239
1732,2007
541,2399
1150,2644
1053,2910
549,1162
737,3063
1494,1736
1805,2870
1566,2907
606,768
1052,2799
1087,1446
96,335
2222,2348
448,2714
1503,1615
997,2854
2343,3139
742,2162
2283,2559
1284,3077
724,2469
2348,2917
1075,1399
1761,3061
903,2121
1295,1641
528,1224
966,1840
236,1344
0,290
648,1238
805,806
628,2096
2585,2669
1612,2651
1177,2251
248,1303
1847,2906
494,893
2801,2923
1138,1351
1735,3064
1014,2421
882,1190
1735,2712
1553,1676
1853,2182
453,3006
1755,3093
1156,1728
3164,2092
237,2108
1915,2438
149,1300
2695,3013
406,1290
1089,2183
2257,3011
145,2431
712,889
2284,3158
2351,2778
1065,1501
15,2870
109,2714
553,2710
1023,3104
60,1937
1189,3103
1395,1857
929,2948
1342,1376
10,1191
672,2168
585,1418
1231,3031
1822,2515
552,1050
1589,2291
1561,2632
1037,2456
893,3136
483,1194
1829,2999
580,1005
173,2598
1706,1819
209,2598
1544,2295
649,2052
1690,1879
1900,2200
119,641
1788,2223
363,2770
2482,2495
28,782
679,1674
3,476
239,1696
1472,1977
1230,2367
497,2603
1121,1495
2003,2951
3164,458
1293,1681
1096,1780
119,895
2373,2770
1870,2394
2254,2779
664,1017
647,934
942,3127
316,2095
854,2258
425,2474
949,2677
1265,1915
2138,2956
1771,2664
1719,2460
1287,2157
266,2590
6,1887
611,2405
926,2813
1135,2269
2116,2308
969,2463
1735,1886
1,105
953,2838
649,1092
502,1051
1623,1789
2463,2657
860,1247
79,932
649,1617
1740,2351
717,2122
282,1395
1118,2189
1113,2951
297,1943
929,985
3096,3162
994,2907
487,967
2194,2710
493,687
1745,2111
266,2690
1736,2691
2231,2892
1349,1370
334,2845
283,1742
750,1171
1289,2664
257,1235
1189,2290
964,1617
203,2326
848,1932
1732,2906
266,378
235,1342
1058,1348
355,3015
1855,2087
1758,3121
466,1108
476,3085
667,939
1760,2553
1673,2170
320,469
1519,2854
855,2115
1131,1821
2591,3085
545,1647
1993,2346
717,2874
2013,2679
222,2068
155,1698
359,2460
1058,1846
187,2441
2557,2704
323,1050
1907,2013
3167,2337
2669,2796
600,1333
1772,2518
1063,2499
237,378
923,2614
1255,2959
1560,2098
1823,2193
2162,2366
2345,2384
642,1560
1468,2065
829,2870
575,1751
1676,3048
739,1237
479,2762
1031,2244
44,2084
1319,2737
1133,1174
2057,3127
1313,1427
1484,1901
476,585
838,1837
1583,2928
214,1040
313,1869
2593,2829
792,921
1729,2722
74,2996
712,721
194,2504
150,1037
1058,2539
782,1695
512,2730
55,219
1042,1876
2001,2077
654,2412
948,2583
205,1496
1153,1753
1025,2619
958,1223
1655,1876
826,2349
569,3146
1650,2352
2167,2652
1965,3115
1157,1363
420,2236
2360,2575
1383,1720
2451,2907
444,1747
582,2083
96,760
226,2999
297,1165
2048,2473
192,1853
1362,2283
832,2084
1304,2040
2338,3010
682,1814
1174,2251
570,2472
165,702
2236,2454
645,674
1475,2868
57,533
547,971
302,1062
1349,2624
639,2928
807,2969
1339,2157
1020,1890
1788,2273
1165,1848
889,2471
2449,2871
649,1682
1727,2213
2650,2807
2279,2437
1731,2223
258,1738
1938,2600
165,735
766,2269
2094,2337
17,732
1171,1879
501,1182
245,1853
2263,2750
664,813
266,502
964,2895
2457,2670
199,3033
460,3098
677,2846
988,1209
1894,2397
104,467
1815,2320
1075,2456
1345,2683
1031,2603
2684,2782
1636,2268
2066,2631
609,1215
236,2737
783,1422
452,1518
1014,3078
1287,2633
2147,2973
1802,2017
330,2273
159,897
193,2778
1219,3088
1454,1526
872,1520
1633,1668
2267,2470
677,2133
450,3002
710,1151
1174,2657
920,1511
897,2184
658,1246
1192,2416
497,701
369,1693
903,1992
224,2195
941,1997
816,1811
1930,2652
726,1532
1247,1637
758,1047
303,545
375,1454
340,2728
1217,1474
940,1884
641,2415
58,2779
2135,2906
942,1347
732,2366
1141,2672
1873,1924
1448,3112
968,1989
1513,1629
2353,3107
91,901
777,2798
233,1002
358,2083
801,1047
380,1644
38,3063
736,1019
2157,2347
98,2659
1640,2614
2191,2891
637,1863
794,2765
588,1348
2187,2482
1453,1876
1078,3051
627,1029
968,1469
514,2053
1740,2315
138,2710
1158,2709
1252,3119
1210,1655
750,2590
2706,2851
1360,1550
460,763
1170,1359
263,2989
1572,2604
1078,2884
1205,3015
889,1256
2900,3115
70,2271
773,2619
659,2878
169,2328
1217,2317
911,1767
303,908
708,929
375,401
524,882
1559,1895
64,2317
2434,2807
164,1878
986,2963
452,3124
1872,1985
1350,1351
306,2551
363,401
442,866
1213,1921
824,2254
1333,1362
935,2451
255,943
1855,2609
310,2313
726,2491
453,1205
403,1961
1382,2062
1238,2709
1348,2092
269,2504
1198,2127
615,1578
14,1038
1139,1829
2075,2164
2450,2920
391,909
622,2281
2122,2493
831,2183
757,1497
781,2652
536,1305
717,1640
172,597
903,1052
973,2345
624,1203
356,2735
425,2055
644,2529
939,2359
1921,2434
1037,1153
208,1890
1760,1923
1821,2258
266,2593
382,1250
1210,1873
860,1661
474,1171
347,1774
501,1909
265,2396
856,2011
2197,2785
408,2965
547,2487
95,2893
10,2342
150,2730
531,1724
2807,3103
1400,2848
1300,2800
1579,2132
66,394
1638,2697
2534,2588
908,931
259,2546
1624,2883
1992,2345
625,630
803,2836
347,2878
1420,2378
2399,2865
224,2879
1931,2456
797,1975
352,2355
1844,1937
15,984
1104,2565
311,464
1693,2529
846,1147
1787,2191
2096,3157
2804,2894
1173,2142
2594,2864
1254,1849
1154,2284
1516,1748
358,1473
401,1322
1931,2777
1513,2178
1176,1659
881,2040
638,1667
1878,2722
280,2893
66,2502
2051,2529
648,2443
1294,2033
1376,2998
924,1667
515,2384
3015,3080
1176,1512
984,2327
270,2012
2185,2617
855,1149
2783,2784
790,1461
2068,2796
2670,2708
429,990
1751,3123
2226,2904
277,693
817,2693
2603,2890
378,1812
1140,3059
1513,2474
2286,2440
1764,2855
737,3025
676,1890
1424,1692
405,2518
923,1313
2693,2722
2778,2996
1082,2525
1720,3027
13,108
1716,1801
1271,2161
561,3027
1497,2752
1623,3060
709,3061
109,1433
1659,2109
1962,2831
364,817
2775,2833
929,3034
507,2926
315,1703
171,2891
878,932
1955,3151
1365,3099
470,2215
401,2496
408,613
1139,2886
280,1131
145,990
106,1669
1331,2107
1726,1980
200,2210
807,1244
295,322
1657,1712
1676,3036
733,1942
18,2372
790,1844
2317,2413
830,2711
662,2223
1365,1425
263,2787
442,575
1156,3034
1829,2711
145,1942
501,849
269,2497
2023,2778
2177,2684
306,611
378,547
2345,2525
2476,2626
766,2600
644,2048
4,1523
1937,2626
147,1113
25,1623
277,651
1698,3072
1090,1322
693,1156
1125,2221
641,1477
2848,2995
140,1165
831,2273
1172,1436
1811,2284
115,872
22,936
1320,3045
2300,2763
1550,2656
1138,2072
2180,2996
2440,2521
1108,2152
937,2928
790,2115
1244,2891
1521,2008
1739,2272
2197,2308
2261,2359
1629,2328
695,2886
2076,2458
404,2039
969,1902
506,3167
1045,2606
103,1969
497,1451
596,1526
781,956
1657,2559
1693,3100
684,1164
967,2316
486,1894
2590,2832
1665,2672
102,274
2885,2921
1939,2071
921,1316
170,2404
1752,2064
223,936
416,1748
1561,2517
670,894
1649,2832
1370,2558
712,1256
717,1739
1912,2289
1489,2630
328,2154
1490,2890
1171,1209
765,1608
1363,1399
974,1829
382,1154
782,1401
973,2410
1423,3063
281,2397
1047,2951
779,1442
172,411
630,2594
2009,2740
654,2349
2052,2067
1006,3036
1061,2764
136,2878
1244,2593
3,49
927,2176
1346,2626
2039,2242
2209,3048
35,978
963,2351
2201,3071
1185,1841
2597,2938
988,2193
2557,2939
486,2277
236,294
1914,2002
942,1831
2189,2244
684,1709
276,2625
2293,2448
674,1787
483,2223
1036,3093
547,1490
1401,2072
1454,2514
2273,2532
270,1840
235,1938
1932,2012
225,2840
375,3104
562,1497
1893,2143
847,2802
1413,2811
985,1012
2096,2421
509,2415
1058,2113
189,827
1014,1061
287,320
2783,3084
1815,2782
1864,2261
258,1022
1627,2076
981,2593
608,651
333,619
908,1462
909,2011
1053,1526
725,2856
2093,2311
1333,2846
1857,2167
1024,1742
998,1249
600,997
1306,1320
1254,2737
1424,1445
284,806
153,2605
1930,2267
1618,2430
1335,2063
620,3129
218,677
2076,3062
1297,2405
451,3101
2028,2514
238,2244
169,3010
1659,2031
677,1247
1547,2669
689,1842
235,1921
864,2227
644,1296
901,831
1614,2221
402,2047
1751,2660
1598,2080
1720,1783
61,1123
777,2040
663,2625
192,2196
1276,2861
1823,2521
2072,3088
1418,3054
1784,1960
1901,2299
1992,2904
661,846
545,684
389,2431
1439,2490
1823,1836
553,877
1402,2966
2030,2680
2121,2191
1051,1885
163,829
476,1865
859,1689
1715,2803
679,798
1447,1541
842,1732
720,1153
1869,2432
1578,2155
2103,3031
536,2437
827,2600
2138,2721
133,321
1638,1752
501,2461
1099,1330
2947,3082
1014,1690
2223,2397
2024,3094
1007,1884
529,1484
1126,1456
528,1370
799,857
1046,2362
517,1611
406,702
632,2340
421,2639
1465,2578
1818,3097
163,2836
1156,2958
958,1135
2135,2346
501,931
509,2824
463,2846
379,1261
494,1048
2343,3100
344,1476
2775,2871
6,1014
2138,2577
1632,1751
593,2145
297,724
1252,2031
2533,2858
1052,1714
1674,2521
577,1338
941,2052
2280,2473
622,2415
1983,2422
588,2594
2203,2878
966,1129
175,2632
481,1142
543,994
1025,3033
2421,2861
275,2071
689,1790
214,2095
1187,1848
704,1853
1743,2830
1153,2878
1630,2641
619,2096
186,1704
2592,3056
521,2487
453,2379
207,1928
590,2286
119,1844
1915,2618
274,2941
623,971
1181,3096
559,1413
909,2514
374,1263
964,2102
868,2592
283,1085
956,2030
719,2857
862,1422
2456,3029
933,1403
662,2190
1708,2227
1189,3097
411,1220
2360,3041
1655,2853
1872,3144
534,992
1465,2482
22,1740
970,3085
377,1768
2271,2635
160,1310
1635,1741
703,2857
1263,2049
750,1612
1349,2620
702,2031
624,3006
393,2772
582,2138
276,1931
19,1838
2065,2223
189,1932
1257,1802
306,779
2639,2868
402,753
2890,3084
1698,2040
529,2728
2188,2482
1168,3057
800,3131
1157,2254
982,1039
1493,1539
798,1434
1109,1255
221,3151
2268,2522
192,2804
1837,2985
5,785
232,879
903,2264
881,1490
1699,2065
958,1025
985,2241
222,3054
685,1576
157,2272
1607,1716
219,1039
102,1401
108,1454
1322,1789
973,3075
2490,3078
1748,2125
823,2755
1365,1779
268,1036
1094,1219
1347,2959
1030,2778
2132,2529
145,1091
102,123
1451,2240
564,1413
314,1853
1140,2320
1698,2161
1753,2025
197,1110
585,807
2044,2989
2238,3077
268,1217
345,2648
634,2938
772,2993
328,1062
964,2482
398,1308
527,2875
508,557
897,2159
1916,2304
127,2022
1971,2141
1834,2600
1763,2353
1550,1616
2284,3094
964,1579
449,2242
2053,3153
244,2594
2101,2461
993,3004
1741,2024
138,2281
2162,2583
1128,2317
445,482
2209,2591
433,1050
2052,2178
1412,2352
398,1071
2796,2943
2017,2097
384,476
1166,2951
448,2539
384,2514
1691,2807
440,1895
702,2445
1045,1615
88,334
506,2441
1748,3048
590,2870
1014,1312
447,586
1978,2095
205,1293
630,3062
423,756
2397,2789
238,1943
549,1537
2680,3007
1598,1632
1005,1579
317,1649
2219,2300
1060,2880
130,2690
929,2961
811,3010
1764,2157
1370,2297
2448,2598
129,2398
626,1363
177,1995
1258,1794
2085,2798
1659,1995
324,1669
1591,2879
631,1752
124,197
1449,2846
723,1472
1916,2848
223,897
715,2067
1098,3091
844,887
484,2157
829,2530
732,1089
1859,3118
2145,2306
1709,1960
635,1034
893,1958
1872,2331
170,1056
2848,2850
591,2728
1336,2450
470,1314
1415,2354
712,2631
820,2939
382,2996
1231,2651
1474,2471
2068,2778
7,2334
526,2064
482,1709
550,1831
177,2854
1052,1650
449,1351
1797,1873
997,1669
119,654
159,2643
271,1231
157,335
2531,2633
1302,1345
2096,3155
1692,2461
600,1363
1706,2066
1320,1552
835,1283
350,1899
367,2378
2458,2958
504,2167
476,2299
2412,2884
503,1886
501,862
259,1305
706,1979
942,1104
2030,2064
316,2921
224,936
1231,1958
911,2770
1513,2936
1413,1831
831,1849
420,1248
1252,1662
944,2223
689,1603
2709,2828
1203,1759
448,2223
1261,1461
1594,1752
2016,2445
970,1740
2019,2730
939,1854
750,2102
1690,3083
2533,2613
1217,1732
475,1451
1493,2102
709,3082
773,2057
177,2445
1254,2408
1067,1492
572,2614
1444,3081
37,1519
207,2639
301,2054
552,1266
353,1494
2777,3123
935,1052
615,931
253,1514
19,2277
70,2658
425,1322
676,2565
1900,2261
1978,2556
11,1664
2264,2990
1014,2798
289,1448
104,2604
223,1136
4,2007
1254,2375
1430,2408
670,920
791,1424
1372,2465
2117,2885
924,2832
1412,1630
1401,2631
1782,2240
1497,2950
591,676
869,2795
657,1082
1456,2263
803,1441
467,2473
2153,2865
2617,2755
623,1295
1756,2062
399,684
544,676
785,2139
1481,2125
2937,3047
144,1946
2912,3026
794,948
1306,2456
2111,2434
715,1659
1892,2352
2770,3075
2830,3088
1589,2267
1164,3064
949,2836
915,2609
2178,3025
803,1265
1949,3146
134,805
108,1411
1454,2824
1583,1841
930,1217
354,2525
1276,2268
1746,2433
223,493
235,2968
500,1298
488,2320
968,1702
253,1266
634,2007
820,2879
924,1583
719,2769
1872,2125
68,2138
350,1416
6,2629
168,2824
253,1381
958,1915
531,2534
1199,2327
995,2611
463,987
670,1446
286,783
1547,2902
2444,2830
2031,2134
2062,2184
1227,2083
1084,1224
463,3029
2167,2319
1787,2366
380,1078
68,682
500,1787
110,2351
1381,1562
750,1180
407,1030
2032,2268
1926,2691
871,1310
1810,2610
2254,2286
294,1136
1128,1952
2063,2354
903,995
386,2497
2251,2427
403,1295
1608,1637
535,992
64,1210
467,2167
154,723
2066,2109
621,1706
1025,2075
2514,2757
1082,1618
1020,2221
872,1545
331,2267
2125,2603
335,763
102,283
330,1039
2857,2908
1396,1439
193,1916
1843,2727
1155,1943
435,2343
2138,2590
1371,3015
2152,2514
1928,2722
568,1894
61,2007
411,2252
2227,2619
459,1930
369,1018
586,1575
147,1951
1089,2852
78,2679
829,1726
289,791
129,2954
218,2855
583,1045
1544,2838
785,2818
2486,2851
343,2270
905,1118
458,1219
172,1899
238,1310
1446,2852
732,1140
278,2938
1823,2191
391,2583
612,1831
157,474
1740,1846
1938,2605
657,2504
2778,2959
168,2054
218,1129
71,1690
1685,1707
562,1972
1749,2436
1005,1954
1287,2948
710,2084
2140,2815
1529,2628
896,2475
1841,2221
2221,2445
620,1769
257,2278
476,817
138,900
1170,3035
119,1513
2460,2861
750,1407
1014,3059
2061,3048
123,502
1642,2152
1416,2240
955,2225
737,1970
987,1695
1071,2532
283,1905
1328,1632
482,1169
1960,2205
1057,1426
833,2120
76,2226
2367,2421
2541,2586
1737,2408
404,2387
91,596
2221,2641
936,1063
1244,2087
353,2921
1572,1780
2703,2928
487,1846
1871,2461
850,3162
1465,2373
1384,2769
2235,2365
647,1623
401,2082
935,1114
495,2857
1565,2910
358,2157
970,1529
1497,1552
1334,2447
267,3091
2504,2947
689,2664
606,1632
948,1682
2889,3134
262,677
433,776
653,2653
1514,2362
52,179
1429,1470
420,833
1696,2886
1170,1426
222,328
219,2470
1831,2938
203,382
567,1382
618,1297
466,1741
2629,2690
179,2251
1615,1790
488,908
1278,2873
130,403
2738,3152
712,1735
352,2200
91,2138
145,2413
974,1194
1056,2834
2236,3062
1676,2669
1576,1993
1170,2027
984,2901
470,734
1502,1793
1595,2582
466,1613
579,2591
684,1276
483,882
608,1462
2020,2398
1241,1711
306,1204
2470,2921
612,2460
209,1899
2485,2943
1470,2796
1449,1534
314,674
670,2131
494,2514
541,715
1360,1909
1814,2495
1319,2614
1511,1712
1928,2934
476,1823
2405,2950
1396,2273
1349,2629
295,437
2875,3137
5,2430
1113,1191
1950,1958
1665,2673
1719,2819
10,1449
356,2611
96,3096
2295,2412
100,1676
671,1520
327,2199
838,2688
479,2598
821,1691
254,2829
963,1790
402,1410
1512,2472
1154,2890
1366,2796
360,500
1298,1363
2046,2710
1642,2072
66,1188
943,1836
2269,2639
1222,1847
1726,2444
3036,3131
829,2908
709,3002
2329,2875
551,2299
2309,2356
1757,2072
444,872
780,2458
1074,2054
1712,1852
1679,1869
1545,2824
223,2934
476,1563
987,1427
2065,2069
476,1513
898,2770
1143,1535
16,478
380,1669
2042,3124
440,2674
2672,2871
777,1217
1893,2100
1341,1724
457,1011
837,3094
655,862
158,1931
1528,1578
61,283
704,3092
1661,2584
33,791
81,1649
433,2109
2330,2778
1859,2801
2884,3037
694,2398
881,1894
901,2201
283,2502
1351,2968
68,1734
2087,2906
1552,2531
265,2332
2869,2985
2223,2997
1774,2262
1774,1931
1489,2550
381,1011
1913,3054
932,1332
1322,2219
1143,2609
2354,2962
2223,2838
70,833
940,2641
823,1702
1479,1887
1162,1647
314,2990
233,1191
686,2311
358,1265
1192,1693
1209,3107
955,1121
1041,2033
1956,2190
1797,2897
1189,2874
80,1160
2764,2961
2315,2894
699,2039
1993,2062
1055,1476
1912,2226
2488,2504
2931,2988
1263,2619
576,2039
474,2885
479,1858
303,1697
1376,1815
1627,2213
1492,2379
407,1749
164,343
417,1019
1810,3137
1814,2434
592,677
1860,1866
1848,2684
483,2595
534,763
758,781
1217,1863
1057,1665
496,1034
544,1721
3033,3042
897,2735
2183,3039
1907,2839
448,2408
2315,2461
1544,2965
19,445
588,764
568,2014
1981,2795
932,1403
993,1215
837,1091
397,2448
1020,2845
2109,2289
1943,2104
2279,2471
800,2434
570,2674
2168,2778
497,757
2338,2755
2327,2938
2077,2417
159,365
1203,1807
1630,1892
1674,2282
997,2778
138,2333
1571,2673
1233,1313
1047,2496
748,1114
1642,2647
1890,2455
1391,2584
458,3151
1339,2695
1183,1258
1401,2490
260,1182
1813,3008
528,1343
357,3033
1776,2583
931,1583
501,2215
280,956
1351,2728
423,2652
402,2035
943,1136
1640,1644
1050,2939
765,781
898,3131
1961,3062
2154,2815
577,2842
2549,2628
2434,2650
921,1568
923,2424
225,236
881,1468
68,1476
1242,2844
552,1788
202,2566
860,1693
1607,2092
407,2099
811,1961
2167,2979
1678,2554
768,1465
1529,2804
1200,2325
259,1942
973,1708
387,588
171,2432
111,2557
258,2281
119,1250
79,106
1497,1609
2077,3006
1585,1825
2804,2955
1096,2376
1773,2154
1293,2492
645,1306
2052,2796
684,2121
1420,2171
22,1876
1719,2977
562,2272
1711,2884
933,2961
1849,2372
503,2588
2160,2458
506,542
1577,2327
2001,3034
2011,3131
821,1187
171,2556
677,1257
1310,1647
1176,1887
2947,3095
103,1377
927,829
768,3020
1058,1465
162,2875
524,3125
1825,3068
2,1865
169,1034
657,2021
763,785
2375,2693
2114,2431
952,978
1640,2480
1266,2678
287,3138
255,1527
1057,1174
1504,1840
757,1921
459,1476
230,2604
398,2622
1743,2437
1334,2374
583,1310
1263,3099
928,1557
1045,2885
866,1611
546,1181
913,1538
1503,2489
760,3077
1210,2118
915,3094
336,1699
258,1958
1525,1667
1339,1396
2579,3009
829,2730
1025,2221
1426,2018
145,2830
1827,2782
1014,1406
868,992
628,2706
390,1102
1029,2822
1257,1731
618,2415
535,3007
2087,2140
1095,2840
2598,2838
2255,2807
550,759
232,896
262,1868
1336,2711
232,462
467,552
2177,2201
2111,2535
1229,2607
52,3125
197,1139
1724,2754
649,1289
932,1630
75,1110
223,491
1043,1336
757,2431
1961,2834
1601,2919
406,1603
2092,2262
1369,1985
797,3123
232,759
829,1600
927,2028
709,1673
682,1450
91,1470
640,1197
277,1063
1589,3134
933,1413
1290,2490
898,1787
2904,2960
992,1966
2472,2807
1703,2055
763,1583
95,3117
648,1831
1463,3004
2121,2294
391,1014
1843,2876
954,1099
1887,2948
2317,2510
1063,2746
1767,1858
2472,3055
336,1624
2703,2874
1510,1634
2635,2999
375,2825
382,693
1180,1853
199,729
135,2346
1727,2704
1247,1490
921,2070
1661,2921
2211,2839
1102,2068
1217,2879
999,1493
698,1243
367,2714
940,3136
599,1600
929,2588
1340,1741
1647,2832
391,2913
1162,1751
263,3122
671,2429
504,562
720,805
178,2206
1036,1154
3,908
231,2189
2898,2971
1614,2285
1645,2278
476,1156
1292,1477
1051,2693
575,2384
1394,1950
621,1956
918,1328
223,893
1613,2977
99,3071
102,2605
880,2943
2087,2224
2570,3121
1556,2728
111,503
1157,1553
811,2069
193,918
268,2176
1075,1523
1462,2631
123,2117
1458,2268
2850,2921
387,2952
864,2620
638,1413
1758,1774
1690,3111
869,3007
16,2109
103,1388
866,1102
465,2473
639,1476
2374,2844
887,1011
1805,2135
2058,2547
1657,1696
208,2099
984,1224
359,378
155,2170
136,2438
1755,3011
1729,2706
1917,2614
86,1218
66,1343
966,1512
426,2954
955,1712
1704,2965
1300,1747
579,807
1121,3073
481,2956
1336,2495
402,2300
178,444
1811,2618
1959,2641
829,2490
3055,3094
241,294
224,2508
1923,2285
880,1751
1210,2999
78,1875
471,1740
2873,3143
975,1065
2215,3121
269,2165
1578,3106
554,2514
428,2221
1217,2589
5,575
80,942
579,2444
633,2679
1566,2429
805,2534
2091,2931
1743,3071
561,2494
2997,3055
737,2031
2908,2957
912,2408
378,1578
2095,2434
38,1787
1140,1821
896,1476
1154,2500
232,1113
2022,2240
1790,3119
881,1693
1412,2449
2277,2650
1340,1978
1856,2593
1991,2345
1154,1895
1393,2786
664,1303
1490,2894
2354,2430
1036,1236
350,2908
441,2825
355,597
1348,2009
592,1901
2118,2996
467,1050
375,685
2998,3023
102,3036
1180,1874
1409,1449
15,1822
1307,1790
1057,1608
100,1511
5,3133
489,3096
2571,2593
408,872
1937,2329
3,1788
657,773
218,2973
685,1511
914,1701
1359,2782
350,2556
188,2096
536,1462
302,681
99,2876
103,1252
754,1435
108,2469
1985,2064
3048,3072
232,2263
914,1456
1097,1239
591,1948
1536,2324
2649,2684
262,1490
633,759
503,2399
915,953
462,2539
1712,3127
1599,2283
579,2782
968,2149
2549,3057
52,596
243,3118
800,1840
1188,2281
108,681
975,1715
2627,3134
2278,3095
942,2024
233,1761
564,642
225,1297
2554,2806
590,2203
25,2495
847,1492
2066,2067
1625,1674
2254,2535
1624,2453
911,1900
914,2013
826,1665
2176,2509
781,2796
2504,3017
1381,1512
2033,2522
758,1404
303,761
552,1046
755,3013
2579,2937
1814,2493
706,2205
639,702
64,1320
723,2091
902,2233
2451,2514
1074,2305
928,2160
1978,2514
99,2326
669,1348
1313,1708
71,1215
1091,2398
1322,1980
479,1451
142,2297
1552,2740
474,860
564,1345
1137,1243
1345,2345
1045,2800
2317,2804
275,2719
1842,2449
2534,3146
2308,2431
521,2830
2614,3064
1793,2998
583,2299
727,1825
569,655
969,1153
2080,2519
549,2381
620,2263
933,1444
382,2999
108,1934
932,2414
1793,2219
1320,1377
1902,2428
951,1425
424,3020
588,1942
1576,2533
920,2167
875,1431
1060,1183
106,294
760,1702
924,2263
1490,1647
1811,2064
553,1104
14,2885
2351,3123
1711,2240
1146,1640
1785,2782
1346,2316
1174,1751
1029,2781
2448,2674
3167,1818
738,3162
2126,2880
367,1733
3164,913
69,99
157,433
1130,3107
1528,2328
1420,2240
565,2226
350,627
2674,2990
463,2155
1175,2836
1166,2097
702,1802
674,1550
753,1948
358,1977
476,1306
710,2124
2097,2305
2415,3082
1753,2286
834,1336
197,1023
2142,2627
316,971
553,2783
52,1209
2181,2278
1550,1841
175,506
1184,1949
1525,2516
1501,2472
1170,2517
2769,2924
2049,2673
176,2584
1233,1277
36,117
2515,3038
855,1054
1332,1959
494,1758
1034,1058
2056,3056
55,2493
1137,2315
2340,2476
1476,2956
509,1812
681,756
1720,2989
1958,2777
11,502
756,1359
921,987
1618,2251
207,1720
2012,2353
1544,2892
2728,2846
781,908
1075,1774
1748,2327
1547,2204
1644,2960
1247,1630
994,1270
610,2431
197,940
1199,2232
381,750
289,375
945,2462
744,2870
585,2011
931,2277
1075,1253
64,319
1056,2956
78,2200
63,2430
877,3044
52,2240
10,1558
677,1864
2305,2990
306,2850
183,3103
109,1359
106,1196
937,2760
2473,2524
1640,2437
387,2820
1834,2367
1021,2656
660,2062
2287,2656
2686,3117
170,2009
2019,2868
1172,1748
1660,2499
2174,2816
2873,3147
1836,2988
1362,2755
1637,2876
524,1544
462,2503
1112,1220
798,2327
1638,2328
1003,1690
898,2134
172,2057
927,2730
964,1190
3167,1785
419,1206
1245,1295
250,2076
12,965
163,356
2644,2985
1454,2604
2122,2470
1931,2935
507,2596
1821,2936
1668,2680
756,1520
934,3084
84,1416
680,889
908,915
2285,2535
2012,3099
942,1463
1118,2255
744,838
1711,1840
2689,2871
2189,3100
733,1158
902,942
1649,1948
333,2699
1426,2052
1327,3124
2095,2839
662,2186
766,2795
504,2098
785,1343
297,1109
238,780
390,935
1097,1112
649,664
2653,2897
860,3007
504,799
11,177
188,2755
2162,2167
826,1547
1300,1528
575,1210
2504,3094
1039,1294
1205,3096
629,2907
615,1350
1,1584
816,1252
908,2952
446,1529
111,3025
533,2712
453,1659
64,1840
2801,2958
845,2534
1525,1574
2188,2204
1637,2278
12,2042
1450,2372
1924,2095
1037,1209
2444,2805
385,2274
987,1700
948,1052
218,1061
347,1063
232,1215
729,1869
534,1129
1291,2208
158,579
546,1360
949,2809
1189,1632
805,2693
44,3131
235,3044
1818,2094
2828,2862
2012,2619
1162,2283
974,2631
469,1220
615,2372
1174,2924
872,1017
214,263
2380,2647
1665,1776
432,2254
1470,2495
662,1637
151,887
1089,2214
679,1939
724,921
967,1823
1875,1961
95,3100
377,1036
1844,2274
1045,2226
130,710
649,2624
1443,3068
1763,3011
1971,2689
1130,2066
408,3163
104,2415
677,1578
780,1512
1230,2026
761,1657
929,2728
437,1434
1931,2291
55,1958
712,1489
1479,2953
464,1090
294,1073
3168,2183
7,2770
1143,2002
2456,3068
794,1354
943,1140
500,2381
702,1899
1456,2223
1425,2437
1036,2835
356,720
1370,2825
2016,2787
2070,2327
2293,2917
1872,2437
532,2174
335,2429
72,2245
1036,1443
180,2923
2319,2489
834,2064
2647,2842
1455,2071
523,2663
2604,2618
175,2886
1589,2779
218,1735
465,1894
1905,1935
1382,2893
1066,1305
1192,2832
502,521
2795,3158
1053,2600
1210,1608
817,1723
1190,1346
226,2057
603,1605
215,1239
1446,1461
381,1677
1291,2566
1613,2454
126,2787
1427,1841
2133,2183
367,874
2593,2632
2428,2864
1946,2558
90,3081
233,1578
436,1476
1180,1309
163,2397
174,1852
443,1118
1821,3152
2674,2883
1996,2458
643,2421
610,2251
1948,2634
1660,2257
197,282
232,780
381,2979
165,1319
7,526
343,1175
497,685
277,2221
887,1163
903,2142
2133,3084
2846,2861
2305,2328
1752,2906
616,2174
297,2669
1246,1674
175,2180
1290,1741
1372,2895
777,3082
797,2413
1610,2322
518,1332
1646,2593
1194,2254
147,2950
328,2845
1140,1632
723,782
702,782
726,2603
1540,1600
2036,2692
933,1603
1832,1950
995,2267
1514,2535
1835,2271
2337,2488
1180,2062
529,564
2225,3064
947,2490
369,3122
995,1231
1864,1938
423,982
1711,1766
1720,1834
2549,2804
158,1833
1255,2935
1501,2223
992,2624
1657,2412
2221,2799
1052,1677
468,2584
2201,2953
1789,2843
1848,2051
726,2490
1932,2278
1478,1674
167,222
1771,2091
150,1511
960,1578
2295,2304
1590,2281
1994,2997
142,1677
2897,3133
611,2051
1194,1797
941,2559
1762,2179
1259,1298
686,1414
1016,1330
2444,2511
2614,2983
536,1819
2186,2415
987,2100
1165,3130
378,1740
1139,3119
460,2769
453,2033
2298,2535
908,3138
547,3137
942,1451
580,2684
157,2442
1651,3073
617,2639
537,899
303,341
681,1459
18,1702
343,2770
340,2413
861,2562
909,3006
681,1040
451,2816
1942,2674
2836,2948
2421,3096
117,1746
1511,2769
380,2438
422,345
1879,2404
1146,2159
750,1818
1346,2619
1627,1852
942,2613
1196,1673
2153,3011
549,2397
13,1327
1275,2910
982,1930
1739,2998
1447,3041
356,2138
164,254
3081,3083
2238,2806
2463,2490
811,1765
1837,2656
2055,2652
2254,3068
332,993
1566,2848
2956,3068
53,2424
1721,2329
1555,2376
1475,2509
37,1829
2397,2604
1204,2730
422,2906
281,376
13,2430
1157,1897
550,1841
2693,2783
766,2683
621,1790
908,2708
793,1708
11,2188
391,2068
897,1972
909,1853
1980,2851
297,2633
38,119
731,1616
133,2674
2327,2979
563,2404
101,1172
649,2176
878,2232
104,2509
1422,1685
1659,2805
456,2594
2099,2496
1126,1217
7,1387
658,1511
561,1536
1511,1676
1554,1568
446,543
684,1308
638,2473
668,2778
1431,2712
431,2072
723,2845
1078,1235
153,2862
978,1331
912,2362
286,553
122,1869
458,2574
494,1348
2673,3048
2031,2706
759,964
1749,3125
295,1561
2501,2614
163,1961
1434,2837
2624,2858
1292,2673
1292,1314
2534,2618
275,2018
2460,2482
2997,3092
265,885
1724,2610
263,984
590,2990
1055,1209
1036,2294
503,3068
512,1627
1942,2193
2604,2895
417,2604
453,1418
2226,2493
2018,2216
499,1943
648,2402
142,1063
448,528
555,2740
386,2214
1448,2714
452,2270
2258,2514
2025,2319
1691,2557
1613,2231
2132,2169
1158,2862
1814,2236
676,2300
2430,2866
1609,1932
1709,2619
2381,2214
2100,2268
427,1866
1823,1939
2326,2530
297,2616
88,782
794,1977
783,1290
349,1176
192,959
2134,2995
2152,2939
2102,2663
458,2982
340,1954
568,2895
1157,2235
854,1429
1317,2605
119,604
38,1276
1290,2966
283,984
1499,2299
2290,3127
2632,2660
1019,3123
617,674
55,1525
1682,3103
106,618
91,450
1310,2433
93,509
407,1170
1503,2365
1823,2091
434,2605
866,2264
173,608
2194,2835
2460,2732
1447,2684
1020,1512
86,494
551,1539
68,183
1942,2635
1741,2354
434,2139
564,2938
1209,3015
1331,3117
719,1288
1810,3101
1315,2951
2389,2834
1525,2591
128,1890
1431,2830
86,1851
270,909
552,2624
2451,2979
214,1045
75,2140
222,1188
1992,2871
1948,2572
1696,1865
2317,2911
1425,3027
591,2923
1211,2327
1496,1793
1080,1887
2521,2901
489,816
503,2633
1042,2993
1053,1647
612,1319
694,1625
2519,2606
2284,2807
782,844
224,2274
766,1706
1615,1702
2039,2436
777,2562
766,3131
1252,2295
995,1762
258,2353
1111,3082
1578,2695
856,2017
761,2064
61,1256
435,2854
868,2688
344,2598
847,1328
514,1200
1401,1905
2184,2614
1352,2072
1958,2890
2691,2921
263,504
250,2294
1865,2828
569,3033
681,1893
647,1512
1252,3156
1771,2398
507,1889
206,2281
18,2455
1928,2147
1576,1875
1348,2598
1627,2738
1721,1736
2336,2584
1284,1492
396,3004
176,2656
1895,2300
889,2195
872,1277
1645,1946
284,1140
225,1716
108,2872
689,833
1842,2950
254,896
7,3137
1841,2050
1644,2088
920,1814
1233,2706
1385,2064
2142,2254
1060,1985
2267,3061
524,1627
1112,2590
494,3054
1659,2272
469,3122
1514,2795
1722,1894
512,848
1194,1741
1913,2279
2317,2679
462,1950
1525,2441
106,811
1422,2324
2640,2895
1345,2876
86,1037
28,1307
1818,2299
811,1605
2692,2928
702,1462
693,1187
753,1634
609,1072
1616,2227
1053,2013
1886,2654
164,766
1363,2007
1362,3117
1051,2402
287,1819
385,481
878,2244
179,2706
90,3115
1455,2338
306,1047
1196,2845
84,1579
175,2647
2087,2197
248,454
158,689
1382,2063
1170,1255
714,2776
1788,2071
785,2013
2326,2659
2632,2798
2240,2469
2273,2840
790,2798
1943,2534
1938,2101
468,1031
856,2299
1194,1545
853,1642
244,666
111,2191
145,1283
1907,2064
179,744
1376,1876
340,1016
1834,2314
453,679
1591,2921
507,2501
600,1404
641,2559
2053,2579
350,2477
549,1300
172,1014
113,1301
1552,2619
1123,3158
3106,3131
1527,2653
1560,2295
2217,2540
66,2195
117,2027
130,2134
737,2227
1131,1726
873,2387
129,620
294,505
1711,2862
2091,2760
937,1099
555,1769
1209,2132
297,2042
2306,3011
1657,2897
1219,1890
915,1805
1854,2928
1264,1860
1247,3118
2101,2953
1066,1247
1428,2798
150,2969
2009,2334
711,2452
952,1951
914,2697
1921,2473
280,3039
764,2154
359,2511
1640,2566
1007,2337
1034,2442
160,1143
1873,2900
2885,3003
359,869
362,1107
1308,1815
1241,2398
542,1880
187,1269
253,1579
1771,2627
1183,2577
1859,3069
133,2023
2572,2714
677,1902
357,1248
740,3059
1859,2495
1643,2693
576,2939
793,2593
909,992
615,2730
521,2429
416,2402
468,1995
2065,2429
1486,1706
2215,2587
266,1540
289,2400
2024,2784
261,394
108,1194
1265,2951
1615,1958
284,672
2037,2709
1151,3137
1822,1900
323,500
2186,2847
2138,2989
576,1412
897,1525
240,1203
562,1578
949,1448
333,1768
2161,3027
139,2056
2655,2865
1900,2998
1213,1607
2709,3049
1462,1779
415,1877
158,1224
948,2164
334,2178
495,1041
18,2180
2540,2822
760,1662
761,2056
376,2012
321,859
343,1560
1752,3082
179,1629
559,3136
16,1756
759,1285
39,732
1164,2288
388,2099
713,2064
1255,2283
316,2016
452,3111
44,2251
381,2871
880,2083
139,713
1518,2663
669,1312
1143,1706
1933,2369
1648,2055
317,1540
1533,2803
2992,3143
119,2327
868,2281
857,2284
599,2210
328,1145
676,1657
6,2767
1014,2332
862,1700
760,2807
460,1456
2442,2679
1370,2606
527,2487
1599,2262
650,2873
359,2071
971,3132
1154,2375
1176,1439
2535,2589
1738,2833
2359,3031
2138,2197
1298,2566
2008,2372
833,1112
387,2784
2035,2871
192,2700
1659,2574
577,2914
709,868
762,2098
454,1520
780,992
872,1772
417,2627
408,1821
920,2255
1216,2646
383,1696
898,2497
2052,2293
61,1579
1408,1805
600,934
193,2935
1949,2215
1176,2134
1065,2027
3093,3096
801,3061
158,2504
658,3009
536,2712
2890,3097
1313,3137
277,2919
1901,2640
1210,1802
938,2221
489,854
1317,2405
1022,2914
433,2295
458,685
1303,2367
215,921
978,2420
820,1020
0,1766
3163,492
90,1219
123,1554
1224,2597
0,816
714,945
98,2247
1495,2009
2801,2908
1694,3026
599,932
2102,2788
2317,2525
39,2286
6,2657
1514,1866
378,1669
2845,2958
846,1172
311,1546
1790,2845
2421,2846
96,188
1864,2292
2440,2482
1493,1760
759,2052
2455,2580
18,2494
1546,1645
998,2966
543,2324
355,1828
508,2254
531,821
197,341
1162,2540
512,2117
2487,3137
1691,3117
570,2958
1743,2310
1401,2719
258,3158
1674,2001
207,2940
1062,2061
1768,2327
1690,1834
1662,2048
1213,2197
6,636
106,1138
1565,1977
207,959
1219,1483
755,1157
710,912
1892,2071
1484,2094
967,1547
2487,2214
1181,1825
347,1382
1676,2939
179,2057
235,381
1715,2920
612,3093
2635,2787
193,453
2305,2440
403,641
786,1322
2578,2647
1674,2545
2037,2153
763,1861
801,1752
752,2128
1085,2979
1825,2233
803,2477
165,193
903,956
466,2159
2027,2665
1220,1642
1841,2308
2061,2580
805,1513
2077,2324
306,2182
806,2187
1585,2228
1342,1384
998,1627
1716,1805
1362,2008
289,2458
203,2193
2188,2440
492,971
142,2241
684,2221
926,2895
765,2208
805,1219
926,2356
142,658
1139,1649
1370,2945
1039,1720
928,1475
938,3156
1128,2076
71,1657
500,2018
2173,2203
1422,1537
199,2277
1393,1667
84,763
1657,3155
193,880
1834,1970
209,677
425,1632
226,2009
750,856
1312,2683
489,506
140,731
319,963
608,1531
260,1943
1602,1729
1140,2831
1295,1628
1771,2068
10,565
1154,1342
1046,3047
2049,3086
1449,2124
226,831
2437,2956
1757,2263
1331,2162
327,903
690,2199
189,1181
665,1170
834,2223
1307,1729
880,1979
218,1645
2267,2530
2848,2851
851,2545
1980,2940
22,3117
2289,3156
177,719
1475,1662
424,2626
909,1163
2031,2999
1627,1764
2307,2813
302,2188
997,1298
610,1128
173,2759
147,2436
211,1724
506,1525
570,942
2031,2829
1935,2851
406,2026
753,1153
1590,2040
2544,3082
36,1297
1729,2529
462,1846
2489,2605
2399,2856
2085,2145
1296,2986
932,2042
937,2861
19,1041
846,2738
805,2890
960,2387
741,1632
433,3161
234,2214
1310,2752
105,1514
2052,2147
1181,1519
2308,2632
854,2818
1565,1841
1485,2263
966,2464
1372,1780
951,2486
44,1346
826,2449
2070,3121
1342,2553
467,1898
509,1957
1277,3027
654,2016
1345,1415
263,975
910,996
398,432
12,1011
900,1078
2843,3130
909,1004
1660,2655
239,1319
824,2332
166,2315
1216,3018
533,2081
297,2629
263,847
1240,2550
729,2433
10,142
2071,2367
663,1566
433,931
336,2848
1632,2438
2051,2281
259,1595
1797,2372
2026,2295
1181,2018
2965,2985
2725,3112
215,1823
1643,3068
1736,2434
172,2629
99,1110
316,1698
637,2958
1075,2432
1715,2111
169,695
650,2843
1063,2288
341,794
1110,1642
498,1698
676,2617
1615,1761
472,2787
614,618
1470,2907
2629,3005
1137,1173
1382,2346
685,1876
831,3057
1590,2445
1768,2020
325,1167
566,1092
101,1045
172,657
739,1158
2408,2954
284,423
25,725
2059,2602
2378,2870
1837,2182
150,3167
1471,2464
934,1265
2469,2850
314,2553
329,613
706,1699
494,1840
2824,2878
685,1574
679,3009
363,1988
2267,2609
912,2347
664,1126
639,2927
609,995
271,1153
2309,2617
800,869
801,864
853,2338
1413,1841
1258,2117
2302,2482
1109,2404
923,1761
710,736
81,460
1095,2614
895,1928
2871,2997
278,1138
1985,3158
116,1992
672,1199
41,2339
1046,1294
1601,2912
68,1095
2476,2658
710,2019
1840,1958
265,1659
1145,2519
1208,2293
91,1380
794,2099
1961,2444
967,1028
474,2722
2117,2135
2433,2999
2450,3137
1890,3075
28,2052
3,1831
926,1781
1351,2431
444,969
1554,1856
463,546
373,1712
187,1313
268,689
759,1577
734,2638
258,1931
443,462
814,1371
2590,2973
452,694
1334,1461
1042,2917
344,1203
301,1381
1501,2059
1748,3076
1769,2138
330,1860
287,306
464,1961
2231,2871
192,835
1898,2033
161,830
998,2883
438,2437
686,2113
681,2337
927,2320
2245,2986
1209,2590
2263,3151
576,1453
1702,2217
880,1901
289,1757
1080,2069
987,1613
2284,2449
1538,2251
1741,2556
1140,1214
448,1735
1025,1097
1484,2672
791,1880
1797,2199
1497,2511
377,2843
1516,2365
508,3133
1834,1863
1130,1166
1711,2947
2284,2989
805,927
1099,2138
2337,3162
2653,3066
362,2589
1448,3121
1416,1691
493,1985
1045,2294
628,2935
990,1300
1760,2799
997,1090
1436,2574
425,1082
764,2639
2387,2949
449,2193
359,449
2016,2472
2240,2776
853,1748
591,2262
890,1216
235,2018
1612,2221
956,2838
356,686
2534,2850
1341,2219
2152,2619
785,2688
1480,2145
211,2533
241,2400
15,2413
501,2951
2449,2688
765,1230
1514,2025
5,260
1416,1594
540,2297
1643,2046
992,3134
1474,1933
2755,2919
2242,3064
2314,2730
826,2057
784,2614
635,1157
322,860
1852,2184
1265,1470
2735,2938
99,724
260,2893
1266,1740
287,1675
126,2876
1305,2138
402,945
1554,1578
2445,2891
2160,2263
1481,1551
1139,1634
790,2862
383,449
2008,2924
715,2752
246,1191
173,917
742,2588
801,1462
15,2333
199,2267
1036,2284
1497,1790
406,2767
995,1711
2639,3129
2363,2907
328,1173
597,2892
158,803
1327,2711
2179,2701
94,1977
639,2170
945,2854
259,3011
1632,1890
763,2092
1403,1956
1996,3136
1492,2069
524,1985
1584,1675
1255,2384
729,2451
408,2952
611,1829
882,1251
1434,1901
2511,2949
1074,2806
2052,2764
2065,2754
938,1878
343,918
44,3064
2033,2776
224,1406
1731,2584
2589,2910
147,2179
2048,2448
1542,2120
949,2083
1098,2378
1602,3063
1112,2040
941,2675
1928,2270
157,673
1552,2928
306,1605
849,1765
1457,2095
429,449
2692,2754
1189,2438
1215,2170
1439,2594
211,2846
21,1276
448,450
262,2924
367,2467
108,2996
659,1848
1135,1446
2760,2865
2049,2449
380,2432
1603,3119
1685,2052
627,1181
242,2281
1250,2447
1736,2098
496,953
150,2516
1848,2640
1749,1878
1294,1734
1334,1984
1418,2954
1497,3097
1037,1564
385,1449
2516,2548
1151,1924
1802,2693
1607,1831
2551,2973
291,2197
760,2476
715,3074
2427,2916
662,2658
1142,2610
1671,1870
1539,3097
1110,1428
655,703
2529,2947
1025,2954
22,2222
314,1858
1366,2961
155,2861
737,2990
801,956
2061,2873
1640,2081
2176,2644
758,2737
1200,1579
559,1696
314,882
1547,2093
2604,2651
215,2824
175,2267
1277,3062
2012,2018
1256,1459
2477,2722
2193,3008
380,2755
2858,3095
1204,1217
2381,3036
921,2528
306,1025
2054,2474
630,2374
178,2121
1112,2112
889,1575
1642,2048
1739,2169
309,3033
516,1993
1136,1557
493,895
1096,1382
386,3117
2307,3063
550,2305
947,2274
97,721
524,3090
1198,2494
2110,2267
2309,2539
393,604
2317,2934
1413,2327
685,1558
1641,2582
341,985
107,2950
1454,3132
1180,2122
2653,3161
636,2184
561,1736
1589,2254
1721,2857
826,938
649,859
719,1852
2219,3101
1601,2387
1314,2353
926,1930
954,3002
347,744
105,1951
2294,2619
725,2998
1029,3062
111,1753
317,2101
626,2210
1659,1715
699,1376
94,2284
584,1855
136,2871
161,2819
2605,2923
847,2588
2016,2556
909,831
1051,1964
2730,2957
1320,2213
1583,2714
536,1355
2308,2342
2678,2764
311,2429
127,2870
748,1905
842,1233
1709,3162
543,1404
512,813
173,1955
963,1291
0,898
125,2434
648,965
44,1020
2398,2968
218,443
588,1742
991,1902
1194,2241
2230,2653
431,2007
1003,2708
1062,1319
1643,2614
1030,1210
985,2233
1498,2217
278,1509
232,1180
1749,2605
576,1851
1467,2830
634,1402
1434,2238
1447,3142
168,171
2584,3077
2096,2363
1437,2585
401,476
102,108
1400,1902
8,2409
283,1754
1065,2755
1029,2984
1262,1536
15,997
792,1217
1102,2939
462,2767
147,2321
813,2398
588,767
661,1938
381,689
2283,3058
1875,2226
1128,1248
1130,2542
2159,2451
1475,3005
536,636
2048,3138
1774,2605
658,1563
297,928
949,2012
1501,2482
2590,2862
861,3094
1056,2960
2515,2646
155,934
922,2374
1340,2906
109,2354
811,1636
424,918
117,2125
496,1428
468,470
2740,3063
2289,2464
1263,2424
355,1894
1157,1931
208,2831
2195,2954
188,1711
1884,2057
2177,3103
474,1553
1550,1861
95,1719
786,2428
921,1416
1169,3058
881,2686
1091,1156
1822,3101
64,1603
512,1271
1063,1374
712,2714
335,1215
1931,2441
2319,3045
1896,2321
540,1820
964,1876
1825,2461
887,1913
142,2369
637,1629
476,2423
124,1502
1555,2965
1595,2885
61,661
1086,1624
698,1706
837,2956
1036,2614
328,2590
1250,2235
1330,1859
2760,2848
1418,2874
1163,1866
2874,3063
2515,2661
243,1462
108,2351
800,940
1060,3155
679,1095
777,1128
1085,2619
1339,1453
235,1814
2625,2787
1840,2205
975,2471
2379,2917
2125,2359
2184,2195
674,2785
686,1816
230,2875
2292,2884
655,2172
1797,2247
1210,1424
1319,2040
1470,1687
699,1691
568,929
138,459
1602,2352
1503,2355
2384,2470
2223,2852
484,2504
88,2463
2223,2847
409,684
1197,2112
244,1507
1164,2353
411,1486
1170,3006
2244,3100
596,1516
992,1056
427,1382
830,2438
621,2783
169,496
1347,2711
110,1173
1942,2850
1424,2410
417,1699
1516,2519
725,2506
837,2807
1300,1665
627,2949
282,1200
1618,1685
816,2591
1237,1346
1854,1955
448,915
404,1628
306,2400
881,2565
1241,2651
209,1493
726,2157
1699,2667
778,1420
2627,2712
449,2740
1323,3117
263,800
1617,2065
1019,1263
335,404
2557,2830
226,2551
1810,2278
1558,2572
2134,2398
2414,2633
671,1853
271,948
2162,2875
1966,2504
275,2600
536,694
675,1430
2182,3121
270,339
12,398
1591,2865
1475,2801
684,2969
1453,2777
629,1382
1933,2699
689,1402
785,924
1752,2626
702,1615
1793,2649
280,1635
1468,2430
821,1173
1082,1770
2721,3011
235,1616
284,1050
245,1175
590,1181
1741,3017
693,2677
663,2444
1,1489
223,1191
237,1109
1907,2660
633,765
1584,1738
1735,2542
1700,1713
310,1603
595,845
609,2778
128,2610
781,2195
2349,2588
111,2197
462,1213
171,2101
395,2169
232,940
1291,3039
959,2198
24,2461
493,1382
19,709
569,914
1632,1671
407,1769
2267,2947
898,2424
1057,1157
561,929
641,915
2019,2400
189,2808
2285,2320
344,2051
1924,2072
2490,2683
672,1932
454,1693
123,503
1310,1397
285,2644
1319,2056
1746,2779
1403,2134
297,2072
36,1154
343,2738
238,428
223,2493
1572,2248
556,2541
1032,1890
1084,1566
129,626
575,2085
748,1171
1156,2227
766,1866
1080,2710
2,2798
1013,1345
1868,1915
1465,2950
1359,2800
1597,1856
142,2683
1030,2521
351,2515
1050,2067
1531,2960
489,2947
1873,2434
723,1623
168,823
1583,2572
1632,2580
1254,2463
164,333
1603,1938
162,313
572,1746
1256,2233
2295,2511
1370,1975
7,3065
963,1871
1938,2912
497,2907
667,1583
1002,1283
7,1427
602,1290
99,1126
1481,1602
6,1833
1015,1813
466,1887
55,1166
1583,1682
1051,2703
913,2552
173,429
262,1971
1660,3002
1866,3093
867,2289
1375,1674
1902,2962
2184,2868
1153,2076
394,2142
554,2177
2584,2639
444,2217
1256,1330
1992,2443
164,2598
1332,2167
1954,2157
1166,2216
151,401
2472,2530
2276,2354
1691,2985
1642,2167
163,575
2205,2458
2069,3014
2760,3137
1557,2415
1437,2324
107,1238
479,724
1657,2100
2378,2659
283,868
1632,3156
1994,2238
1225,1713
1109,2236
874,1237
1932,2444
606,953
1525,1566
923,2545
709,901
2579,3109
48,1602
898,2842
2704,2970
743,2492
1762,2330
1579,1583
837,2794
549,2235
914,2186
662,3168
942,1879
2641,2877
1330,1574
1503,2129
977,2091
163,3063
757,2049
1576,1629
2068,2460
226,2647
1485,2593
403,2056
1349,2511
545,2714
629,975
1468,2052
2453,2895
647,1239
1916,2865
1917,2084
79,1173
2587,2723
41,2141
2508,2735
373,955
496,2529
68,2218
2232,3081
1501,2413
446,1352
1169,2697
1797,2728
932,1610
378,2613
177,2490
1975,2095
1644,1885
1366,2347
1325,2046
649,2142
1834,2809
197,1660
271,2440
316,391
934,2431
684,2786
1530,2125
205,2241
170,2490
1985,2095
1878,2584
280,764
1300,2514
175,179
94,1184
1039,2463
1581,1752
561,2617
973,1454
1056,2908
646,2415
493,2122
433,668
1143,2740
221,2783
842,3011
974,1951
1731,2578
357,1616
1195,2907
18,2689
415,902
1189,2955
1401,3078
555,1072
1423,2787
80,2272
1970,2095
2387,2398
736,2210
1142,2343
1039,2829
702,2454
2017,3059
689,2534
2343,2728
222,2163
1255,1902
504,2286
362,1050
819,2039
398,2311
415,1743
2369,2672
458,1907
383,1472
575,2024
275,2258
1025,1942
624,646
67,2413
413,1663
1284,2631
918,1061
497,2653
1715,1901
286,1761
1854,2970
715,2390
71,2375
2886,2986
218,1236
2053,2514
1624,3119
1213,1756
102,2076
709,1307
1573,2448
1360,2839
553,2514
882,1942
2115,3082
219,2305
884,1520
2588,2728
970,2543
2092,3099
641,3084
2320,2934
2532,3153
2455,2625
475,2950
175,2503
836,1643
1857,3096
589,2388
502,2343
966,2611
1470,1978
799,2884
1736,2052
1351,2811
226,3156
2295,2665
509,2387
992,2100
278,2271
2408,2755
753,2415
2007,2039
1086,1520
1109,2162
1454,1685
531,3073
44,2328
2192,2917
2530,2783
2196,2263
363,3145
551,1996
544,927
1131,1873
942,978
1815,2853
169,323
66,2638
1927,1935
1365,3050
1181,2535
475,1418
898,2352
1384,2457
1938,2051
2176,2532
486,958
554,2141
670,1187
2039,3152
1699,2770
5,2272
280,1065
258,420
434,649
748,2267
1257,2397
743,2084
2285,2901
319,960
354,750
387,926
57,1520
1176,1412
1729,2061
145,1478
108,1744
208,2737
753,2295
468,1657
28,1196
384,970
275,988
2233,3043
1797,2584
2065,2588
862,1859
1210,2408
2918,2924
817,2838
981,2290
2984,3071
55,2939
38,928
538,2876
1396,3006
522,1630
2421,2658
222,280
1089,2640
649,2116
28,564
728,1112
550,1014
508,750
1497,2545
1292,2378
36,669
1969,2769
36,1993
1634,2450
219,1348
725,2091
2233,2856
117,648
408,1984
164,2801
570,2306
986,2397
2654,2963
708,2437
1063,2493
509,1892
1784,2679
100,2247
934,1312
557,2122
28,2868
193,2894
1987,2653
4,63
921,2437
536,1752
2254,2695
970,1031
662,2997
407,2534
1088,2428
617,1214
1317,2259
153,1110
748,2616
1982,2346
2407,2704
295,1761
739,2184
55,2475
330,2315
1214,3068
1309,1952
18,3068
2399,2860
357,932
1649,2908
2460,3034
1397,2112
334,2850
394,885
138,1140
320,1243
698,1329
297,3127
188,2389
1866,3066
851,2764
701,2834
2245,2354
564,1050
900,3118
314,3131
964,2487
1402,2170
2241,2708
1265,2999
777,2777
2102,2282
782,3011
61,158
164,1520
1121,1191
1351,1550
282,1372
387,3096
172,3131
1935,2456
639,2772
401,2278
2123,2627
599,2697
1376,3066
383,967
1131,1665
334,1333
37,475
1784,2101
1489,2277
1078,2064
837,2055
1078,2801
2629,3004
1034,2447
1030,2476
1172,2235
2432,2947
1318,2714
661,2405
1740,2191
1472,1668
1258,2291
13,1954
1165,3034
833,2040
1960,3125
506,2157
363,736
1102,2145
777,1536
25,2254
373,702
3066,3131
1434,3117
659,1174
693,2248
2201,2855
649,3006
435,1776
359,761
224,2077
714,1028
1894,2973
453,2924
1082,1855
489,1675
339,2611
2293,2521
634,1600
914,1089
955,1428
953,1213
1475,1600
2448,2781
1472,1476
1314,2674
619,1295
1188,1647
1886,2032
1414,2218
618,1560
878,1296
1102,2469
967,2549
38,390
1598,2934
1661,2949
1858,2268
374,719
1943,2159
347,630
849,1476
1025,2192
283,453
2348,2398
1031,1511
1080,2251
1005,2828
1774,2012
660,2002
792,2594
118,524
1716,2787
555,1089
384,3167
764,1665
208,2678
1005,2054
286,1114
1513,2527
467,863
544,1490
1675,2535
188,737
1787,2346
12,1650
468,1409
460,1523
2169,2579
609,1711
879,1342
1857,2186
1536,2755
355,2453
1265,1363
2639,2885
2310,2535
1753,1760
1344,1519
960,2681
1876,3068
100,2421
755,1716
699,978
800,2357
909,2277
2114,2904
1788,2782
1911,2375
295,1598
855,2973
723,2643
422,1958
2226,2500
2883,3146
938,1513
2434,2734
719,3081
2277,2461
448,2271
954,2157
197,2994
693,1163
1213,2011
260,659
580,2189
67,833
1414,1634
2737,3062
2379,3151
753,2602
2631,2658
180,2307
660,2083
133,984
458,1875
887,1005
2921,3039
2040,3099
57,1011
1586,2519
425,1011
1966,2633
2321,2326
1513,1583
955,2924
1700,3044
1636,2836
764,1595
2154,2221
1137,2040
172,176
1540,2099
501,1146
225,1396
1894,2788
2346,2643
2063,2295
1872,2572
1761,2968
1372,2346
218,759
1107,3069
311,978
668,1587
496,2396
1259,2338
446,847
2101,2658
515,2367
993,1216
280,638
2486,3044
1516,2142
1901,2809
1247,1734
834,2091
1488,2709
832,1160
161,1336
2376,2850
953,1531
684,1844
1265,1468
1820,2381
801,2922
1930,2679
658,684
502,1048
987,2327
1131,2198
69,893
837,997
353,1641
1981,2057
1961,2829
350,974
335,2549
985,2828
2153,2665
104,2187
123,646
1513,1865
1905,2883
1110,1444
1759,2593
448,2219
1168,2154
630,3006
2668,2737
811,2068
1805,2824
2852,3048
657,1201
1665,2267
2379,3107
1691,2317
1244,2832
580,1811
2633,2706
1112,2910
359,390
995,2449
576,851
592,1130
1590,2940
1172,1439
1761,2952
495,1675
2218,2939
2082,2190
88,226
1138,1842
924,1443
1130,1408
721,790
4,1366
1913,2776
101,2638
2270,2445
385,2566
932,2921
3116,3155
3072,3140
468,1784
674,2853
2451,2890
2225,3062
901,3008
759,2770
628,1449
692,727
282,856
335,908
900,1024
1769,3138
622,1938
494,2352
1051,2227
622,2927
1014,1184
2677,2776
1890,2431
709,753
717,2379
1516,2728
2891,3131
10,689
1003,2965
69,1416
1527,2175
180,956
2277,2606
197,398
1614,2738
1526,2952
495,1822
1174,2228
1405,3081
2011,3025
263,2302
310,1110
402,2163
1197,2304
780,1015
1425,2367
1742,1825
1674,2909
474,2167
382,2755
936,2458
973,1173
180,2159
2949,3046
2268,2796
1848,2868
2099,2801
2404,2714
589,2889
856,1815
935,2805
942,1217
1599,2639
1217,2730
57,844
583,776
463,2429
836,1561
168,2624
158,1512
781,1406
1430,3011
1288,3137
282,1320
2447,3138
2026,2274
1011,2449
1797,2431
2091,3143
88,2080
1480,2294
1896,2843
2126,3122
1020,1977
169,210
1677,2516
2305,2497
402,1215
976,1014
685,924
1213,2847
1840,2735
937,3097
1327,1463
2008,2491
971,2133
821,1448
1265,1890
1075,1339
301,409
1758,2338
739,3145
483,3080
382,611
399,2384
2559,2604
1942,2214
853,1538
1742,3073
165,2081
418,1510
117,1486
649,2572
144,2570
1001,1458
702,1342
468,2171
2476,2528
500,2134
867,3015
908,1154
742,2708
153,2211
329,1470
904,3162
1787,2651
236,1188
994,1607
2103,2938
1560,2196
2515,2965
1714,2407
1321,1451
274,2118
1165,1908
15,1475
1205,1539
1639,1899
990,1948
1659,2316
1591,2365
2977,3090
2169,2186
2032,2593
483,2362
286,2098
2669,2807
64,283
849,1637
1058,1600
808,2285
760,1748
1170,2574
1163,2372
1895,2032
2318,2441
589,1369
2125,2294
1962,3011
818,2879
1036,1814
401,500
2052,2825
429,1259
497,624
70,2082
794,2906
234,1025
951,1153
1797,1921
862,2444
2084,2719
2027,2275
816,1243
1608,2658
2,102
744,2660
1130,2055
1366,2135
2883,3139
394,2605
1062,2243
95,2240
1674,2056
489,2075
576,668
2952,2999
937,2804
2434,3131
1854,2879
2631,3043
550,902
443,3130
1615,2408
1023,1408
1790,2851
1929,2836
715,1655
258,1841
2277,3071
936,2950
1194,2120
1082,2402
2230,2546
37,765
1020,3023
1898,2113
209,1912
702,1872
6,1600
401,2967
1633,3073
1288,2317
1943,2268
2307,2643
2399,2704
649,3043
460,1643
1112,2165
609,2861
2211,3081
1225,1334
1985,2957
19,1579
2565,3151
2381,2907
1961,2607
117,471
634,1276
458,534
1061,2161
1007,3002
1196,1660
1160,1549
680,2125
246,1977
185,1104
233,2056
1317,1456
1181,2356
328,2199
1263,2313
119,2534
282,2877
544,949
238,2664
1031,2257
1579,2955
964,3125
924,2552
933,1749
2184,3128
591,1980
2646,3075
1875,2355
1197,2731
525,2681
1130,2883
196,507
1321,2419
2738,2798
1637,2939
1332,2876
2058,3119
1246,1294
831,1885
1365,1591
535,2195
374,1899
1490,2961
343,1215
900,2240
1321,1696
650,2098
196,1624
2931,3003
1724,1821
1018,2977
1673,2922
841,3042
1550,2686
468,3088
632,1355
179,2451
702,3142
568,2922
943,2611
606,1175
561,659
942,1376
930,1848
1985,3101
1321,1544
1142,3102
793,1442
193,807
1802,2546
2069,2660
2199,2564
719,2735
987,1287
129,1674
287,992
1317,1787
442,2545
577,1853
462,1254
301,794
655,2068
823,1174
2521,2776
2305,2777
1263,2952
491,1657
922,2085
1174,2431
1902,2359
693,2873
733,1726
339,858
1210,2487
247,2938
225,3123
262,2589
760,855
2431,2867
1223,2232
1790,3074
984,1200
169,2154
117,2458
820,1876
834,1227
811,2117
345,3125
995,2453
857,2673
1334,2684
1176,1632
958,2977
68,1790
1155,2605
1470,2842
66,2854
125,1640
317,662
203,2143
599,898
833,2147
128,2988
1484,1499
374,1265
1805,2228
735,1416
339,2201
2610,2871
2189,2800
907,1384
621,995
88,2263
780,1178
1408,1393
635,701
878,2901
948,3162
276,682
670,2378
1052,2813
319,2514
183,1665
232,1254
1436,2378
780,2992
1625,2783
1914,2453
463,1746
101,398
634,2697
88,2907
468,901
200,2900
1589,2343
1109,1492
50,1020
1563,2515
899,3123
1680,2688
180,534
2849,2961
1699,2600
2198,3043
698,2300
2658,2838
467,2804
727,1729
1183,2555
1797,2444
959,2223
1449,1594
1994,2033
178,307
280,3013
760,2779
68,1902
2049,2282
1456,2783
641,2189
433,2305
1933,2031
631,1585
1987,2167
1115,1721
172,2889
2515,2585
14,816
1314,2216
930,2014
384,851
1835,2908
1002,2787
1137,2349
900,1222
2288,2664
462,1790
987,988
1230,2988
2381,2988
2276,3118
2445,2458
1958,2067
310,873
1676,3078
772,2348
1140,1952
2131,2250
2713,2878
214,1755
762,1970
1158,2947
2085,2175
171,1774
1514,2912
2226,3036
2088,2698
1660,2958
258,844
568,654
403,1399
927,3062
199,2282
1550,2075
713,2199
2254,2333
1886,2226
650,2075
1811,2688
1513,2644
2994,3008
2805,3104
995,2461
1243,2594
2301,2516
1540,1737
136,838
236,2141
855,2980
2563,2787
78,352
660,2075
507,2576
835,1738
2493,3055
1011,1217
1154,1295
1055,1840
1295,1977
2093,2535
355,708
518,1762
2885,3063
832,1275
14,1697
357,712
1313,2467
1048,1263
2605,2708
1412,1771
329,1319
1489,2356
2346,2778
1512,2966
1328,1409
2995,3149
209,422
79,367
64,2263
335,2578
1166,1591
624,2461
266,1462
1678,1691
65,283
585,3054
2333,3126
133,2603
1623,2937
50,2854
1153,1563
1637,1709
1856,2727
2125,2346
2267,2667
1574,3084
931,1716
625,2072
254,1861
1694,2472
1345,2512
702,3104
987,1104
903,1705
1051,1551
570,1907
686,2075
2531,2660
1007,2904
1231,2502
428,2614
776,1249
449,651
1875,2884
1243,2022
500,2179
1764,1782
1529,1613
922,3132
1157,2600
1256,2643
645,2309
2223,2387
2031,3137
1655,2082
306,552
476,2588
1210,2239
1674,1886
2101,2639
2016,2910
1328,3033
628,1382
1057,1740
558,1427
129,3137
1848,2443
2829,2847
1894,3052
647,1047
173,2768
1019,1164
2178,2372
1408,2706
1643,2627
10,2285
929,2118
715,1916
1772,1948
78,2039
187,299
942,2542
356,2122
1288,2808
590,1905
1842,2187
175,1841
1553,2228
250,1849
1447,2514
235,2913
1752,2811
780,1553
178,931
545,1423
956,2697
1400,2028
1182,1413
973,2244
219,2279
2055,2172
1048,1855
1300,2235
1446,1518
1029,1590
2235,2471
501,1016
280,2449
1740,2352
856,2532
1294,2204
1492,1866
1831,2469
210,561
2155,2832
723,3068
1917,2870
2427,2443
1047,1188
489,736
543,2406
923,2949
2579,3131
1872,2938
2245,2616
235,1217
1575,2577
335,3009
786,1219
1131,1663
180,772
945,3162
484,1583
1105,2445
106,3042
1553,1742
901,987
794,1377
1295,1802
938,1249
1771,2514
218,2851
954,1837
472,3122
2100,2531
1753,2033
1810,2435
1158,2098
100,258
1446,2279
2226,2297
306,1943
829,1528
1479,2271
2852,2996
431,2100
668,1992
107,609
1444,3155
1305,2906
474,2372
1961,2247
287,842
1038,2248
347,2922
1395,2232
1931,2645
2706,3026
612,2732
725,2534
158,495
2096,2449
61,350
1148,1661
684,1181
1244,2491
1913,2119
1156,1242
1677,1958
375,2946
1365,1375
2614,2969
1831,2670
2090,2684
818,2333
331,2514
999,1578
385,1512
100,1993
1118,1248
1330,2133
451,1216
1674,1724
147,661
1317,3078
1836,2176
207,2019
365,702
2052,2565
1264,1330
1844,2359
715,1786
14,2489
2082,2629
275,2239
189,2257
2122,2848
1537,2184
2257,2551
138,2659
1851,1932
89,192
646,2092
761,1317
942,2648
254,2970
362,2529
2272,2891
698,978
550,649
732,2083
2315,2795
773,1642
11,917
1288,1601
923,2186
591,1267
622,1732
782,3157
61,1939
2792,3027
150,258
222,2627
453,1841
165,1729
1612,1876
12,1693
580,2539
1,1586
18,823
712,2730
1362,2835
304,1325
2431,3142
2304,2716
2795,2892
1720,2349
1162,2444
286,1213
188,2052
583,1760
237,2136
394,2694
179,2772
359,3048
306,2447
691,838
1403,1625
833,2674
1879,2040
538,1204
1274,1742
417,2890
757,1045
2053,2493
1719,2194
856,1031
429,2873
1154,2378
1694,3039
561,2371
465,1696
954,3023
657,1879
1915,2595
742,1525
834,2092
515,1194
2344,2431
2562,2811
575,2437
2800,2875
1443,2878
294,2781
1753,2384
402,1958
657,2620
1436,1856
2114,2684
728,1310
199,1841
731,2614
477,3063
2263,2614
815,2309
1511,3129
1453,1612
2992,3094
1752,2344
429,914
874,1882
830,1748
258,549
1287,1490
1131,1674
817,2028
943,2111
2660,2825
2327,2709
5,821
579,1218
1314,1446
429,921
2151,2179
263,3107
68,500
226,2545
282,1576
239,1014
1422,2139
1992,2542
1029,2678
1006,2025
2316,2423
1625,3126
2283,3158
1617,2653
384,2415
306,1045
440,2451
16,2264
734,1014
1805,2168
1829,2205
563,2796
939,2299
52,3136
1259,1831
620,1600
2430,2815
1773,1943
362,1630
1733,2398
760,3121
662,1892
694,1540
635,1109
166,2053
1334,2883
139,1216
10,504
2482,2993
1173,1624
417,2534
1868,2443
2164,2272
1343,1674
859,2580
1046,1664
723,1393
2254,2665
263,723
2068,3015
139,1187
600,2950
180,1966
1674,1729
107,1470
1214,1855
856,1114
1013,2727
842,2868
1931,2529
803,1642
136,2415
1028,2493
1301,1972
471,576
1351,3096
878,1865
1851,2169
811,2643
215,1664
452,1864
1055,2589
681,1511
1095,1346
138,2268
758,2032
355,2096
1887,2721
5,1558
11,2689
1729,2172
512,1303
999,1896
7,963
947,2908
527,1153
702,1662
479,2938
2277,2470
559,2016
386,2458
1644,2456
671,2232
488,1051
28,1894
845,2688
638,1215
104,847
417,3131
627,1056
275,2190
864,1046
39,474
1384,1516
194,3146
1875,2145
163,275
457,2233
2728,3021
1104,2434
1112,2138
588,942
622,1210
394,1205
502,1100
918,1088
383,1905
1442,1674
381,2904
2198,2825
2142,2320
768,2767
1719,2860
103,2138
70,602
1788,2160
499,1854
356,3054
1234,2518
2895,2955
69,398
142,2205
915,2566
2709,2751
887,2020
2529,2853
2445,2519
2989,3156
501,1024
2267,2458
714,1942
321,1589
860,1406
942,2306
1330,1708
86,2384
2355,2490
1514,1886
590,1071
1023,2388
1938,2115
905,1552
1826,2877
518,2358
1657,2122
990,1449
204,1740
998,1913
119,626
317,650
1486,2276
1293,1941
699,973
932,1250
710,3042
816,1173
194,2138
247,791
1610,2024
2084,2215
3,502
536,2603
603,2861
250,2895
1595,2233
222,1448
1103,2397
1057,1251
857,1006
1257,2277
156,1523
119,927
536,1433
1382,2494
1288,2025
915,2985
1376,2805
497,2098
2593,3133
64,764
271,1190
1716,2076
939,2549
188,521
860,2416
1616,2155
925,1344
1005,1782
1071,2111
5,1332
378,1978
713,2308
1294,1825
1109,1625
3,3168
2052,2282
2594,3013
806,3085
2605,3138
2058,2133
862,1551
790,1796
282,2076
444,1160
764,2032
1560,2475
352,2600
1380,2186
1454,2247
1724,2718
2398,2646
1255,3006
1346,3146
258,1552
1914,2441
606,1585
300,973
2318,3004
382,926
400,993
712,1516
1170,1318
2509,2555
2787,2952
1954,2756
429,2807
133,1037
1085,2589
661,2565
1080,2719
1154,1194
2349,2781
437,1372
59,1632
1622,2961
860,1579
1511,1571
816,1585
2008,3044
1866,2453
1855,2192
1756,2108
2458,2986
1198,2022
1078,2503
1316,2285
1776,2801
78,2617
292,460
1020,2367
2083,2939
2626,2979
263,1587
1437,2844
817,1790
1399,2254
189,2824
407,1975
448,1251
577,671
1456,1512
970,1820
245,2477
1359,1796
846,1130
1685,2532
1470,2412
780,2913
151,1771
1133,2915
536,2850
68,476
974,2295
314,617
294,2579
2051,2324
1051,2320
1295,1686
1664,2189
1407,2301
763,1610
185,446
715,2288
172,2046
633,1355
584,1418
911,2317
877,2269
1610,1802
11,1965
1860,2284
2294,3099
1123,2804
975,2098
257,1533
198,1930
402,452
2834,2922
814,2611
992,1921
2514,2583
860,1016
297,1579
443,2056
443,949
901,2589
1265,1595
316,2644
100,3157
677,3054
935,2186
617,2375
2334,2836
768,1644
1163,1674
1773,2254
1065,1128
2381,2460
2484,2559
1347,2526
1752,2600
306,1449
2683,3046
987,1582
381,1382
650,1749
245,2442
662,1499
85,2619
508,2557
596,882
2489,2691
1917,2512
2676,3095
531,3033
1887,1903
1181,3062
1627,1657
2722,3132
1039,2223
1583,2421
224,2570
1724,2634
635,1271
2948,3063
1948,2629
1047,2609
475,2553
501,2574
10,2003
71,1842
82,1345
686,2381
811,1009
1018,1644
1831,2489
678,2943
1309,3037
140,1489
710,2022
2535,3153
2460,2913
2780,2848
2065,3134
1668,2595
911,944
1370,1520
1706,3026
2633,2683
68,2197
295,2889
1989,3068
1723,3158
2239,2701
725,779
593,1978
1774,2471
2617,3082
332,2373
1408,2805
1056,1716
310,1176
708,1954
1932,2168
38,440
908,3088
2176,2400
2043,2684
2737,2862
951,2613
997,1696
401,3068
2264,2504
2650,2776
263,1219
1539,1984
1229,2228
1589,2495
138,2490
283,1474
2057,2673
978,1597
993,2729
1295,1864
2131,2317
92,2267
148,1243
1003,1685
1561,2188
1112,2376
1873,2950
448,565
76,2454
0,1816
500,2383
10,684
1210,1935
175,2317
612,2263
733,3059
713,1014
1265,1366
1907,2075
2179,2824
135,1893
62,2444
345,1719
1195,2305
321,2137
1334,1360
3,270
2939,2988
1165,2311
492,966
2135,2721
448,1426
1513,2845
180,1256
2286,3015
0,1826
235,1188
105,3158
1751,2005
1247,1313
2415,3102
1533,2287
1112,1370
833,2801
1183,1513
127,1319
84,2949
1053,2454
1218,2609
438,448
1948,3044
448,1579
744,890
908,2087
1771,2597
443,1568
2042,3153
641,1702
717,1241
374,1146
508,2872
1894,1921
453,1576
1773,3048
1486,1937
1263,2231
357,960
1916,1936
2434,2735
1294,1909
57,923
733,1058
263,2247
1616,1894
1958,3129
916,1252
599,2778
1254,2996
350,899
1165,2173
94,860
546,1252
753,2326
570,704
1591,2378
492,2372
1601,2397
1932,2549
803,2947
225,1298
499,1131
359,951
310,2461
1029,3011
564,2125
1527,1721
335,504
429,1343
1443,1708
179,432
18,2079
75,726
2600,3050
1014,2354
1571,2291
999,2405
1385,2052
5,258
197,2209
1752,2416
971,1915
1130,2767
610,1835
747,926
1547,2272
3015,3027
448,2818
423,1712
1907,2813
335,2781
269,2956
223,909
2549,2640
2027,2704
177,375
1243,2235
52,2372
1284,1803
18,963
1923,2777
1370,2142
803,2735
1254,2279
1372,1732
864,3139
1177,1348
270,931
1136,1418
1349,2106
474,3168
747,2927
147,476
280,2475
265,1871
2085,2287
2193,2653
1046,2295
2928,3136
839,2464
405,797
1192,1751
1143,1603
344,933
1504,2355
1544,2735
629,2028
693,2780
1188,1937
1550,2227
479,668
2693,2874
682,1739
943,1866
358,2828
367,1174
432,2093
1250,1586
559,2405
619,2442
38,1617
1306,2844
0,1630
1752,2551
644,1138
25,2216
2590,3111
2077,2147
955,2239
436,1162
928,2639
714,2893
2434,2928
2003,2961
306,906
1218,2359
373,1569
897,2691
260,811
1544,1891
2735,3009
2421,2847
1253,2690
86,1042
138,2404
1835,1881
1955,2744
2213,2432
1840,2317
1121,2767
1859,2039
321,2588
294,2337
158,1156
59,729
1328,2627
660,1785
1002,1097
1253,2281
103,625
431,2843
558,649
1948,2796
356,2030
1696,3145
750,1316
3100,3121
988,1063
1095,1215
1056,2967
2938,3027
1039,2917
917,1657
1964,3111
1711,2328
963,2924
1736,1802
2033,2289
1507,3068
840,1203
139,3153
1595,2433
942,2562
1216,1869
469,2844
945,3023
1173,2112
2022,3082
1181,2132
463,2228
741,2787
203,1014
2122,2188
665,2614
916,2151
1007,2989
39,494
2461,2755
1067,1303
642,948
2691,3067
503,2372
1163,2071
497,1529
701,2772
1416,2179
1576,1771
15,677
1130,1348
1257,1584
981,1257
1891,2802
144,502
1044,2304
107,1462
612,2495
750,2800
920,1129
2651,2979
2562,3075
1457,1592
2022,2040
726,2191
172,1866
826,2799
1642,2455
914,1173
1632,2526
1183,2301
282,2500
641,2737
316,676
1348,2734
1501,2415
2040,2196
394,2608
311,2449
241,2080
1951,2994
2077,2847
117,1265
183,420
134,467
949,1615
2605,2852
2308,2892
274,1872
68,3069
2172,2570
463,1080
2934,2967
1095,2735
257,726
2396,2494
219,1682
636,521
487,1393
419,3152
1020,2100
1224,1467
475,2263
528,1395
1741,2559
2453,2738
1342,2460
2039,3137
107,1497
963,1838
992,1832
254,753
365,929
382,2885
1320,3080
955,2539
1042,1583
472,1661
1553,2085
2460,2897
953,2737
1339,2160
1442,2230
1837,2300
222,1125
791,2603
316,2941
2883,3057
1034,2566
145,365
86,851
742,1822
643,1097
1191,2783
119,2406
164,728
1964,2351
805,1788
737,2357
294,2904
1174,2420
145,677
739,1556
283,2873
2097,2295
478,524
913,2442
1058,1339
1130,2778
1333,1894
987,3146
119,2868
1721,2402
444,1167
2235,2670
942,2782
1836,2142
834,2503
2090,2154
1016,2831
792,2038
145,380
814,1431
1413,2697
702,1271
22,658
674,1355
372,3155
534,593
437,777
928,2958
117,1216
710,1180
1698,2632
937,1170
2160,3039
381,496
2890,3080
1241,2673
382,1481
639,1821
1821,2886
817,2025
992,1764
15,570
2653,3023
2514,2928
2046,3078
199,2215
694,1948
1153,2458
1332,1557
1615,1719
1911,2999
623,958
99,1112
777,990
1210,1762
2862,2891
1188,2845
1072,2385
1110,2107
676,2456
869,899
2449,2650
965,1813
1657,1907
99,303
703,1917
2147,2695
2203,2277
2678,2998
580,2364
1344,2946
393,1291
874,2367
1146,2268
2853,3075
763,2990
1444,2856
2083,3054
1047,3031
608,1298
726,1099
1039,2957
1340,1365
989,2958
1747,2317
130,599
2042,2460
236,2186
223,1931
139,1931
1635,2052
792,2548
2495,2611
2788,2954
1425,2509
1468,1879
385,660
2168,3097
2317,2897
658,1130
684,2325
1985,2584
627,1801
230,502
1448,1713
1657,2990
365,1741
208,1751
1110,2691
733,2190
612,2375
238,1954
2960,2962
476,1470
129,1355
465,975
52,250
171,2895
585,2624
1372,1596
1661,1729
353,1009
394,920
2019,2113
1288,2495
1601,1841
230,1176
685,1429
1468,3021
1895,2214
768,2429
2788,3152
372,911
1151,2728
1741,2192
561,2716
1241,1760
2242,2411
61,1787
2267,3101
356,1854
2294,2555
824,2616
1150,1661
2308,2862
138,1749
1174,3059
531,3151
25,929
218,1589
1501,3002
584,902
129,1591
2152,2546
2549,2624
1220,3102
179,1422
20,1288
1363,2927
113,3057
70,2870
2381,2488
684,2554
1290,2160
1685,2611
403,2919
1365,1841
2402,2691
993,1880
69,2634
2205,2824
170,188
2213,2772
506,1496
28,669
549,600
1336,1675
106,1937
1332,2807
233,1674
955,2437
133,3009
648,2607
1457,3129
463,1082
489,2614
1897,2847
1018,1489
1375,2807
267,1409
3,1873
71,676
512,1608
709,2327
1048,2706
1360,2910
378,2534
358,2714
634,1790
817,1852
502,703
232,1572
936,1514
1288,1949
1518,1879
1523,3156
17,794
1529,2535
1174,1505
949,1131
289,1691
302,2630
750,2430
1476,2890
917,1846
737,1726
820,2777
1509,2208
813,1577
1413,1576
2629,3008
155,3013
900,2579
756,2365
1203,2606
17,2714
663,709
335,2801
1793,2801
2722,2778
1250,1539
2108,2728
725,836
334,2999
599,1562
1617,2007
715,2045
1916,2397
244,712
1162,1293
2150,2639
1959,2799
739,1446
536,2237
1996,3084
1031,1992
2042,2201
2263,2593
967,1130
295,1501
123,187
538,973
2539,2778
1040,1563
953,2848
1992,2019
274,992
689,2062
2263,3096
615,914
108,2471
1355,3101
1380,2111
2263,2458
1623,2049
200,942
1699,2066
1931,2285
761,2016
403,1927
817,2908
164,2910
890,2442
2908,3158
1346,1398
1870,2735
90,1465
584,1200
2454,2458
333,1021
977,1711
766,2174
1032,2115
1109,2824
454,762
1892,2423
178,440
959,1257
173,637
222,1844
503,2844
233,2884
1157,2938
1848,2317
331,651
117,2430
559,2404
242,2889
270,1575
1527,1959
1143,2853
180,1579
1154,1836
177,811
281,1980
630,3064
751,1407
222,1045
827,1605
236,2377
284,3011
103,2885
1637,2024
1982,2660
783,2205
1806,2830
21,2195
1565,1774
192,2453
531,1170
142,1587
1051,1575
929,1699
1878,2885
8,325
660,2491
699,2069
322,3077
1042,1836
467,2133
2395,2653
693,2588
1741,1939
340,797
479,1995
1603,2009
1058,2358
1566,2287
1738,2904
1003,2947
666,1992
2240,2462
204,282
1052,1255
294,800
2360,2684
235,1627
139,172
1893,2374
1578,1891
1741,2308
253,2353
1566,3081
2134,2431
341,1416
1936,2994
1693,1700
901,2956
1057,2076
1900,2591
214,2203
1422,2471
1661,2563
1189,2095
2091,2443
446,2092
604,2242
229,929
1045,2233
590,2313
250,3077
237,1774
723,1310
2669,2828
518,1046
1567,2288
650,1112
1224,2300
1797,2960
1058,2338
407,1865
475,987
1346,1395
826,1114
811,2611
1887,2796
102,2589
2421,2765
1833,1935
1063,2253
750,2641
1627,2201
600,941
932,1801
1399,1400
1703,2438
2487,2672
1317,1762
733,1136
1632,1759
278,1694
582,1752
540,1981
233,3080
1078,1089
2085,2574
676,2068
619,926
1657,2236
341,2854
2798,2968
1457,3029
1192,1977
1349,1605
903,2495
1552,1993
996,1837
1183,2671
975,1264
757,2027
726,764
535,2659
495,2665
648,2471
57,2945
676,698
1529,3074
335,3124
1303,2856
648,2103
133,3054
753,1433
5,1192
358,2844
287,2096
2286,2795
2188,2203
184,1581
93,257
1045,1634
1197,2056
717,1823
522,3118
765,877
260,2709
2574,3121
106,238
1129,2764
2047,2189
481,1308
658,2706
2077,3119
816,1959
992,1399
1620,2533
834,879
1644,2514
2684,3122
1051,1983
208,588
320,2832
1797,2151
647,2294
990,1495
2594,2908
1423,1586
978,2016
1855,2588
1802,2080
376,2845
818,940
230,2618
223,1763
807,3107
756,1060
748,2949
1407,1459
1992,2962
1315,1448
1736,2272
874,3059
941,1173
262,2397
1034,1921
470,2017
620,1649
684,878
1196,1966
1110,2868
254,2879
172,1348
1381,2095
1499,1627
2092,2706
1659,2625
702,2316
909,2221
1424,1554
522,993
1994,2254
1217,1879
1754,3104
2828,2876
725,1784
1,2345
2001,2475
584,2379
28,915
2996,3011
630,2464
1130,3006
276,478
230,2644
321,2641
1462,2999
276,1376
635,2950
702,1328
860,2826
333,777
25,1511
686,1514
475,2057
193,2125
1476,1501
262,1036
1849,2017
1528,2072
267,1693
1248,1382
2233,2815
99,2860
2192,2892
75,2308
2362,2583
2154,2583
323,2248
286,1238
274,1810
108,194
689,1692
1618,2693
1029,1897
1345,2037
1560,2740
1189,2424
1892,1992
1913,3158
336,923
1591,2007
135,1089
1795,1797
1768,2205
103,182
1089,1484
893,1836
1348,2597
702,2856
988,2033
284,2434
462,710
621,1732
501,2533
903,989
483,2998
130,1841
401,1661
2257,2947
12,142
608,2412
851,1231
1740,1749
1160,1167
2033,2072
2324,2681
382,2876
694,2604
2328,2940
957,2120
2068,2611
1756,2030
1230,1414
258,1401
138,938
1160,3068
1011,1397
328,2551
1052,3104
684,3043
1433,2216
420,1711
295,1252
121,1192
1176,1210
2108,2445
1340,2324
2455,2755
2084,2616
880,3077
2542,3093
526,545
711,2460
1702,2229
2075,2290
2161,2807
1942,2001
1276,2263
2551,2597
805,954
1344,1628
2216,2925
1849,2682
2879,2990
2440,2516
1173,1323
1425,3112
321,580
481,848
1761,1831
2077,2740
2973,3112
316,1631
713,973
209,2133
502,2874
719,2912
1366,1622
381,2221
836,3082
462,1774
97,626
937,2796
645,997
483,1892
487,2294
1191,1600
1351,2019
564,2288
282,3027
676,2960
2308,2550
1052,1901
621,622
150,1634
830,2444
1972,2208
421,2843
1556,2068
283,975
619,1213
1252,2372
468,1857
225,915
99,1842
629,2834
1930,2167
314,1958
164,642
193,1108
283,2044
1460,2686
279,1914
835,2540
230,1964
450,2906
588,2019
719,1025
468,846
84,1525
1222,1849
130,2679
208,2291
963,2551
1476,2494
38,1816
138,1493
439,2613
657,2083
285,967
1525,2897
230,1714
1991,2444
600,2807
1063,3107
440,3093
394,2942
294,1034
1749,2201
1615,2675
1743,2697
502,1486
612,3013
620,647
1339,1511
18,610
1103,2876
1160,3157
27,1166
119,1413
1757,2019
1980,2836
378,497
1821,2598
2033,2988
494,2291
176,2878
651,932
1884,2495
253,1208
997,2046
1729,1876
798,1292
2759,2949
756,1736
2109,2633
798,2828
487,929
1622,2012
1896,2951
39,75
971,987
2549,2840
2098,2307
401,2840
1187,2632
1965,2885
2168,3124
1970,3051
1328,1754
187,2354
119,1399
1181,2458
415,2635
1037,1931
1694,2195
845,2227
1624,1943
568,1113
2233,2318
74,1395
17,289
381,567
1155,2567
650,2635
1699,1810
1192,2503
648,1962
1046,1692
893,1572
2443,2880
764,1071
878,1181
1056,3064
2381,2434
1174,1583
2277,2623
878,2292
135,487
811,1174
126,845
568,1215
1499,2532
1052,1557
2282,2294
1293,1345
833,2283
1769,2046
2375,2677
1650,1734
1091,1360
125,1935
918,2037
1827,1991
1507,1859
341,1172
496,978
10,2341
1025,2801
1820,2997
755,872
1276,3158
399,1670
1104,1489
2363,2397
1706,2906
1454,2796
917,2811
511,1872
1334,2244
1213,2122
1107,2273
917,1882
500,1044
1829,2618
1615,2589
1720,2545
2291,2619
244,367
2295,2728
1637,2530
433,1230
127,1349
15,2813
958,2822
2241,3151
215,1961
500,1820
1423,2399
1668,1795
1529,2490
1734,2039
1868,2503
214,1291
814,2384
910,1013
2456,2996
2055,3115
1099,1682
2248,2893
617,2999
1933,2986
41,894
768,2182
1745,3021
620,1590
835,1255
942,1409
2582,2788
1312,2013
1748,1878
512,2287
565,869
98,687
1662,2706
1352,2908
1279,2712
199,3114
1423,2514
2671,2813
775,2165
1992,2337
2324,2372
282,570
2108,3083
555,1749
165,589
1611,2592
563,2660
1242,1454
1995,2871
868,1138
1086,2411
1758,2196
976,1447
1918,3134
1198,1679
52,1414
374,1895
111,290
1437,1546
702,1400
1005,3103
562,2924
2399,2707
721,2461
169,599
777,2919
551,1200
503,1647
188,1673
103,2813
22,372
988,1932
176,2959
1943,3006
896,1067
785,1952
1551,2977
941,2164
1295,1627
894,2810
834,1909
753,2398
2304,2864
2287,2439
636,3010
224,1527
923,1040
819,2511
1673,2684
77,2211
176,2931
487,2117
1395,3123
1216,3033
1759,2504
329,1608
956,2679
1645,1866
2060,2783
1960,2236
89,174
509,1986
1188,2951
764,2928
119,1174
2672,3094
1537,2689
428,2461
1643,1733
2313,2337
674,2473
2557,2877
772,2384
1328,3137
610,628
1284,1935
783,1659
225,1802
2402,3103
1080,2990
2514,2682
1016,1244
229,2157
725,1050
554,1314
2557,2583
1278,1794
169,2832
1099,2227
900,3068
2735,2778
1797,2862
1771,2839
962,1516
2433,2498
837,2579
2055,3096
1176,1328
782,1278
1295,2481
1532,3127
378,2906
1898,2454
2044,2651
2600,2996
2313,3005
297,974
1873,2851
471,2381
1810,2120
471,1895
820,2402
401,637
2117,2384
266,836
545,2003
635,2020
649,2738
1233,3144
208,218
1685,2295
453,1820
2398,2709
1451,2381
1914,2444
659,1975
1628,1745
2153,2876
917,1907
446,1210
938,2583
1407,3068
401,2660
1182,2922
283,467
1835,2945
1100,1563
591,783
463,2686
903,3107
627,2178
2084,2893
2109,2628
498,3104
2305,2530
306,1105
102,1512
1126,1415
162,1784
781,897
283,1698
14,417
84,1014
1481,1768
283,831
64,943
238,1126
882,2025
1276,2134
343,2825
164,2387
1300,2290
1181,2627
180,1055
1510,3031
450,929
169,1343
1078,1741
1048,1266
884,972
283,1504
3068,3161
1647,2518
1137,2781
689,2138
1510,2209
636,1456
524,1992
1029,2699
2300,2746
669,1191
951,1855
12,666
137,1326
689,1118
659,1045
1930,1932
856,3080
1004,1633
1586,2167
2019,2448
359,1527
402,1674
1490,2669
667,2316
942,2154
1233,1539
269,2611
2092,2683
5,1172
2149,2689
781,1455
1462,3137
406,1863
2885,2886
1195,2352
731,2017
350,1429
230,593
1764,2271
1290,2028
987,2042
1427,1490
2427,2580
786,2755
1856,2798
694,948
798,1776
468,2290
1306,1993
1463,1578
2428,2869
3167,2434
1052,2053
1685,1715
974,2829
737,2650
1668,2843
704,2966
400,2448
596,1837
1650,3009
178,2614
873,2701
37,1507
259,918
893,3084
751,1954
310,2609
52,1853
2960,2999
2133,2230
89,3006
576,3092
1137,2503
1428,2986
453,947
978,1594
776,1478
661,2900
1575,1633
260,3013
791,2205
2082,2387
814,1613
314,2653
325,1452
275,1314
1958,2889
1720,2672
645,2387
1749,2566
576,1878
1848,2632
1423,2966
344,2847
985,2002
611,624
155,1255
1533,2992
1446,2908
948,1851
762,1831
1899,1925
52,680
1559,2040
2272,2489
1031,3123
1557,2611
13,1759
1849,2436
2080,3073
57,1265
2660,2714
394,2518
2282,2831
2167,2796
394,744
563,1253
3069,3092
667,2279
2115,2705
1486,2460
18,2251
2119,2454
1448,1922
1096,1216
1568,2450
299,810
103,2949
2710,3090
708,3158
1370,2312
460,1706
1720,2042
1376,2990
837,898
1338,2946
444,2530
74,3107
2287,2710
1510,2956
1020,1138
523,958
570,1430
2257,2782
1182,2907
577,2374
938,1476
630,2767
1003,2317
172,620
169,824
1740,2157
179,1308
81,1173
173,336
2278,2326
92,2825
35,532
1978,2582
730,794
1802,2183
1625,2013
1109,1172
792,1013
824,2476
521,2415
2055,2230
2096,2305
2287,2918
1722,3129
584,1685
1223,1669
1263,1981
1980,2860
197,676
710,1816
2819,2921
151,1984
402,2617
515,1182
219,2628
602,1110
1520,2443
398,2831
357,1057
347,1528
2512,2837
1263,1504
739,2448
1218,1527
1648,2554
459,2447
1256,1294
2709,2875
1319,2828
2274,2783
1051,3100
635,1879
527,2083
710,1047
380,1665
2569,3129
849,2616
299,2075
726,2489
663,2211
1073,2641
2464,3108
897,942
321,2844
1156,3017
1529,3085
1898,3059
267,2670
1858,2452
654,1355
1376,1961
1138,1333
956,2919
2950,3025
197,2378
2859,2934
657,1016
205,1160
303,763
2125,3104
297,820
645,1696
684,2283
645,2816
561,1947
16,1529
353,1849
353,1171
177,269
1932,2048
1620,1732
911,2611
602,701
1815,1939
189,1416
1682,2921
310,1511
2504,2627
240,2415
745,2272
763,1461
1384,2557
1171,2199
80,2118
162,2632
84,3112
64,951
236,1480
2228,2267
715,1414
714,2955
1635,2973
303,2575
1605,2952
867,1858
1674,1695
345,1051
1985,3124
260,526
1307,2730
871,2397
693,2887
17,147
1110,1277
583,920
168,2271
1490,2914
1771,1829
825,1289
285,1602
1370,2776
1208,1738
244,679
725,1142
215,1669
1027,2360
630,1215
733,1138
651,1047
401,803
415,1521
139,1423
1125,1691
1662,2691
1047,2490
753,2861
1732,2101
1332,1511
824,2227
1829,1838
1172,2939
1252,2674
2279,2295
2378,3068
1145,1216
2264,3107
820,2183
283,3021
1753,2614
162,2535
2184,2836
2018,2796
747,1218
1840,2186
588,1993
1412,2467
1182,1552
2604,2721
1553,2691
926,1407
363,2660
985,2643
753,2027
900,2878
493,2278
2669,3103
1908,2203
440,2345
107,2378
23,2514
1645,3104
531,2815
757,894
938,1557
1864,2701
164,1041
725,2433
483,1399
476,1858
1802,2365
756,963
1466,2219
106,1111
985,2546
1425,2448
1215,2969
992,1915
2139,2442
614,1296
1382,1855
2408,2671
19,2695
1179,2655
2498,2652
902,1624
791,2333
2075,2820
1056,1599
897,2885
71,197
1181,2765
697,709
106,1426
503,1821
1869,2449
1697,1720
163,1952
1184,2251
666,2857
995,1846
238,2112
150,2521
306,1607
1841,1865
2316,2434
19,582
234,1711
1785,2221
1170,2606
1213,2848
968,2534
531,2830
1950,2452
0,3048
1928,2376
192,2066
331,1376
584,3092
1370,1467
2721,2851
927,1680
796,1869
646,2052
226,2833
2437,3005
1596,1909
759,2939
2334,3140
660,669
524,2889
500,1960
645,684
1709,2042
2012,2516
821,1189
1370,2839
903,1153
135,1129
263,460
534,2092
2585,3011
521,1755
1479,2472
237,2367
1425,2971
43,2008
437,1112
237,1752
710,3007
579,1330
847,3031
835,2251
995,2003
2091,2460
835,2699
474,562
824,1603
759,2486
236,1187
1171,1416
13,1304
884,2209
1218,2994
2008,2112
1298,1529
453,1649
384,1476
880,1503
174,1793
1977,2632
2142,2570
971,1978
1714,2001
2169,2305
2319,2493
935,1342
164,1764
373,2347
1027,1678
643,1229
229,1058
1028,1095
955,3125
1108,2953
2025,2854
1802,3125
908,2543
1774,2845
1720,1890
224,1709
531,987
555,908
496,930
256,2871
1624,2584
145,332
378,1454
2204,2289
1429,1706
1831,2346
757,1876
1058,2878
456,3115
340,2610
2554,2934
1045,1948
753,757
171,1366
721,1708
400,2101
1057,2363
501,1108
2598,2638
192,676
1219,1345
1526,2921
561,1880
275,893
2,2300
2920,3024
714,3127
229,2372
61,1563
1024,1748
864,1699
329,1307
341,1734
2324,2584
1004,1574
302,1276
1027,2244
1257,1291
636,2028
489,663
2652,2994
1194,2808
15,819
1327,1844
849,1907
1645,2472
1624,2620
71,2309
303,3133
1276,1690
172,2405
1292,1853
963,2832
1170,2796
975,1424
330,1107
600,824
708,1159
266,1825
398,1970
103,1423
1583,3143
207,1304
536,707
2235,3059
110,2263
2968,3093
449,1956
996,1550
1572,2376
1381,3129
289,2073
2875,2962
801,3062
786,2684
1887,2862
504,1297
283,2962
2284,2315
1058,1351
709,2163
1473,1727
380,2659
15,1575
74,1738
330,564
1396,2986
1103,2913
3,2670
512,963
1689,1971
341,660
215,229
1546,2618
489,3043
400,497
597,2897
382,2971
2288,2590
417,2508
1066,3082
294,1682
1018,1764
860,2232
663,842
2075,2173
790,1651
566,2491
19,98
344,1589
596,2913
800,2907
668,2504
1447,1768
1230,2632
1108,3133
50,2061
282,2602
1818,2904
1551,2796
401,553
559,2476
1277,2458
271,2553
126,2985
1805,2003
1297,1403
105,2679
1236,2897
1615,3071
1030,1056
1100,2545
102,2671
1208,2199
526,2830
791,1812
1563,2160
155,474
37,416
761,2518
3165,1328
2065,2182
1003,2787
2868,3029
2025,2917
524,1909
2284,2782
1322,1640
1331,2300
1872,2680
2495,2699
223,2117
1692,1697
2776,2946
1451,2817
669,2475
918,1075
358,2055
1433,2492
155,2653
1519,1843
2058,2337
695,1363
2706,2968
1426,1948
446,2332
355,3009
466,2271
1091,3117
343,2031
591,1296
1065,1350
2334,2580
1160,1789
583,2077
2235,2577
1931,2455
112,813
1780,2399
2083,2755
2,1062
2266,2984
1552,1716
225,898
2297,2497
584,2950
280,963
2446,2458
604,744
508,1413
977,1742
69,2274
1640,1872
501,2921
1878,3124
302,2618
1063,3038
2491,2548
1725,2549
363,768
1291,2639
986,2525
1691,2873
76,798
222,2183
1553,2678
561,1172
1613,1909
1695,2221
1164,2297
978,1834
286,1623
1321,1921
1413,1700
600,2949
782,2367
1644,2807
237,968
235,2938
18,1831
41,1727
777,2658
2847,3048
450,2961
1191,2699
1903,2946
834,2857
349,1902
177,1706
1426,2834
427,3008
1729,1762
2098,2236
243,2689
158,1254
297,1018
1514,2279
104,2440
119,2719
2019,2673
1163,2244
929,1235
686,967
1112,2185
1801,3006
314,3074
1167,2378
1631,2441
1063,2996
147,794
824,1871
167,423
1056,2020
2740,2908
2445,2691
2077,2855
609,733
1407,2913
219,2650
28,1489
813,1713
897,2461
99,2555
854,2518
2838,2862
2299,2549
590,699
764,968
935,1939
203,753
355,2108
703,2755
2008,2468
707,1352
2755,3138
1130,1885
123,1263
1108,2080
1295,2404
2324,2332
451,2724
1021,3151
1080,2518
556,2442
668,1772
745,1742
180,967
434,2957
2924,3117
1250,2310
1254,2448
2232,2989
781,1173
1191,2270
283,1024
414,487
471,677
1553,2019
398,1005
302,2407
1553,2122
2197,2983
336,2689
630,2412
449,1528
1852,2652
2012,2279
2558,3143
1194,3011
1909,2235
593,799
864,1319
1699,2738
2268,2498
91,2129
1933,2633
874,1752
1743,1797
484,3131
759,1504
897,1241
249,2225
502,680
1191,2861
237,2938
64,2704
330,2706
1492,2414
564,1852
275,981
638,2783
2430,2783
1873,2277
197,1173
474,1209
1025,2455
1003,2910
624,1325
559,2952
70,1711
1198,2775
1150,2380
1712,2365
1150,2372
804,1239
192,2927
981,2950
2301,2318
283,2670
1346,2605
102,284
1627,2069
1546,2230
294,513
1369,1828
908,1555
176,2644
1164,1408
2660,2979
1330,2907
1165,3136
496,2002
2734,3107
1301,3155
1942,3162
628,1058
496,1742
1468,2564
389,2973
623,1700
270,2049
2271,2292
492,547
20,786
183,588
1003,3072
138,537
617,1553
2517,3102
2432,2518
992,1748
1292,2248
1005,1841
1883,3026
1128,2693
2432,2686
942,2118
981,2161
816,2126
1080,2066
737,2099
211,650
960,1863
857,2207
620,1017
845,1673
2122,2858
1418,2462
2199,2777
1981,1994
178,938
475,1569
2028,2722
2083,2502
197,614
552,773
650,930
103,324
424,895
561,3099
1273,2647
1132,2453
745,1842
498,2755
1255,3104
2503,2693
644,1196
1097,1502
781,2543
590,715
3066,3151
169,2184
422,3158
237,1887
1863,2221
881,1292
646,2442
755,3124
958,1942
1776,2098
1043,1523
1104,2684
1742,2184
766,1036
1252,2956
1017,2485
753,1706
199,1907
1181,2046
1330,1674
224,1721
25,1529
193,1667
1407,2611
263,2398
1183,2489
437,1172
468,1948
119,282
1647,1841
1552,3084
1029,2450
282,2135
731,2830
1754,2876
1840,2084
821,2811
2653,2982
799,1370
2116,2565
286,2552
1600,2436
1552,2840
254,1844
2594,3063
250,436
858,1685
347,2631
2273,2650
2381,2588
1181,1511
600,2317
1172,3137
1762,2227
1526,3011
2508,2857
588,2529
1408,2356
1801,2529
717,2509
337,1170
1162,1853
1551,1575
1055,2514
858,2973
1347,2525
469,544
826,1959
100,246
623,915
1876,2952
481,1526
1089,2244
2597,2931
314,1509
481,2701
2640,2776
1777,1952
417,2118
960,2730
1108,2092
1455,1930
2569,2935
581,1118
1449,2681
2263,2572
222,1964
755,1501
602,2692
2801,2953
1838,2498
647,2052
1058,1851
2071,2132
76,2157
329,2952
709,1971
1051,2236
2458,2495
1055,1996
1301,2535
111,948
2684,3103
709,2635
690,1643
297,1248
1863,2178
1291,1655
38,466
1591,1842
2200,2914
555,747
1760,2284
1309,1618
1323,1966
86,2285
700,2304
1430,1431
816,3104
108,372
824,2147
2072,2487
2008,2444
2487,2603
2191,2493
760,2472
773,1855
403,2270
248,1583
2163,2219
445,1080
2572,2613
369,452
1841,2144
1073,1544
2894,3162
1736,3021
1102,1153
169,2688
1412,1981
974,1953
2397,2427
1174,2919
985,2288
2257,2308
1277,2545
1425,2445
2031,2961
1797,2838
650,747
271,484
1863,2190
421,1993
2055,2122
407,575
493,2195
1819,2856
487,3006
57,3027
1727,2970
1444,2701
1582,2787
632,2178
64,383
382,2405
755,1034
2107,2593
185,2920
159,1430
775,993
1465,2901
2448,2653
2042,2516
1970,2393
254,1376
1930,2595
706,1640
1559,1741
200,362
2008,3093
449,747
7,851
636,1625
923,2592
3164,3156
612,2062
1813,1880
2232,2980
2977,3014
1768,2651
187,2193
103,2912
1399,2820
1370,1376
844,2947
1439,2922
580,2900
1462,1662
514,2891
101,1826
2438,2605
277,2328
1146,3151
1020,2268
1546,1630
902,1171
230,2235
1180,2792
2227,2712
1454,2118
2458,2839
1720,2154
18,2975
172,453
4,1868
470,1612
18,561
934,1971
982,1103
1153,2284
1622,2738
867,3080
138,680
1051,2738
1530,1928
2957,3074
462,2738
287,1085
927,1217
1632,1836
462,2677
359,1519
429,1531
864,1647
613,2732
1420,2181
165,1104
197,1975
715,2066
1669,2782
1667,2594
791,2519
1019,1815
459,2504
793,1698
1514,1954
1231,1501
494,2285
474,489
2,1618
253,1189
2355,2703
913,2052
208,2979
335,997
834,2656
434,1130
1915,2869
639,1711
17,2152
1740,2589
1206,2840
159,352
2543,3080
1164,2291
218,2914
2024,2135
299,1540
347,2587
506,2094
333,913
110,1170
39,1143
710,1980
714,1931
1700,3084
610,2434
780,2270
1661,2570
66,94
55,1805
1977,2362
2285,2444
502,2547
1131,1617
2975,3118
246,2843
1650,2650
1757,3118
1322,2770
241,1594
1802,1821
1645,2617
1146,2100
663,750
102,2741
2137,3096
7,1742
938,1571
1937,2958
1943,2092
921,2988
489,1944
942,2225
306,2755
837,2433
448,2472
1169,2133
275,2598
1536,2614
617,1297
653,1892
2118,2986
375,2063
627,1632
2056,2216
1898,2600
2469,2917
1594,2163
2788,2884
708,759
559,1725
28,1601
1343,2356
1256,2721
2145,2592
3019,3098
497,2375
1314,1496
625,2658
710,2906
5,2049
2988,3056
1972,2674
1868,2828
1769,1805
1865,2927
1431,2960
1110,2656
1797,2667
1110,1518
2053,2728
1714,2722
2935,3029
444,1642
164,611
1029,2958
260,561
649,779
127,1797
552,805
2167,2317
657,2664
1527,3158
699,1582
270,2085
422,1408
829,1511
180,2632
1827,3151
356,2057
1793,2690
2807,2893
759,2521
1753,2738
898,2549
702,1972
862,1331
22,785
521,2140
1905,2698
953,1058
409,1128
2924,3101
2604,2710
702,868
1004,2414
112,1425
512,1340
648,2040
2030,2834
2897,3126
816,2227
17,1454
434,2085
444,1589
188,1669
489,2580
588,1346
577,942
555,719
550,2063
1676,3152
92,2376
255,1958
974,978
254,1289
668,2372
2879,2934
407,1932
677,702
277,474
686,2982
600,1911
970,1301
954,2796
3043,3152
467,3084
858,1972
937,2410
511,1564
1455,2092
2020,2385
515,2398
8,599
338,2197
168,580
816,3161
470,2652
2352,2868
1188,2223
1416,1553
878,1111
545,3144
2629,2914
70,2490
1308,2893
415,1016
1951,2160
1449,1522
523,3091
1052,2495
710,1089
980,1510
2267,2828
258,2914
1891,2735
1959,2093
1951,2625
358,2352
708,2402
504,1856
2429,2867
1324,3117
527,2855
1045,2613
536,1174
644,1306
594,1438
78,732
500,2068
2276,2593
200,1177
1769,2908
793,2441
1668,1842
1479,3008
105,931
1341,1784
515,2285
310,536
468,515
1196,1451
289,1332
267,552
1399,2239
559,2813
509,1495
1362,1568
1818,2254
350,783
197,2369
2304,2649
1168,1842
1497,2222
229,2519
2188,3121
483,760
538,2617
1100,3156
1180,1870
1024,1976
10,1846
730,2304
284,2197
674,2758
284,1586
25,506
1342,2338
1623,2512
686,1112
1450,2770
2115,2664
837,3021
1691,3017
860,2844
1084,2219
2429,2604
117,217
244,2248
275,2085
2055,2431
1216,2681
1829,3095
672,1924
497,3152
1424,1645
2639,2850
729,2575
417,2159
224,316
602,2801
550,1244
2464,3053
2,3101
2046,2076
1233,2587
1339,1935
989,2988
2779,3111
1257,2546
403,2491
495,1849
1176,1313
894,2385
187,2526
475,2545
733,1961
2138,2294
171,1260
1949,3098
193,2608
1960,2671
955,2338
1373,3118
302,3083
336,834
1977,2369
591,1602
1253,2009
874,3112
500,994
676,1512
1622,2210
1424,2803
951,3071
937,2525
88,2494
23,2024
1657,2270
1033,1841
12,677
1348,2305
1017,1526
1562,1821
2142,2257
542,1667
923,2876
1492,2197
1328,3077
1579,2313
36,2449
340,2719
64,1617
648,2461
601,1801
382,1307
614,1248
431,1815
244,830
2121,2183
2138,2368
644,2616
183,2943
81,411
990,2960
953,2908
3002,3048
799,1128
166,776
1958,2066
1080,3006
1259,1801
402,2139
804,921
321,3102
1404,2679
2430,2711
1400,2529
794,2574
1213,1574
1563,3155
355,717
333,2349
2325,2912
983,2728
1449,1846
1332,2297
1594,3117
1762,2778
699,1591
1238,2677
74,3153
1112,2238
1514,2067
105,197
180,2084
1003,2238
710,2216
111,1820
2839,2842
177,1277
930,1833
2019,2277
1703,2985
632,2072
93,2627
135,1563
3,3155
1342,3083
1254,2324
1279,2800
1614,1858
1104,3137
123,1034
634,1540
193,1802
2236,2471
878,2988
1741,2204
1365,1706
394,3105
172,250
742,2565
1315,2345
1607,3093
110,2852
543,846
971,1191
816,1789
1154,2565
1609,2431
940,2516
230,2518
429,1263
171,2170
171,1034
2046,2315
2198,2408
144,3096
1696,2594
715,1781
259,637
1677,1876
1024,1469
836,2590
2056,2871
205,2001
1556,2565
2448,2449
684,1802
2461,2475
1210,1213
1489,3126
505,1351
660,2940
1643,1692
2001,2351
1865,2577
882,2633
2024,2683
306,2711
609,2019
701,971
1266,2650
1264,1313
428,1347
111,772
1266,2226
421,2098
1774,2235
1973,2486
482,583
845,1454
861,2682
2462,2871
350,1067
2295,2603
411,1239
1399,2461
2012,2159
357,1608
2099,2448
1794,2264
309,2684
1108,2215
446,2516
2082,2701
1896,2083
1332,2091
2345,2955
356,903
3006,3096
2277,2514
1861,3169
901,2577
79,3007
1474,2365
2052,2556
645,765
710,981
160,550
192,2184
1315,2263
2548,2684
1538,2139
1199,3151
1960,2408
285,322
908,1815
2557,2795
479,2671
948,2423
650,1599
1144,2345
1277,2885
112,2357
2799,2977
1164,2445
2257,2626
1878,3054
407,2092
1429,1774
1047,1841
2311,2825
2295,3007
2345,2941
835,2317
2682,2984
226,1109
1047,2189
607,629
417,2133
1709,2284
1740,2966
1039,1833
1865,1893
332,2770
2244,2579
193,2081
1136,2290
1407,1529
755,1769
1851,2619
445,1897
358,2458
521,1321
699,2546
1193,2317
474,2218
159,2984
1851,2805
1727,2258
900,2085
1960,2613
886,2473
2689,2878
1969,2024
236,2013
953,1825
15,682
324,948
2529,3156
1363,2609
1194,2840
1395,2299
978,2242
1316,2965
1991,2633
917,1643
179,931
1735,1943
158,1743
757,2412
255,3008
972,2951
399,943
2956,3143
1295,2594
292,1958
1074,1083
1772,2349
390,2186
1970,3021
145,634
964,2122
591,2257
1944,1985
1712,2619
760,1738
714,2950
1097,2719
18,1763
698,2552
2939,3123
2102,3156
329,842
2278,2607
1625,2737
1089,1191
1316,2454
1377,2267
1060,2313
226,3137
702,1292
2098,2424
660,2549
356,984
1692,1741
321,2252
1052,2678
987,2053
911,2433
1233,1505
496,3132
475,807
1931,2257
1025,2230
813,1529
1333,2283
1499,1787
1124,1836
335,1339
1822,2924
1872,2996
659,2518
629,1333
564,1056
1964,2278
2327,2393
424,1838
611,2951
232,1550
938,1836
1894,2123
258,3104
993,2020
451,2679
319,923
662,959
1408,2469
1382,2667
1674,3156
704,1490
1271,2247
2120,3069
227,1661
1396,2919
358,2149
834,1688
1635,2958
2345,3006
1925,2402
193,1141
736,864
641,833
1600,2046
188,2040
508,1854
221,1787
776,2917
642,1404
275,2838
1066,2691
253,2651
768,2381
619,3064
1823,2553
1131,3128
829,2092
1700,2663
908,1665
615,1871
948,2188
1370,2605
1503,1726
504,1497
1121,2852
1875,2545
1336,2692
2461,3007
824,2956
1894,2557
458,1489
0,279
1317,2838
847,1951
1108,2516
563,645
1328,1572
2626,2783
863,2454
468,1294
1407,2142
1301,1674
1665,3066
790,930
2,2572
1016,1189
760,773
993,1174
1752,2276
1408,2555
2857,3090
158,680
933,2225
1061,1534
65,3099
583,923
834,857
258,814
710,2445
914,2283
1181,2870
189,630
65,2271
2162,2198
178,1912
862,2853
95,2376
668,993
940,2613
320,3117
1886,2872
757,1245
838,2727
463,1017
748,2638
1203,2543
428,2858
1328,2558
1056,1416
851,1529
1222,1813
2575,2709
586,1576
304,415
992,3102
1164,3136
378,3093
1413,1927
123,1576
1615,2369
919,1994
2831,3063
999,1787
980,1611
44,55
736,899
2338,3031
606,995
1339,3133
1258,2030
2200,2397
1729,2730
17,142
1074,2385
504,2251
2186,2502
831,1453
488,2697
597,820
848,1805
853,2464
2440,2892
1137,2862
2450,2514
1248,1825
701,2254
757,1342
633,786
37,282
1977,2278
1568,1693
758,1188
260,1137
2117,2977
2113,3128
613,1426
55,1511
846,3144
677,1962
1400,2755
677,1667
1583,2828
2184,2340
176,2064
1574,2369
179,2111
310,2902
1615,1818
214,2910
505,3101
794,936
125,644
2405,2679
153,916
1,1530
504,828
1247,3146
2085,2546
168,2411
1153,2604
985,2610
2619,3043
684,708
596,2604
1772,1848
487,2574
479,1005
138,2921
1156,1907
2984,3151
320,588
1993,2077
263,3121
227,2914
588,1608
641,1741
372,1190
407,498
942,1192
347,1873
1642,2855
613,1462
764,1587
2398,2884
1444,2688
464,2219
1089,1195
479,1210
791,1174
117,2083
1529,1956
255,2162
1271,1935
340,2956
1348,2565
12,1062
150,297
172,1790
1878,1912
1502,1849
1698,2647
1348,1591
509,3113
1310,2940
123,990
2495,2928
188,2551
1630,2710
1578,2324
165,2842
1896,1933
2430,3075
1504,1907
343,2798
197,1328
466,1160
162,2138
15,2267
1252,2087
105,1396
2890,2989
2854,3121
1310,1422
3,1852
874,1289
842,898
2165,2910
2142,2460
1685,1748
2300,2977
1197,2527
1219,3102
1946,2095
72,2289
52,432
335,942
742,1513
1885,2907
2343,3146
1022,1449
928,2497
1396,2891
1263,2353
959,1058
780,2285
41,1841
1637,2919
1211,2250
1720,1733
869,2977
603,1642
1531,2853
19,1658
2192,3151
1162,1605
577,1217
1147,1305
1263,2272
646,2461
1141,2434
1105,1955
712,2895
576,3158
1241,2738
100,1897
677,956
278,2555
1215,1948
18,133
708,868
444,855
805,1583
344,629
1595,1864
331,2456
1833,2072
614,1933
2411,2798
28,660
95,1423
1277,2862
2214,2497
638,2829
1,1118
562,1840
2598,2996
1061,1752
2096,3071
36,1350
2367,3008
254,356
481,753
1885,2231
225,3104
331,1075
1412,2777
1071,2337
785,2669
641,2008
1339,2291
208,2040
496,2767
686,1408
316,1594
674,2891
2020,2107
1075,2950
2251,3118
1928,2885
502,805
1800,2473
408,2459
111,2457
755,1589
993,2176
1760,1787
294,684
260,2847
541,3059
908,1492
1458,2052
468,685
1812,1917
364,444
1123,2337
2445,2514
44,2807
967,1109
1351,2783
133,1153
588,677
1978,2635
411,1674
1074,3003
322,1180
1060,3136
2271,3093
2265,2294
975,1429
549,2133
1117,2614
172,1400
581,2151
370,505
244,2786
316,2337
1878,2454
1171,1768
398,1314
973,2434
761,838
1334,2444
659,846
2496,2956
2205,2829
951,1612
609,1594
2008,2055
143,2875
646,1905
2450,2895
193,1908
245,760
583,1891
2183,2285
659,1192
671,2210
632,1230
768,2161
1096,2794
450,2083
277,819
1741,1755
278,2436
2628,2633
376,2489
420,2080
105,938
1921,2829
1433,1468
266,1384
76,913
317,400
1661,1806
524,2629
1589,2673
732,763
711,2602
386,993
511,2231
908,1277
356,1055
2171,2467
217,2721
619,638
427,2619
1784,1980
1208,1913
1472,2125
1422,1864
100,1056
1051,1146
2012,2508
1787,2556
595,871
2772,2858
1479,3077
882,2557
677,2631
1209,3021
951,2408
590,3000
2087,2514
1396,1848
90,416
1820,2222
449,2722
1660,2782
378,534
1627,2892
1105,2143
1572,2195
147,270
215,3068
15,2381
2487,3119
2669,2777
1553,3157
753,1162
1586,2065
2537,2878
729,888
402,2150
516,1835
1761,2339
658,1408
172,347
2362,2969
1913,2624
376,476
1749,1790
647,1224
95,921
1396,2955
1406,2542
973,1274
289,2588
1501,2619
1734,2192
452,1768
497,2221
2133,2328
903,1314
1375,1846
1855,2172
263,1844
208,1948
627,1476
1359,1583
685,2437
570,992
2254,3063
728,2871
295,555
912,1443
676,1261
1055,2122
1950,2693
813,832
2086,2442
2019,3126
1198,2940
806,1496
1842,1894
1642,1955
104,1067
1568,3128
1662,1768
2099,2363
1420,2080
2626,2813
2205,3010
732,1896
1635,2271
1601,3158
1,159
2071,2458
1816,2787
503,1396
1052,2002
2235,2564
1005,2557
582,1236
1123,1412
561,883
1140,1176
2434,3124
743,1487
1676,1764
581,723
2516,2546
805,3137
230,954
1431,3123
1100,3024
375,1630
2656,2828
287,462
1052,2349
820,2027
363,3071
1344,2565
2534,2657
901,1298
923,1559
180,1011
1921,2949
237,402
1189,2958
3,699
297,835
266,2330
494,715
1336,3013
697,1016
1665,1728
148,703
158,3068
1696,2527
1294,2735
1396,2772
1025,2610
2037,2946
99,2674
801,1261
36,646
2075,3083
622,1065
169,2935
294,318
1050,2199
245,1346
286,884
1061,2710
1288,2075
293,500
2564,2860
199,2779
10,1872
834,2616
992,1437
1724,2543
1129,1474
188,2922
2019,2254
1756,2423
1348,2328
197,1930
1380,2285
1062,2163
1508,2198
1703,2966
458,759
2076,3137
245,1135
463,1835
38,693
406,2557
821,3129
779,2171
1409,1462
1124,2216
797,2472
928,1643
990,1230
1594,2295
167,380
1121,1478
501,2839
931,1208
1661,2529
471,1732
873,1890
237,1574
403,2760
265,1396
898,1832
284,2206
2846,2947
2040,3122
923,1583
1953,2476
3093,3119
1108,1340
150,805
3020,3063
1284,1352
734,2875
57,1702
1587,2044
147,1230
1176,2292
501,2099
229,1209
1444,2139
2521,2625
545,1219
2629,2885
2018,2068
2660,2862
1465,1788
1362,1749
72,2188
2007,2961
922,1503
471,484
1039,2092
1414,1816
559,568
171,1712
2579,2588
244,1234
2064,3059
2588,3130
844,1277
658,2988
707,1138
280,2083
434,1431
3165,2786
308,699
2235,3137
672,893
479,1866
223,1900
1266,2295
2920,2998
2226,2876
561,1361
1153,2267
1025,2168
1283,2610
1545,3082
1636,2236
770,1955
570,2109
1641,2643
1335,1447
537,2019
601,2101
440,1847
521,2020
1683,2064
413,1045
845,2238
435,2853
1590,3138
1140,2828
1756,2345
1312,1980
1736,2736
323,1711
745,2434
1731,2588
1066,2544
147,2429
407,1740
1176,3011
15,398
400,1943
684,1691
1572,1738
1371,2875
1061,1578
383,2328
1246,2058
400,2862
1231,3131
295,376
1539,1913
2205,2247
957,1005
613,2099
783,1725
1636,2012
1624,2219
17,491
144,1036
761,1172
2155,2711
1198,2741
1384,1449
1052,1742
2506,2557
1838,3083
1614,2183
545,2653
343,2907
180,2843
2120,2938
2118,2197
349,647
1856,2731
2270,2427
1449,1946
103,2422
1319,1946
1128,2445
205,582
227,2177
550,1494
2002,2076
1732,2522
269,3100
273,1656
878,1698
917,2113
852,2854
1900,2490
133,805
1040,2469
857,1406
715,1613
188,1162
19,1061
1939,1995
1039,2767
666,1721
403,1140
1425,2295
2167,2950
283,2907
2418,2865
258,2594
1371,2240
882,909
2244,3155
655,1385
215,1243
1020,1642
1637,1933
1078,2289
163,229
554,693
984,2993
1346,3143
1740,1753
1047,1525
1832,1932
846,1170
1531,2959
756,1513
1257,2788
155,2767
1382,2264
2679,2845
623,1513
1068,2309
222,2313
1377,2123
878,2733
1752,1864
310,1169
332,1602
1118,1495
875,1674
1602,1615
350,703
1425,2752
1451,2046
1497,2765
200,452
596,2704
2,2170
611,2473
1913,2423
422,1123
792,2779
699,1789
317,1162
1347,1692
1831,2135
680,1508
1443,2691
229,1612
1536,2443
239,1911
1449,2290
2025,3156
416,521
1955,2381
1456,2099
1667,2248
1738,2852
1516,2647
1180,2608
467,927
3080,3092
2118,2755
13,1952
225,458
645,2448
386,1823
1370,1632
951,1371
1030,1896
1031,1360
19,508
1247,2862
371,1284
332,677
914,1180
363,1747
2017,2065
1040,2784
1406,2226
992,2755
1295,2948
1848,2825
336,798
2408,2722
956,1531
1422,2239
2266,2916
2347,2704
1551,1627
158,2916
813,2392
941,1698
1481,3039
260,2908
660,1761
280,1605
956,2709
833,2706
1230,1993
341,2769
1089,2655
292,3048
125,1993
1667,1961
219,668
2157,2781
2358,2399
2098,2948
1309,1633
2057,2094
383,2313
211,3061
356,1045
2157,2778
512,1454
301,1702
827,1560
2617,2897
1470,2347
504,2117
94,2931
1693,2324
102,1665
627,1217
1509,1849
2228,2397
235,2290
1673,2767
872,2324
1526,2087
1304,2689
203,283
1512,2033
1578,3127
1811,3007
2263,2407
479,1764
259,698
1762,2914
178,940
575,2851
925,2095
862,955
210,2539
630,3061
736,2669
1287,2263
2049,2125
1814,2678
1250,2195
260,2137
431,2914
286,1381
500,2389
1809,2878
1254,1994
764,1396
1276,1637
1047,2412
81,1771
1154,1831
1032,1566
2177,2238
167,3008
302,2568
422,1811
413,2622
719,1568
153,864
52,297
260,2184
725,820
157,1660
1849,2167
1842,2795
503,1959
540,552
493,2875
408,1436
661,1075
180,1712
287,2076
1540,2951
498,1230
1550,2767
164,2402
702,2069
708,2096
1004,2653
603,1375
225,3071
1642,2691
1726,2271
334,2557
1662,2317
2179,2356
1442,2833
55,3093
621,1935
229,993
734,3146
1153,1473
1774,2616
919,1004
1720,2625
280,978
1671,1821
709,2138
1209,2532
2076,3117
973,2567
170,2956
733,2003
2631,3061
1595,1629
717,2235
79,437
2282,3036
1426,2755
2272,2400
908,3104
96,1437
445,2559
773,2232
725,1553
328,2674
2248,2728
920,2664
948,2092
630,923
172,2379
102,949
1825,3054
1500,2594
127,333
1954,2069
409,2443
1130,2876
4,1916
1224,2884
50,2832
476,811
100,1903
614,2338
1428,1576
12,145
180,1558
1575,1875
226,2892
1855,2824
2125,2870
1166,2813
26,2174
767,1162
2735,2767
1661,2040
2,3064
1247,1670
1003,1219
189,1662
1347,1520
1762,2850
18,428
1924,3094
278,1734
1096,2831
99,2455
557,1284
932,2286
285,1713
1128,2850
1961,3133
435,2610
717,1614
1700,2455
2697,2847
193,757
1693,2432
2105,2309
1070,2565
2001,2613
1657,1948
1017,2908
1635,1948
583,2095
420,2184
393,3158
479,1802
395,1735
781,1176
2427,2647
782,1848
1111,1366
764,940
993,1827
91,1512
894,2912
624,794
2592,2994
2138,2536
1855,2311
2017,2603
207,1020
900,3136
1316,2651
2735,2950
2921,2957
2192,2222
1131,1727
1187,2977
677,2581
737,1600
147,1121
138,1105
860,2431
2228,2631
744,2281
188,1489
100,2098
145,1864
1206,1380
479,1056
260,1298
94,851
179,911
208,1034
1048,1118
329,2873
1572,1973
106,2815
2024,2924
497,1932
671,882
135,880
432,1490
44,168
2369,2462
570,2829
234,1310
398,1788
1046,2095
395,1842
997,1834
378,2080
173,1307
1162,1790
874,2036
483,1931
373,1056
1038,1277
1533,2515
2281,2732
816,1801
1662,3104
2473,3070
21,1291
411,1230
801,1894
298,600
2272,2611
408,2980
1879,2746
1414,2142
923,2752
1048,2993
1016,2118
482,1785
1110,1372
1552,1644
1019,2398
1624,2424
286,374
448,1036
1448,2118
2347,2595
1613,3036
2603,2922
2011,2674
1036,2274
1827,3054
2194,2779
2017,2693
267,2660
12,2986
503,2564
2096,2807
1136,1643
1078,2796
7,762
1909,2326
2049,2075
159,820
518,684
406,1109
414,1256
218,1420
655,2848
1514,3094
332,915
1504,3093
222,3118
2057,2950
2033,3093
1051,1126
792,881
928,2543
1407,2876
287,785
22,2679
844,1661
98,974
476,503
18,1047
1545,1742
2635,2788
95,356
168,2026
363,2574
266,963
801,3013
658,2640
2692,2697
817,897
223,263
1939,2998
816,2617
1265,1606
2325,2514
243,3007
736,2095
1960,2016
302,2853
1308,1866
1583,2415
807,2878
655,1617
448,3146
651,1355
402,1680
939,1053
1007,1932
2922,2958
1975,3146
1894,2508
767,2020
1172,1531
444,1293
419,1052
798,1360
440,719
102,2461
2738,3036
2081,2755
1670,1796
1605,2389
971,1603
1760,2672
992,2163
937,2048
2070,2886
1001,1768
428,2549
1083,1618
1501,2802
101,1112
590,2215
306,2834
1207,2901
1739,2067
2055,2116
234,2895
994,1317
359,1258
1451,1668
1365,1939
157,180
2638,2874
680,1900
833,2844
335,1224
200,1422
197,1882
507,735
955,1457
975,1413
3146,3157
41,1074
1568,3124
603,1339
1720,2899
1025,1486
1992,2276
443,1525
140,648
1118,1518
2631,3137
1317,1327
1661,3151
1516,1774
2473,2647
1078,2252
1668,1724
55,2423
226,287
1659,2735
1942,2476
36,452
1313,1317
1815,2875
737,1114
123,2460
911,1578
2040,2738
1900,1942
448,719
142,1951
133,1890
1931,3098
341,1702
355,1123
2552,2704
1276,2549
813,1442
1774,2943
2013,2598
1943,2833
1140,1284
2968,2995
987,2111
404,510
189,615
187,959
1395,2469
693,3005
1758,1776
2061,2985
1343,1384
847,2440
1574,2939
379,1131
284,667
172,2448
80,1165
552,1557
2160,2279
873,1047
1909,2832
2532,2691
2176,2893
1209,1497
681,2286
508,1836
960,1277
1617,2977
1013,1315
989,2470
232,1118
680,2853
280,1169
497,2274
1740,2482
638,1400
1352,2600
192,734
470,882
378,523
1933,2784
199,1840
1001,1470
1196,1403
3167,2302
1138,2179
1072,1172
872,2620
158,302
964,3055
948,2945
238,324
1060,1984
381,2788
372,1007
205,2122
427,1058
126,1328
100,1181
1408,3107
314,1814
155,1128
1544,3101
44,1103
306,1841
215,2593
222,747
1074,2244
1169,2884
988,1544
1757,3158
1238,2226
981,1764
1955,2765
476,2283
381,1893
1648,2464
1313,2600
1604,2308
969,1509
650,1110
510,1666
559,2706
1251,2653
466,2939
350,1924
314,1880
15,1238
650,2473
861,1003
637,3074
1784,2243
1685,1853
1814,3094
1655,1762
1381,1790
1613,2923
394,1747
564,2305
1319,3143
1539,2651
263,1420
474,2512
835,873
1740,2044
816,1971
68,222
1225,2766
1558,2448
406,2706
515,1163
1650,2673
1050,2320
2065,2447
1156,1203
794,2267
997,2205
1156,1836
1781,3148
352,383
1174,2558
1713,2149
1255,2428
694,2829
698,2221
1217,2009
1427,2512
147,549
731,2085
1165,1407
1313,1594
1131,1899
734,926
1561,2570
232,1823
593,897
257,404
600,1574
282,3088
386,1396
142,2874
780,2712
90,2376
600,1581
554,1130
834,939
1429,2798
1623,2413
306,1176
1404,2740
1037,1290
2514,2845
35,538
1213,2440
1057,1100
559,1737
494,2504
226,2345
1375,1737
1632,1756
1295,1454
914,1988
1431,1513
2283,2495
46,1841
1198,1304
550,1900
683,2197
1343,2639
2033,2042
1582,2476
1408,1712
18,1044
1181,1413
1632,2873
381,1476
495,591
2023,2317
192,2388
611,2706
671,1395
329,811
1690,2593
1328,1856
429,1566
2604,3067
91,1749
44,3039
521,916
820,2301
2381,3115
378,3155
170,1520
634,2405
1313,2266
937,2868
238,2825
1065,1852
617,1429
616,3029
1748,2862
757,1726
641,2959
402,2364
2198,2814
373,681
254,1408
268,1194
2136,2431
1029,1172
294,1612
668,1912
1512,3078
28,277
827,1911
1045,2444
918,1843
651,2529
1205,2613
543,2216
82,721
489,2960
2172,3103
147,2424
777,2626
2049,2778
1853,2005
113,2678
2388,2998
263,1292
578,1428
1181,2895
2164,2944
869,1624
106,1801
64,1958
466,2659
937,939
2951,3063
158,2125
446,2016
277,1768
864,2854
1727,3071
292,1198
684,1497
1213,2579
1478,2568
2374,2968
2240,2457
2084,2737
836,1685
637,1864
2557,2957
1164,1201
1861,2009
432,1497
497,1892
591,829
874,2638
1428,1640
1253,1871
1204,3154
7,17
679,1046
2100,2883
1003,1647
222,2494
1865,2868
1110,2046
733,2921
214,2658
294,1842
2600,2692
1136,2514
931,2901
297,2509
1527,1797
2049,2545
701,1529
1466,2518
757,1575
1233,2526
1330,2588
382,2970
99,1504
725,1036
750,1753
564,825
849,3017
2159,2327
1975,2504
100,1787
1058,1420
1680,2278
620,2340
224,1994
836,2308
515,1412
1869,2035
599,1637
1774,3010
1195,2053
619,1894
561,1160
952,1908
933,1907
242,1366
1855,3037
76,1805
766,2307
14,3158
1595,2330
1050,2578
356,1194
1558,2068
2302,3066
1051,2787
1787,2071
2375,3099
1384,1819
940,3006
444,2647
685,1350
41,117
552,2379
163,497
306,3017
2948,3137
487,591
635,764
380,2378
684,2618
1487,1841
860,1436
514,2333
1019,3057
359,3067
2201,2977
2294,2320
1176,2801
2261,2562
1721,2083
1045,1916
522,1691
1190,2652
464,1467
1215,2445
1952,2176
232,1328
1782,3069
233,2112
1831,2416
259,358
208,3006
2992,2996
1384,1550
1954,2329
677,2028
655,1954
717,2704
760,1843
757,2213
250,1595
91,350
851,2594
744,2043
1376,1784
1053,2556
1304,2048
1741,2263
1031,2945
684,1916
927,2145
3008,3050
1554,1834
2049,2095
2239,2915
3,2970
1825,2906
2690,2924
164,3039
2444,2858
1822,2966
744,832
860,920
1381,1895
824,1315
1154,2433
1554,2808
782,2818
1958,1959
672,2613
588,2267
438,1247
1254,1470
871,1551
182,2317
599,609
709,1250
1220,1695
1865,2578
561,2856
780,2711
302,2825
1694,2906
104,263
695,947
37,739
331,544
1674,2436
2184,2406
2221,2488
1080,1553
277,2415
757,934
1504,2604
859,1349
422,2584
2016,2458
951,3084
1977,2263
760,2764
2871,2893
280,1384
422,2157
474,1165
2076,2923
607,2679
842,2239
2219,2304
468,2353
226,3010
310,1250
431,2162
408,451
395,1977
1726,2159
12,2352
564,2467
394,2131
564,2808
401,1146
752,3098
331,2315
511,674
542,1020
297,1192
226,2897
1743,2565
1481,2772
561,2426
929,1454
1659,2305
387,712
2814,2959
759,2436
1676,2450
851,1627
1430,2209
1180,3158
232,1802
920,2992
381,966
2476,2592
1958,2381
2277,2444
1344,2327
2009,2427
142,753
1313,1507
1449,2018
875,1091
1316,2467
780,1280
367,2695
7,487
262,871
684,2900
285,1176
536,1196
1768,2491
975,1377
721,1330
505,1328
1822,3115
1323,2036
2448,2917
592,1525
280,2049
449,1599
1938,2690
995,1590
1108,2195
507,3101
1309,2639
717,807
267,1197
1749,2113
2340,2999
2850,2950
1514,2399
402,2354
2133,2809
1526,1952
1692,1872
782,1053
5,924
926,2103
1020,3058
3057,3162
726,2885
1047,2263
2566,2816
993,1014
1544,1715
685,2038
1359,1632
811,949
811,2956
409,2009
417,1622
417,2857
1187,2895
2149,2572
1834,2938
604,3078
411,2922
731,1406
1585,3006
880,2471
724,1255
2305,2977
615,1298
577,1552
1319,2609
151,1329
748,854
1165,1343
855,1696
1165,1978
676,1993
729,3144
101,106
826,1898
7,726
2040,2850
647,724
733,2783
651,2798
2707,2957
1615,1753
2191,3097
2603,2857
561,2341
1294,1720
1224,1341
857,3080
489,2868
105,1246
1102,1472
717,2267
1533,2959
320,1648
2077,2328
702,1065
10,99
2295,2604
923,1953
2043,3033
989,1972
593,3096
359,2318
1694,2365
64,1529
129,393
749,2906
1401,1553
180,2063
350,2857
1187,1587
966,1473
88,1586
1021,2935
489,2246
2448,2595
1398,2893
515,570
379,2833
768,2924
889,1288
388,577
4,98
487,2889
988,1895
1514,1578
1951,2497
577,834
1218,1923
500,2958
13,269
1316,2226
937,1063
2679,3104
1493,1614
1247,2162
1866,2950
217,2153
2461,2850
2345,2917
259,1790
197,1426
2651,2807
1544,2071
2460,2564
36,2914
1931,3013
147,2408
142,3000
193,1833
1078,2684
108,2482
511,731
2624,2787
2611,2948
1263,1751
15,1582
268,2285
2546,2648
1160,1759
1159,2081
1078,3137
1676,2956
414,2341
874,1610
315,388
1743,2326
393,1305
401,973
664,3093
936,2042
401,2703
267,1219
1309,3095
1497,2988
341,2087
2147,2986
875,2803
2268,2356
177,3033
1407,2938
903,2444
209,232
2139,2504
2421,2719
2024,2125
1584,2548
2182,3144
272,1529
1890,2277
1053,1230
987,1188
468,545
2157,2892
2186,2950
1429,1700
558,1328
233,2647
781,2545
986,1965
416,2786
993,3094
1173,2420
824,986
1362,1553
2109,3161
509,1126
1921,2566
2708,2711
238,3123
2065,2171
1015,1519
990,1576
177,2265
1759,2985
444,542
1214,2566
663,664
772,2236
1297,1305
198,1496
283,1618
2868,2919
1685,2241
1208,2614
284,3066
1172,2620
86,1734
1766,1931
2199,2305
1150,2073
422,1980
381,2271
945,2026
1415,1527
582,1250
127,2367
1118,2956
698,1623
1995,2315
983,2052
138,2193
686,1181
99,2952
591,614
2433,2910
259,2042
922,2160
329,1057
1875,2783
1018,2574
909,1693
816,2880
1773,2627
1773,2434
613,2504
1834,2411
1048,1230
1578,2498
1108,2858
424,1109
506,2495
71,2235
1682,2900
601,1363
95,925
188,429
954,2800
985,2445
731,1860
1691,2345
709,2854
1895,2770
468,3008
224,1749
599,600
287,1213
18,246
2796,2956
427,2902
215,798
2254,2734
2449,2895
927,2292
2269,2540
944,2897
1384,3007
93,1513
7,1610
1739,2379
770,2947
1916,2514
1031,1814
2796,2843
1706,3006
1276,2683
645,1174
929,1551
1538,2020
1805,1858
1528,1625
772,3097
491,2516
605,1562
875,2977
329,3029
634,2269
416,1640
2102,2502
2670,2760
831,1892
1490,2589
86,2804
660,2545
515,1972
104,1265
1012,2618
911,2897
238,1315
285,2429
943,1063
1235,1293
74,1805
701,705
758,2310
109,303
393,931
445,654
2628,3106
1170,1985
1141,1414
1595,2592
1278,2068
2092,3096
1107,1141
1153,2121
1181,2922
1762,1995
903,2348
994,1797
2370,2614
500,1627
1526,1849
90,2461
557,1112
923,3084
340,2921
284,709
1578,2786
778,834
294,620
391,2595
873,1863
3,512
679,1951
552,1900
1921,2428
1322,1779
175,2550
408,1217
11,2624
1883,2307
193,744
1486,1682
1035,2693
502,2988
1440,2008
160,1084
621,2679
1706,2145
599,2871
709,1057
402,763
408,834
1908,2449
55,487
878,2585
715,1942
17,1696
1863,2847
2020,2962
1676,1685
1938,2398
2557,2851
818,1631
989,1564
116,1247
374,2643
874,2402
517,2460
2075,3155
2227,2422
504,2931
439,2174
561,2575
1406,3006
1271,2833
596,1813
259,2976
2605,3044
1843,2731
1052,2068
2878,3060
88,2235
873,3150
142,2951
445,747
1301,2444
1219,1770
296,3008
1964,2682
1252,2046
543,956
265,1890
1852,2928
659,2937
903,1244
171,218
238,1901
606,2968
1029,1394
448,2699
729,3143
597,2236
1397,1576
463,855
277,927
239,1642
223,3146
1382,3025
1213,2471
61,494
254,2077
898,2277
1025,1408
432,1660
2327,2952
1569,1636
2402,2557
991,1334
1513,2372
1230,3063
1000,1430
1370,2285
173,829
280,2800
177,2284
1210,1743
1550,2764
1393,2498
106,1168
845,1724
1776,2176
444,1455
61,1164
1399,2843
1901,2884
1623,1943
682,3007
1343,2444
1016,2776
2627,2790
2342,3151
504,679
1235,2542
928,1036
836,3042
2948,3093
1477,2356
528,1172
17,698
1632,1879
395,2451
2167,2219
110,1128
3082,3098
1222,2355
2317,2584
846,1736
740,2846
236,1263
723,902
200,2163
448,2990
3008,3086
262,1149
1037,2299
207,1348
1039,2471
2471,3043
669,1801
723,2241
257,2080
1330,3088
10,3151
983,2644
301,611
955,2786
515,2781
2387,2988
791,1877
1336,1944
2095,2465
373,2703
7,873
984,2781
895,2322
71,1143
2118,2578
657,2490
297,1789
768,1064
874,3096
806,2673
2398,2943
1146,2133
2808,2850
1969,2177
940,2158
150,1827
488,723
2327,2683
2424,2680
98,1238
833,2818
2113,2474
465,2839
611,2389
564,1604
345,1138
1316,1398
100,1470
621,2072
287,3061
2168,2549
777,2189
401,1743
78,1137
1835,2372
232,2003
1865,2544
1359,1489
1540,2471
171,2012
845,1533
842,2134
1024,2630
1067,2101
1637,2845
1690,1716
244,2176
2445,2951
1551,2860
475,1887
258,302
182,2421
890,3103
1537,2943
3099,3125
2026,2051
523,780
974,1518
1659,1788
782,1780
2873,3138
1720,2619
1005,1450
940,1205
1693,2278
218,2960
12,1294
222,2048
275,2846
1433,2458
828,2460
2328,2914
504,572
451,2339
760,2931
446,1805
1014,2446
1014,2709
411,454
287,2424
282,1789
1424,1447
2052,3092
1215,2018
502,3063
1040,2767
1699,2235
206,2100
765,2332
1533,1981
1103,1261
294,1547
2650,2892
108,2499
1586,2024
390,1218
1295,2556
419,2788
732,1802
677,868
113,1583
375,1715
1047,2445
681,1165
1407,1670
932,2617
958,1153
978,2850
209,484
756,1205
1188,2833
2080,2512
177,2276
1662,2730
1559,2337
454,2669
1393,2138
514,1996
419,2582
192,1251
1104,1966
284,3123
2682,2962
128,402
772,1767
1583,2560
1312,1961
2330,2504
215,2119
88,3064
1395,2221
180,3043
699,1931
621,1183
1924,2122
527,2546
2228,2801
1860,2957
552,1175
1261,2013
323,1173
460,2941
1347,1838
778,1624
1915,2683
1408,2840
2833,2985
1254,1343
1011,1835
1002,2288
153,2534
663,3101
556,1477
1340,1584
242,1409
452,2014
1305,2400
561,3073
1162,1214
799,1220
970,1499
74,2514
835,1065
422,2614
1993,3050
1476,2101
778,1698
654,743
847,2957
786,1164
1907,2163
1210,3094
1209,2197
710,1462
107,2504
171,489
1162,1339
1684,2728
694,2096
1090,2755
1431,2977
1899,2248
4,504
1256,2953
1157,1172
110,1782
238,474
1711,1764
1625,2398
241,564
997,1384
250,2633
1250,2338
287,2709
222,340
232,997
1589,1616
2521,2874
2286,2892
222,1480
158,1394
908,958
857,869
226,2562
2,282
1213,2052
2160,2854
1721,2487
2816,3169
223,2850
1137,2399
723,1098
1118,1966
66,3007
358,1856
847,1836
637,723
468,2889
759,1143
349,2444
306,2606
2142,3023
269,1615
956,1716
1741,3103
683,2460
1362,1801
984,2931
2325,2931
500,2986
1514,3131
1174,2238
785,1938
403,1642
280,2378
1675,3101
1254,2671
989,1455
453,1191
1513,2186
355,1411
852,2862
1176,2772
1661,3137
1261,2046
1142,2689
1328,2246
847,1395
2541,2706
927,2300
2372,2699
588,2954
655,1216
544,2648
986,1131
601,1578
951,1248
811,1702
99,569
1175,1290
1939,2951
1341,1861
1229,3071
1887,2847
96,2832
610,2009
1885,2653
280,2075
258,2244
1192,2911
607,1585
908,994
207,1841
926,1382
1065,1790
302,1985
356,483
2473,3108
1987,2268
269,1630
2188,2985
2180,2423
1396,2444
575,1890
197,785
1051,1664
557,3048
282,1611
497,1829
906,1624
335,1712
600,684
510,2118
2311,2440
1355,3078
1779,2712
1005,1368
1674,2107
660,755
949,1035
915,2529
1096,2288
995,2470
339,1644
620,2514
1479,1481
2458,2829
2448,2734
2051,2471
2719,3006
1244,3100
641,854
1536,2972
3167,2993
225,811
2246,2965
783,1296
1025,1095
355,2603
1007,2160
650,1696
1385,2931
2285,2564
268,1578
2369,2545
162,773
427,1602
1638,2679
1306,1657
1960,2577
1366,1909
1472,2085
1425,2683
1124,1468
667,2891
2196,2853
103,2608
758,2847
937,1594
1187,1650
1932,3054
908,2337
2076,2658
313,1174
959,2448
420,1719
1822,2448
2518,2853
926,2017
1355,3061
3006,3078
449,2999
1848,2629
167,296
74,714
1004,1058
679,2514
1307,2807
759,1734
1256,2840
1788,2111
1403,1980
484,1007
1576,3063
909,2834
665,2309
726,2503
1604,2653
127,2434
893,1614
422,2686
2080,2216
926,2657
2070,2949
791,2867
1851,2777
55,923
1014,1456
2358,2674
1291,1470
448,3090
1370,2705
1434,3116
1021,1237
710,921
737,2030
282,1301
425,2963
6,924
173,394
448,1875
123,401
233,3084
772,3146
1244,1587
791,3139
408,2107
556,1085
1640,2431
1163,1649
1030,2366
3,2535
1977,2956
644,1601
1160,1689
297,2443
2678,2977
1480,1511
715,2668
918,1057
955,1271
509,779
1665,2796
301,1615
1129,2889
802,2442
2062,3158
1576,3039
446,931
200,2812
558,2856
108,2261
844,2139
1797,1911
218,985
1687,2076
1137,1183
662,2969
1131,2367
1154,2241
543,930
381,1263
2199,2609
2776,2904
639,650
460,1525
1468,1527
1571,3146
2011,2641
2895,3023
329,1842
1729,2475
1865,2098
110,2980
330,1885
91,209
1360,1456
314,1313
760,3127
1215,2669
515,759
1129,1749
1196,2490
2584,2686
277,1608
612,898
817,2811
878,3091
1277,1437
447,3129
944,2884
1395,2807
2482,3155
1583,2284
680,1840
958,2381
2895,2990
1844,1911
246,2133
1004,1994
1585,2923
2895,3066
1647,2346
275,1911
1559,1657
1366,2977
699,2722
488,2080
2119,2814
1071,1763
139,717
1927,2019
1762,1952
610,3137
2049,2188
138,989
147,2271
1237,2258
987,2348
768,1468
1342,3133
1128,3010
672,1815
565,1655
1139,2301
1189,1472
1742,2884
724,2956
316,2671
911,2619
594,1954
1459,1711
314,1915
1346,1661
1291,2369
949,2840
71,1174
1164,3127
1840,2273
70,619
2912,3103
2005,2554
1247,1497
229,3094
1677,3011
777,1067
2206,2805
105,1720
1230,2190
2648,3008
294,1735
2137,3117
481,1319
561,1724
145,393
503,1833
1153,1365
381,2648
1154,3011
356,1455
591,2971
995,3071
2120,3045
846,2519
283,761
1749,2619
800,2458
931,1909
1056,2919
1063,2382
1601,1801
113,1659
1578,2997
518,1276
1462,2658
2398,3111
1630,2639
1627,2451
1576,2477
964,1854
2653,2755
444,2119
660,1414
1398,2892
901,2147
757,1109
1279,2825
2157,3006
440,3123
1305,1699
905,1015
817,1563
1625,1928
817,2490
487,797
321,2686
19,1045
785,1144
57,1074
734,1258
814,826
742,2638
1711,2191
356,1050
2042,2629
321,3101
162,484
2338,2469
685,2408
1137,2602
1278,2782
1669,2807
921,2971
2532,2875
308,359
709,2684
303,2064
383,1838
280,3054
352,2851
103,1098
1151,1334
833,2868
514,1095
621,854
894,2909
1721,3132
629,1834
476,3104
130,2405
2458,3005
1520,2830
2241,2263
1156,2561
496,842
476,2375
2030,2399
1989,2558
357,1717
786,2123
344,2099
760,1200
1246,2877
16,2777
1794,2460
1643,1841
2065,2852
2082,2189
378,1977
1084,2064
74,2381
1486,1507
882,2652
1501,2602
47,2614
177,2308
728,811
1350,1756
1429,2490
1699,2889
2462,2917
1369,2828
657,745
486,2139
1277,2796
992,1887
1858,2874
428,2825
142,2672
244,1628
2257,2285
834,1553
501,2653
2170,2598
1165,1849
1560,2026
1992,2449
265,1362
1855,2444
992,2850
199,2554
2396,2531
790,881
684,1624
1217,2300
1660,2795
768,1142
2197,2314
2486,2545
1230,1964
2270,2999
444,1603
2365,2635
803,1721
2531,2939
933,1768
214,3048
467,2369
1213,1641
12,108
263,2197
336,710
710,2847
1736,2770
2449,2614
118,2815
258,1733
977,2728
582,3151
1793,3124
449,500
107,164
2353,3097
203,2456
449,1819
1297,2594
1348,2451
909,2994
374,2259
1248,2587
2528,2912
159,1437
1901,2183
1504,2069
164,2555
52,1020
1776,2653
803,974
2096,2986
1214,2883
1611,1671
1346,2053
1950,2682
306,2070
211,924
697,2787
909,2188
949,1628
1669,2024
193,842
1090,2343
2666,3154
334,2397
1287,2077
2607,3084
145,1727
2165,2572
2093,2240
1123,2023
1933,2267
2016,2722
1200,2154
10,448
80,2533
817,1197
563,880
915,954
1913,2894
623,1307
474,953
824,1976
1136,2997
263,2337
829,1749
1661,1883
48,408
1303,2318
1038,3075
1051,1698
1252,1616
1172,1961
193,1579
1717,2233
373,2122
650,2210
466,1982
604,743
1025,1972
403,2891
88,932
65,2438
1044,1439
631,1921
1040,2582
1825,2533
2299,2884
280,2728
1635,2788
463,655
3093,3124
1951,2652
1674,2653
1769,2134
1665,2799
704,1208
241,595
1306,2600
12,260
1529,2186
1425,1902
600,2013
715,2210
1579,2221
1355,1774
1090,1344
222,536
903,2514
604,1768
218,1125
308,3039
914,2655
842,2950
615,3006
373,1425
684,2973
1933,2251
2007,2613
2145,2222
1321,2712
753,1838
2992,3026
2788,2922
1103,3031
446,3084
993,3014
590,1017
544,2099
954,3117
1342,2075
53,1578
1533,1954
71,2728
400,1129
1040,1365
1039,1638
1712,3151
833,2082
5,2203
756,851
995,1512
512,2559
1887,2588
1698,1964
564,2494
509,2861
1400,3063
2406,2659
173,1931
1650,2369
1516,1736
422,2095
794,2270
625,642
1685,2267
1797,2772
823,1384
1468,3067
101,266
917,2563
435,2306
559,2463
2148,2309
2345,2860
452,2876
28,64
724,1668
3165,1831
316,3084
686,1492
1640,2979
275,915
1310,1549
1449,2766
497,2207
1509,1930
880,1907
2557,2593
1841,2006
280,1317
284,3114
1287,3071
1605,2082
221,499
266,838
740,2709
2545,2973
291,1841
1893,3132
1080,1456
818,2208
420,2108
535,2081
2173,3011
1365,2153
2295,2548
2397,3169
969,2704
1217,3093
1216,1748
207,2242
1815,2157
117,3080
238,1751
3167,1895
44,930
398,1100
936,1836
1111,1126
1558,2269
1529,1868
837,1971
869,2704
536,2865
1140,2321
1347,2416
1310,1785
864,1855
1474,2295
194,989
1715,2432
537,2647
2572,2897
428,778
1529,3130
55,1230
1297,2495
7,1216
25,2482
1060,2279
591,1706
102,2384
834,1158
2463,2604
668,1571
1078,2894
1559,2671
66,244
2007,2710
576,2840
744,1477
610,1608
123,1936
2337,2688
1832,2012
901,2292
2679,3090
590,3151
180,1768
913,1448
210,1346
2545,2801
2398,3064
1293,3063
744,1762
197,2719
1169,1493
620,1057
764,2272
1197,2756
378,2051
1892,2120
654,1305
929,2098
651,2966
2122,2892
2354,2407
1927,2414
52,1563
719,3103
503,1024
166,1346
449,1886
603,2026
974,1903
1244,2628
1576,2330
280,1768
956,2196
1015,1258
620,932
2532,2651
674,1655
482,2451
964,1912
610,2019
824,2098
2719,3064
1135,1578
1230,2270
1731,2395
283,1266
685,2581
596,2452
1141,1772
1760,2157
1182,1523
1753,3084
297,1724
834,1691
174,444
913,1420
2624,2673
52,2213
355,1767
2176,2388
975,2535
995,1980
1740,1930
1201,2830
22,1564
1739,2532
1813,1914
1251,2408
2199,2482
1991,2874
1853,2351
1700,1761
618,1255
505,2938
2055,3103
844,1347
1601,2461
177,208
2444,2885
2197,3099
222,2591
3164,2534
1166,2879
1867,2779
1037,1219
19,2843
543,2476
2196,2846
670,2443
737,2782
2188,2885
232,3162
207,990
1695,2580
24,2624
1192,2382
926,2095
193,2461
703,1192
449,1006
260,2878
169,748
2215,2721
2360,2438
782,1400
1014,1058
1458,2973
1151,3021
39,2103
342,963
921,1789
799,2157
1133,1197
481,2308
514,2236
2234,2448
1214,1842
689,2692
949,2315
1833,2545
175,2734
511,2613
1050,2436
1194,1825
257,1975
2682,3072
1664,2787
294,1853
2012,2540
1138,2281
484,1642
718,2442
343,648
702,2684
1545,2018
916,1446
494,2651
589,2828
17,689
1346,3121
1056,1565
324,1558
1351,3084
661,2704
1511,3095
180,1596
758,1343
878,2772
578,671
180,2186
1823,2176
384,2640
1529,1886
2111,2160
984,1294
2436,2885
1305,1584
61,502
942,2919
1501,1574
1304,2844
2135,2359
816,2759
804,2789
144,2646
1859,2195
866,1927
1513,2886
1030,2966
258,452
1486,2413
679,3151
820,2132
1187,1784
1577,2521
1034,1980
564,2697
400,1552
681,1840
684,1607
284,606
1699,1985
2545,3106
403,1415
2678,2843
99,2931
709,1066
81,2241
1335,1779
1345,2603
1126,2272
563,2783
1034,2270
709,1328
2650,2878
1802,3099
767,1191
758,3062
479,941
350,2375
175,1826
838,1156
1827,2804
445,915
577,1966
609,3063
197,1735
151,1154
1103,3048
1961,2080
375,2077
2710,2855
169,2077
280,2226
1187,2472
698,2731
566,2442
1771,2910
68,714
52,79
1139,1346
2215,2970
794,2305
1052,2321
128,1647
712,901
179,1576
708,1024
1458,2938
1244,1292
543,1157
286,1715
897,2996
1423,2539
2011,2284
1251,1741
193,1905
940,1412
500,1680
350,2886
275,1879
698,2304
173,225
1305,1894
1165,1815
1231,1772
816,1339
2665,2684
155,1103
914,1659
1752,3095
777,1635
101,1217
487,535
2236,3043
4,745
2692,2807
354,2415
321,755
2860,2923
1297,2494
2109,2795
233,2712
502,927
74,2448
356,1310
1830,2397
425,647
1166,2644
690,2432
67,816
233,3031
357,2356
499,2085
1472,2952
1673,2811
1739,2359
2057,2277
334,1296
2563,3146
915,1556
367,1328
262,852
645,699
284,1677
1267,1613
689,2023
127,837
1659,1787
394,2830
260,454
3167,2939
215,2910
164,331
857,2195
446,641
188,1625
235,1890
785,2223
1351,2528
2228,2574
254,283
1213,2355
1224,2422
908,1042
583,1596
107,1129
579,2458
2095,2263
676,3156
2072,2081
267,1373
466,568
476,1891
1724,2766
1139,1200
698,2960
2296,2448
1334,3059
108,1853
1553,1768
2778,2846
637,817
1206,1813
542,734
335,862
489,2864
1497,2940
1426,1655
2083,3128
244,510
1759,3151
2198,2711
737,3119
1965,2515
433,1693
1438,2811
917,1966
2244,2945
1020,2984
1038,2670
684,2672
107,277
432,900
2277,2500
161,356
175,2119
1321,2688
2327,2710
1573,3140
629,1933
2345,2628
689,2954
612,712
1030,2461
303,676
4,2548
380,1964
18,870
612,2856
3037,3056
1123,1497
408,1702
184,2009
1409,2574
330,86
624,1244
742,1424
1183,2113
1458,2979
1715,2969
2657,2824
1674,2019
3166,1990
2189,2751
502,2895
1916,2692
102,3084
733,1306
2227,2590
196,1174
752,1746
1719,1943
275,628
27,1480
229,302
1898,2260
2226,2638
1721,2465
219,2977
939,2449
177,2369
1577,2302
600,2824
2502,2889
2397,2721
2248,2271
1427,2564
1725,1796
294,773
1897,2604
2521,3131
972,1774
2222,2463
786,2832
684,1935
400,1351
1760,2231
2292,3157
390,1902
636,2995
2588,3118
100,1907
199,1256
1296,3096
1599,2271
1188,3064
1709,1790
1756,2706
593,2760
1153,2634
726,943
10,2572
518,2075
776,2653
1529,2603
1406,2446
1931,2055
1194,2107
1433,1445
928,1584
1086,3072
2236,2372
1572,2803
601,995
2641,2778
226,599
1912,2381
2076,2973
1577,3108
27,1559
1214,2190
674,2326
1053,2819
2055,3088
1550,2992
806,2469
1518,2068
2471,3090
1074,1572
321,2344
2650,2883
1168,2614
547,1140
1767,1827
1502,2388
695,2184
523,2224
617,2190
108,1841
1309,2027
1431,1857
1848,2639
2206,2208
501,2475
1014,1508
2578,2939
1095,1615
1217,3131
618,1298
2697,3063
1238,1872
661,3058
1258,2122
283,2908
218,1964
761,521
1007,1398
194,679
639,1606
659,1985
1932,3128
1020,1634
2057,2482
1372,2525
1247,1553
96,1691
218,295
532,549
1071,2521
14,1977
1587,2012
133,432
482,2305
95,280
357,2845
167,992
868,901
973,3112
306,2276
61,2272
1612,3094
1067,1731
662,2289
1568,2491
280,310
372,2488
335,1019
965,1574
1618,1970
971,1396
629,1291
911,1453
2093,2289
829,1430
1058,2950
1748,2069
676,2614
1489,2548
1170,2530
246,2973
1365,3044
655,2414
358,1290
1710,3018
977,2343
127,2225
676,1876
1039,1611
78,2522
1974,2251
375,929
1905,3025
2091,2794
949,1610
1154,1480
1073,2440
993,1811
407,1711
128,2947
1199,3097
2254,2825
1298,1560
1067,3115
759,2624
1576,2906
2176,2308
1051,3139
1139,2063
1140,2310
618,2616
736,1021
352,1591
1131,1973
1869,2568
1660,2562
1155,2241
639,1749
655,942
1613,2878
2326,2469
717,3158
445,1525
1149,2018
1123,2384
2926,3111
419,1627
1176,2999
2829,3074
681,1547
2068,3136
2482,2901
2631,2870
1426,3158
622,1017
641,2330
794,1181
1456,2327
540,1123
159,793
193,2193
2201,2271
2180,2989
3136,3156
524,2299
1306,1844
221,1248
792,2863
704,2735
676,1728
299,1668
714,1660
219,3156
501,2077
2891,3013
160,2308
1216,2844
611,1606
1165,2844
1314,1751
1713,2345
322,1719
600,3129
959,2886
622,2254
1456,2077
1571,2777
1525,2439
353,460
1897,2332
303,2988
1873,2378
1109,1372
768,2813
958,2000
908,2486
759,1685
2458,3003
1107,2067
861,2814
489,2162
2299,2309
1163,2613
94,2189
1370,2087
509,1744
282,2195
662,847
969,2068
1785,2195
945,1168
285,2430
1176,2924
536,1296
756,2843
1029,1623
4,88
415,1300
958,1073
2379,3097
725,2579
820,1892
1605,1756
2436,2984
1051,1434
344,2728
630,1528
127,1140
1140,2939
1160,1790
37,1837
1698,2415
854,2324
1016,3032
733,3156
1640,2330
604,1911
1721,1866
2510,3073
1264,1509
500,1954
444,2161
1250,1670
496,3094
1858,2444
282,726
503,800
725,2065
2496,2605
1037,2969
168,2455
3059,3071
1727,1961
1140,2801
1249,3107
761,2727
267,3121
1269,2712
2359,2602
222,2664
790,1171
2605,2626
794,2107
927,1633
735,3156
2833,3144
352,1294
103,2850
1821,2013
398,712
1066,2357
630,2490
2430,2870
225,2692
179,1048
197,1091
1972,2433
2225,2923
1289,1747
1918,2844
2371,2726
1674,2455
468,3054
1209,1805
821,1314
2565,2769
474,1492
835,2690
758,1462
2448,2571
2338,2807
287,1595
2,628
1370,1949
339,2308
1139,2597
496,2069
225,2294
1046,1086
70,1935
1578,2347
792,1041
544,2096
224,443
2349,3161
993,2069
2162,2671
341,798
562,1895
1047,1255
297,3080
1936,2432
177,1453
2681,2811
1442,2317
1854,2600
183,1289
1951,3011
222,2845
834,1703
6,1363
2193,2311
2254,3078
1659,2044
235,283
289,925
128,1948
607,1864
1668,1752
1557,2795
2831,3081
1013,2787
1396,2286
91,2209
2421,3011
474,1170
1216,2692
1878,2384
930,2327
1310,1625
105,1415
142,685
1230,1531
287,3042
526,2055
923,2494
17,1628
2769,2854
1312,2186
2092,2952
1546,1860
254,391
1490,1825
1465,2500
1031,2673
2183,2424
1348,2398
34,531
1877,2431
1393,2318
1574,1673
862,2962
697,932
756,2452
177,2305
179,1756
1744,2189
803,1191
2099,2692
64,969
873,2923
281,1525
184,1907
177,494
964,2002
2440,2894
57,1518
2473,2861
1792,2197
457,1315
1569,2577
752,2714
1720,2931
283,1665
688,2442
567,2267
564,2891
1113,2703
44,662
1890,2263
1173,2883
900,2902
345,974
714,1209
1293,1866
2660,2852
1876,2862
197,2142
2012,2521
1014,1738
999,1513
120,2680
1050,2384
635,794
411,1024
258,934
990,2084
484,2590
720,1031
927,2009
919,1789
926,2873
358,1138
1431,2638
2183,2895
1215,2076
1174,2854
2262,2584
644,2281
511,2319
353,1643
1622,1902
371,2631
1634,1913
1319,2213
1797,2913
17,1819
104,2988
1065,1271
755,897
1849,2854
649,2066
915,2244
1662,2101
509,2794
560,1516
1377,2912
314,1382
199,752
536,1956
835,1046
1373,2247
759,1174
94,2878
2674,3011
1855,1921
992,2788
2635,2836
417,2001
1643,1685
637,693
1657,2591
599,835
233,237
2415,2728
2525,2620
2632,3122
1447,2744
1476,1628
1137,1511
1900,2122
1174,2868
489,2906
453,1627
1217,1890
2099,2869
355,2815
345,2632
222,869
1685,2423
488,1847
2566,2732
136,2211
429,709
145,424
845,1074
2052,2450
2257,2282
1348,1662
2455,2619
2254,2457
1703,1748
756,957
280,816
594,836
726,1992
296,1172
1113,2582
382,2862
158,340
415,2443
145,1313
475,935
862,2271
2434,2603
1370,1414
1470,1790
150,1816
1503,1519
2947,3043
372,590
1139,2203
2436,2920
1642,1901
91,3036
596,1900
1074,2137
1529,3094
1415,2461
617,2330
1514,2805
479,3152
2319,3068
11,2429
706,2230
483,969
2548,2753
662,2652
898,2143
1690,2629
630,1397
1568,1899
336,2897
1869,2354
862,1556
1870,2442
1647,2199
737,1890
280,3063
1616,2588
2447,2586
2347,2979
819,1111
985,1427
583,867
731,3158
753,1568
780,2207
1037,1805
2345,2410
2635,3058
1987,3002
731,1630
1738,2939
2327,3064
764,2511
921,1426
1261,1512
476,933
862,1341
1172,1667
1692,1771
859,3140
2679,2824
1165,1308
1518,1843
119,2176
2195,2663
1699,2375
1123,2290
1133,1293
1248,1294
2632,2860
1276,2928
2597,2653
709,1662
881,2858
303,1437
1350,2374
806,2349
1376,2157
2091,2374
163,1366
1923,2168
1489,2889
926,965
702,2943
2003,2954
2169,2889
1682,2065
939,2448
1424,1942
606,2912
2254,2287
917,1586
747,1029
1510,2735
1167,2587
1915,2114
583,1332
352,1295
1901,2548
590,679
76,2503
953,3013
15,2686
2993,3096
544,2240
362,2535
1909,2577
211,2430
1518,1877
297,2831
497,639
1779,2176
1476,2984
858,2461
2611,3025
417,1852
1164,1981
1970,2539
2422,2578
1433,2122
731,2109
12,3104
2516,2770
90,2880
1736,2632
380,2854
1695,1724
1078,2950
1706,2453
1090,2065
2985,3082
294,1650
1205,1627
780,2387
1414,2640
1121,1427
517,3024
1342,2777
2209,3008
1864,2363
1736,3091
2543,3069
987,2268
667,3133
837,1314
2367,2534
1467,2376
1017,2076
1109,2436
2153,2691
1247,2012
1751,2644
937,1509
84,2753
379,2665
2184,2223
387,1403
1774,1782
834,1895
1978,2604
1097,2308
453,689
1576,2196
76,1078
1831,1979
1773,2854
1497,1611
733,1601
204,2858
1685,2278
1413,1833
1622,2103
2660,2767
974,1531
176,1975
2476,2691
897,3167
323,2266
1776,1802
1913,2800
1741,2395
978,3083
1039,2286
2306,2410
1348,2445
952,2287
819,2986
1192,2174
154,603
693,1965
2248,2491
1016,1691
2956,3039
1217,1224
17,168
506,1553
554,2858
151,2798
224,589
1139,1454
1056,1841
378,1459
980,1023
175,283
107,3123
1841,2865
3023,3036
913,1018
1407,1694
511,1614
130,1581
803,1932
1188,3136
632,2317
407,2633
1523,2514
1462,1539
64,889
1699,1875
2804,2996
1858,2138
935,3123
358,1649
1641,2461
358,1409
805,2962
1782,3146
506,1291
452,1756
335,1173
1507,1668
2509,3104
493,577
2026,2738
1554,2200
1630,1760
1640,2829
1531,1905
1785,2448
2779,3018
862,2167
197,1259
1756,3119
2231,2625
475,1676
816,1213
481,1162
582,1219
860,3119
988,2395
447,2908
1607,2534
1836,2094
1553,2699
171,2522
964,2083
276,3097
584,1181
155,229
1162,1531
120,154
145,2597
426,2461
2044,2487
626,637
1131,2531
1749,1787
283,1222
1693,2422
23,1111
760,2659
2082,3121
117,733
339,407
1252,3144
278,1065
1692,2585
504,3008
896,1472
254,2059
1709,1991
18,235
2529,2683
2801,2952
1763,2871
783,2801
929,1473
258,1721
1479,1776
1236,1277
974,2831
416,1944
172,1923
336,2077
590,2805
783,1255
1785,2840
1638,1819
95,702
615,2699
1489,2192
786,2376
601,1897
1503,1668
557,702
313,2415
630,1801
978,1488
1724,2778
1868,2063
599,2922
2442,2974
590,1074
880,1294
768,2523
171,2039
2445,2842
1062,2083
183,1977
1073,1814
2082,3136
1670,2206
1140,1474
985,1217
301,2512
607,942
694,1673
650,2225
164,1704
2514,2673
169,1909
564,1189
1136,1273
829,2398
2445,2681
734,2168
352,3137
2018,3157
1822,2254
127,385
229,2950
1943,2284
1667,3005
460,2673
1497,1614
1782,2231
464,1869
588,2957
1066,1090
384,2353
2701,3063
624,689
226,2961
339,2133
662,2179
677,1155
160,2444
2352,2904
1890,2519
733,2398
2855,2921
1050,2183
483,1933
208,2030
2071,2913
1866,2906
1876,1902
1741,2673
911,1052
1661,2588
626,827
1336,2844
770,1463
509,575
1527,1887
283,2449
503,1842
192,1676
974,1454
224,1842
197,2305
133,1398
867,2550
119,2190
385,1752
986,1160
1516,2949
909,1247
1095,1431
171,1181
773,2068
2883,3114
248,2430
57,1465
230,1066
169,2083
2349,2851
554,2908
2354,3156
583,1231
262,2844
647,1080
672,1114
151,2344
217,1575
1268,2691
1403,1599
1446,1927
1673,1756
489,2692
387,903
628,1143
897,1206
336,803
453,1544
1230,1833
2062,2221
185,2355
2186,2500
666,2329
1671,2570
1517,2832
1779,2300
1053,2665
1454,2850
1089,1230
1254,1423
893,2955
643,1160
997,1584
2247,2803
508,2939
153,1646
577,1056
133,483
2491,3056
659,1347
575,2347
127,610
2646,2945
2362,2653
1966,2247
357,2767
559,1230
387,1853
1109,1603
833,1746
487,1046
798,2215
806,2308
1974,2515
460,807
1660,2488
1726,1843
1014,2568
168,2225
3064,3092
1700,2340
314,1222
1594,1861
537,2934
1872,2083
909,1827
22,764
1661,1689
581,2107
111,2678
900,1563
2321,2557
1726,2769
1642,3080
1115,2751
2205,2594
1219,1348
1169,1637
175,454
554,2838
524,1674
497,1140
780,1896
591,994
702,1943
1829,1954
2083,2306
1534,2755
843,1005
777,1042
2471,2938
713,2533
2686,2985
751,1408
484,1181
1037,1288
157,2327
2257,2904
39,157
222,761
1758,2457
744,981
735,1096
17,1686
336,974
1673,3136
2032,3044
2988,3156
1912,2442
1051,1873
1172,2565
730,2442
158,1787
799,1720
215,2512
1153,2830
2251,2431
501,3054
380,1130
682,1031
767,1537
1931,2076
782,1294
524,2800
289,937
1173,1304
964,2706
238,3077
221,2545
780,946
1486,1758
222,903
613,1056
652,2057
940,1634
1961,2803
234,2653
699,1825
155,1429
2554,3098
2436,2840
1763,1827
1547,2795
639,2262
1574,3130
2233,3103
650,934
306,773
1763,1820
2768,3095
2728,2917
2955,3057
1034,1938
555,1623
496,2629
1591,2798
170,363
286,2809
1256,1303
658,2317
215,2443
1344,2098
780,1785
2157,2305
12,714
1898,2650
805,2378
2807,3139
1057,1492
2016,2947
356,1465
1496,2651
1219,3081
2545,3085
709,2813
753,1834
17,726
1665,2197
990,2907
259,978
2587,2767
917,2853
341,633
236,1699
937,2588
209,1753
1291,3123
1497,2062
603,2737
462,2116
744,2632
355,2781
1912,2017
1343,2706
18,335
1113,1563
295,1041
1632,1909
1085,2458
358,1526
1518,1711
103,2634
846,2597
2879,2956
1365,2223
1547,1826
89,1688
1039,1176
1183,3151
1166,1872
1428,1599
908,1544
797,2906
1322,1595
19,498
385,777
2511,2652
902,1793
1446,3134
2444,3103
75,1348
848,2448
61,942
797,2618
684,2098
236,551
1052,2218
1422,2339
1191,2938
1729,1844
631,2340
335,1787
811,2417
1154,2313
1128,1263
2434,2949
235,1590
1250,1879
846,1406
380,2405
446,2160
2428,2618
2692,3003
1826,1923
219,772
715,2875
1334,1985
297,1465
1679,1720
2535,2889
875,2962
1080,2862
2039,2052
765,1181
1429,2260
1462,2007
346,1972
1883,2450
2443,2786
468,1028
579,585
349,2857
1252,1447
868,2879
633,2019
179,1073
380,1277
1195,1240
17,599
106,1376
689,2838
612,2251
672,1529
1598,2064
316,1711
2451,3025
1840,2546
860,1549
1869,2878
1352,3095
452,3061
1276,1333
1552,3071
1422,2449
1731,2201
2219,2787
2049,2157
466,2145
647,2957
507,520
1131,1858
1985,2182
612,1270
2278,2686
449,693
303,2155
2147,2927
356,977
1,197
338,1434
1691,2155
415,1936
1696,1741
203,2453
321,2125
2266,2319
225,1296
1146,1646
2404,2940
2552,3103
500,1574
2189,2713
1312,1525
2886,2940
934,1969
2205,2648
832,1566
224,939
415,2728
1287,3021
431,1473
2052,2325
1769,1790
420,1443
779,2227
1720,2897
1667,2857
1348,2938
2228,3157
2714,2755
108,1453
329,1887
1051,1550
133,226
710,942
992,1746
744,2205
71,3154
1360,2574
151,1237
311,942
2737,2787
3168,3055
1529,1834
1477,1844
2396,2947
2309,2364
777,2145
759,2397
768,2720
1890,2664
492,1476
703,1214
1510,2349
321,3048
1078,1891
2610,2644
394,2006
524,1739
1274,1415
1492,1741
1157,2958
648,3131
2279,3131
846,2438
837,1310
1291,1502
929,2536
1396,1834
756,1622
869,1249
1871,2772
401,777
222,282
1727,3011
10,2077
88,512
3168,3031
246,549
1434,1856
1,1546
932,2764
1415,2629
1623,2304
877,903
353,1582
645,1297
133,1952
837,1854
2562,3096
381,2836
1051,1479
111,3158
1659,1840
612,1297
1586,2430
2286,2457
1692,1974
1465,1756
1248,2190
631,2922
263,2102
1486,2579
380,1521
166,1615
1458,2235
454,753
370,2572
1606,1662
189,1624
679,995
583,1884
262,3146
1761,2906
684,2644
2012,2487
182,2210
1270,2896
411,1558
2214,2874
192,1087
1677,2895
355,920
679,1876
226,1859
1659,2669
1108,1924
488,2591
1314,3069
2495,2547
394,2228
2643,2970
2494,2604
329,3013
971,2330
2703,2722
306,383
1581,1768
1513,2940
1313,1941
978,2709
1933,2434
974,1661
343,934
1931,2534
938,2547
928,1056
1936,2359
1398,2264
188,755
147,1255
1203,1680
531,887
260,642
52,1484
172,1189
232,1267
1296,2398
872,1024
2117,2902
1575,1815
1948,2585
1369,2565
608,2921
1625,3084
797,1145
2002,3039
12,1774
1370,1417
1503,2693
1250,2245
1994,2352
17,1336
1749,2858
2224,2605
106,2719
2197,2632
2101,2840
1959,2950
2324,2875
677,792
603,2147
478,2267
2302,2872
657,3117
1038,2438
619,1174
1665,2145
838,1038
168,618
1401,2923
2957,3123
203,2508
602,2267
1136,3088
403,2511
681,923
575,971
951,1578
482,551
1994,2948
768,1579
909,1028
695,2958
2604,3136
1660,2337
1315,2644
1628,2113
2073,2514
2397,2432
927,1058
2346,2591
684,1020
1020,2935
992,2092
1815,2291
1195,2578
856,2958
1602,2470
666,2083
998,1514
1970,2376
1546,2185
229,998
1937,3033
1552,1775
352,3039
1217,2284
373,2808
778,920
975,1454
2463,2834
995,3108
2053,2840
1581,2785
367,2272
1480,2953
508,579
452,2988
1924,2201
1189,2071
504,1632
2593,3083
1163,2272
800,2188
972,2245
188,1569
915,2638
177,1492
1029,2633
1521,1975
2214,2543
1005,2380
1188,1406
177,1263
269,1114
400,1248
188,476
388,816
219,1959
462,736
283,2475
2553,2588
515,2633
230,1025
1195,2706
647,1369
1058,1146
1576,2671
627,2412
294,1121
502,857
178,2198
2432,2900
104,3103
806,1063
268,2083
2139,2822
1080,1987
2254,2330
503,504
1164,2672
1774,2760
1175,2438
1396,1408
1333,2935
399,2145
1793,1853
1716,2179
2384,3039
2125,2441
1104,2945
2525,2779
1176,1422
627,2938
1977,2100
2083,2475
180,1295
527,898
179,2955
310,933
462,2512
452,1230
2557,2558
381,433
2611,2870
52,108
2362,2988
916,1517
851,1042
1019,2187
597,927
75,103
2017,2894
1563,2855
546,1618
1255,1293
223,2543
955,1375
2107,2949
975,1616
104,2652
1913,2877
502,2692
1614,2628
462,2317
1939,3131
286,479
1698,2777
1638,2019
173,2825
142,2891
1005,2560
629,1297
1670,2083
2132,2901
339,1893
2013,2456
1513,2188
1646,3143
608,2271
928,2679
2961,3121
1156,1925
1243,3091
1180,2833
826,1981
759,2469
1977,2582
1194,2853
748,2906
2299,2989
1803,1943
577,2457
621,2787
1245,1290
612,2397
2534,2906
1292,2961
1287,2066
659,899
528,2939
63,832
1170,1275
1140,1568
245,2597
668,898
1632,2947
1746,2219
1271,2372
123,1257
335,2352
260,415
2270,2398
1126,1328
18,888
1036,1879
2682,3093
592,1035
2961,3011
1080,1225
111,475
2646,3103
2889,3083
1469,1829
1180,1304
1586,2455
1699,2945
2226,3158
1239,2244
384,2611
2309,2401
1230,2610
2379,2993
64,2611
555,1898
2092,2565
2121,2651
471,547
704,2142
1594,2956
654,2616
31,3029
1943,2556
1473,2476
1734,2291
1201,1262
1362,2476
1128,1949
332,1661
123,2786
1826,2168
1546,1768
253,2514
849,2027
1706,2592
335,2232
2345,2646
326,2473
1907,2115
728,2020
702,1671
631,1355
376,2272
679,1767
172,265
580,3048
443,1977
1992,2719
842,2052
306,985
373,2588
2653,3104
1871,2635
1461,1663
1513,2861
1038,3068
2100,3071
1395,1796
448,2831
462,3111
819,1821
2317,2778
564,2413
2,2404
543,2631
2188,2830
1307,1821
1649,2910
1089,1591
2014,2853
963,3058
997,2952
322,2680
49,1905
994,1143
1958,2184
385,1605
737,901
958,2349
1887,2230
226,1856
577,1166
484,2017
332,1609
3164,819
1766,1938
1852,2906
1412,2195
943,2031
923,2664
55,2227
2386,2473
1011,2008
18,1345
1181,2807
12,576
635,3061
287,1642
1131,2397
2697,3078
239,1143
1348,2264
613,2179
1375,2891
647,1864
284,1894
1041,2539
1933,2125
1053,2025
1738,1897
35,2477
287,712
158,1788
74,2138
1213,3009
929,1490
766,1284
1055,3167
463,1623
311,2357
2591,2848
21,726
1350,1667
988,1102
1217,2561
313,2873
180,1865
756,1952
1931,1946
935,1396
1917,2473
1579,2057
375,954
1430,1973
2348,2653
347,898
110,917
567,2085
911,1700
1538,2400
1490,2408
845,1971
330,3124
1644,2143
644,2356
306,1200
144,3122
15,1682
662,1310
258,2874
1564,3161
743,1138
726,1236
234,1489
285,670
2276,2712
215,1145
1518,3111
925,1662
816,1772
1952,3162
2345,2534
402,2180
287,1250
274,2623
145,2807
2374,3152
1818,2415
427,2652
846,3151
168,622
2117,2710
586,1887
287,1976
878,2328
358,908
235,583
2295,2556
70,2398
1456,1956
1818,2799
682,847
1742,2924
1052,1153
3,171
147,2845
387,2565
583,1533
1128,1220
2122,2396
1768,3128
1545,1712
648,2908
1340,2660
3125,3130
303,3045
2434,3137
838,2728
1107,2180
1779,2721
1603,2014
952,3075
637,2205
837,1660
918,958
937,3102
1162,2049
1740,2870
125,2956
797,915
163,492
660,1075
1382,2002
297,1726
2472,3102
2935,2961
647,920
402,1824
2937,3082
550,2313
764,1673
25,742
1911,2533
753,2400
873,1948
1844,2313
352,1924
547,1472
1091,2912
1673,2529
1371,2521
446,1756
2461,2937
1004,3151
145,1074
1189,1301
35,1985
820,2547
1811,2574
1993,2374
2375,2387
1547,2883
75,1826
286,502
1080,1399
489,689
159,2504
18,3108
630,1297
103,2846
500,2964
974,1928
2178,2184
2025,3013
1194,1675
1402,2434
756,2846
481,2861
626,2845
835,1618
1516,3156
223,508
1305,2458
285,583
1518,2244
403,1203
447,2616
813,1761
1344,2061
1473,2879
557,1894
526,2157
343,1321
2019,2663
1995,2650
119,2075
947,1690
2706,2893
602,1439
2378,3060
1170,2916
562,1165
295,1078
555,2697
1089,2254
1594,2052
1961,2424
250,1290
179,233
1520,2153
19,985
464,1693
435,3151
31,1613
224,1256
248,2427
827,2722
1252,2021
512,1958
908,1970
1235,1277
1586,2237
389,2241
914,1561
1748,2070
1140,2910
1465,1884
332,2562
1439,2557
243,2665
1511,1966
276,734
134,2891
402,2353
503,2495
188,286
1255,1566
1842,2532
608,1413
805,1396
205,570
2066,2297
764,1016
791,2848
2937,3011
1436,2064
1734,2678
167,686
177,1978
725,1100
157,2315
1674,2614
618,712
816,2122
1529,2735
939,2046
71,829
706,2996
1200,1895
1414,2355
1295,2919
1462,2647
670,1756
1563,1942
57,2023
1175,2834
777,1706
286,1756
933,1351
1994,2910
218,2349
725,1042
1062,2539
1648,2670
197,442
781,2219
647,2910
57,562
564,2363
255,1039
504,1051
1430,2436
1194,3077
15,1513
1586,2502
1907,2833
1978,2755
2024,2923
564,2140
559,2002
715,2372
1660,1855
1416,1859
466,1669
929,2030
2435,2728
824,2157
51,2626
237,1297
882,2807
955,1898
52,2825
868,2324
2457,2979
909,1496
2288,2539
986,2787
74,2619
2111,2221
108,854
127,2718
1317,3005
646,2267
710,1844
12,2921
495,1762
944,1289
916,2228
927,1332
1396,1706
757,816
492,1051
1614,2093
821,2683
706,3095
1032,1937
205,805
562,2781
2892,2897
1727,3131
38,102
714,2231
1640,2008
328,2959
580,3160
1,1771
157,3123
1674,1699
172,2321
1881,2174
1115,1321
1366,2449
51,356
2203,2722
127,382
981,1162
1032,1098
593,1740
2463,2535
1037,1749
259,2363
689,3146
507,2752
908,2002
988,1031
619,1629
235,2199
1842,1929
2069,2912
811,903
570,2012
590,1191
322,1853
103,1748
712,2648
472,3098
341,523
712,2397
1375,2697
2094,2381
914,1691
84,1895
1083,1693
1231,1266
1581,2239
511,2257
393,1821
2769,2951
642,1706
387,1539
1837,2270
1332,1693
365,2853
321,2418
1382,1512
988,2588
2136,2514
1475,2337
717,1183
1051,3039
724,2240
1036,1371
1362,1606
773,1332
494,2897
1761,2456
458,2508
2330,2494
1958,2297
1205,1314
684,1905
1624,1632
311,936
805,1250
875,2777
552,648
779,1583
1794,2452
269,2206
2490,2862
564,1753
1108,2135
1665,2160
2632,2770
1138,1476
1160,2437
940,2057
1761,2495
1814,2885
275,1821
321,760
176,957
171,1140
276,2204
39,1396
1441,1901
1170,2494
973,2820
1752,2860
91,1950
1048,2592
1415,2437
164,800
1711,2846
655,2061
684,2996
2297,2504
1246,2989
1490,1640
332,2167
1359,1746
2699,3119
1708,3156
150,187
1829,2787
313,394
1614,2308
454,791
2270,3063
1496,1557
274,1572
233,603
1276,2834
1252,1334
897,1831
479,2233
1758,2198
339,1841
759,1896
971,1349
704,3133
171,1450
885,1959
1936,2710
2635,3005
104,1958
980,2311
427,1589
411,779
210,1765
2449,3031
1194,1553
444,958
1218,1901
1933,2710
1637,2448
733,2609
733,2857
1085,2937
2844,2865
266,350
816,2660
1454,3073
745,1866
151,2317
2878,3085
1024,1789
912,2173
1714,2941
1143,2728
737,1924
1036,1095
1742,2979
1813,2369
1057,1716
39,1715
440,2982
1695,3096
1217,3058
375,1795
1520,2016
1224,1811
474,2221
1074,2263
900,1901
798,2644
856,1301
349,2779
590,1514
474,2101
719,1796
1450,2510
1006,1899
382,1051
140,2518
1569,2531
710,2272
1641,2183
1156,2579
1773,2065
1198,1862
1089,2374
192,2437
597,939
1516,2154
1900,2025
1811,2828
887,1262
1850,3151
689,1343
1089,1579
74,2107
902,993
1553,2451
331,462
3,1731
383,1784
10,2099
842,2251
2133,2440
1456,2854
1063,2227
407,2019
992,1025
238,3096
709,744
1860,2294
499,2278
1670,2359
734,2778
444,1951
2873,3130
278,684
130,1248
2598,2957
756,2907
674,679
1913,2728
411,3063
2564,2786
1294,2199
7,1632
699,2855
1216,1277
2434,2440
543,568
1041,1805
269,1900
2065,2956
494,2308
426,1624
912,2557
39,172
163,881
159,1976
1623,3129
1899,2603
239,2584
911,1758
238,907
511,3136
382,554
1901,2770
2143,2201
2683,2965
125,474
19,1112
2160,2516
2470,2966
1101,2906
600,2631
1901,3027
869,2776
250,1263
2255,2326
951,1301
269,931
278,378
677,1640
1468,2572
1741,1841
71,1198
1162,1749
282,3092
1346,1523
280,1155
1412,1932
509,1110
1785,2025
207,802
917,2867
2353,2706
108,2379
813,1952
610,930
2179,2515
103,791
2400,3007
759,1546
1813,2458
13,2260
1738,2012
2543,2891
1890,2002
180,710
1199,1215
1511,2039
1931,2046
926,2138
975,1882
726,1187
1168,2186
1818,2052
1467,2585
2673,2706
514,3155
2889,2893
1846,2961
381,1815
169,1384
1655,1696
98,287
2189,3069
1370,2257
44,600
269,2032
2110,2554
372,1671
2179,2657
917,1090
25,2585
512,2965
1112,2219
1871,3136
699,2098
1153,2804
424,2842
2232,2800
1336,3124
1919,3006
763,2012
271,1885
1470,2959
1537,2235
526,1802
1316,2421
2431,3062
302,3116
2054,3103
383,1864
1156,2844
366,2534
1024,2272
468,2279
1334,3021
314,2904
1564,2093
600,2177
476,2870
626,1020
1377,2055
1712,2998
1295,2728
2108,2267
750,2514
844,2551
1740,1913
1950,2039
130,1993
363,1170
405,1129
934,2635
1805,1818
1401,2935
1706,2205
21,1497
188,235
236,2319
29,2054
12,593
2384,2913
1740,1805
1345,1693
1559,1594
778,1385
386,1760
1180,1183
352,1512
86,2871
90,1200
275,2631
1834,2690
2230,2831
15,1305
478,2315
651,2653
1096,2638
415,3031
518,924
145,2332
2238,2782
798,2461
54,1835
1019,2215
712,1456
517,2984
2111,2187
556,2618
1808,2227
736,2915
889,1814
2588,3082
199,550
711,1048
924,3146
462,1143
1359,3075
430,1810
1021,1110
1019,1408
416,816
1174,1550
992,1987
1584,2015
272,322
157,951
414,1856
2084,2016
358,449
332,897
657,2623
1210,3123
2216,2448
1855,2363
1154,1802
487,1734
1036,2683
1591,2843
1293,1842
2242,2868
978,2610
1516,2558
1264,2408
811,2613
17,2710
623,824
483,2451
84,1450
415,2353
1441,2677
52,209
1746,2847
1959,2273
583,2072
1813,2222
389,1935
2367,2946
12,2625
631,2447
160,301
170,1321
556,1405
134,1859
27,932
933,2447
1851,2706
1991,2781
64,2706
536,2728
105,184
956,2588
1846,2304
1797,2460
1628,2428
1103,1527
378,2862
1479,2788
1085,2623
2033,3031
147,1600
25,2532
1655,1869
1014,2255
797,1194
2222,2549
1123,1550
177,283
1540,2732
593,881
2046,2669
1994,2778
1474,2688
1287,1516
2161,2979
957,1415
2076,2631
319,3157
911,1853
1244,2058
1810,2378
1533,2954
1948,2099
96,323
284,2188
508,521
1752,2518
768,1749
468,2522
1860,1894
583,590
1423,2862
1058,1224
1295,2447
329,2730
1298,3136
966,1961
1019,1858
1848,2496
2387,2950
1856,2205
164,1074
1118,2623
226,908
1299,2448
1504,2921
15,2783
1660,2349
1475,2436
757,1462
2040,2883
1181,1674
684,2961
1259,2026
561,633
734,2434
1578,1823
1677,1711
1513,1931
1855,3038
911,995
686,1797
1501,2641
329,3145
314,2057
1492,2109
693,1943
591,702
262,451
693,1589
394,513
1682,1970
500,1941
1104,2016
1020,2101
1603,2958
506,1036
350,1977
1649,1964
1878,2931
1313,3147
1575,2671
359,874
1526,2020
528,893
2188,3067
217,443
1025,1066
254,2444
344,1382
1665,1831
926,2829
2619,3106
285,3101
2512,2579
1568,2956
500,1698
597,867
1900,2504
2613,2617
1058,2549
699,1029
1893,2095
1700,2232
244,728
1841,1853
1243,2061
639,755
1596,1741
993,3129
119,614
374,1254
699,2895
144,1128
814,2011
335,3137
422,1942
386,2030
55,171
389,2998
1019,2319
911,2614
316,1462
314,2483
1550,3145
2310,2452
992,2956
97,2422
203,2176
756,1675
912,1802
2995,3136
340,1773
1959,2550
367,1373
1028,2187
1023,1699
385,2914
955,971
1698,2706
1365,2160
917,1056
1930,2786
620,1295
914,2052
531,930
1397,2052
703,1946
229,1263
500,3120
1162,2604
2117,2183
379,1037
667,1332
1217,1254
218,1046
358,1177
2286,2894
159,417
860,2228
1120,2639
649,1319
292,2825
503,2315
37,1752
187,977
277,1716
2100,2778
723,1754
260,2614
1231,2917
192,1238
355,1713
493,1225
501,1675
504,1398
111,911
406,757
987,1512
709,1907
1694,2502
2244,2362
2801,3151
1942,2200
133,2799
1569,2884
1700,1980
287,2159
1661,3084
546,2924
22,1493
113,805
1758,2892
2108,2931
1741,2993
102,1449
945,3168
934,1797
82,1594
1110,1320
2977,3007
2,208
709,1005
612,636
885,968
1294,1892
98,2618
1343,2786
2433,2504
813,2999
1085,2122
158,3043
1552,2262
1214,2178
262,1201
349,1381
2215,2572
1578,2589
1985,2258
342,474
497,1821
150,2273
1359,1688
703,729
12,1420
74,927
1587,2504
1664,1894
1751,2083
1047,1606
1984,2731
649,3056
1305,2487
1113,2600
1217,2884
1562,3143
2020,2216
1126,2800
286,3136
989,3158
2142,2891
1006,2103
458,1501
2422,3082
2688,3016
3008,3133
446,1668
239,1569
165,2001
266,468
648,1416
2788,2948
1669,2906
768,2475
888,2935
380,1399
2058,2906
2149,2267
1103,2121
845,2008
1847,1883
1063,1493
1330,3080
1327,1879
1351,2107
250,3071
798,2583
817,2463
1762,2619
1416,3027
2054,2883
1034,1300
866,2444
426,2444
1848,2828
151,1177
650,2801
1160,1465
270,1579
1494,2461
2211,2959
1314,2261
2134,2263
2547,3155
189,967
847,1761
476,856
2782,3096
1924,2093
2408,2458
1330,2168
500,1649
2789,3100
171,3000
1236,2518
1545,2245
422,2347
500,971
1199,2988
86,2311
1720,1740
10,1727
1252,2949
2274,2801
133,415
557,1443
94,1994
1172,1372
145,319
1853,2099
462,1346
2799,2950
2046,2457
630,994
1031,1231
478,2138
699,1735
211,2290
1247,3088
175,3025
1402,1489
2354,2921
882,1007
1199,3096
237,258
287,2413
766,1788
1480,2313
2152,2365
1005,2108
1363,1422
1254,2018
1389,1908
1092,3059
591,2740
2514,3143
2244,2966
2539,2956
1031,2734
1528,3064
86,2482
606,2873
1248,1690
1088,1323
1546,1795
2950,2999
233,1259
2650,2804
101,1164
984,1527
246,923
557,2197
1618,2091
1346,2025
108,689
383,872
1640,2714
153,2215
12,1139
759,1162
1462,1540
1630,2119
474,2187
1294,2583
1431,1645
402,1921
1526,2201
2653,2844
125,1863
684,1448
927,1399
341,844
2039,2121
222,783
374,2436
173,2689
967,1431
259,265
1568,2414
1494,3083
1514,2017
2084,2475
814,2674
243,2049
585,2611
1838,2815
2429,2957
2072,2605
2600,2850
1333,2732
414,1913
1371,2611
1514,1615
1135,1915
903,1930
267,2443
757,2778
1668,2076
1342,3077
1375,2260
986,2327
1308,2669
110,2233
1217,2340
1439,1902
2276,3158
448,3136
939,1899
2798,3130
917,1699
1847,2365
590,985
684,1557
284,1659
2213,2408
1667,3114
419,2843
2002,2846
81,2288
1721,2682
2476,2876
400,674
1700,1768
92,792
155,2064
423,2804
2304,3143
160,2356
813,1112
526,2274
1706,2143
1060,2985
831,2619
938,2901
726,1841
803,2830
1511,2308
854,2430
2273,2345
742,2215
329,1476
260,600
3153,3158
1852,2395
386,2653
172,3063
1836,2199
1726,2594
1301,2240
2254,3005
659,2594
449,2966
194,2449
951,1879
500,1212
905,991
258,3074
899,1152
1393,2062
778,2443
1312,1375
969,2264
2184,2755
1333,3074
199,2703
314,509
372,1788
1613,1813
2188,2795
1186,2095
7,447
230,1314
224,3011
188,1595
2868,2870
971,2016
1199,3161
721,2356
698,825
2701,2923
920,2529
269,2267
260,2008
2910,3059
1948,3119
1518,2118
1501,2603
1058,3115
1322,1436
1711,1896
1058,1594
362,1342
2461,2886
263,3071
1527,1589
493,733
2359,2805
255,1102
244,1291
1301,2199
191,1486
2525,3098
721,2767
2468,2649
2083,2679
1939,2434
1173,2880
22,2472
1129,1732
2398,2801
1663,2351
1166,1749
287,2847
25,776
484,1100
668,1037
1314,2369
258,269
758,2101
555,1748
1762,2171
1956,2096
1160,1659
1190,2132
192,2285
353,2992
74,161
936,1123
162,471
971,1899
642,1058
1844,2240
2578,2856
1254,2143
720,1579
189,1429
929,2704
1985,2988
1370,2110
106,3048
1773,2075
2068,2399
931,1030
2508,2858
189,1269
1762,2658
2095,2639
524,1113
424,1674
512,791
2223,2583
262,1556
884,1344
1173,2075
415,2605
955,1197
185,2142
817,1815
1051,2624
1533,1691
435,2626
1696,3006
1696,2332
857,2261
5,2801
2012,2665
223,967
2142,2180
411,1089
356,1828
750,2273
767,1657
1315,2772
151,2590
902,972
1810,2357
673,2893
1382,1956
506,1993
280,2294
374,583
1454,2162
778,1346
662,2535
117,1655
590,912
987,1913
655,1854
1355,1594
1711,2857
1174,2016
1413,2031
1258,1476
2320,2943
1384,2221
756,2950
1213,3157
462,1036
171,2084
900,2234
786,836
2235,3077
2367,2843
704,2672
2293,2955
88,650
1077,1841
1592,3065
537,978
942,2219
931,2375
197,2375
898,1767
201,1821
126,1336
919,2840
1197,2672
10,2552
1021,2065
932,2422
1512,3084
873,2077
1741,2456
726,1160
1071,2516
898,2153
1407,1915
1764,1821
1831,2631
710,2244
1086,1713
921,1323
923,2365
1172,2512
943,2068
1496,1740
2533,2559
1844,2228
694,2609
417,2461
702,1727
1089,2760
44,2270
179,1330
1402,2387
2008,2852
2099,2194
119,3115
79,1676
1871,2870
2053,3106
1601,2019
1341,1691
1382,2254
407,2294
585,2221
222,1633
502,872
3026,3090
344,2861
222,2511
800,1078
660,785
74,2109
2961,2967
487,1615
950,2473
2191,2840
207,1056
1332,2834
987,1208
2420,2433
570,1712
881,1521
90,2623
1324,1932
306,2979
543,2833
19,2075
425,1937
554,2829
258,1416
424,1867
1902,2946
172,2511
2504,2876
1218,1578
310,2190
778,3143
1630,1991
1869,2118
715,3009
1056,2984
1955,2764
358,1449
145,2858
724,1591
104,407
357,1051
818,2059
180,755
785,1574
6,2495
168,2616
584,1848
294,2292
711,1574
215,544
1574,2960
1935,3136
2408,3119
1015,1509
1113,1875
1376,2497
1007,2293
1370,1811
724,2346
967,1595
17,637
145,1714
798,2171
2546,2813
1578,1762
399,709
1741,2472
1376,2555
2641,2894
413,2294
532,2081
1525,2456
1020,2236
1479,2897
496,503
1589,1879
1886,1958
527,744
232,686
1063,2673
1155,1362
686,711
2188,2550
2604,2648
2012,2783
1568,1594
223,2046
1924,2180
1309,2058
222,1922
61,752
927,2922
2847,2884
1489,1695
2885,3122
647,733
325,3068
382,1916
511,1951
383,2600
221,2885
2236,2947
2209,2291
1713,3100
1720,2271
2462,2669
1951,1981
372,2894
36,960
830,2327
495,708
262,2564
3,2223
937,2738
397,414
1960,2798
1756,2938
1294,2165
1921,2065
2384,2870
25,2951
531,2237
1484,2893
100,639
1937,2992
1797,3058
1740,2948
207,1034
1399,3137
2316,3133
699,1590
207,1182
2099,2182
1320,3095
1961,2267
1668,1773
226,701
467,943
658,2954
1201,2269
1036,1339
1641,2143
35,226
2094,2469
38,908
641,958
1252,2504
1074,2679
119,2019
1841,2298
90,2563
1928,3103
695,1842
566,1197
2657,3078
1214,2026
1141,3025
99,2408
679,1673
330,3085
99,1065
783,2002
2878,3094
1994,2319
1249,2611
1091,1155
1382,2632
1305,2354
881,1925
2460,2688
827,1305
1512,3155
1529,2680
1254,1600
267,1907
176,1808
1233,2847
1568,2665
451,1149
1797,2018
1162,1803
590,1859
2375,3096
717,1365
2002,2234
1768,1802
1531,2076
173,500
1802,2655
407,898
1447,3011
258,2279
734,2704
813,2542
297,881
624,1855
778,2644
2472,2996
2023,2950
100,2332
1724,2049
188,764
684,1659
2157,2632
1553,1572
1065,1470
726,1050
577,1868
466,1056
725,2017
1181,1851
427,2142
936,2787
3021,3073
280,2145
193,2338
610,701
345,2582
453,3155
908,1168
928,1831
1907,3127
545,2843
1993,2221
237,2940
324,2947
2018,2066
339,1714
591,1479
428,1165
561,2034
942,3157
1271,3013
1776,1912
2545,2589
64,3095
1896,2002
777,2284
2135,2990
378,514
1065,1162
1961,2704
193,1805
404,1424
1900,1972
1996,2160
1533,2351
19,1263
1825,1879
90,468
726,3155
942,1441
1052,1058
173,1288
1519,2447
1641,2221
914,3124
197,1074
2667,3007
393,1603
1080,2003
229,1078
2825,3155
1230,1948
923,2928
550,3003
35,792
562,2892
1032,1320
902,1874
105,755
271,283
1879,3119
1431,2870
1539,3043
350,2632
965,1131
1314,1987
517,596
1170,2253
2578,3094
543,1993
173,1322
686,1314
733,1552
106,2616
269,2272
227,400
124,1011
21,2448
2109,3158
1924,2191
1511,2462
104,1901
1784,3069
1985,2120
2706,3097
1115,2947
1544,2516
568,601
553,1355
1220,2416
17,36
496,3152
1091,1332
2215,2788
2049,2549
1463,2138
2894,3136
2195,3005
476,3078
646,2834
1258,2920
679,1048
173,2085
1924,1981
2286,2988
955,1294
2121,2928
253,3092
1946,2173
806,2273
1057,1706
226,1291
1112,2230
387,1339
1755,2161
408,3118
592,2851
1584,1615
1244,2684
495,1217
207,1512
857,1931
2042,2293
3025,3132
1129,1631
2629,2970
1254,1902
1309,2960
1741,1897
1568,2798
759,2471
22,2257
1058,3096
600,1902
1434,1938
815,995
215,709
18,1844
971,2186
838,1306
104,2798
1206,1883
2254,2683
1056,1138
417,502
409,2116
1529,1827
724,1665
1296,1993
710,728
1772,2852
647,2396
1143,2008
176,1764
1582,2684
686,1923
393,503
164,431
909,2135
800,3155
898,2584
1166,2990
52,2324
234,1114
1499,1857
24,1025
1629,2496
629,2921
197,615
1826,2990
1711,2121
966,2442
1228,2189
981,2788
943,2609
1037,2854
1168,2955
356,2053
16,931
321,2605
2356,3064
2529,2767
385,701
104,2307
269,1497
1513,2477
2137,2670
1659,2935
1594,2839
726,2542
1423,1578
893,1114
835,2433
812,2902
550,785
1272,2194
270,1665
1026,1720
1589,1869
1186,2447
599,2853
449,2988
144,792
233,1057
12,872
1291,2234
757,1169
141,2442
119,2870
644,955
429,817
417,2901
568,1732
1733,2912
2304,3115
569,1928
2638,2952
1130,1796
1546,2835
219,1118
2209,2265
479,1128
2171,2198
758,1829
1258,2583
3011,3036
453,1241
1146,2985
1381,2813
933,2966
2002,2591
508,1230
1805,1946
2271,2450
274,543
214,1586
894,2120
319,1449
1742,3075
1757,2647
1006,2308
6,2697
88,171
2264,2462
1004,2333
1366,2096
755,1075
1574,2557
117,1155
645,958
740,2683
39,3156
1956,2101
1206,1497
78,596
951,2072
591,2056
2069,2313
593,3060
620,1735
1303,2139
1394,2950
1234,2796
1351,1585
833,1457
103,817
917,1486
1084,2107
310,387
508,903
1674,2334
10,1200
1727,1899
372,2950
280,2387
1198,1829
1437,2574
1218,2066
947,2184
158,2509
853,2890
1123,1706
1868,2272
346,1170
451,635
1842,2225
2224,2514
1057,1139
1197,1640
931,1011
475,1256
1834,2957
208,1505
1729,2436
2315,2414
2721,3125
1631,2002
1157,1819
103,1516
693,2861
475,3069
2588,2833
390,1455
1474,1512
2703,2970
1866,2603
2085,2901
2437,2530
2504,2836
800,2579
612,2504
1244,2133
989,1898
791,2949
36,1682
145,2703
2279,2871
6,3096
921,1741
367,2985
2682,2854
698,2223
1841,1924
2315,2530
680,1932
882,2121
319,702
375,797
1512,2135
1802,2875
474,1539
639,669
119,811
761,1837
923,1596
1674,2408
400,2971
420,2219
1635,2697
660,2949
995,2508
1748,2324
69,2365
280,2330
223,880
2846,3093
972,2600
36,120
1081,2189
2985,3096
1578,1857
1454,3062
1624,2237
1083,2334
193,1225
1210,3029
335,1826
944,1175
905,2237
1244,2114
726,794
1815,2673
757,3054
310,1617
637,1722
1767,2353
768,2540
1720,2644
862,2704
81,777
628,743
188,569
973,1752
633,1700
725,3097
151,1020
1617,1918
44,489
590,1674
288,402
100,1702
385,1659
2056,2275
1184,2941
411,1036
1050,2450
1787,2469
540,1814
998,1578
123,382
270,1038
1923,2052
753,3107
384,1753
2440,2917
1403,2190
306,2092
1414,2529
1172,2941
1249,2222
2062,2475
2194,2704
1907,2860
564,1089
164,2052
161,2188
526,852
1575,2125
1165,2329
224,1342
19,734
732,2365
407,1443
684,2787
1885,2378
415,1243
1662,2396
2840,2891
2808,3123
1294,2326
1476,2834
559,1829
238,1797
1872,2429
15,2854
442,1864
466,1433
2240,2769
71,1307
1635,2927
2879,2977
282,1900
103,2664
1153,2345
2161,2604
2765,2871
912,2619
682,1763
947,3119
689,1183
200,1674
500,1276
7,2017
974,2600
492,2077
1141,2549
215,2187
1429,2052
845,2575
1605,2949
921,2660
713,521
1734,2917
625,829
687,1105
1140,1306
1251,1826
1677,2353
619,1554
110,905
283,2444
593,2856
975,2463
1476,2495
1242,2424
1036,1761
2593,2845
259,2953
636,1865
1131,2327
1627,1739
2326,3122
232,3131
429,2375
524,2138
1129,3151
501,941
655,2017
856,1497
218,3054
415,2451
223,3066
1104,2842
662,2977
1700,2076
1489,2132
2553,2706
610,733
1855,2575
160,1304
577,3134
805,1959
263,1014
1118,2947
1347,2865
1214,2988
188,2372
645,2952
387,417
964,2502
214,2221
1695,2288
60,1310
1735,3063
2241,2451
299,3104
336,1407
1720,3144
942,1980
622,694
289,897
591,880
192,641
579,2549
275,554
1736,3006
1071,2807
955,2378
1053,1138
1563,2798
554,3137
1779,1921
468,1395
124,3073
761,1416
18,2569
34,977
647,829
107,736
1646,3083
297,2180
197,2840
471,3099
552,2046
751,1053
1319,1422
951,2113
235,1041
1426,2253
1720,2767
1018,3119
981,2424
1123,1901
1261,2614
1634,1958
339,1287
422,508
241,2767
2468,2873
504,623
2268,2388
1042,2472
289,955
2588,3151
243,1802
1096,3127
1958,2290
462,1584
382,2195
1320,1550
1317,2927
340,1519
737,1935
3168,1853
980,2998
695,1601
649,3146
401,922
399,508
1958,2414
358,3022
474,2516
915,1261
1662,2233
693,2946
505,1890
632,2699
364,2287
878,1711
816,3049
1172,2574
856,2482
433,1924
1637,3086
15,171
173,857
506,1499
2239,2468
108,671
359,1854
454,837
807,1217
1539,2547
585,1890
226,2349
2463,2704
166,2588
1552,2100
566,2062
782,861
1732,2277
2460,2653
74,2121
1673,1834
17,2631
932,2530
1265,2179
503,1151
2543,2619
1706,2940
1490,2434
668,1073
1315,3063
622,2853
2531,2851
1412,1563
1287,1711
100,468
2641,3069
1623,1937
823,2938
282,1490
1192,2420
355,2906
1525,2668
286,978
396,2429
1376,1490
1158,2921
403,1646
174,743
715,2895
375,731
2153,3158
766,2635
1673,1805
1465,2342
698,715
2007,2436
109,1624
426,1736
495,2851
55,335
1029,2052
188,2271
349,3046
277,2737
71,102
175,2369
1528,1907
425,2163
188,2445
355,1693
976,2728
2644,3123
1657,2179
1901,2672
1075,1315
642,2873
335,1241
386,2191
189,2177
1571,1614
1523,2431
1145,2489
449,2448
496,2990
1993,3158
1174,1741
138,1502
116,1915
540,2603
321,1244
776,3054
2777,3155
15,2998
226,1585
1348,2218
347,2891
317,2534
496,1674
599,1213
2604,3060
1868,2765
2119,2525
1208,1544
965,975
3,2019
218,1676
2019,2449
1897,2445
17,1529
2836,2977
2801,3077
2,2590
572,1489
1950,3137
277,2084
646,2082
1893,2396
130,1181
1332,2625
1526,2803
1384,1805
230,1050
208,2923
1153,2638
1413,2968
1169,1823
638,915
611,1513
1674,1873
658,3007
759,1430
494,1568
586,2836
401,2268
756,2529
1878,2049
445,2897
328,2649
232,432
928,2778
993,1165
150,682
1292,2932
1337,2084
564,2214
319,2170
588,1716
2143,2444
723,2427
1172,1450
223,1348
710,1605
1642,3133
715,1244
1190,2327
1153,1408
2183,2579
123,686
908,1961
874,1554
2226,3093
1158,1345
38,2673
750,2402
378,1675
1183,1423
393,1470
1662,2996
127,1343
214,2677
2286,2583
1484,2487
482,1529
641,710
1215,1404
1594,1933
1892,2482
352,1129
10,2092
72,218
681,2291
334,1319
1642,2292
2134,3025
1225,1589
2084,2307
922,1933
104,387
1927,3010
2871,3030
1516,2290
2562,2673
562,1763
1039,2032
861,2828
1492,2504
1838,3117
988,3156
576,2191
1795,2620
2460,3088
1169,1642
80,2188
763,1123
483,2349
655,2691
1251,1339
2776,3066
790,3142
1805,2854
1431,2384
2493,2955
932,2653
172,2533
129,1252
953,1642
15,2286
1486,2893
2727,2755
2196,2737
923,1057
224,669
1316,1992
3168,2451
536,2514
1071,2042
3,1080
2099,2862
2337,2890
627,2084
1781,1910
669,1601
1348,2907
39,891
662,3015
670,2574
1441,1584
722,3166
1053,1566
699,2033
2291,2697
1894,2961
1039,2057
807,1213
483,1231
1293,2456
44,185
764,1768
1163,2305
401,1034
2324,2693
471,2901
1126,2334
772,2231
732,2162
914,2360
1486,2075
68,2472
1052,1165
497,2377
486,914
381,2002
1815,2778
889,999
223,3002
578,1293
1154,2438
1563,1931
1036,2950
1089,3088
336,647
319,1489
782,1961
2122,2570
406,931
286,3138
2691,2992
600,1741
2094,2120
1130,2472
1209,1885
2469,2722
107,299
209,527
1943,2977
577,1261
1403,2861
1665,2200
873,2445
1214,1638
303,777
2434,2906
1771,1782
6,1263
2680,2701
811,932
358,2261
489,862
1525,1842
1851,2549
856,2553
1996,2990
363,2083
2692,3152
882,898
1129,1961
70,1921
468,2326
471,1815
693,872
1961,2381
429,606
528,2243
1131,1166
171,317
1898,2450
1396,1753
1317,3094
1802,2557
624,1365
431,1699
624,649
17,380
180,1394
491,1217
593,937
1412,1826
702,1429
544,1776
365,805
1214,2340
2641,2840
2203,2261
860,1854
471,1675
647,2445
2274,2643
100,343
1376,2094
1316,2182
499,2858
1578,2442
418,715
134,847
353,2243
1706,2840
1045,1102
1636,2914
648,2852
1948,2623
710,1456
111,1492
2109,2514
2515,2608
1475,2755
2938,3045
468,1073
1414,1502
1923,2799
21,661
180,1855
1706,3152
1577,2371
1330,1563
803,1553
1811,2030
2347,2772
2183,2954
450,3067
2633,2889
553,764
104,1246
1250,1859
2133,2424
1894,2787
1606,2084
1942,2570
362,3119
1512,2529
1977,2353
70,2891
995,2889
737,1577
274,1950
1216,2574
1583,2579
401,1909
2777,3162
175,2080
2072,2985
2600,2914
193,2488
193,644
1954,2468
386,2111
36,2005
2309,3120
1169,1499
600,2954
448,930
1019,1163
1574,2722
1129,1596
720,1563
1644,1831
889,1727
2619,2673
1516,1949
218,1138
904,1461
2361,2515
1527,1844
1756,2802
474,2670
2530,2840
192,2075
937,2559
310,2039
1724,3162
792,2378
1220,3143
1146,2851
2022,3007
1029,2611
344,2251
1295,2647
1761,3029
723,2290
1568,2101
1233,1269
427,449
827,990
142,1680
487,1879
664,1454
2076,2428
446,1312
552,2423
127,1933
629,1657
811,1690
973,1320
1156,1935
502,1190
1342,1699
1347,3083
1852,1898
1395,2500
504,2986
1170,2921
282,2442
356,897
1218,3009
1024,2487
1244,2379
2254,2378
3164,2992
1630,2186
1371,3066
607,780
988,2782
207,1317
1559,1840
1111,1741
294,1659
1753,3162
2534,3027
1255,2460
1624,1741
1428,2295
1176,2326
218,2001
2451,3162
387,955
1009,1184
2053,2316
916,2931
1205,2989
15,257
1863,2461
2369,2902
1768,3096
928,2232
1205,2950
2254,3107
541,1644
777,1544
402,1187
2306,2542
1160,1380
3,1659
1014,1970
3057,3119
1194,1873
1667,2787
2372,2458
882,3066
2884,3155
2469,3157
2184,3005
2192,3146
1699,3094
1245,2476
1129,1265
1362,1476
1393,2690
2143,2977
2369,2840
2477,3101
1287,2855
2349,3013
419,2012
164,2154
479,1810
2151,2253
667,869
1665,2291
750,1840
919,1741
1519,2937
1659,2460
2462,2891
302,679
1474,2883
949,1056
914,2651
694,1253
1229,1646
831,1489
2868,3119
1162,2671
1182,2008
12,1285
355,358
1420,1676
1660,3122
1162,1323
579,2111
1199,1612
1993,2919
2369,2895
1665,1735
3011,3130
2422,2655
699,2213
2769,3162
209,1892
993,1217
937,1015
901,2868
1633,1734
310,782
598,993
1160,1695
2890,2907
380,591
1036,2638
723,2992
1182,2267
2914,3036
915,3091
2415,2516
352,2069
1129,1939
44,993
635,1632
319,504
1632,2096
52,2072
1241,2990
2416,3134
280,1196
2577,2604
1191,2408
637,1288
39,302
524,1525
1248,2145
2633,2952
1243,2514
778,853
92,2846
1976,2871
283,1319
179,2138
624,2816
1060,3054
448,712
1519,2498
180,2955
277,1407
2143,2352
512,742
794,811
496,2039
2798,2853
144,1018
215,981
2690,2871
868,2076
1866,2892
623,835
554,1103
1691,2410
1709,2007
1030,1909
2133,3071
820,1571
2438,2644
1024,2604
1513,1895
1732,2954
375,1754
2163,2534
277,1956
206,1668
2090,2444
1989,3143
135,2117
901,2042
609,1422
358,2629
1053,1319
2572,3111
2192,2197
2448,2626
1578,2820
647,2854
529,2591
824,992
837,1673
501,1463
1890,2815
1428,1637
2254,2582
335,2137
2514,2966
875,2921
954,2373
126,1334
621,1933
241,905
932,1636
641,2374
880,2384
551,1884
280,1859
331,2566
2354,3011
15,1737
554,1129
2534,2831
715,2172
331,868
1209,1752
1644,2288
1175,1625
2846,3007
974,1599
851,2796
631,1034
10,1823
1392,2448
200,878
712,1905
125,914
1129,1731
2515,2623
116,2876
471,3080
1802,3143
460,955
500,1108
2511,2548
193,2755
817,928
1051,1192
1061,2085
708,2177
1139,3061
1160,2931
559,1797
347,737
874,1761
591,949
702,1605
593,2402
647,1584
1797,2019
268,1665
445,2699
1516,2199
319,2460
698,3013
664,1586
399,1950
1327,1503
528,3039
2612,2786
977,1586
559,1825
641,2002
1165,1250
610,2052
50,1633
2884,2969
1204,2566
2143,2375
431,1257
55,715
144,1703
450,2788
283,2003
1181,2819
2514,2643
622,1741
255,1950
268,2052
745,1347
1805,1933
1057,2865
1189,1738
811,1189
898,2408
2097,2631
1139,1290
1514,1752
1014,2140
770,1014
1659,1821
2262,2504
1512,2143
52,1113
1343,2448
277,2251
1045,2532
232,1238
1251,1720
694,2740
1831,2326
333,1933
158,2069
1821,2008
96,1949
1690,3010
2831,2851
1863,2205
1436,1985
1972,1985
333,2755
689,3014
1300,1331
383,1661
805,2222
1276,2559
523,1344
1602,2450
844,914
333,2427
1306,2134
615,2787
413,999
164,406
283,679
1055,2891
254,2928
282,1680
2664,2886
1305,1625
955,1298
2542,2880
1921,1985
2404,2405
1160,2104
1334,2850
2489,2634
127,2824
736,2893
702,1818
1345,1856
1793,2778
2683,3122
69,2934
283,335
1346,1856
660,1439
1871,2722
286,2171
529,2846
207,2956
1842,2542
2008,2197
1295,1321
1172,2683
1200,1849
434,3101
2600,2967
258,1309
2227,2241
2658,2886
1752,3004
356,1770
885,2515
164,2635
1305,1803
1085,2399
702,2830
2598,2605
972,1317
1244,1890
2613,2939
2233,2952
790,2868
647,690
669,2019
192,2405
1137,1879
275,2040
226,363
2008,2767
693,1395
726,2160
1989,2587
258,693
1794,2427
1395,2434
1346,1985
36,333
693,1635
759,1756
932,1533
145,1917
955,1935
564,3136
179,224
1764,1989
1316,2572
660,1841
