DrugID,DrugName,CID,ConnectivitySMILES,MolecularWeight,XLogP,TPSA,HBondDonorCount,HBondAcceptorCount,RotatableBondCount,Source,PubChemStatus
0,(+)-Mefloquine,456309.0,C1CCNC(C1)C(C2=CC(=NC3=C2C=CC=C3C(F)(F)F)C(F)(F)F)O,378.31,3.6,45.2,2.0,9.0,2.0,PubChem,Available
1,(+)-menthol,165675.0,CC1CCC(C(C1)O)C(C)C,156.26,3.0,20.2,1.0,1.0,1.0,PubChem,Available
2,"(1,2,6,7-3H)Testosterone",91667979.0,CC12CCC3C(C1CCC2O)CCC4=CC(=O)CCC34C,296.5,3.3,37.3,1.0,2.0,0.0,PubChem,Available
3,"(1R,2S)-2-Phenylcyclopropanaminium",11861988.0,C1C(C1[NH3+])C2=CC=CC=C2,134.2,1.5,27.6,1.0,0.0,1.0,PubChem,Available
4,"(1S,3S,5S)-2-{(2S)-2-amino-2-[(1R,3S,5R,7S)-3-hydroxytricyclo[3.3.1.1~3,7~]dec-1-yl]acetyl}-2-azabicyclo[3.1.0]hexane-3-carbonitrile",11235729.0,C1C2CC2N(C1C#N)C(=O)C(C34CC5CC(C3)CC(C5)(C4)O)N,315.4,0.7,90.4,2.0,4.0,2.0,PubChem,Available
5,"(2R)-1-(2,6-dimethylphenoxy)propan-2-amine",180621.0,CC1=C(C(=CC=C1)C)OCC(C)N,179.26,2.1,35.3,1.0,2.0,3.0,PubChem,Available
6,(3-Carboxy-2-(R)-Hydroxy-Propyl)-Trimethyl-Ammonium,10918.0,C[N+](C)(C)CC(CC(=O)O)O,162.21,-0.8,57.5,2.0,3.0,4.0,PubChem,Available
7,"(5R)-5-(4-{[(2R)-6-HYDROXY-2,5,7,8-TETRAMETHYL-3,4-DIHYDRO-2H-CHROMEN-2-YL]METHOXY}BENZYL)-1,3-THIAZOLIDINE-2,4-DIONE",9824580.0,CC1=C(C2=C(CCC(O2)(C)COC3=CC=C(C=C3)CC4C(=O)NC(=O)S4)C(=C1O)C)C,441.5,5.1,110.0,2.0,6.0,5.0,PubChem,Available
8,(6R)-Folinic acid,135484651.0,C1C(N(C2=C(N1)N=C(NC2=O)N)C=O)CNC3=CC=C(C=C3)C(=O)NC(CCC(=O)O)C(=O)O,473.4,-1.2,216.0,7.0,10.0,9.0,PubChem,Available
9,"(6S)-5,6,7,8-tetrahydrofolic acid",135398650.0,C1C(NC2=C(N1)N=C(NC2=O)N)CNC3=CC=C(C=C3)C(=O)NC(CCC(=O)O)C(=O)O,445.4,-0.6,207.0,8.0,10.0,9.0,PubChem,Available
10,(R)-Atenolol,180559.0,CC(C)NCC(COC1=CC=C(C=C1)CC(=O)N)O,266.34,0.2,84.6,3.0,4.0,8.0,PubChem,Available
11,(R)-Bicalutamide,56069.0,CC(CS(=O)(=O)C1=CC=C(C=C1)F)(C(=O)NC2=CC(=C(C=C2)C#N)C(F)(F)F)O,430.4,2.3,116.0,2.0,9.0,5.0,PubChem,Available
12,(R)-Fluoxetine,1548970.0,CNCCC(C1=CC=CC=C1)OC2=CC=C(C=C2)C(F)(F)F,309.33,4.0,21.3,1.0,5.0,6.0,PubChem,Available
13,(R)-Gossypol,3503.0,CC1=CC2=C(C(=C(C(=C2C(C)C)O)O)C=O)C(=C1C3=C(C4=C(C=C3C)C(=C(C(=C4C=O)O)O)C(C)C)O)O,518.6,6.9,156.0,6.0,8.0,5.0,PubChem,Available
14,(R)-Praziquantel,445900.0,C1CCC(CC1)C(=O)N2CC3C4=CC=CC=C4CCN3C(=O)C2,312.4,2.7,40.6,0.0,2.0,1.0,PubChem,Available
15,(R)-Propafenone,184819.0,CCCNCC(COC1=CC=CC=C1C(=O)CCC2=CC=CC=C2)O,341.4,3.3,58.6,2.0,4.0,11.0,PubChem,Available
16,(R)-Rolipram,448055.0,COC1=C(C=C(C=C1)C2CC(=O)NC2)OC3CCCC3,275.34,2.2,47.6,1.0,3.0,4.0,PubChem,Available
17,(R)-etodolac,667528.0,CCC1=C2C(=CC=C1)C3=C(N2)C(OCC3)(CC)CC(=O)O,287.35,2.8,62.3,2.0,3.0,4.0,PubChem,Available
18,(R)-warfarin,54684598.0,CC(=O)CC(C1=CC=CC=C1)C2=C(C3=CC=CC=C3OC2=O)O,308.3,2.7,63.6,1.0,4.0,4.0,PubChem,Available
19,(S)-Indapamide,12598931.0,CC1CC2=CC=CC=C2N1NC(=O)C3=CC(=C(C=C3)Cl)S(=O)(=O)N,365.8,2.9,101.0,2.0,5.0,3.0,PubChem,Available
20,(S)-econazole,12773795.0,C1=CC(=CC=C1COC(CN2C=CN=C2)C3=C(C=C(C=C3)Cl)Cl)Cl,381.7,5.3,27.1,0.0,2.0,6.0,PubChem,Available
21,"1,10-Phenanthroline",1318.0,C1=CC2=C(C3=C(C=CC=N3)C=C2)N=C1,180.2,1.8,25.8,0.0,2.0,0.0,PubChem,Available
22,"1,2-Benzodiazepine",134664.0,C1=CC=C2C(=C1)C=CC=NN2,144.17,1.9,24.4,1.0,2.0,0.0,PubChem,Available
23,"1,6-Fructose Diphosphate (Linear Form)",,,,,,,,,,Unresolved
24,1-(2-Phenylethyl)-4-phenyl-4-acetoxypiperidine,60977.0,CC(=O)OC1(CCN(CC1)CCC2=CC=CC=C2)C3=CC=CC=C3,323.4,3.9,29.5,0.0,3.0,6.0,PubChem,Available
25,"1-BENZYL-4-[(5,6-DIMETHOXY-1-INDANON-2-YL)METHYL]PIPERIDINE",1150567.0,COC1=C(C=C2C(=C1)CC(C2=O)CC3CCN(CC3)CC4=CC=CC=C4)OC,379.5,4.3,38.8,0.0,4.0,6.0,PubChem,Available
26,1-Testosterone,236666.0,CC12CCC3C(C1CCC2O)CCC4C3(C=CC(=O)C4)C,288.4,4.0,37.3,1.0,2.0,0.0,PubChem,Available
27,1-benzylimidazole,77918.0,C1=CC=C(C=C1)CN2C=CN=C2,158.2,1.6,17.8,0.0,1.0,2.0,PubChem,Available
28,1-deoxymannojirimycin,72258.0,C1C(C(C(C(N1)CO)O)O)O,163.17,-2.3,93.0,5.0,5.0,1.0,PubChem,Available
29,10-hydroxycamptothecin,97226.0,CCC1(C2=C(COC1=O)C(=O)N3CC4=C(C3=C2)N=C5C=CC(=CC5=C4)O)O,364.4,0.6,100.0,2.0,6.0,1.0,PubChem,Available
30,16-Bromoepiandrosterone,71613.0,CC12CCC(CC1CCC3C2CCC4(C3CC(C4=O)Br)C)O,369.3,4.6,37.3,1.0,2.0,0.0,PubChem,Available
31,17alpha-Estriol,256737.0,CC12CCC3C(C1CC(C2O)O)CCC4=C3C=CC(=C4)O,288.4,2.5,60.7,3.0,3.0,0.0,PubChem,Available
32,18-methyl-19-nortestosterone,10039774.0,CCC12CCC3C(C1CCC2O)CCC4=CC(=O)CCC34,288.4,3.0,37.3,1.0,2.0,1.0,PubChem,Available
33,19-norandrostenedione,92834.0,CC12CCC3C(C1CCC2=O)CCC4=CC(=O)CCC34,272.4,2.5,34.1,0.0,2.0,0.0,PubChem,Available
34,"1alpha,24S-Dihydroxyvitamin D2",9547261.0,CC(C)C(C)(C=CC(C)C1CCC2C1(CCCC2=CC=C3CC(CC(C3=C)O)O)C)O,428.6,5.1,60.7,3.0,3.0,5.0,PubChem,Available
35,1alpha-Hydroxyvitamin D5,10025615.0,CCC(CCC(C)C1CCC2C1(CCCC2=CC=C3CC(CC(C3=C)O)O)C)C(C)C,428.7,7.6,40.5,2.0,2.0,7.0,PubChem,Available
36,"2,4-Diamino-5-(3,4,5-Trimethoxy-Benzyl)-Pyrimidin-1-Ium",446998.0,COC1=CC(=CC(=C1OC)OC)CC2=C[NH+]=C(N=C2N)N,291.33,1.1,107.0,3.0,6.0,5.0,PubChem,Available
37,"2,4-thiazolidinedione",5437.0,C1C(=O)NC(=O)S1,117.13,0.1,71.5,1.0,3.0,0.0,PubChem,Available
38,"2,5-Dimethoxy-4-ethylamphetamine",27402.0,CCC1=CC(=C(C=C1OC)CC(C)N)OC,223.31,2.8,44.5,1.0,3.0,5.0,PubChem,Available
39,"2,5-Dimethoxy-4-ethylthioamphetamine",10264356.0,CCSC1=C(C=C(C(=C1)OC)CC(C)N)OC,255.38,2.5,69.8,1.0,4.0,6.0,PubChem,Available
40,2-(4-Chlorophenyl)-5-Quinoxalinecarboxamide,657038.0,C1=CC(=C2C(=C1)N=CC(=N2)C3=CC=C(C=C3)Cl)C(=O)N,283.71,2.4,68.9,1.0,3.0,2.0,PubChem,Available
41,2-Fluoroadenosine,8975.0,C1=NC2=C(N=C(N=C2N1C3C(C(C(O3)CO)O)O)F)N,285.23,-0.6,140.0,4.0,9.0,2.0,PubChem,Available
42,2-Methoxyestradiol,66414.0,CC12CCC3C(C1CCC2O)CCC4=CC(=C(C=C34)OC)O,302.4,4.0,49.7,2.0,3.0,1.0,PubChem,Available
43,2-Methoxyethanol,8019.0,COCCO,76.09,-0.8,29.5,1.0,2.0,2.0,PubChem,Available
44,2-chloro-5-[(1S)-1-hydroxy-3-oxo-2H-isoindol-1-yl]benzenesulfonamide,688424.0,C1=CC=C2C(=C1)C(=O)NC2(C3=CC(=C(C=C3)Cl)S(=O)(=O)N)O,338.8,0.9,118.0,3.0,5.0,2.0,PubChem,Available
45,2-chloroethyl-3-sarcosinamide-1-nitrosourea,100773.0,CN(CC(=O)N)C(=O)N(CCCl)N=O,222.63,-1.0,96.1,1.0,4.0,4.0,PubChem,Available
46,25-desacetylrifapentine,135564528.0,CC1C=CC=C(C(=O)NC2=C(C(=C3C(=C2O)C(=C(C4=C3C(=O)C(O4)(OC=CC(C(C(C(C(C(C1O)C)O)C)O)C)OC)C)C)O)O)C=NN5CCN(CC5)C6CCCC6)C,835.0,6.2,214.0,7.0,14.0,4.0,PubChem,Available
47,"3,4-Dihydroxybenzoic Acid",72.0,C1=CC(=C(C=C1C(=O)O)O)O,154.12,1.1,77.8,3.0,4.0,1.0,PubChem,Available
48,"3,5-Diiodotyrosine",6181.0,C1=C(C=C(C(=C1I)O)I)CC(C(=O)O)N,432.98,-0.5,83.6,3.0,4.0,3.0,PubChem,Available
49,"3,5-Dinitrocatechol",3870203.0,C1=C(C=C(C(=C1[N+](=O)[O-])O)O)[N+](=O)[O-],200.11,0.7,132.0,2.0,6.0,0.0,PubChem,Available
50,"3,5-diiodothyropropionic acid",160565.0,C1=CC(=CC=C1O)OC2=C(C=C(C=C2I)CCC(=O)O)I,510.06,4.2,66.8,2.0,4.0,5.0,PubChem,Available
51,3-isobutyl-1-methyl-7H-xanthine,3758.0,CC(C)CN1C2=C(C(=O)N(C1=O)C)NC=N2,222.24,1.5,69.3,1.0,3.0,2.0,PubChem,Available
52,"4-Bromo-2,5-dimethoxyamphetamine",62065.0,CC(CC1=CC(=C(C=C1OC)Br)OC)N,274.15,2.6,44.5,1.0,3.0,4.0,PubChem,Available
53,"4-Bromo-2,5-dimethoxyphenethylamine",98527.0,COC1=CC(=C(C=C1CCN)OC)Br,260.13,2.1,44.5,1.0,3.0,4.0,PubChem,Available
54,4-Hydroxytestosterone,160615.0,CC12CCC3C(C1CCC2O)CCC4=C(C(=O)CCC34C)O,304.4,3.2,57.5,2.0,3.0,0.0,PubChem,Available
55,4-Methoxyamphetamine,31721.0,CC(CC1=CC=C(C=C1)OC)N,165.23,1.8,35.3,1.0,2.0,3.0,PubChem,Available
56,4-Oxoretinol,5289090.0,CC1=C(C(CCC1=O)(C)C)C=CC(=CC=CC(=CCO)C)C,300.4,4.6,37.3,1.0,2.0,5.0,PubChem,Available
57,4-hydroxycoumarin,54682930.0,C1=CC=C2C(=C1)C(=CC(=O)O2)O,162.14,1.3,46.5,1.0,3.0,0.0,PubChem,Available
58,5-(2-methylpiperazine-1-sulfonyl)isoquinoline,3542.0,CC1CNCCN1S(=O)(=O)C2=CC=CC3=C2C=CN=C3,291.37,1.0,70.7,1.0,5.0,2.0,PubChem,Available
59,5-androstenedione,160531.0,CC12CCC3C(C1CCC2=O)CC=C4C3(CCC(=O)C4)C,286.4,2.9,34.1,0.0,2.0,0.0,PubChem,Available
60,5-fluorouridine,9427.0,C1=C(C(=O)NC(=O)N1C2C(C(C(O2)CO)O)O)F,262.19,-1.7,119.0,4.0,7.0,2.0,PubChem,Available
61,"5-methoxy-N,N-dimethyltryptamine",1832.0,CN(C)CCC1=CNC2=C1C=C(C=C2)OC,218.29,1.5,28.3,1.0,2.0,4.0,PubChem,Available
62,5-methyltetrahydrofolic acid,135415868.0,CN1C(CNC2=C1C(=O)NC(=N2)N)CNC3=CC=C(C=C3)C(=O)NC(CCC(=O)O)C(=O)O,459.5,-0.5,198.0,7.0,10.0,9.0,PubChem,Available
63,5beta-dihydrotestosterone,11302.0,CC12CCC(=O)CC1CCC3C2CCC4(C3CCC4O)C,290.4,3.7,37.3,1.0,2.0,0.0,PubChem,Available
64,"6-CHLORO-3-(DICHLOROMETHYL)-3,4-DIHYDRO-2H-1,2,4-BENZOTHIADIAZINE-7-SULFONAMIDE 1,1-DIOXIDE",6604229.0,C1=C2C(=CC(=C1Cl)S(=O)(=O)N)S(=O)(=O)NC(N2)C(Cl)Cl,380.7,0.6,135.0,3.0,7.0,2.0,PubChem,Available
65,6-Deoxyerythronolide B,121904.0,CCC1C(C(C(C(=O)C(CC(C(C(C(C(C(=O)O1)C)O)C)O)C)C)C)O)C,386.5,3.1,104.0,3.0,6.0,1.0,PubChem,Available
66,6-O-benzylguanine,4578.0,C1=CC=C(C=C1)COC2=NC(=NC3=C2NC=N3)N,241.25,1.2,89.7,2.0,5.0,3.0,PubChem,Available
67,"6S-5,6,7,8-Tetrahydrobiopterin",135509079.0,CC(C(C1CNC2=C(N1)C(=O)NC(=N2)N)O)O,241.25,-1.9,132.0,6.0,6.0,2.0,PubChem,Available
68,"7,8-Dichloro-1,2,3,4-tetrahydroisoquinoline",123920.0,C1CNCC2=C1C=CC(=C2Cl)Cl,202.08,2.6,12.0,1.0,1.0,0.0,PubChem,Available
69,"7,9-Dimethylguanine",131704185.0,CN1C=[N+](C2=C1C(NC(N2)N)O)C,184.22,-1.6,79.1,4.0,4.0,0.0,PubChem,Available
70,7-((Carboxy(4-Hydroxyphenyl)Acetyl)Amino)-7-Methoxy-(3-((1-Methyl-1h-Tetrazol-5-Yl)Thio)Methyl)-8-Oxo-5-Oxa-1-Azabicyclo[4.2.0]Oct-2-Ene-2-Carboxylic Acid,5488645.0,CN1C(=NN=N1)SCC2=C(N3C(C(C3=O)(NC(=O)C(C4=CC=C(C=C4)O)C(=O)O)OC)OC2)C(=O)O,520.5,-0.6,232.0,4.0,13.0,9.0,PubChem,Available
71,7-(2-Amino-2-Phenyl-Acetylamino)-3-Chloro-8-Oxo-1-Aza-Bicyclo[4.2.0]Oct-2-Ene-2-Carboxylic Acid,12897341.0,C1CC(=C(N2C1C(C2=O)NC(=O)C(C3=CC=CC=C3)N)C(=O)O)Cl,349.77,-1.7,113.0,3.0,5.0,4.0,PubChem,Available
72,7-Deazaguanine,135408714.0,C1=CNC2=C1C(=O)NC(=N2)N,150.14,-0.8,83.3,3.0,2.0,0.0,PubChem,Available
73,7-Hydroxystaurosporine,72271.0,CC12C(C(CC(O1)N3C4=CC=CC=C4C5=C6C(=C7C8=CC=CC=C8N2C7=C53)C(NC6=O)O)NC)OC,482.5,2.7,89.7,3.0,5.0,2.0,PubChem,Available
74,7-Nitroindazole,1893.0,C1=CC2=C(C(=C1)[N+](=O)[O-])NN=C2,163.13,1.8,74.5,1.0,3.0,0.0,PubChem,Available
75,8-azaguanine,135403646.0,C12=NNN=C1N=C(NC2=O)N,152.11,-1.5,109.0,3.0,4.0,0.0,PubChem,Available
76,8-chlorotheophylline,10661.0,CN1C2=C(C(=O)N(C1=O)C)NC(=N2)Cl,214.61,0.9,69.3,1.0,3.0,0.0,PubChem,Available
77,9-(N-methyl-L-isoleucine)-cyclosporin A,6473876.0,CCC1C(=O)N(CC(=O)N(C(C(=O)NC(C(=O)N(C(C(=O)NC(C(=O)NC(C(=O)N(C(C(=O)N(C(C(=O)N(C(C(=O)N(C(C(=O)N1)C(C(C)CC=CC)O)C)C(C)C)C)CC(C)C)C)CC(C)C)C)C)C)CC(C)C)C)C(C)C)C(C)CC)C)C,1202.6,7.5,279.0,5.0,12.0,15.0,PubChem,Available
78,9-Beta-D-Xylofuranosyl-Adenine,447916.0,C1=NC(=C2C(=N1)N(C=N2)C3C(C(C(O3)CO)O)O)N,267.24,-1.1,140.0,4.0,8.0,2.0,PubChem,Available
79,9-Deazaguanine,135461003.0,C1=CNC2=C1N=C(NC2=O)N,150.14,-0.8,83.3,3.0,2.0,0.0,PubChem,Available
80,9-Methylguanine,135403591.0,CN1C=NC2=C1N=C(NC2=O)N,165.15,-0.9,85.3,2.0,3.0,0.0,PubChem,Available
81,9-aminocamptothecin,72402.0,CCC1(C2=C(COC1=O)C(=O)N3CC4=CC5=C(C=CC=C5N=C4C3=C2)N)O,363.4,0.3,106.0,2.0,6.0,1.0,PubChem,Available
82,AICA ribonucleotide,65110.0,C1=NC(=C(N1C2C(C(C(O2)COP(=O)(O)O)O)O)N)C(=O)N,338.21,-3.8,203.0,6.0,10.0,5.0,PubChem,Available
83,ALT-2074,130165.0,CC1(CN[Se]C2=CC=CC=C21)C,226.19,,12.0,1.0,1.0,0.0,PubChem,Available
84,AMG-222,11977989.0,CC(CC1(C2=C(CCC3=C1C=CC(=C3)C(=O)N(C)C)C=C(C=C2)C(=O)N(C)C)C4=NNN=N4)NCC(=O)N5CCCC5C#N,597.7,2.3,151.0,2.0,8.0,8.0,PubChem,Available
85,AS-8112,10993014.0,CCN1CCN(CC(C1)NC(=O)C2=CC(=C(C=C2OC)NC)Br)C,399.3,2.1,56.8,2.0,5.0,5.0,PubChem,Available
86,AZD-3043,10286834.0,CCCOC(=O)CC1=CC(=C(C=C1)OCC(=O)N(CC)CC)OCC,351.4,3.2,65.1,0.0,5.0,12.0,PubChem,Available
87,AZD-5991,131634760.0,CC1=C2C(=NN1C)CSCC3=NN(C(=C3)CSC4=CC5=CC=CC=C5C(=C4)OCCCC6=C(N(C7=C6C=CC(=C27)Cl)C)C(=O)O)C,672.3,6.8,138.0,1.0,7.0,1.0,PubChem,Available
88,Abacavir,441300.0,C1CC1NC2=C3C(=NC(=N2)N)N(C=N3)C4CC(C=C4)CO,286.33,0.9,102.0,3.0,6.0,4.0,PubChem,Available
89,Abafungin,159326.0,CC1=CC(=C(C=C1)OC2=CC=CC=C2C3=CSC(=N3)NC4=NCCCN4)C,378.5,4.3,86.8,2.0,4.0,5.0,PubChem,Available
90,Abametapir,15664.0,CC1=CN=C(C=C1)C2=NC=C(C=C2)C,184.24,2.2,25.8,0.0,2.0,1.0,PubChem,Available
91,Abediterol,11962616.0,C1=CC=C(C=C1)C(COCCCCCCNCC(C2=C3C=CC(=O)NC3=C(C=C2)O)O)(F)F,460.5,3.1,90.8,4.0,7.0,13.0,PubChem,Available
92,Abemaciclib,46220502.0,CCN1CCN(CC1)CC2=CN=C(C=C2)NC3=NC=C(C(=N3)C4=CC5=C(C(=C4)F)N=C(N5C(C)C)C)F,506.6,3.8,75.0,1.0,9.0,7.0,PubChem,Available
93,Abexinostat,11749858.0,CN(C)CC1=C(OC2=CC=CC=C21)C(=O)NCCOC3=CC=C(C=C3)C(=O)NO,397.4,2.2,104.0,3.0,6.0,8.0,PubChem,Available
94,Abiraterone,132971.0,CC12CCC(CC1=CCC3C2CCC4(C3CC=C4C5=CN=CC=C5)C)O,349.5,4.6,33.1,1.0,2.0,1.0,PubChem,Available
95,Abrocitinib,78323835.0,CCCS(=O)(=O)NC1CC(C1)N(C)C2=NC=NC3=C2C=CN3,323.42,1.7,99.4,2.0,6.0,6.0,PubChem,Available
96,Acalabrutinib,71226662.0,CC#CC(=O)N1CCCC1C2=NC(=C3N2C=CN=C3N)C4=CC=C(C=C4)C(=O)NC5=CC=CC=N5,465.5,3.0,119.0,2.0,6.0,4.0,PubChem,Available
97,Acamprosate,71158.0,CC(=O)NCCCS(=O)(=O)O,181.21,-1.2,91.9,2.0,4.0,4.0,PubChem,Available
98,Acarbose,9811704.0,CC1C(C(C(C(O1)OC2C(OC(C(C2O)O)OC(C(CO)O)C(C(C=O)O)O)CO)O)O)NC3C=C(C(C(C3O)O)O)CO,645.6,-8.8,329.0,14.0,19.0,13.0,PubChem,Available
99,Acebutolol,1978.0,CCCC(=O)NC1=CC(=C(C=C1)OCC(CNC(C)C)O)C(=O)C,336.4,1.7,87.7,3.0,5.0,10.0,PubChem,Available
100,Aceclofenac,71771.0,C1=CC=C(C(=C1)CC(=O)OCC(=O)O)NC2=C(C=CC=C2Cl)Cl,354.2,4.3,75.6,2.0,5.0,7.0,PubChem,Available
101,Acefylline,69550.0,CN1C2=C(C(=O)N(C1=O)C)N(C=N2)CC(=O)O,238.2,-0.8,95.7,1.0,5.0,2.0,PubChem,Available
102,Acemetacin,1981.0,CC1=C(C2=C(N1C(=O)C3=CC=C(C=C3)Cl)C=CC(=C2)OC)CC(=O)OCC(=O)O,415.8,4.2,94.8,1.0,6.0,7.0,PubChem,Available
103,Acenocoumarol,54676537.0,CC(=O)CC(C1=CC=C(C=C1)[N+](=O)[O-])C2=C(C3=CC=CC=C3OC2=O)O,353.3,2.5,109.0,1.0,6.0,4.0,PubChem,Available
104,Acepromazine,6077.0,CC(=O)C1=CC2=C(C=C1)SC3=CC=CC=C3N2CCCN(C)C,326.5,4.2,48.9,0.0,4.0,5.0,PubChem,Available
105,Aceprometazine,26035.0,CC(CN1C2=CC=CC=C2SC3=C1C=C(C=C3)C(=O)C)N(C)C,326.5,4.3,48.9,0.0,4.0,4.0,PubChem,Available
106,Acetaminophen,1983.0,CC(=O)NC1=CC=C(C=C1)O,151.16,0.5,49.3,2.0,2.0,1.0,PubChem,Available
107,Acetate,175.0,CC(=O)[O-],59.04,0.4,40.1,0.0,2.0,0.0,PubChem,Available
108,Acetazolamide,1986.0,CC(=O)NC1=NN=C(S1)S(=O)(=O)N,222.3,-0.3,152.0,2.0,7.0,2.0,PubChem,Available
109,Acetoacetic acid,96.0,CC(=O)CC(=O)O,102.09,-0.4,54.4,1.0,3.0,2.0,PubChem,Available
110,Acetohexamide,1989.0,CC(=O)C1=CC=C(C=C1)S(=O)(=O)NC(=O)NC2CCCCC2,324.4,2.4,101.0,2.0,4.0,4.0,PubChem,Available
111,Acetophenazine,17676.0,CC(=O)C1=CC2=C(C=C1)SC3=CC=CC=C3N2CCCN4CCN(CC4)CCO,411.6,2.6,72.3,1.0,6.0,7.0,PubChem,Available
112,Acetyl sulfisoxazole,6662.0,CC1=C(ON=C1C)N(C(=O)C)S(=O)(=O)C2=CC=C(C=C2)N,309.34,1.3,115.0,1.0,6.0,3.0,PubChem,Available
113,Acetylamino-Acetic Acid,10972.0,CC(=O)NCC(=O)O,117.1,-1.2,66.4,2.0,3.0,2.0,PubChem,Available
114,Acetylcholine,187.0,CC(=O)OCC[N+](C)(C)C,146.21,0.2,26.3,0.0,2.0,4.0,PubChem,Available
115,Acetylcysteine,12035.0,CC(=O)NC(CS)C(=O)O,163.2,0.4,67.4,3.0,4.0,3.0,PubChem,Available
116,Acetyldigitoxin,5284512.0,CC1C(C(CC(O1)OC2C(OC(CC2O)OC3C(OC(CC3O)OC4CCC5(C(C4)CCC6C5CCC7(C6(CCC7C8=CC(=O)OC8)O)C)C)C)C)OC(=O)C)O,807.0,2.8,189.0,4.0,14.0,9.0,PubChem,Available
117,Acetyldigoxin,11765960.0,CC1C(C(CC(O1)OC2C(OC(CC2O)OC3C(OC(CC3O)OC4CCC5(C(C4)CCC6C5CC(C7(C6(CCC7C8=CC(=O)OC8)O)C)O)C)C)C)OC(=O)C)O,823.0,1.8,209.0,5.0,15.0,9.0,PubChem,Available
118,Acetylleucine,1995.0,CC(C)CC(C(=O)O)NC(=O)C,173.21,0.5,66.4,2.0,3.0,4.0,PubChem,Available
119,Acetylsalicylic acid,2244.0,CC(=O)OC1=CC=CC=C1C(=O)O,180.16,1.2,63.6,1.0,4.0,3.0,PubChem,Available
120,Acipimox,5310993.0,CC1=CN=C(C=[N+]1[O-])C(=O)O,154.12,-1.0,75.7,1.0,4.0,1.0,PubChem,Available
121,Acitretin,5284513.0,CC1=CC(=C(C(=C1C=CC(=CC=CC(=CC(=O)O)C)C)C)C)OC,326.4,6.1,46.5,1.0,3.0,6.0,PubChem,Available
122,Aclarubicin,451415.0,CCC1(CC(C2=C(C3=C(C=C2C1C(=O)OC)C(=O)C4=C(C3=O)C(=CC=C4)O)O)OC5CC(C(C(O5)C)OC6CC(C(C(O6)C)OC7CCC(=O)C(O7)C)O)N(C)C)O,811.9,3.8,217.0,4.0,16.0,10.0,PubChem,Available
123,Aclidinium,11434515.0,C1C[N+]2(CCC1C(C2)OC(=O)C(C3=CC=CS3)(C4=CC=CS4)O)CCCOC5=CC=CC=C5,484.7,4.7,112.0,1.0,6.0,10.0,PubChem,Available
124,Acotiamide,5282338.0,CC(C)N(CCNC(=O)C1=CSC(=N1)NC(=O)C2=CC(=C(C=C2O)OC)OC)C(C)C,450.6,3.5,141.0,3.0,8.0,10.0,PubChem,Available
125,Acrivastine,5284514.0,CC1=CC=C(C=C1)C(=CCN2CCCC2)C3=CC=CC(=N3)C=CC(=O)O,348.4,1.6,53.4,1.0,4.0,6.0,PubChem,Available
126,Acteoside,5281800.0,CC1C(C(C(C(O1)OC2C(C(OC(C2OC(=O)C=CC3=CC(=C(C=C3)O)O)CO)OCCC4=CC(=C(C=C4)O)O)O)O)O)O,624.6,-0.5,245.0,9.0,15.0,11.0,PubChem,Available
127,Acyclovir,135398513.0,C1=NC2=C(N1COCCO)N=C(NC2=O)N,225.2,-1.9,115.0,3.0,5.0,4.0,PubChem,Available
128,Adagrasib,138611145.0,CN1CCCC1COC2=NC3=C(CCN(C3)C4=CC=CC5=C4C(=CC=C5)Cl)C(=N2)N6CCN(C(C6)CC#N)C(=O)C(=C)F,604.1,5.0,88.8,0.0,9.0,7.0,PubChem,Available
129,Adefovir,60172.0,C1=NC(=C2C(=N1)N(C=N2)CCOCP(=O)(O)O)N,273.19,-2.0,136.0,3.0,8.0,5.0,PubChem,Available
130,Adefovir dipivoxil,60871.0,CC(C)(C)C(=O)OCOP(=O)(COCCN1C=NC2=C(N=CN=C21)N)OCOC(=O)C(C)(C)C,501.5,1.8,167.0,1.0,12.0,15.0,PubChem,Available
131,Ademetionine,34755.0,C[S+](CCC(C(=O)[O-])N)CC1C(C(C(O1)N2C=NC3=C(N=CN=C32)N)O)O,398.4,-2.8,186.0,4.0,10.0,6.0,PubChem,Available
132,Adenine,190.0,C1=NC2=NC=NC(=C2N1)N,135.13,-0.1,80.5,2.0,4.0,0.0,PubChem,Available
133,Adinazolam,37632.0,CN(C)CC1=NN=C2N1C3=C(C=C(C=C3)Cl)C(=NC2)C4=CC=CC=C4,351.8,1.6,46.3,0.0,4.0,3.0,PubChem,Available
134,Adipiplon,11198924.0,CCCC1=C(N=CN2C1=NC(=N2)C)CN3C=CN=C3C4=C(C=CC=N4)F,351.4,2.3,73.8,0.0,6.0,5.0,PubChem,Available
135,Adrafinil,3033226.0,C1=CC=C(C=C1)C(C2=CC=CC=C2)S(=O)CC(=O)NO,289.4,1.6,85.6,2.0,4.0,5.0,PubChem,Available
136,Afatinib,10184653.0,CN(C)CC=CC(=O)NC1=C(C=C2C(=C1)C(=NC=N2)NC3=CC(=C(C=C3)F)Cl)OC4CCOC4,485.9,3.6,88.6,2.0,8.0,8.0,PubChem,Available
137,Afimoxifene,449459.0,CCC(=C(C1=CC=C(C=C1)O)C2=CC=C(C=C2)OCCN(C)C)C3=CC=CC=C3,387.5,6.8,32.7,1.0,3.0,8.0,PubChem,Available
138,Agmatine,199.0,C(CCN=C(N)N)CN,130.19,-1.5,90.4,3.0,2.0,4.0,PubChem,Available
139,Agomelatine,82148.0,CC(=O)NCCC1=CC=CC2=C1C=C(C=C2)OC,243.3,2.7,38.3,1.0,2.0,4.0,PubChem,Available
140,Ajmaline,6100671.0,CCC1C2CC3C4C5(CC(C2C5O)N3C1O)C6=CC=CC=C6N4C,326.4,1.8,46.9,2.0,4.0,1.0,PubChem,Available
141,Alanosine,90657278.0,C(C(C(=O)[O-])[NH3+])N(N=O)O,149.11,-3.2,121.0,2.0,6.0,2.0,PubChem,Available
142,Alaproclate,2081.0,CC(C(=O)OC(C)(C)CC1=CC=C(C=C1)Cl)N,255.74,2.8,52.3,1.0,3.0,5.0,PubChem,Available
143,Albaconazole,208952.0,CC(C(CN1C=NC=N1)(C2=C(C=C(C=C2)F)F)O)N3C=NC4=C(C3=O)C=CC(=C4)Cl,431.8,2.5,83.6,1.0,7.0,5.0,PubChem,Available
144,Albendazole,2082.0,CCCSC1=CC2=C(C=C1)N=C(N2)NC(=O)OC,265.33,2.9,92.3,2.0,4.0,5.0,PubChem,Available
145,Albuterol,2083.0,CC(C)(C)NCC(C1=CC(=C(C=C1)O)CO)O,239.31,0.3,72.7,4.0,4.0,5.0,PubChem,Available
146,Alcaftadine,19371515.0,CN1CCC(=C2C3=CC=CC=C3CCN4C2=NC=C4C=O)CC1,307.4,1.7,38.1,0.0,3.0,1.0,PubChem,Available
147,Alclofenac,30951.0,C=CCOC1=C(C=C(C=C1)CC(=O)O)Cl,226.65,2.5,46.5,1.0,3.0,5.0,PubChem,Available
148,Alclometasone,5311000.0,CC1CC2C3C(CC4=CC(=O)C=CC4(C3C(CC2(C1(C(=O)CO)O)C)O)C)Cl,408.9,2.2,94.8,3.0,5.0,2.0,PubChem,Available
149,Alcloxa,136146352.0,C1(C(=O)NC(=N1)[O-])NC(=O)N.[OH-].[OH-].[OH-].[OH-].[Al+3].[Al+3].[Cl-],314.55,,124.0,7.0,9.0,1.0,PubChem,Available
150,Alcuronium,21158560.0,C=CC[N+]12CCC34C1CC(C(=CCO)C2)C5=CN6C7C(=CN(C53)C8=CC=CC=C48)C9CC1C7(CC[N+]1(CC9=CCO)CC=C)C1=CC=CC=C16,666.9,3.1,46.9,2.0,4.0,6.0,PubChem,Available
151,Aldosterone,5839.0,CC12CCC(=O)C=C1CCC3C2C(CC4(C3CCC4C(=O)CO)C=O)O,360.4,1.1,91.7,2.0,5.0,3.0,PubChem,Available
152,Aldoxorubicin,9810709.0,CC1C(C(CC(O1)OC2CC(CC3=C2C(=C4C(=C3O)C(=O)C5=C(C4=O)C(=CC=C5)OC)O)(C(=NNC(=O)CCCCCN6C(=O)C=CC6=O)CO)O)N)O,750.7,1.3,268.0,7.0,15.0,12.0,PubChem,Available
153,Alectinib,49806720.0,CCC1=CC2=C(C=C1N3CCC(CC3)N4CCOCC4)C(C5=C(C2=O)C6=C(N5)C=C(C=C6)C#N)(C)C,482.6,5.2,72.4,1.0,5.0,3.0,PubChem,Available
154,Alendronic acid,2088.0,C(CC(O)(P(=O)(O)O)P(=O)(O)O)CN,249.1,-6.5,161.0,6.0,8.0,5.0,PubChem,Available
155,Alexitol sodium,91663271.0,C(C(C(C(C(CO)O)O)O)O)O.C(=O)([O-])[O-].[OH-].[Na+].[Al+3],309.16,,186.0,7.0,10.0,5.0,PubChem,Available
156,Alfacalcidol,5282181.0,CC(C)CCCC(C)C1CCC2C1(CCCC2=CC=C3CC(CC(C3=C)O)O)C,400.6,6.8,40.5,2.0,2.0,6.0,PubChem,Available
157,Alfaxalone,104845.0,CC(=O)C1CCC2C1(CC(=O)C3C2CCC4C3(CCC(C4)O)C)C,332.5,3.2,54.4,1.0,3.0,1.0,PubChem,Available
158,Alfentanil,51263.0,CCC(=O)N(C1=CC=CC=C1)C2(CCN(CC2)CCN3C(=O)N(N=N3)CC)COC,416.5,2.2,81.1,0.0,6.0,9.0,PubChem,Available
159,Alfuzosin,2092.0,CN(CCCNC(=O)C1CCCO1)C2=NC3=CC(=C(C=C3C(=N2)N)OC)OC,389.4,1.7,112.0,2.0,8.0,8.0,PubChem,Available
160,Algestone,11687.0,CC(=O)C1(C(CC2C1(CCC3C2CCC4=CC(=O)CCC34C)C)O)O,346.5,2.7,74.6,2.0,4.0,1.0,PubChem,Available
161,Algestone acetophenide,5284538.0,CC(=O)C12C(CC3C1(CCC4C3CCC5=CC(=O)CCC45C)C)OC(O2)(C)C6=CC=CC=C6,448.6,4.6,52.6,0.0,4.0,2.0,PubChem,Available
162,Alimemazine,5574.0,CC(CN1C2=CC=CC=C2SC3=CC=CC=C31)CN(C)C,298.4,4.7,31.8,0.0,3.0,4.0,PubChem,Available
163,Aliskiren,5493444.0,CC(C)C(CC1=CC(=C(C=C1)OC)OCCCOC)CC(C(CC(C(C)C)C(=O)NCC(C)(C)C(=O)N)O)N,551.8,3.5,146.0,4.0,7.0,19.0,PubChem,Available
164,Alitretinoin,449171.0,CC1=C(C(CCC1)(C)C)C=CC(=CC=CC(=CC(=O)O)C)C,300.4,6.3,37.3,1.0,2.0,5.0,PubChem,Available
165,Allicin,65036.0,C=CCSS(=O)CC=C,162.3,1.3,61.6,0.0,3.0,5.0,PubChem,Available
166,Allobarbital,5842.0,C=CCC1(C(=O)NC(=O)NC1=O)CC=C,208.21,1.0,75.3,2.0,3.0,4.0,PubChem,Available
167,Alloin,9866696.0,C1=CC2=C(C(=C1)O)C(=O)C3=C(C2C4C(C(C(C(O4)CO)O)O)O)C=C(C=C3O)CO,418.4,-0.1,168.0,7.0,9.0,3.0,PubChem,Available
168,Allopurinol,135401907.0,C1=NNC2=C1C(=O)NC=N2,136.11,-0.7,70.1,2.0,3.0,0.0,PubChem,Available
169,Allylestrenol,235905.0,CC12CCC3C(C1CCC2(CC=C)O)CCC4=CCCCC34,300.5,5.3,20.2,1.0,1.0,2.0,PubChem,Available
170,Almasilate,131704329.0,O.[O-][Si]([O-])([O-])[O-].[O-][Si]([O-])([O-])[O-].[Mg+2].[Al+3].[Al+3],280.45,,185.0,1.0,9.0,0.0,PubChem,Available
171,Alminoprofen,2097.0,CC(C1=CC=C(C=C1)NCC(=C)C)C(=O)O,219.28,3.2,49.3,2.0,3.0,5.0,PubChem,Available
172,Almotriptan,123606.0,CN(C)CCC1=CNC2=C1C=C(C=C2)CS(=O)(=O)N3CCCC3,335.5,1.6,64.8,1.0,4.0,6.0,PubChem,Available
173,Alogliptin,11450633.0,CN1C(=O)C=C(N(C1=O)CC2=CC=CC=C2C#N)N3CCCC(C3)N,339.4,0.6,93.7,1.0,5.0,3.0,PubChem,Available
174,Aloglutamol,72941505.0,C(C(C(C(C(C(=O)[O-])O)O)O)O)O.C(C(CO)(CO)N)O.[OH-].[OH-].[Al+3],377.28,,230.0,11.0,13.0,7.0,PubChem,Available
175,Alosetron,2099.0,CC1=C(N=CN1)CN2CCC3=C(C2=O)C4=CC=CC=C4N3C,294.35,1.6,53.9,1.0,2.0,2.0,PubChem,Available
176,Alpelisib,56649450.0,CC1=C(SC(=N1)NC(=O)N2CCCC2C(=O)N)C3=CC(=NC=C3)C(C)(C)C(F)(F)F,441.5,3.2,129.0,2.0,8.0,4.0,PubChem,Available
177,Alphacetylmethadol,22308.0,CCC(C(CC(C)N(C)C)(C1=CC=CC=C1)C2=CC=CC=C2)OC(=O)C,353.5,4.3,29.5,0.0,3.0,9.0,PubChem,Available
178,Alphaprodine,120738.0,CCC(=O)OC1(CCN(CC1C)C)C2=CC=CC=C2,261.36,2.8,29.5,0.0,3.0,4.0,PubChem,Available
179,Alprazolam,2118.0,CC1=NN=C2N1C3=C(C=C(C=C3)Cl)C(=NC2)C4=CC=CC=C4,308.8,2.1,43.1,0.0,3.0,1.0,PubChem,Available
180,Alprenolol,2119.0,CC(C)NCC(COC1=CC=CC=C1CC=C)O,249.35,3.1,41.5,2.0,3.0,8.0,PubChem,Available
181,Alprostadil,5280723.0,CCCCCC(C=CC1C(CC(=O)C1CCCCCCC(=O)O)O)O,354.5,3.2,94.8,3.0,5.0,13.0,PubChem,Available
182,Altrenogest,10041070.0,CC12C=CC3=C4CCC(=O)C=C4CCC3C1CCC2(CC=C)O,310.4,2.8,37.3,1.0,2.0,2.0,PubChem,Available
183,Altretamine,2123.0,CN(C)C1=NC(=NC(=N1)N(C)C)N(C)C,210.28,2.7,48.4,0.0,6.0,3.0,PubChem,Available
184,Aluminium,5359268.0,[Al],26.981538,,0.0,0.0,0.0,0.0,PubChem,Available
185,Aluminium acetotartrate,76968033.0,CC(=O)[O-].C(C(C(=O)[O-])O)(C(=O)[O-])O.[Al+3],234.1,,161.0,2.0,8.0,1.0,PubChem,Available
186,Aluminium clofibrate,10390009.0,CC(C)(C(=O)[O-])OC1=CC=C(C=C1)Cl.CC(C)(C(=O)[O-])OC1=CC=C(C=C1)Cl.[OH-].[Al+3],471.3,,99.7,1.0,7.0,4.0,PubChem,Available
187,Aluminium glycinate,73415751.0,C(C(=O)[O-])N.O.[OH-].[OH-].[Al+3],153.07,,69.2,4.0,6.0,0.0,PubChem,Available
188,Aluminium nicotinate,16098.0,C1=CC(=CN=C1)C(=O)[O-].C1=CC(=CN=C1)C(=O)[O-].C1=CC(=CN=C1)C(=O)[O-].[Al+3],393.3,,159.0,0.0,9.0,0.0,PubChem,Available
189,Aluminium phosphate,64655.0,[O-]P(=O)([O-])[O-].[Al+3],121.953,,86.3,0.0,4.0,0.0,PubChem,Available
190,Aluminium tristearate,12496.0,CCCCCCCCCCCCCCCCCC(=O)[O-].CCCCCCCCCCCCCCCCCC(=O)[O-].CCCCCCCCCCCCCCCCCC(=O)[O-].[Al+3],877.4,,120.0,0.0,6.0,45.0,PubChem,Available
191,Aluminum chloride,24012.0,[Al](Cl)(Cl)Cl,133.34,,0.0,0.0,0.0,0.0,PubChem,Available
192,Aluminum chlorohydrate,71586946.0,O.[OH-].[OH-].[OH-].[OH-].[OH-].[Al+3].[Al+3].[Cl-],192.47,,6.0,6.0,7.0,0.0,PubChem,Available
193,Aluminum sulfate,24850.0,[O-]S(=O)(=O)[O-].[O-]S(=O)(=O)[O-].[O-]S(=O)(=O)[O-].[Al+3].[Al+3],342.2,,266.0,0.0,12.0,0.0,PubChem,Available
194,Alverine,3678.0,CCN(CCCC1=CC=CC=C1)CCCC2=CC=CC=C2,281.4,5.3,3.2,0.0,1.0,9.0,PubChem,Available
195,Alvimopan,5488548.0,CC1CN(CCC1(C)C2=CC(=CC=C2)O)CC(CC3=CC=CC=C3)C(=O)NCC(=O)O,424.5,1.7,89.9,3.0,5.0,8.0,PubChem,Available
196,Alvocidib,5287969.0,CN1CCC(C(C1)O)C2=C(C=C(C3=C2OC(=CC3=O)C4=CC=CC=C4Cl)O)O,401.8,3.3,90.2,3.0,6.0,2.0,PubChem,Available
197,Amantadine,2130.0,C1C2CC3CC1CC(C2)(C3)N,151.25,2.4,26.0,1.0,1.0,0.0,PubChem,Available
198,Ambenonium,2131.0,CC[N+](CC)(CCNC(=O)C(=O)NCC[N+](CC)(CC)CC1=CC=CC=C1Cl)CC2=CC=CC=C2Cl,537.6,5.1,58.2,2.0,2.0,14.0,PubChem,Available
199,Ambrisentan,6918493.0,CC1=CC(=NC(=N1)OC(C(=O)O)C(C2=CC=CC=C2)(C3=CC=CC=C3)OC)C,378.4,3.8,81.5,1.0,6.0,7.0,PubChem,Available
200,Ambroxol,2132.0,C1CC(CCC1NCC2=C(C(=CC(=C2)Br)Br)N)O,378.1,2.6,58.3,3.0,3.0,3.0,PubChem,Available
201,Amcinonide,443958.0,CC(=O)OCC(=O)C12C(CC3C1(CC(C4(C3CCC5=CC(=O)C=CC54C)F)O)C)OC6(O2)CCCC6,502.6,3.6,99.1,1.0,8.0,4.0,PubChem,Available
202,Amdinocillin,36273.0,CC1(C(N2C(S1)C(C2=O)N=CN3CCCCCC3)C(=O)O)C,325.4,2.1,98.5,1.0,5.0,3.0,PubChem,Available
203,Amibegron,3035442.0,CCOC(=O)COC1=CC2=C(CCC(C2)NCC(C3=CC(=CC=C3)Cl)O)C=C1,403.9,3.9,67.8,2.0,5.0,9.0,PubChem,Available
204,Amidephrine,15010.0,CNCC(C1=CC(=CC=C1)NS(=O)(=O)C)O,244.31,-1.0,86.8,3.0,5.0,5.0,PubChem,Available
205,Amifampridine,5918.0,C1=CN=CC(=C1N)N,109.13,-0.5,64.9,2.0,3.0,0.0,PubChem,Available
206,Amifostine,2141.0,C(CN)CNCCSP(=O)(O)O,214.23,-4.5,121.0,4.0,6.0,7.0,PubChem,Available
207,Amikacin,37768.0,C1C(C(C(C(C1NC(=O)C(CCN)O)OC2C(C(C(C(O2)CO)O)N)O)O)OC3C(C(C(C(O3)CN)O)O)O)N,585.6,-7.9,332.0,13.0,17.0,10.0,PubChem,Available
208,Amiloride,16231.0,C1(=C(N=C(C(=N1)Cl)N)N)C(=O)N=C(N)N,229.63,-0.7,159.0,4.0,5.0,1.0,PubChem,Available
209,Amineptine,34870.0,C1CC2=CC=CC=C2C(C3=CC=CC=C31)NCCCCCCC(=O)O,337.5,2.1,49.3,2.0,3.0,8.0,PubChem,Available
210,Aminoglutethimide,2145.0,CCC1(CCC(=O)NC1=O)C2=CC=C(C=C2)N,232.28,1.2,72.2,2.0,3.0,2.0,PubChem,Available
211,Aminohippuric acid,2148.0,C1=CC(=CC=C1C(=O)NCC(=O)O)N,194.19,-0.9,92.4,3.0,4.0,3.0,PubChem,Available
212,Aminolevulinic acid,137.0,C(CC(=O)O)C(=O)CN,131.13,-3.8,80.4,2.0,4.0,4.0,PubChem,Available
213,Aminomethylbenzoic acid,65526.0,C1=CC(=CC=C1CN)C(=O)O,151.16,-1.6,63.3,2.0,3.0,2.0,PubChem,Available
214,Aminophenazone,6009.0,CC1=C(C(=O)N(N1C)C2=CC=CC=C2)N(C)C,231.29,1.0,26.8,0.0,3.0,2.0,PubChem,Available
215,Aminophylline,9433.0,CN1C2=C(C(=O)N(C1=O)C)NC=N2.CN1C2=C(C(=O)N(C1=O)C)NC=N2.C(CN)N,420.43,,191.0,4.0,8.0,1.0,PubChem,Available
216,Aminopterin,169371.0,C1=CC(=CC=C1C(=O)NC(CCC(=O)O)C(=O)O)NCC2=CN=C3C(=N2)C(=NC(=N3)N)N,440.4,-2.0,219.0,6.0,12.0,9.0,PubChem,Available
217,Aminosalicylic acid,4649.0,C1=CC(=C(C=C1N)O)C(=O)O,153.14,1.3,83.6,3.0,4.0,1.0,PubChem,Available
218,Amiodarone,2157.0,CCCCC1=C(C2=CC=CC=C2O1)C(=O)C3=CC(=C(C(=C3)I)OCCN(CC)CC)I,645.3,7.6,42.7,0.0,4.0,11.0,PubChem,Available
219,Amisulpride,2159.0,CCN1CCCC1CNC(=O)C2=CC(=C(C=C2OC)N)S(=O)(=O)CC,369.5,1.5,110.0,2.0,6.0,7.0,PubChem,Available
220,Amithiozone,9568512.0,CC(=O)NC1=CC=C(C=C1)C=NNC(=S)N,236.3,1.0,112.0,3.0,3.0,3.0,PubChem,Available
221,Amitraz,36324.0,CC1=CC(=C(C=C1)N=CN(C)C=NC2=C(C=C(C=C2)C)C)C,293.4,5.5,28.0,0.0,2.0,4.0,PubChem,Available
222,Amitriptyline,2160.0,CN(C)CCC=C1C2=CC=CC=C2CCC3=CC=CC=C31,277.4,5.0,3.2,0.0,1.0,3.0,PubChem,Available
223,Amitriptylinoxide,20313.0,C[N+](C)(CCC=C1C2=CC=CC=C2CCC3=CC=CC=C31)[O-],293.4,4.5,18.1,0.0,1.0,3.0,PubChem,Available
224,Amlodipine,2162.0,CCOC(=O)C1=C(NC(=C(C1C2=CC=CC=C2Cl)C(=O)OC)C)COCCN,408.9,3.0,99.9,2.0,7.0,10.0,PubChem,Available
225,Ammonia N-13,119432.0,N,16.03,-0.7,1.0,1.0,1.0,0.0,PubChem,Available
226,Ammonium bicarbonate,14013.0,C(=O)(O)[O-].[NH4+],79.056,,61.4,2.0,3.0,0.0,PubChem,Available
227,Ammonium lactate,62358.0,CC(C(=O)[O-])O.[NH4+],107.11,,61.4,2.0,3.0,0.0,PubChem,Available
228,Ammonium tetrathiomolybdate,15251598.0,[NH4+].[NH4+].[SH-].[SH-].S=[Mo]=S,262.3,,68.2,4.0,4.0,0.0,PubChem,Available
229,Amobarbital,2164.0,CCC1(C(=O)NC(=O)NC1=O)CCC(C)C,226.27,2.1,75.3,2.0,3.0,4.0,PubChem,Available
230,Amodiaquine,2165.0,CCN(CC)CC1=C(C=CC(=C1)NC2=C3C=CC(=CC3=NC=C2)Cl)O,355.9,2.6,48.4,2.0,4.0,6.0,PubChem,Available
231,Amonafide,50515.0,CN(C)CCN1C(=O)C2=CC=CC3=CC(=CC(=C32)C1=O)N,283.32,1.5,66.6,1.0,4.0,3.0,PubChem,Available
232,Amoxapine,2170.0,C1CN(CCN1)C2=NC3=CC=CC=C3OC4=C2C=C(C=C4)Cl,313.8,2.6,36.9,1.0,3.0,1.0,PubChem,Available
233,Amoxicillin,33613.0,CC1(C(N2C(S1)C(C2=O)NC(=O)C(C3=CC=C(C=C3)O)N)C(=O)O)C,365.4,-2.0,158.0,4.0,7.0,4.0,PubChem,Available
234,Amperozide,73333.0,CCNC(=O)N1CCN(CC1)CCCC(C2=CC=C(C=C2)F)C3=CC=C(C=C3)F,401.5,4.1,35.6,1.0,4.0,7.0,PubChem,Available
235,Amphetamine,3007.0,CC(CC1=CC=CC=C1)N,135.21,1.8,26.0,1.0,1.0,2.0,PubChem,Available
236,Amphotericin B,5280965.0,CC1C=CC=CC=CC=CC=CC=CC=CC(CC2C(C(CC(O2)(CC(CC(C(CCC(CC(CC(=O)OC(C(C1O)C)C)O)O)O)O)O)O)O)C(=O)O)OC3C(C(C(C(O3)C)O)N)O,924.1,0.0,320.0,12.0,18.0,3.0,PubChem,Available
237,Ampicillin,6249.0,CC1(C(N2C(S1)C(C2=O)NC(=O)C(C3=CC=CC=C3)N)C(=O)O)C,349.4,-1.1,138.0,3.0,6.0,4.0,PubChem,Available
238,Amprenavir,65016.0,CC(C)CN(CC(C(CC1=CC=CC=C1)NC(=O)OC2CCOC2)O)S(=O)(=O)C3=CC=C(C=C3)N,505.6,2.9,140.0,3.0,8.0,12.0,PubChem,Available
239,Amrinone,3698.0,C1=CN=CC=C1C2=CNC(=O)C(=C2)N,187.2,-0.2,68.0,2.0,3.0,1.0,PubChem,Available
240,Amrubicin,3035016.0,CC(=O)C1(CC(C2=C(C1)C(=C3C(=C2O)C(=O)C4=CC=CC=C4C3=O)O)OC5CC(C(CO5)O)O)N,483.5,0.9,177.0,5.0,10.0,3.0,PubChem,Available
241,Amsacrine,2179.0,COC1=C(C=CC(=C1)NS(=O)(=O)C)NC2=C3C=CC=CC3=NC4=CC=CC=C42,393.5,4.0,88.7,2.0,6.0,5.0,PubChem,Available
242,Amyl Nitrite,8053.0,CC(C)CCON=O,117.15,1.7,38.7,0.0,3.0,3.0,PubChem,Available
243,Anagliptin,44513473.0,CC1=NN2C=C(C=NC2=C1)C(=O)NCC(C)(C)NCC(=O)N3CCCC3C#N,383.4,0.0,115.0,2.0,6.0,6.0,PubChem,Available
244,Anagrelide,135409400.0,C1C2=C(C=CC(=C2Cl)Cl)N=C3N1CC(=O)N3,256.08,1.6,44.7,1.0,2.0,0.0,PubChem,Available
245,Anastrozole,2187.0,CC(C)(C#N)C1=CC(=CC(=C1)CN2C=NC=N2)C(C)(C)C#N,293.4,2.1,78.3,0.0,4.0,4.0,PubChem,Available
246,Andrographolide,5318517.0,CC12CCC(C(C1CCC(=C)C2CC=C3C(COC3=O)O)(C)CO)O,350.4,2.2,87.0,3.0,5.0,3.0,PubChem,Available
247,Androstenediol,10634.0,CC12CCC3C(C1CCC2O)CC=C4C3(CCC(C4)O)C,290.4,3.5,40.5,2.0,2.0,0.0,PubChem,Available
248,Androstenedione,6128.0,CC12CCC(=O)C=C1CCC3C2CCC4(C3CCC4=O)C,286.4,2.7,34.1,0.0,2.0,0.0,PubChem,Available
249,Anecortave,7074810.0,CC12CCC(=O)C=C1CCC3C2=CCC4(C3CCC4(C(=O)CO)O)C,344.4,2.0,74.6,2.0,4.0,2.0,PubChem,Available
250,Angiotensin 1-7,123805.0,CCC(C)C(C(=O)NC(CC1=CN=CN1)C(=O)N2CCCC2C(=O)O)NC(=O)C(CC3=CC=C(C=C3)O)NC(=O)C(C(C)C)NC(=O)C(CCCN=C(N)N)NC(=O)C(CC(=O)O)N,899.0,-3.0,380.0,12.0,14.0,25.0,PubChem,Available
251,Anileridine,8944.0,CCOC(=O)C1(CCN(CC1)CCC2=CC=C(C=C2)N)C3=CC=CC=C3,352.5,3.7,55.6,1.0,4.0,7.0,PubChem,Available
252,Aniline,6115.0,C1=CC=C(C=C1)N,93.13,0.9,26.0,1.0,1.0,0.0,PubChem,Available
253,Aniracetam,2196.0,COC1=CC=C(C=C1)C(=O)N2CCCC2=O,219.24,1.6,46.6,0.0,3.0,2.0,PubChem,Available
254,Anisodamine,6918612.0,CN1C2CC(CC1C(C2)O)OC(=O)C(CO)C3=CC=CC=C3,305.4,0.9,70.0,2.0,5.0,5.0,PubChem,Available
255,Anisotropine methylbromide,657201.0,CCCC(CCC)C(=O)OC1CC2CCC(C1)[N+]2(C)C.[Br-],362.3,,26.3,0.0,3.0,7.0,PubChem,Available
256,Annamycin,115212.0,CC1C(C(C(C(O1)OC2CC(CC3=C2C(=C4C(=C3O)C(=O)C5=CC=CC=C5C4=O)O)(C(=O)CO)O)I)O)O,640.4,2.2,191.0,6.0,11.0,4.0,PubChem,Available
257,Antazoline,2200.0,C1CN=C(N1)CN(CC2=CC=CC=C2)C3=CC=CC=C3,265.35,2.6,27.6,1.0,2.0,5.0,PubChem,Available
258,Antipyrine,2206.0,CC1=CC(=O)N(N1C)C2=CC=CC=C2,188.23,0.4,23.6,0.0,2.0,1.0,PubChem,Available
259,Antrafenine,68723.0,C1CN(CCN1CCOC(=O)C2=CC=CC=C2NC3=C4C=CC(=CC4=NC=C3)C(F)(F)F)C5=CC=CC(=C5)C(F)(F)F,588.5,7.5,57.7,1.0,12.0,8.0,PubChem,Available
260,Apalutamide,24872560.0,CNC(=O)C1=C(C=C(C=C1)N2C(=S)N(C(=O)C23CCC3)C4=CC(=C(N=C4)C#N)C(F)(F)F)F,477.4,3.0,121.0,1.0,9.0,3.0,PubChem,Available
261,Apaziquone,5813717.0,CN1C(=C(C2=C1C(=O)C=C(C2=O)N3CC3)CO)C=CCO,288.3,-0.5,82.5,2.0,5.0,4.0,PubChem,Available
262,Apixaban,10182969.0,COC1=CC=C(C=C1)N2C3=C(CCN(C3=O)C4=CC=C(C=C4)N5CCCCC5=O)C(=N2)C(=O)N,459.5,2.2,111.0,1.0,5.0,5.0,PubChem,Available
263,Apomorphine,6005.0,CN1CCC2=C3C1CC4=C(C3=CC=C2)C(=C(C=C4)O)O,267.32,2.3,43.7,2.0,3.0,0.0,PubChem,Available
264,Apraclonidine,2216.0,C1CN=C(N1)NC2=C(C=C(C=C2Cl)N)Cl,245.11,1.3,62.4,3.0,2.0,2.0,PubChem,Available
265,Apramycin,3081545.0,CNC1C(C2C(CC(C(O2)OC3C(CC(C(C3O)O)N)N)N)OC1OC4C(C(C(C(O4)CO)N)O)O)O,539.6,-7.0,284.0,11.0,16.0,6.0,PubChem,Available
266,Apremilast,11561674.0,CCOC1=C(C=CC(=C1)C(CS(=O)(=O)C)N2C(=O)C3=C(C2=O)C(=CC=C3)NC(=O)C)OC,460.5,1.8,127.0,1.0,7.0,8.0,PubChem,Available
267,Aprepitant,135413536.0,CC(C1=CC(=CC(=C1)C(F)(F)F)C(F)(F)F)OC2C(N(CCO2)CC3=NNC(=O)N3)C4=CC=C(C=C4)F,534.4,4.2,75.2,2.0,12.0,6.0,PubChem,Available
268,Aprindine,2218.0,CCN(CC)CCCN(C1CC2=CC=CC=C2C1)C3=CC=CC=C3,322.5,5.2,6.5,0.0,2.0,8.0,PubChem,Available
269,Aprobarbital,6464.0,CC(C)C1(C(=O)NC(=O)NC1=O)CC=C,210.23,1.1,75.3,2.0,3.0,3.0,PubChem,Available
270,Aprocitentan,25099191.0,C1=CC(=CC=C1C2=C(N=CN=C2OCCOC3=NC=C(C=N3)Br)NS(=O)(=O)N)Br,546.2,2.4,151.0,2.0,10.0,8.0,PubChem,Available
271,Apronalide,10715.0,CC(C)C(CC=C)C(=O)NC(=O)N,184.24,1.7,72.2,2.0,2.0,4.0,PubChem,Available
272,Arachidonic Acid,444899.0,CCCCCC=CCC=CCC=CCC=CCCCC(=O)O,304.5,6.3,37.3,1.0,2.0,14.0,PubChem,Available
273,Aramchol,18738120.0,CCCCCCCCCCCCCCCCCCCC(=O)NC1CCC2(C(C1)CC(C3C2CC(C4(C3CCC4C(C)CCC(=O)O)C)O)O)C,702.1,13.1,107.0,4.0,5.0,23.0,PubChem,Available
274,Aranidipine,2225.0,CC1=C(C(C(=C(N1)C)C(=O)OCC(=O)C)C2=CC=CC=C2[N+](=O)[O-])C(=O)OC,388.4,2.0,128.0,1.0,8.0,7.0,PubChem,Available
275,Arbaclofen,44602.0,C1=CC(=CC=C1C(CC(=O)O)CN)Cl,213.66,-1.0,63.3,2.0,3.0,4.0,PubChem,Available
276,Arbaclofen Placarbil,11281011.0,CC(C)C(OC(=O)C(C)C)OC(=O)NCC(CC(=O)O)C1=CC=C(C=C1)Cl,399.9,4.2,102.0,2.0,6.0,11.0,PubChem,Available
277,Arbekacin,68682.0,C1CC(C(OC1CN)OC2C(CC(C(C2O)OC3C(C(C(C(O3)CO)O)N)O)NC(=O)C(CCN)O)N)N,552.6,-6.8,297.0,11.0,15.0,10.0,PubChem,Available
278,Arbutamine,60789.0,C1=CC(=CC=C1CCCCNCC(C2=CC(=C(C=C2)O)O)O)O,317.4,0.9,93.0,5.0,5.0,8.0,PubChem,Available
279,Arecoline,2230.0,CN1CCC=C(C1)C(=O)OC,155.19,0.3,29.5,0.0,3.0,2.0,PubChem,Available
280,Arformoterol,3083544.0,CC(CC1=CC=C(C=C1)OC)NCC(C2=CC(=C(C=C2)O)NC=O)O,344.4,1.8,90.8,4.0,5.0,8.0,PubChem,Available
281,Argatroban,92722.0,CC1CCN(C(C1)C(=O)O)C(=O)C(CCCN=C(N)N)NS(=O)(=O)C2=CC=CC3=C2NCC(C3)C,508.6,1.3,189.0,5.0,8.0,9.0,PubChem,Available
282,Aripiprazole,60795.0,C1CC(=O)NC2=C1C=CC(=C2)OCCCCN3CCN(CC3)C4=C(C(=CC=C4)Cl)Cl,448.4,4.6,44.8,1.0,4.0,7.0,PubChem,Available
283,Aripiprazole lauroxil,49831411.0,CCCCCCCCCCCC(=O)OCN1C(=O)CCC2=C1C=C(C=C2)OCCCCN3CCN(CC3)C4=C(C(=CC=C4)Cl)Cl,660.7,10.0,62.3,0.0,6.0,20.0,PubChem,Available
284,Arketamine,644025.0,CNC1(CCCCC1=O)C2=CC=CC=C2Cl,237.72,2.2,29.1,1.0,2.0,2.0,PubChem,Available
285,Armodafinil,9690109.0,C1=CC=C(C=C1)C(C2=CC=CC=C2)S(=O)CC(=O)N,273.4,1.7,79.4,1.0,3.0,5.0,PubChem,Available
286,Arotinolol,2239.0,CC(C)(C)NCC(CSC1=NC(=CS1)C2=CC=C(S2)C(=O)N)O,371.5,2.3,170.0,3.0,7.0,8.0,PubChem,Available
287,Arsenic trioxide,14888.0,[O-2].[O-2].[O-2].[As+3].[As+3],197.841,,3.0,0.0,3.0,0.0,PubChem,Available
288,Artefenomel,24999143.0,C1CC2(CCC1C3=CC=C(C=C3)OCCN4CCOCC4)OC5(C6CC7CC(C6)CC5C7)OO2,469.6,4.6,49.4,0.0,6.0,5.0,PubChem,Available
289,Artemether,68911.0,CC1CCC2C(C(OC3C24C1CCC(O3)(OO4)C)OC)C,298.37,3.1,46.2,0.0,5.0,1.0,PubChem,Available
290,Artemisinin,68827.0,CC1CCC2C(C(=O)OC3C24C1CCC(O3)(OO4)C)C,282.33,2.8,54.0,0.0,5.0,0.0,PubChem,Available
291,Artemotil,3000469.0,CCOC1C(C2CCC(C3C24C(O1)OC(CC3)(OO4)C)C)C,312.4,3.4,46.2,0.0,5.0,2.0,PubChem,Available
292,Artenimol,3000518.0,CC1CCC2C(C(OC3C24C1CCC(O3)(OO4)C)O)C,284.35,2.5,57.2,1.0,5.0,0.0,PubChem,Available
293,Artesunate,6917864.0,CC1CCC2C(C(OC3C24C1CCC(O3)(OO4)C)OC(=O)CCC(=O)O)C,384.4,2.5,101.0,1.0,8.0,5.0,PubChem,Available
294,Articaine,32170.0,CCCNC(C)C(=O)NC1=C(SC=C1C)C(=O)OC,284.38,2.8,95.7,2.0,5.0,7.0,PubChem,Available
295,Asciminib,72165228.0,C1CN(CC1O)C2=C(C=C(C=N2)C(=O)NC3=CC=C(C=C3)OC(F)(F)Cl)C4=CC=NN4,449.8,3.0,103.0,3.0,8.0,6.0,PubChem,Available
296,Ascorbic acid,54670067.0,C(C(C1C(=C(C(=O)O1)O)O)O)O,176.12,-1.6,107.0,4.0,6.0,2.0,PubChem,Available
297,Asenapine,163091.0,CN1CC2C(C1)C3=C(C=CC(=C3)Cl)OC4=CC=CC=C24,285.8,3.8,12.5,0.0,2.0,0.0,PubChem,Available
298,Aspartame,134601.0,COC(=O)C(CC1=CC=CC=C1)NC(=O)C(CC(=O)O)N,294.3,-2.7,119.0,3.0,6.0,8.0,PubChem,Available
299,Aspartic acid,5960.0,C(C(C(=O)O)N)C(=O)O,133.1,-2.8,101.0,3.0,5.0,3.0,PubChem,Available
300,Aspoxicillin,71961.0,CC1(C(N2C(S1)C(C2=O)NC(=O)C(C3=CC=C(C=C3)O)NC(=O)C(CC(=O)NC)N)C(=O)O)C,493.5,-3.4,216.0,6.0,9.0,8.0,PubChem,Available
301,Astaxanthin,5281224.0,CC1=C(C(CC(C1=O)O)(C)C)C=CC(=CC=CC(=CC=CC=C(C)C=CC=C(C)C=CC2=C(C(=O)C(CC2(C)C)O)C)C)C,596.8,10.3,74.6,2.0,4.0,10.0,PubChem,Available
302,Astemizole,2247.0,COC1=CC=C(C=C1)CCN2CCC(CC2)NC3=NC4=CC=CC=C4N3CC5=CC=C(C=C5)F,458.6,6.0,42.3,1.0,5.0,8.0,PubChem,Available
303,Asunaprevir,16076883.0,CC(C)(C)C(C(=O)N1CC(CC1C(=O)NC2(CC2C=C)C(=O)NS(=O)(=O)C3CC3)OC4=NC=C(C5=C4C=C(C=C5)Cl)OC)NC(=O)OC(C)(C)C,748.3,4.9,191.0,3.0,10.0,14.0,PubChem,Available
304,Ataluren,11219835.0,C1=CC=C(C(=C1)C2=NC(=NO2)C3=CC(=CC=C3)C(=O)O)F,284.24,3.1,76.2,1.0,6.0,3.0,PubChem,Available
305,Atamestane,57050.0,CC1=CC(=O)C=C2C1(C3CCC4(C(C3CC2)CCC4=O)C)C,298.4,2.9,34.1,0.0,2.0,0.0,PubChem,Available
306,Atazanavir,148192.0,CC(C)(C)C(C(=O)NC(CC1=CC=CC=C1)C(CN(CC2=CC=C(C=C2)C3=CC=CC=N3)NC(=O)C(C(C)(C)C)NC(=O)OC)O)NC(=O)OC,704.9,5.6,171.0,5.0,9.0,18.0,PubChem,Available
307,Aticaprant,44129648.0,CC1=CC(=CC(=C1)C2CCCN2CC3=CC=C(C=C3)OC4=C(C=C(C=C4)C(=O)N)F)C,418.5,5.0,55.6,1.0,4.0,6.0,PubChem,Available
308,Atipamezole,71310.0,CCC1(CC2=CC=CC=C2C1)C3=CN=CN3,212.29,3.0,28.7,1.0,1.0,2.0,PubChem,Available
309,Atogepant,72163100.0,CC1C(CC(C(=O)N1CC(F)(F)F)NC(=O)C2=CC3=C(CC4(C3)C5=C(NC4=O)N=CC=C5)N=C2)C6=C(C=CC(=C6F)F)F,603.5,3.4,104.0,2.0,11.0,4.0,PubChem,Available
310,Atomoxetine,54841.0,CC1=CC=CC=C1OC(CCNC)C2=CC=CC=C2,255.35,3.7,21.3,1.0,2.0,6.0,PubChem,Available
311,Atorvastatin,60823.0,CC(C)C1=C(C(=C(N1CCC(CC(CC(=O)O)O)O)C2=CC=C(C=C2)F)C3=CC=CC=C3)C(=O)NC4=CC=CC=C4,558.6,5.0,112.0,4.0,6.0,12.0,PubChem,Available
312,Atosiban,5311010.0,CCC(C)C1C(=O)NC(C(=O)NC(C(=O)NC(CSSCCC(=O)NC(C(=O)N1)CC2=CC=C(C=C2)OCC)C(=O)N3CCCC3C(=O)NC(CCCN)C(=O)NCC(=O)N)CC(=O)N)C(C)O,994.2,-1.9,416.0,11.0,15.0,18.0,PubChem,Available
313,Atovaquone,74989.0,C1CC(CCC1C2=CC=C(C=C2)Cl)C3=C(C4=CC=CC=C4C(=O)C3=O)O,366.8,5.2,54.4,1.0,3.0,2.0,PubChem,Available
314,Atracurium besylate,47320.0,C[N+]1(CCC2=CC(=C(C=C2C1CC3=CC(=C(C=C3)OC)OC)OC)OC)CCC(=O)OCCCCCOC(=O)CC[N+]4(CCC5=CC(=C(C=C5C4CC6=CC(=C(C=C6)OC)OC)OC)OC)C.C1=CC=C(C=C1)S(=O)(=O)[O-].C1=CC=C(C=C1)S(=O)(=O)[O-],1243.5,,258.0,0.0,18.0,26.0,PubChem,Available
315,Atrasentan,159594.0,CCCCN(CCCC)C(=O)CN1CC(C(C1C2=CC=C(C=C2)OC)C(=O)O)C3=CC4=C(C=C3)OCO4,510.6,2.4,88.5,1.0,7.0,12.0,PubChem,Available
316,Atropine,174174.0,CN1C2CCC1CC(C2)OC(=O)C(CO)C3=CC=CC=C3,289.4,1.8,49.8,1.0,4.0,5.0,PubChem,Available
317,Auranofin,16667669.0,CCP(CC)CC.CC(=O)OCC1C(C(C(C(O1)[S-])OC(=O)C)OC(=O)C)OC(=O)C.[Au+],678.5,,115.0,0.0,10.0,12.0,PubChem,Available
318,Aurodox,135509117.0,CCC(C(=O)NCC=CC=C(C)C(C(C)C1C(C(C(O1)C=CC=CC=C(C)C(=O)C2=C(C=CN(C2=O)C)O)O)O)OC)C3(C(C(C(C(O3)C=CC=CC)(C)C)O)O)O,811.0,4.0,216.0,7.0,12.0,17.0,PubChem,Available
319,Aurothioglucose,6104.0,C(C1C(C(C(C(O1)[S-])O)O)O)O.[Au+],392.18,,91.2,4.0,6.0,1.0,PubChem,Available
320,Avacopan,49841217.0,CC1=C(C(=CC=C1)F)C(=O)N2CCCC(C2C3=CC=C(C=C3)NC4CCCC4)C(=O)NC5=CC(=C(C=C5)C)C(F)(F)F,581.6,7.2,61.4,2.0,7.0,6.0,PubChem,Available
321,Avanafil,9869929.0,COC1=C(C=C(C=C1)CNC2=NC(=NC=C2C(=O)NCC3=NC=CC=N3)N4CCCC4CO)Cl,483.9,2.6,125.0,3.0,9.0,9.0,PubChem,Available
322,Avapritinib,118023034.0,CC(C1=CC=C(C=C1)F)(C2=CN=C(N=C2)N3CCN(CC3)C4=NC=NN5C4=CC(=C5)C6=CN(N=C6)C)N,498.6,1.9,106.0,1.0,9.0,5.0,PubChem,Available
323,Avasimibe,166558.0,CC(C)C1=C(C(=CC=C1)C(C)C)OS(=O)(=O)NC(=O)CC2=C(C=C(C=C2C(C)C)C(C)C)C(C)C,501.7,8.2,80.9,1.0,4.0,10.0,PubChem,Available
324,Avatrombopag,9852519.0,C1CCC(CC1)N2CCN(CC2)C3=C(N=C(S3)NC(=O)C4=CC(=C(N=C4)N5CCC(CC5)C(=O)O)Cl)C6=CC(=CS6)Cl,649.7,4.0,158.0,2.0,10.0,7.0,PubChem,Available
325,Avibactam,9835049.0,C1CC(N2CC1N(C2=O)OS(=O)(=O)O)C(=O)N,265.25,-1.8,139.0,2.0,6.0,3.0,PubChem,Available
326,Avilamycin,71674.0,CC1C(C(CC(O1)OC2C(OC3(CC2O)OC4C(OC(CC4(O3)C)OC5C(C(OC(C5OC)C)OC6C(OC(C(C6O)OC)OC7C(C8C(CO7)OC9(O8)C1C(C(C(O9)C)(C(=O)C)O)OCO1)OC(=O)C(C)C)COC)O)C)C)O)OC(=O)C1=C(C(=C(C(=C1OC)Cl)O)Cl)C,1404.2,0.6,385.0,6.0,32.0,20.0,PubChem,Available
327,Axelopran,67156338.0,C1CCC(CC1)CN(CCN2C3CCC2CC(C3)C4=CC(=CC=C4)C(=O)N)C(=O)C(CO)O,457.6,2.6,107.0,3.0,5.0,9.0,PubChem,Available
328,Axitinib,6450551.0,CNC(=O)C1=CC=CC=C1SC2=CC3=C(C=C2)C(=NN3)C=CC4=CC=CC=N4,386.5,4.2,96.0,2.0,4.0,5.0,PubChem,Available
329,Azacitidine,9444.0,C1=NC(=NC(=O)N1C2C(C(C(O2)CO)O)O)N,244.2,-2.2,141.0,4.0,5.0,2.0,PubChem,Available
330,Azaperone,15443.0,C1CN(CCN1CCCC(=O)C2=CC=C(C=C2)F)C3=CC=CC=N3,327.4,3.3,36.4,0.0,5.0,6.0,PubChem,Available
331,Azapropazone,26098.0,CCCC1C(=O)N2C3=C(C=CC(=C3)C)N=C(N2C1=O)N(C)C,300.36,4.0,56.2,0.0,3.0,3.0,PubChem,Available
332,Azatadine,19861.0,CN1CCC(=C2C3=CC=CC=C3CCC4=C2N=CC=C4)CC1,290.4,3.6,16.1,0.0,2.0,0.0,PubChem,Available
333,Azathioprine,2265.0,CN1C=NC(=C1SC2=NC=NC3=C2NC=N3)[N+](=O)[O-],277.27,0.1,143.0,1.0,7.0,2.0,PubChem,Available
334,Azelaic acid,2266.0,C(CCCC(=O)O)CCCC(=O)O,188.22,1.6,74.6,2.0,4.0,8.0,PubChem,Available
335,Azelastine,2267.0,CN1CCCC(CC1)N2C(=O)C3=CC=CC=C3C(=N2)CC4=CC=C(C=C4)Cl,381.9,4.4,35.9,0.0,3.0,3.0,PubChem,Available
336,Azelnidipine,65948.0,CC1=C(C(C(=C(N1)N)C(=O)OC2CN(C2)C(C3=CC=CC=C3)C4=CC=CC=C4)C5=CC(=CC=C5)[N+](=O)[O-])C(=O)OC(C)C,582.6,6.0,140.0,2.0,9.0,10.0,PubChem,Available
337,Azidamfenicol,62858.0,C1=CC(=CC=C1C(C(CO)NC(=O)CN=[N+]=[N-])O)[N+](=O)[O-],295.25,1.0,130.0,3.0,7.0,6.0,PubChem,Available
338,Azidocillin,15574941.0,CC1(C(N2C(S1)C(C2=O)NC(=O)C(C3=CC=CC=C3)N=[N+]=[N-])C(=O)O)C,375.4,2.8,126.0,2.0,7.0,5.0,PubChem,Available
339,Azilsartan medoxomil,135409642.0,CCOC1=NC2=CC=CC(=C2N1CC3=CC=C(C=C3)C4=CC=CC=C4C5=NOC(=O)N5)C(=O)OCC6=C(OC(=O)O6)C,568.5,4.9,140.0,1.0,10.0,10.0,PubChem,Available
340,Azimilide,9571004.0,CN1CCN(CC1)CCCCN2C(=O)CN(C2=O)N=CC3=CC=C(O3)C4=CC=C(C=C4)Cl,458.0,3.2,72.6,0.0,6.0,8.0,PubChem,Available
341,Azithromycin,447043.0,CCC1C(C(C(N(CC(CC(C(C(C(C(C(=O)O1)C)OC2CC(C(C(O2)C)O)(C)OC)C)OC3C(C(CC(O3)C)N(C)C)O)(C)O)C)C)C)O)(C)O,749.0,4.0,180.0,5.0,14.0,7.0,PubChem,Available
342,Azlocillin,6479523.0,CC1(C(N2C(S1)C(C2=O)NC(=O)C(C3=CC=CC=C3)NC(=O)N4CCNC4=O)C(=O)O)C,461.5,0.1,173.0,4.0,7.0,5.0,PubChem,Available
343,Azosemide,2273.0,C1=CSC(=C1)CNC2=CC(=C(C=C2C3=NNN=N3)S(=O)(=O)N)Cl,370.8,1.5,163.0,3.0,8.0,5.0,PubChem,Available
344,Aztreonam,5742832.0,CC1C(C(=O)N1S(=O)(=O)O)NC(=O)C(=NOC(C)(C)C(=O)O)C2=CSC(=N2)N,435.4,0.3,238.0,4.0,12.0,7.0,PubChem,Available
345,BQ-123,443289.0,CC(C)CC1C(=O)NC(C(=O)NC(C(=O)N2CCCC2C(=O)NC(C(=O)N1)C(C)C)CC(=O)O)CC3=CNC4=CC=CC=C43,610.7,2.2,190.0,6.0,7.0,7.0,PubChem,Available
346,Bacampicillin,441397.0,CCOC(=O)OC(C)OC(=O)C1C(SC2N1C(=O)C2NC(=O)C(C3=CC=CC=C3)N)(C)C,465.5,2.7,163.0,2.0,9.0,10.0,PubChem,Available
347,Bacitracin,10909430.0,CCC(C)C1C(=O)NC(C(=O)NC(C(=O)NC(C(=O)NC(C(=O)NCCCCC(C(=O)NC(C(=O)N1)CCCN)NC(=O)C(C(C)CC)NC(=O)C(CCC(=O)O)NC(=O)C(CC(C)C)NC(=O)C2CSC(=N2)C(C(C)CC)N)CC(=O)N)CC(=O)O)CC3=CN=CN3)CC4=CC=CC=C4,1422.7,-4.1,556.0,17.0,21.0,31.0,PubChem,Available
348,Bafilomycin A1,6436223.0,CC1CC(=CC=CC(C(OC(=O)C(=CC(=CC(C1O)C)C)OC)C(C)C(C(C)C2(CC(C(C(O2)C(C)C)C)O)O)O)OC)C,622.8,6.0,135.0,4.0,9.0,7.0,PubChem,Available
349,Balaglitazone,9889200.0,CN1C(=NC2=CC=CC=C2C1=O)COC3=CC=C(C=C3)CC4C(=O)NC(=O)S4,395.4,2.7,113.0,1.0,6.0,5.0,PubChem,Available
350,Balsalazide,54585.0,C1=CC(=CC=C1C(=O)NCCC(=O)O)N=NC2=CC(=C(C=C2)O)C(=O)O,357.32,2.2,149.0,4.0,8.0,7.0,PubChem,Available
351,Bambermycins,6433554.0,CC1C(C(C(C(O1)OC2C(OC(C(C2O)NC(=O)C)OC3C(C(C(OC3OP(=O)(O)OCC(C(=O)OCCC=C(C)CCC=CC(C)(C)CCC(=C)CC=C(C)CCC=C(C)C)O)C(=O)O)(C)O)OC(=O)N)COC4C(C(C(C(O4)CO)O)O)O)NC(=O)C)O)OC5C(C(C(C(O5)C(=O)NC6=C(CCC6=O)O)O)O)O,1597.6,-0.5,602.0,18.0,35.0,39.0,PubChem,Available
352,Bambuterol,54766.0,CC(C)(C)NCC(C1=CC(=CC(=C1)OC(=O)N(C)C)OC(=O)N(C)C)O,367.4,1.2,91.3,2.0,6.0,8.0,PubChem,Available
353,Bamifylline,16229.0,CCN(CCN1C(=NC2=C1C(=O)N(C(=O)N2C)C)CC3=CC=CC=C3)CCO,385.5,1.2,81.9,1.0,5.0,8.0,PubChem,Available
354,Banoxantrone,9955116.0,C[N+](C)(CCNC1=C2C(=C(C=C1)NCC[N+](C)(C)[O-])C(=O)C3=C(C=CC(=C3C2=O)O)O)[O-],444.5,3.3,135.0,4.0,8.0,8.0,PubChem,Available
355,Barbexaclone,71196.0,CCC1(C(=O)NC(=O)NC1=O)C2=CC=CC=C2.CC(CC1CCCCC1)NC,387.5,,87.3,3.0,4.0,5.0,PubChem,Available
356,Barbital,2294.0,CCC1(C(=O)NC(=O)NC1=O)CC,184.19,0.6,75.3,2.0,3.0,2.0,PubChem,Available
357,Baricitinib,44205240.0,CCS(=O)(=O)N1CC(C1)(CC#N)N2C=C(C=N2)C3=C4C=CNC4=NC=N3,371.4,-0.5,129.0,1.0,7.0,5.0,PubChem,Available
358,Barnidipine,443869.0,CC1=C(C(C(=C(N1)C)C(=O)OC2CCN(C2)CC3=CC=CC=C3)C4=CC(=CC=C4)[N+](=O)[O-])C(=O)OC,491.5,4.2,114.0,1.0,8.0,8.0,PubChem,Available
359,Batefenterol,10372836.0,COC1=CC(=C(C=C1CNCC(C2=C3C=CC(=O)NC3=C(C=C2)O)O)Cl)NC(=O)CCN4CCC(CC4)OC(=O)NC5=CC=CC=C5C6=CC=CC=C6,740.2,4.4,161.0,6.0,9.0,14.0,PubChem,Available
360,Batimastat,5362422.0,CC(C)CC(C(CSC1=CC=CS1)C(=O)NO)C(=O)NC(CC2=CC=CC=C2)C(=O)NC,477.6,3.5,161.0,4.0,6.0,12.0,PubChem,Available
361,Bazedoxifene,154257.0,CC1=C(N(C2=C1C=C(C=C2)O)CC3=CC=C(C=C3)OCCN4CCCCCC4)C5=CC=C(C=C5)O,470.6,6.1,57.9,2.0,4.0,7.0,PubChem,Available
362,Beclamide,10391.0,C1=CC=C(C=C1)CNC(=O)CCCl,197.66,1.7,29.1,1.0,1.0,4.0,PubChem,Available
363,Beclomethasone dipropionate,21700.0,CCC(=O)OCC(=O)C1(C(CC2C1(CC(C3(C2CCC4=CC(=O)C=CC43C)Cl)O)C)C)OC(=O)CC,521.0,3.0,107.0,1.0,7.0,8.0,PubChem,Available
364,Becocalcidiol,5289547.0,CCC(C)C1CCC2C1(CCCC2=CC=C3CC(C(=C)C(C3)O)O)C,344.5,4.7,40.5,2.0,2.0,3.0,PubChem,Available
365,Bedaquiline,5388906.0,CN(C)CCC(C1=CC=CC2=CC=CC=C21)(C(C3=CC=CC=C3)C4=C(N=C5C=CC(=CC5=C4)Br)OC)O,555.5,7.2,45.6,1.0,4.0,8.0,PubChem,Available
366,Befunolol,2309.0,CC(C)NCC(COC1=CC=CC2=C1OC(=C2)C(=O)C)O,291.34,2.0,71.7,2.0,5.0,7.0,PubChem,Available
367,Belinostat,6918638.0,C1=CC=C(C=C1)NS(=O)(=O)C2=CC=CC(=C2)C=CC(=O)NO,318.3,1.7,104.0,3.0,5.0,5.0,PubChem,Available
368,Belotecan,6456014.0,CCC1(C2=C(COC1=O)C(=O)N3CC4=C(C5=CC=CC=C5N=C4C3=C2)CCNC(C)C)O,433.5,1.6,91.8,2.0,6.0,5.0,PubChem,Available
369,Belumosudil,11950170.0,CC(C)NC(=O)COC1=CC=CC(=C1)C2=NC3=CC=CC=C3C(=N2)NC4=CC5=C(C=C4)NN=C5,452.5,4.8,105.0,3.0,6.0,7.0,PubChem,Available
370,Belzutifan,117947097.0,CS(=O)(=O)C1=C2C(C(C(C2=C(C=C1)OC3=CC(=CC(=C3)C#N)F)F)F)O,383.3,2.0,95.8,1.0,8.0,3.0,PubChem,Available
371,Bempedoic acid,10472693.0,CC(C)(CCCCCC(CCCCCC(C)(C)C(=O)O)O)C(=O)O,344.5,4.8,94.8,3.0,5.0,14.0,PubChem,Available
372,Benactyzine,9330.0,CCN(CC)CCOC(=O)C(C1=CC=CC=C1)(C2=CC=CC=C2)O,327.4,2.6,49.8,1.0,4.0,9.0,PubChem,Available
373,Benazepril,5362124.0,CCOC(=O)C(CCC1=CC=CC=C1)NC2CCC3=CC=CC=C3N(C2=O)CC(=O)O,424.5,1.3,95.9,2.0,6.0,10.0,PubChem,Available
374,Benazeprilat,5463984.0,C1CC2=CC=CC=C2N(C(=O)C1NC(CCC3=CC=CC=C3)C(=O)O)CC(=O)O,396.4,0.6,107.0,3.0,6.0,8.0,PubChem,Available
375,Bencyclane,2312.0,CN(C)CCCOC1(CCCCCC1)CC2=CC=CC=C2,289.5,4.6,12.5,0.0,2.0,7.0,PubChem,Available
376,Bendamustine,65628.0,CN1C2=C(C=C(C=C2)N(CCCl)CCCl)N=C1CCCC(=O)O,358.3,2.9,58.4,1.0,4.0,9.0,PubChem,Available
377,Bendazac,2313.0,C1=CC=C(C=C1)CN2C3=CC=CC=C3C(=N2)OCC(=O)O,282.29,3.1,64.4,1.0,4.0,5.0,PubChem,Available
378,Bendroflumethiazide,2315.0,C1=CC=C(C=C1)CC2NC3=C(C=C(C(=C3)C(F)(F)F)S(=O)(=O)N)S(=O)(=O)N2,421.4,1.2,135.0,3.0,10.0,3.0,PubChem,Available
379,Benfluorex,2318.0,CC(CC1=CC(=CC=C1)C(F)(F)F)NCCOC(=O)C2=CC=CC=C2,351.4,4.6,38.3,1.0,6.0,8.0,PubChem,Available
380,Benidipine,656668.0,CC1=C(C(C(=C(N1)C)C(=O)OC2CCCN(C2)CC3=CC=CC=C3)C4=CC(=CC=C4)[N+](=O)[O-])C(=O)OC,505.6,4.6,114.0,1.0,8.0,8.0,PubChem,Available
381,Benmoxin,71671.0,CC(C1=CC=CC=C1)NNC(=O)C2=CC=CC=C2,240.3,2.9,41.1,2.0,2.0,4.0,PubChem,Available
382,Benorilate,21102.0,CC(=O)NC1=CC=C(C=C1)OC(=O)C2=CC=CC=C2OC(=O)C,313.3,2.2,81.7,1.0,5.0,6.0,PubChem,Available
383,Benoxaprofen,39941.0,CC(C1=CC2=C(C=C1)OC(=N2)C3=CC=C(C=C3)Cl)C(=O)O,301.72,4.1,63.3,1.0,4.0,3.0,PubChem,Available
384,Benperidol,16363.0,C1CN(CCC1N2C3=CC=CC=C3NC2=O)CCCC(=O)C4=CC=C(C=C4)F,381.4,3.7,52.7,1.0,4.0,6.0,PubChem,Available
385,Benserazide,2327.0,C1=CC(=C(C(=C1CNNC(=O)C(CO)N)O)O)O,257.24,-1.3,148.0,7.0,7.0,5.0,PubChem,Available
386,Bentazepam,135412795.0,C1CCC2=C(C1)C3=C(S2)NC(=O)CN=C3C4=CC=CC=C4,296.4,3.7,69.7,1.0,3.0,1.0,PubChem,Available
387,Benzatropine,1201549.0,CN1C2CCC1CC(C2)OC(C3=CC=CC=C3)C4=CC=CC=C4,307.4,4.5,12.5,0.0,2.0,4.0,PubChem,Available
388,Benzbromarone,2333.0,CCC1=C(C2=CC=CC=C2O1)C(=O)C3=CC(=C(C(=C3)Br)O)Br,424.1,5.7,50.4,1.0,3.0,3.0,PubChem,Available
389,Benzgalantamine,44240142.0,CN1CCC23C=CC(CC2OC4=C(C=CC(=C34)C1)OC)OC(=O)C5=CC=CC=C5,391.5,4.1,48.0,0.0,5.0,4.0,PubChem,Available
390,Benzhydrocodone,49836084.0,CN1CCC23C4C1CC5=C2C(=C(C=C5)OC)OC3C(=CC4)OC(=O)C6=CC=CC=C6,403.5,4.1,48.0,0.0,5.0,4.0,PubChem,Available
391,Benzilone,66248.0,CC[N+]1(CCC(C1)OC(=O)C(C2=CC=CC=C2)(C3=CC=CC=C3)O)CC,354.5,3.6,46.5,1.0,3.0,7.0,PubChem,Available
392,Benziodarone,6237.0,CCC1=C(C2=CC=CC=C2O1)C(=O)C3=CC(=C(C(=C3)I)O)I,518.08,5.6,50.4,1.0,3.0,3.0,PubChem,Available
393,Benznidazole,31593.0,C1=CC=C(C=C1)CNC(=O)CN2C=CN=C2[N+](=O)[O-],260.25,0.9,92.7,1.0,4.0,4.0,PubChem,Available
394,Benzocaine,2337.0,CCOC(=O)C1=CC=C(C=C1)N,165.19,1.9,52.3,1.0,3.0,3.0,PubChem,Available
395,Benzoctamine,28425.0,CNCC12CCC(C3=CC=CC=C31)C4=CC=CC=C24,249.3,3.7,12.0,1.0,1.0,2.0,PubChem,Available
396,Benzoic acid,243.0,C1=CC=C(C=C1)C(=O)O,122.12,1.9,37.3,1.0,2.0,1.0,PubChem,Available
397,Benzonatate,7699.0,CCCCNC1=CC=C(C=C1)C(=O)OCCOCCOCCOCCOCCOCCOCCOCCOCCOC,603.7,2.4,121.0,1.0,12.0,33.0,PubChem,Available
398,Benzphetamine,5311017.0,CC(CC1=CC=CC=C1)N(C)CC2=CC=CC=C2,239.35,4.1,3.2,0.0,1.0,5.0,PubChem,Available
399,Benzquinamide,2342.0,CCN(CC)C(=O)C1CN2CCC3=CC(=C(C=C3C2CC1OC(=O)C)OC)OC,404.5,2.1,68.3,0.0,6.0,7.0,PubChem,Available
400,Benzthiazide,2343.0,C1=CC=C(C=C1)CSCC2=NS(=O)(=O)C3=CC(=C(C=C3N2)Cl)S(=O)(=O)N,431.9,1.7,161.0,2.0,7.0,5.0,PubChem,Available
401,Benzydamine,12555.0,CN(C)CCCOC1=NN(C2=CC=CC=C21)CC3=CC=CC=C3,309.4,3.9,30.3,0.0,3.0,7.0,PubChem,Available
402,Benzyl alcohol,244.0,C1=CC=C(C=C1)CO,108.14,1.1,20.2,1.0,1.0,1.0,PubChem,Available
403,Benzylpenicillin,5904.0,CC1(C(N2C(S1)C(C2=O)NC(=O)CC3=CC=CC=C3)C(=O)O)C,334.4,1.8,112.0,2.0,5.0,4.0,PubChem,Available
404,Benzylpenicilloyl polylysine,,,,,,,,,,Unresolved
405,Benzylthiouracil,685814.0,C1=CC=C(C=C1)CC2=CC(=O)NC(=S)N2,218.28,1.6,73.2,2.0,2.0,2.0,PubChem,Available
406,Bepotastine,164522.0,C1CN(CCC1OC(C2=CC=C(C=C2)Cl)C3=CC=CC=N3)CCCC(=O)O,388.9,1.0,62.7,1.0,5.0,8.0,PubChem,Available
407,Bepridil,2351.0,CC(C)COCC(CN(CC1=CC=CC=C1)C2=CC=CC=C2)N3CCCC3,366.5,5.3,15.7,0.0,3.0,10.0,PubChem,Available
408,Beraprost,6917951.0,CC#CCC(C)C(C=CC1C(CC2C1C3=CC=CC(=C3O2)CCCC(=O)O)O)O,398.5,3.2,87.0,3.0,5.0,8.0,PubChem,Available
409,Berberine ursodeoxycholate,137552085.0,CC(CCC(=O)[O-])C1CCC2C1(CCC3C2C(CC4C3(CCC(C4)O)C)O)C.COC1=C(C2=C[N+]3=C(C=C2C=C1)C4=CC5=C(C=C4CC3)OCO5)OC,727.9,,121.0,2.0,8.0,5.0,PubChem,Available
410,Bergapten,2355.0,COC1=C2C=CC(=O)OC2=CC3=C1C=CO3,216.19,2.3,48.7,0.0,4.0,1.0,PubChem,Available
411,Berotralstat,137528262.0,C1CC1CNC(C2=CC(=C(C=C2)F)NC(=O)C3=CC(=NN3C4=CC=CC(=C4)CN)C(F)(F)F)C5=CC=CC(=C5)C#N,562.6,4.5,109.0,3.0,9.0,9.0,PubChem,Available
412,Besifloxacin,10178705.0,C1CCN(CC(C1)N)C2=C(C=C3C(=C2Cl)N(C=C(C3=O)C(=O)O)C4CC4)F,393.8,1.1,86.9,2.0,7.0,3.0,PubChem,Available
413,Betahistine,2366.0,CNCCC1=CC=CC=N1,136.19,0.4,24.9,1.0,2.0,3.0,PubChem,Available
414,Betaine,247.0,C[N+](C)(C)CC(=O)[O-],117.15,0.5,40.1,0.0,2.0,1.0,PubChem,Available
415,Betamethasone,9782.0,CC1CC2C3CCC4=CC(=O)C=CC4(C3(C(CC2(C1(C(=O)CO)O)C)O)F)C,392.5,1.9,94.8,3.0,6.0,2.0,PubChem,Available
416,Betamethasone phosphate,107782.0,CC1CC2C3CCC4=CC(=O)C=CC4(C3(C(CC2(C1(C(=O)COP(=O)(O)O)O)C)O)F)C,472.4,0.1,141.0,4.0,9.0,4.0,PubChem,Available
417,Betaxolol,2369.0,CC(C)NCC(COC1=CC=C(C=C1)CCOCC2CC2)O,307.4,2.8,50.7,2.0,4.0,11.0,PubChem,Available
418,Bethanechol,2370.0,CC(C[N+](C)(C)C)OC(=O)N,161.22,0.0,52.3,1.0,2.0,4.0,PubChem,Available
419,Bethanidine,2368.0,CNC(=NC)NCC1=CC=CC=C1,177.25,0.9,36.4,2.0,1.0,4.0,PubChem,Available
420,Betrixaban,10275777.0,CN(C)C(=N)C1=CC=C(C=C1)C(=O)NC2=C(C=C(C=C2)OC)C(=O)NC3=NC=C(C=C3)Cl,451.9,3.6,107.0,3.0,5.0,7.0,PubChem,Available
421,Betulinic Acid,64971.0,CC(=C)C1CCC2(C1C3CCC4C5(CCC(C(C5CCC4(C3(CC2)C)C)(C)C)O)C)C(=O)O,456.7,8.2,57.5,2.0,3.0,2.0,PubChem,Available
422,Bevantolol,2372.0,CC1=CC(=CC=C1)OCC(CNCCC2=CC(=C(C=C2)OC)OC)O,345.4,3.0,60.0,2.0,5.0,10.0,PubChem,Available
423,Bevonium,31800.0,C[N+]1(CCCCC1COC(=O)C(C2=CC=CC=C2)(C3=CC=CC=C3)O)C,354.5,3.6,46.5,1.0,3.0,6.0,PubChem,Available
424,Bexagliflozin,25195624.0,C1CC1OCCOC2=CC=C(C=C2)CC3=C(C=CC(=C3)C4C(C(C(C(O4)CO)O)O)O)Cl,464.9,2.4,109.0,4.0,7.0,9.0,PubChem,Available
425,Bexarotene,82146.0,CC1=CC2=C(C=C1C(=C)C3=CC=C(C=C3)C(=O)O)C(CCC2(C)C)(C)C,348.5,7.6,37.3,1.0,2.0,3.0,PubChem,Available
426,Bezafibrate,39042.0,CC(C)(C(=O)O)OC1=CC=C(C=C1)CCNC(=O)C2=CC=C(C=C2)Cl,361.8,3.8,75.6,2.0,4.0,7.0,PubChem,Available
427,Bezitramide,61791.0,CCC(=O)N1C2=CC=CC=C2N(C1=O)C3CCN(CC3)CCC(C#N)(C4=CC=CC=C4)C5=CC=CC=C5,492.6,5.0,67.7,0.0,4.0,7.0,PubChem,Available
428,Bicifadine,47953.0,CC1=CC=C(C=C1)C23CC2CNC3,173.25,2.1,12.0,1.0,1.0,1.0,PubChem,Available
429,Bicisate,72048.0,CCOC(=O)C(CS)NCCNC(CS)C(=O)OCC,324.5,0.6,78.7,4.0,8.0,13.0,PubChem,Available
430,Bictegravir,90311989.0,C1CC2CC1N3C(O2)CN4C=C(C(=O)C(=C4C3=O)O)C(=O)NCC5=C(C=C(C=C5F)F)F,449.4,2.7,99.2,2.0,9.0,3.0,PubChem,Available
431,Bietaserpine,20054848.0,CCN(CC)CCN1C2=C(C=CC(=C2)OC)C3=C1C4CC5C(CC(C(C5C(=O)OC)OC)OC(=O)C6=CC(=C(C(=C6)OC)OC)OC)CN4CC3,707.9,4.7,110.0,0.0,11.0,15.0,PubChem,Available
432,Bifemelane,2377.0,CNCCCCOC1=CC=CC=C1CC2=CC=CC=C2,269.4,4.1,21.3,1.0,2.0,8.0,PubChem,Available
433,Bifeprunox,208951.0,C1CN(CCN1CC2=CC(=CC=C2)C3=CC=CC=C3)C4=CC=CC5=C4OC(=O)N5,385.5,4.2,44.8,1.0,4.0,4.0,PubChem,Available
434,Bifonazole,2378.0,C1=CC=C(C=C1)C2=CC=C(C=C2)C(C3=CC=CC=C3)N4C=CN=C4,310.4,4.8,17.8,0.0,1.0,4.0,PubChem,Available
435,Bilastine,185460.0,CCOCCN1C2=CC=CC=C2N=C1C3CCN(CC3)CCC4=CC=C(C=C4)C(C)(C)C(=O)O,463.6,2.3,67.6,1.0,5.0,10.0,PubChem,Available
436,Bimatoprost,5311027.0,CCNC(=O)CCCC=CCC1C(CC(C1C=CC(CCC2=CC=CC=C2)O)O)O,415.6,2.8,89.8,4.0,4.0,12.0,PubChem,Available
437,Binimetinib,10288191.0,CN1C=NC2=C1C=C(C(=C2F)NC3=C(C=C(C=C3)Br)F)C(=O)NOCCO,441.2,3.1,88.4,3.0,7.0,6.0,PubChem,Available
438,Bioallethrin,15558638.0,CC1=C(C(=O)CC1OC(=O)C2C(C2(C)C)C=C(C)C)CC=C,302.4,4.8,43.4,0.0,3.0,6.0,PubChem,Available
439,Biochanin A,5280373.0,COC1=CC=C(C=C1)C2=COC3=CC(=CC(=C3C2=O)O)O,284.26,3.0,76.0,2.0,5.0,2.0,PubChem,Available
440,Biperiden,2381.0,C1CCN(CC1)CCC(C2CC3CC2C=C3)(C4=CC=CC=C4)O,311.5,4.3,23.5,1.0,2.0,5.0,PubChem,Available
441,Biricodar,3037617.0,COC1=CC(=CC(=C1OC)OC)C(=O)C(=O)N2CCCCC2C(=O)OC(CCCC3=CN=CC=C3)CCCC4=CN=CC=C4,603.7,5.2,117.0,0.0,9.0,16.0,PubChem,Available
442,Bisacodyl,2391.0,CC(=O)OC1=CC=C(C=C1)C(C2=CC=C(C=C2)OC(=O)C)C3=CC=CC=N3,361.4,3.8,65.5,0.0,5.0,7.0,PubChem,Available
443,Bisegliptin,11688894.0,CCOC(=O)C12CCC(CC1)(CC2)NCC(=O)N3CC(CC3C#N)F,351.4,1.3,82.4,1.0,6.0,6.0,PubChem,Available
444,Bismuth subcitrate potassium,91667825.0,C(C(=O)[O-])C(CC(=O)[O-])(C(=O)[O-])[O-].C(C(=O)[O-])C(CC(=O)[O-])(C(=O)[O-])[O-].[K+].[K+].[K+].[K+].[K+].[Bi+3],780.65,,287.0,0.0,14.0,4.0,PubChem,Available
445,Bismuth subgallate,73415769.0,C1=C(C=C(C(=C1O)[O-])[O-])C(=O)O.[OH-].[Bi+3],394.09,,105.0,3.0,6.0,1.0,PubChem,Available
446,Bismuth subnitrate,73415757.0,[N+](=O)([O-])[O-].[N+](=O)([O-])[O-].[N+](=O)([O-])[O-].[N+](=O)([O-])[O-].[OH-].[OH-].[OH-].[OH-].[OH-].[OH-].[OH-].[OH-].[OH-].[O-2].[Bi+3].[Bi+3].[Bi+3].[Bi+3].[Bi+3],1461.99,,262.0,9.0,22.0,0.0,PubChem,Available
447,Bismuth subsalicylate,53629521.0,C1=CC=C(C(=C1)C(=O)[O-])[O-].[OH-].[Bi+3],362.09,,64.2,1.0,4.0,0.0,PubChem,Available
448,Bisoprolol,2405.0,CC(C)NCC(COC1=CC=C(C=C1)COCCOC(C)C)O,325.4,1.9,60.0,2.0,5.0,12.0,PubChem,Available
449,Bisoxatin,28689.0,C1=CC=C2C(=C1)NC(=O)C(O2)(C3=CC=C(C=C3)O)C4=CC=C(C=C4)O,333.3,3.3,78.8,3.0,4.0,2.0,PubChem,Available
450,Bitolterol,35330.0,CC1=CC=C(C=C1)C(=O)OC2=C(C=C(C=C2)C(CNC(C)(C)C)O)OC(=O)C3=CC=C(C=C3)C,461.5,5.2,84.9,2.0,6.0,10.0,PubChem,Available
451,Bivalirudin,16129704.0,CCC(C)C(C(=O)N1CCCC1C(=O)NC(CCC(=O)O)C(=O)NC(CCC(=O)O)C(=O)NC(CC2=CC=C(C=C2)O)C(=O)NC(CC(C)C)C(=O)O)NC(=O)C(CCC(=O)O)NC(=O)C(CCC(=O)O)NC(=O)C(CC3=CC=CC=C3)NC(=O)C(CC(=O)O)NC(=O)CNC(=O)C(CC(=O)N)NC(=O)CNC(=O)CNC(=O)CNC(=O)CNC(=O)C4CCCN4C(=O)C(CCCNC(=N)N)NC(=O)C5CCCN5C(=O)C(CC6=CC=CC=C6)N,2180.3,-7.1,902.0,28.0,35.0,67.0,PubChem,Available
452,Bleomycin,5360373.0,CC1=C(N=C(N=C1N)C(CC(=O)N)NCC(C(=O)N)N)C(=O)NC(C(C2=CN=CN2)OC3C(C(C(C(O3)CO)O)O)OC4C(C(C(C(O4)CO)O)OC(=O)N)O)C(=O)NC(C)C(C(C)C(=O)NC(C(C)O)C(=O)NCCC5=NC(=CS5)C6=NC(=CS6)C(=O)NCCC[S+](C)C)O,1415.6,-7.5,685.0,20.0,31.0,36.0,PubChem,Available
453,Blonanserin,125564.0,CCN1CCN(CC1)C2=NC3=C(CCCCCC3)C(=C2)C4=CC=C(C=C4)F,367.5,5.5,19.4,0.0,4.0,3.0,PubChem,Available
454,Boceprevir,10324367.0,CC1(C2C1C(N(C2)C(=O)C(C(C)(C)C)NC(=O)NC(C)(C)C)C(=O)NC(CC3CCC3)C(=O)C(=O)N)C,519.7,3.1,151.0,4.0,5.0,10.0,PubChem,Available
455,Bolandiol,9835303.0,CC12CCC3C(C1CCC2O)CCC4=CC(CCC34)O,276.4,2.7,40.5,2.0,2.0,0.0,PubChem,Available
456,Bolasterone,102146.0,CC1CC2=CC(=O)CCC2(C3C1C4CCC(C4(CC3)C)(C)O)C,316.5,3.6,37.3,1.0,2.0,0.0,PubChem,Available
457,Boldenone,13308.0,CC12CCC3C(C1CCC2O)CCC4=CC(=O)C=CC34C,286.4,3.5,37.3,1.0,2.0,0.0,PubChem,Available
458,Bopindolol,44112.0,CC1=CC2=C(N1)C=CC=C2OCC(CNC(C)(C)C)OC(=O)C3=CC=CC=C3,380.5,4.7,63.4,2.0,4.0,9.0,PubChem,Available
459,Bornaprine,70687267.0,CCN(CC)CCCOC(=O)C1(CC2CCC1C2)C3=CC=CC=C3,329.5,4.7,29.5,0.0,3.0,9.0,PubChem,Available
460,Bortezomib,387447.0,B(C(CC(C)C)NC(=O)C(CC1=CC=CC=C1)NC(=O)C2=NC=CN=C2)(O)O,384.2,,124.0,4.0,6.0,9.0,PubChem,Available
461,Bortezomib D-mannitol,12990536.0,B1(OC(C(O1)C(CO)O)C(CO)O)C(CC(C)C)NC(=O)C(CC2=CC=CC=C2)NC(=O)C3=NC=CN=C3,530.4,,183.0,6.0,10.0,13.0,PubChem,Available
462,Bosentan,104865.0,CC(C)(C)C1=CC=C(C=C1)S(=O)(=O)NC2=C(C(=NC(=N2)C3=NC=CC=N3)OCCO)OC4=CC=CC=C4OC,551.6,3.8,154.0,2.0,11.0,11.0,PubChem,Available
463,Bosutinib,5328940.0,CN1CCN(CC1)CCCOC2=C(C=C3C(=C2)N=CC(=C3NC4=CC(=C(C=C4Cl)Cl)OC)C#N)OC,530.4,5.4,82.9,1.0,8.0,9.0,PubChem,Available
464,Brefeldin A,5287620.0,CC1CCCC=CC2CC(CC2C(C=CC(=O)O1)O)O,280.36,2.0,66.8,2.0,4.0,0.0,PubChem,Available
465,Brequinar,57030.0,CC1=C(C2=C(C=CC(=C2)F)N=C1C3=CC=C(C=C3)C4=CC=CC=C4F)C(=O)O,375.4,5.6,50.2,1.0,5.0,3.0,PubChem,Available
466,Bretylium,2431.0,CC[N+](C)(C)CC1=CC=CC=C1Br,243.16,2.8,0.0,0.0,0.0,3.0,PubChem,Available
467,Brexanolone,92786.0,CC(=O)C1CCC2C1(CCC3C2CCC4C3(CCC(C4)O)C)C,318.5,4.9,37.3,1.0,2.0,1.0,PubChem,Available
468,Brexpiprazole,11978813.0,C1CN(CCN1CCCCOC2=CC3=C(C=C2)C=CC(=O)N3)C4=C5C=CSC5=CC=C4,433.6,4.7,73.1,1.0,5.0,7.0,PubChem,Available
469,Brigatinib,68165256.0,CN1CCN(CC1)C2CCN(CC2)C3=CC(=C(C=C3)NC4=NC=C(C(=N4)NC5=CC=CC=C5P(=O)(C)C)Cl)OC,584.1,4.6,85.9,2.0,9.0,8.0,PubChem,Available
470,Brilaroxazine,46861612.0,C1CN(CCN1CCCCOC2=CC3=C(C=C2)OCC(=O)N3)C4=C(C(=CC=C4)Cl)Cl,450.4,4.4,54.0,1.0,5.0,7.0,PubChem,Available
471,Brimonidine,2435.0,C1CN=C(N1)NC2=C(C3=NC=CN=C3C=C2)Br,292.13,0.6,62.2,2.0,3.0,2.0,PubChem,Available
472,Brincidofovir,483477.0,CCCCCCCCCCCCCCCCOCCCOP(=O)(COC(CN1C=CC(=NC1=O)N)CO)O,561.7,4.9,144.0,3.0,7.0,26.0,PubChem,Available
473,Brinzolamide,68844.0,CCNC1CN(S(=O)(=O)C2=C1C=C(S2)S(=O)(=O)N)CCCOC,383.5,-0.3,164.0,2.0,9.0,7.0,PubChem,Available
474,Brivaracetam,9837243.0,CCCC1CC(=O)N(C1)C(CC)C(=O)N,212.29,1.0,63.4,1.0,2.0,5.0,PubChem,Available
475,Brofaromine,44571.0,COC1=CC(=C2C(=C1)C=C(O2)C3CCNCC3)Br,310.19,3.1,34.4,1.0,3.0,2.0,PubChem,Available
476,Bromazepam,2441.0,C1C(=O)NC2=C(C=C(C=C2)Br)C(=N1)C3=CC=CC=N3,316.15,1.7,54.4,1.0,3.0,1.0,PubChem,Available
477,Bromfenac,60726.0,C1=CC(=C(C(=C1)C(=O)C2=CC=C(C=C2)Br)N)CC(=O)O,334.16,3.3,80.4,2.0,4.0,4.0,PubChem,Available
478,Bromisoval,2447.0,CC(C)C(C(=O)NC(=O)N)Br,223.07,1.1,72.2,2.0,2.0,2.0,PubChem,Available
479,Bromocriptine,31101.0,CC(C)CC1C(=O)N2CCCC2C3(N1C(=O)C(O3)(C(C)C)NC(=O)C4CN(C5CC6=C(NC7=CC=CC(=C67)C5=C4)Br)C)O,654.6,3.8,118.0,3.0,6.0,5.0,PubChem,Available
480,Bromodiphenhydramine,2444.0,CN(C)CCOC(C1=CC=CC=C1)C2=CC=C(C=C2)Br,334.2,4.0,12.5,0.0,2.0,6.0,PubChem,Available
481,Bromotheophylline,11808.0,CN1C2=C(C(=O)N(C1=O)C)NC(=N2)Br,259.06,1.0,69.3,1.0,3.0,0.0,PubChem,Available
482,Bromperidol,2448.0,C1CN(CCC1(C2=CC=C(C=C2)Br)O)CCCC(=O)C3=CC=C(C=C3)F,420.3,3.3,40.5,1.0,4.0,6.0,PubChem,Available
483,Brompheniramine,6834.0,CN(C)CCC(C1=CC=C(C=C1)Br)C2=CC=CC=N2,319.24,3.5,16.1,0.0,2.0,5.0,PubChem,Available
484,Brotizolam,2451.0,CC1=NN=C2N1C3=C(C=C(S3)Br)C(=NC2)C4=CC=CC=C4Cl,393.7,2.8,71.3,0.0,4.0,1.0,PubChem,Available
485,Broxuridine,6035.0,C1C(C(OC1N2C=C(C(=O)NC2=O)Br)CO)O,307.1,-0.3,99.1,3.0,5.0,2.0,PubChem,Available
486,Bryostatin 1,5280757.0,CCCC=CC=CC(=O)OC1C(=CC(=O)OC)CC2CC(OC(=O)CC(CC3CC(C(C(O3)(CC4CC(=CC(=O)OC)CC(O4)C=CC(C1(O2)O)(C)C)O)(C)C)OC(=O)C)O)C(C)O,905.0,4.0,240.0,4.0,17.0,13.0,PubChem,Available
487,Bucindolol,51045.0,CC(C)(CC1=CNC2=CC=CC=C21)NCC(COC3=CC=CC=C3C#N)O,363.5,3.3,81.1,3.0,4.0,8.0,PubChem,Available
488,Buclizine,6729.0,CC(C)(C)C1=CC=C(C=C1)CN2CCN(CC2)C(C3=CC=CC=C3)C4=CC=C(C=C4)Cl,433.0,7.1,6.5,0.0,2.0,6.0,PubChem,Available
489,Budesonide,5281004.0,CCCC1OC2CC3C4CCC5=CC(=O)C=CC5(C4C(CC3(C2(O1)C(=O)CO)C)O)C,430.5,2.5,93.1,2.0,6.0,4.0,PubChem,Available
490,Budipine,68778.0,CC(C)(C)N1CCC(CC1)(C2=CC=CC=C2)C3=CC=CC=C3,293.4,5.2,3.2,0.0,1.0,3.0,PubChem,Available
491,Bufexamac,2466.0,CCCCOC1=CC=C(C=C1)CC(=O)NO,223.27,1.9,58.6,2.0,3.0,6.0,PubChem,Available
492,Buflomedil,2467.0,COC1=CC(=C(C(=C1)OC)C(=O)CCCN2CCCC2)OC,307.4,2.3,48.0,0.0,5.0,8.0,PubChem,Available
493,Buformin,2468.0,CCCCN=C(N)N=C(N)N,157.22,-0.6,103.0,3.0,1.0,4.0,PubChem,Available
494,Bufotenine,10257.0,CN(C)CCC1=CNC2=C1C=C(C=C2)O,204.27,1.2,39.3,2.0,2.0,3.0,PubChem,Available
495,Bufuralol,71733.0,CCC1=CC=CC2=C1OC(=C2)C(CNC(C)(C)C)O,261.36,3.5,45.4,2.0,3.0,5.0,PubChem,Available
496,Bumadizone,19161.0,CCCCC(C(=O)N(C1=CC=CC=C1)NC2=CC=CC=C2)C(=O)O,326.4,4.9,69.6,2.0,4.0,8.0,PubChem,Available
497,Bumetanide,2471.0,CCCCNC1=C(C(=CC(=C1)C(=O)O)S(=O)(=O)N)OC2=CC=CC=C2,364.4,2.8,127.0,3.0,7.0,8.0,PubChem,Available
498,Bunaftine,36131.0,CCCCN(CCN(CC)CC)C(=O)C1=CC=CC2=CC=CC=C21,326.5,4.7,23.6,0.0,2.0,9.0,PubChem,Available
499,Bunazosin,2472.0,CCCC(=O)N1CCCN(CC1)C2=NC3=CC(=C(C=C3C(=N2)N)OC)OC,373.4,2.2,93.8,1.0,7.0,5.0,PubChem,Available
500,Bupivacaine,2474.0,CCCCN1CCCCC1C(=O)NC2=C(C=CC=C2C)C,288.4,3.4,32.3,1.0,2.0,5.0,PubChem,Available
501,Bupranolol,2475.0,CC1=CC(=C(C=C1)Cl)OCC(CNC(C)(C)C)O,271.78,2.8,41.5,2.0,3.0,6.0,PubChem,Available
502,Buprenorphine,644073.0,CC(C)(C)C(C)(C1CC23CCC1(C4C25CCN(C3CC6=C5C(=C(C=C6)O)O4)CC7CC7)OC)O,467.6,5.0,62.2,2.0,5.0,5.0,PubChem,Available
503,Bupropion,444.0,CC(C(=O)C1=CC(=CC=C1)Cl)NC(C)(C)C,239.74,3.2,29.1,1.0,2.0,4.0,PubChem,Available
504,Buspirone,2477.0,C1CCC2(C1)CC(=O)N(C(=O)C2)CCCCN3CCN(CC3)C4=NC=CC=N4,385.5,2.6,69.6,0.0,6.0,6.0,PubChem,Available
505,Busulfan,2478.0,CS(=O)(=O)OCCCCOS(=O)(=O)C,246.3,-0.5,104.0,0.0,6.0,7.0,PubChem,Available
506,Butabarbital,2479.0,CCC(C)C1(C(=O)NC(=O)NC1=O)CC,212.25,1.6,75.3,2.0,3.0,3.0,PubChem,Available
507,Butacaine,2480.0,CCCCN(CCCC)CCCOC(=O)C1=CC=C(C=C1)N,306.4,4.5,55.6,1.0,4.0,12.0,PubChem,Available
508,Butalbital,2481.0,CC(C)CC1(C(=O)NC(=O)NC1=O)CC=C,224.26,1.7,75.3,2.0,3.0,4.0,PubChem,Available
509,Butamben,2482.0,CCCCOC(=O)C1=CC=C(C=C1)N,193.24,2.9,52.3,1.0,3.0,5.0,PubChem,Available
510,Butanilicaine,22379.0,CCCCNCC(=O)NC1=C(C=CC=C1Cl)C,254.75,2.1,41.1,2.0,2.0,6.0,PubChem,Available
511,Butaperazine,12598.0,CCCC(=O)C1=CC2=C(C=C1)SC3=CC=CC=C3N2CCCN4CCN(CC4)C,409.6,5.0,52.1,0.0,5.0,7.0,PubChem,Available
512,Buthiazide,16274.0,CC(C)CC1NC2=CC(=C(C=C2S(=O)(=O)N1)S(=O)(=O)N)Cl,353.8,1.1,135.0,3.0,7.0,3.0,PubChem,Available
513,Buthionine sulfoximine,21157.0,CCCCS(=N)(=O)CCC(C(=O)O)N,222.31,-0.6,113.0,3.0,5.0,7.0,PubChem,Available
514,Butobarbital,6473.0,CCCCC1(C(=O)NC(=O)NC1=O)CC,212.25,1.7,75.3,2.0,3.0,4.0,PubChem,Available
515,Butorphanol,5361092.0,C1CCC2(C3CC4=C(C2(C1)CCN3CC5CCC5)C=C(C=C4)O)O,327.5,3.8,43.7,2.0,3.0,2.0,PubChem,Available
516,Butylphthalide,61361.0,CCCCC1C2=CC=CC=C2C(=O)O1,190.24,2.8,26.3,0.0,2.0,3.0,PubChem,Available
517,Butylscopolamine,160883.0,CCCC[N+]1(C2CC(CC1C3C2O3)OC(=O)C(CO)C4=CC=CC=C4)C,360.5,2.6,59.1,1.0,4.0,8.0,PubChem,Available
518,Butyrfentanyl,621174.0,CCCC(=O)N(C1CCN(CC1)CCC2=CC=CC=C2)C3=CC=CC=C3,350.5,4.4,23.6,0.0,2.0,7.0,PubChem,Available
519,Butyrylthiocholine,20689.0,CCCC(=O)SCC[N+](C)(C)C,190.33,1.5,42.4,0.0,2.0,6.0,PubChem,Available
520,CA4P,100154.0,COC1=C(C=C(C=C1)CC(C2=CC(=C(C(=C2)OC)OC)OC)O)O,334.4,2.6,77.4,2.0,6.0,7.0,PubChem,Available
521,CM-4307,25191001.0,CNC(=O)C1=NC=CC(=C1)OC2=CC=C(C=C2)NC(=O)NC3=CC(=C(C=C3)Cl)C(F)(F)F,467.8,4.1,92.4,3.0,7.0,5.0,PubChem,Available
522,CUDC-101,24756910.0,COC1=C(C=C2C(=C1)N=CN=C2NC3=CC=CC(=C3)C#C)OCCCCCCC(=O)NO,434.5,4.0,106.0,3.0,7.0,12.0,PubChem,Available
523,Cabazitaxel,9854073.0,CC1=C2C(C(=O)C3(C(CC4C(C3C(C(C2(C)C)(CC1OC(=O)C(C(C5=CC=CC=C5)NC(=O)OC(C)(C)C)O)O)OC(=O)C6=CC=CC=C6)(CO4)OC(=O)C)OC)C)OC,835.9,2.7,202.0,3.0,14.0,15.0,PubChem,Available
524,Cabergoline,54746.0,CCNC(=O)N(CCCN(C)C)C(=O)C1CC2C(CC3=CNC4=CC=CC2=C34)N(C1)CC=C,451.6,3.4,71.7,2.0,4.0,8.0,PubChem,Available
525,Cabotegravir,54713659.0,CC1COC2N1C(=O)C3=C(C(=O)C(=CN3C2)C(=O)NCC4=C(C=C(C=C4)F)F)O,405.4,2.1,99.2,2.0,8.0,3.0,PubChem,Available
526,Cabozantinib,25102847.0,COC1=CC2=C(C=CN=C2C=C1OC)OC3=CC=C(C=C3)NC(=O)C4(CC4)C(=O)NC5=CC=C(C=C5)F,501.5,5.4,98.8,2.0,7.0,8.0,PubChem,Available
527,Cadralazine,2515.0,CCN(CC(C)O)C1=NN=C(C=C1)NNC(=O)OCC,283.33,1.0,99.6,3.0,7.0,8.0,PubChem,Available
528,Cafedrine,5489638.0,CC(C(C1=CC=CC=C1)O)NCCN2C=NC3=C2C(=O)N(C(=O)N3C)C,357.4,0.3,90.7,2.0,5.0,6.0,PubChem,Available
529,Caffeine,2519.0,CN1C=NC2=C1C(=O)N(C(=O)N2C)C,194.19,-0.1,58.4,0.0,3.0,0.0,PubChem,Available
530,Calcifediol,5283731.0,CC(CCCC(C)(C)O)C1CCC2C1(CCCC2=CC=C3CC(CCC3=C)O)C,400.6,6.2,40.5,2.0,2.0,6.0,PubChem,Available
531,Calcitriol,5280453.0,CC(CCCC(C)(C)O)C1CCC2C1(CCCC2=CC=C3CC(CC(C3=C)O)O)C,416.6,5.1,60.7,3.0,3.0,6.0,PubChem,Available
532,Calcium,5460341.0,[Ca],40.08,,0.0,0.0,0.0,0.0,PubChem,Available
533,Calcium cation,271.0,[Ca+2],40.08,,0.0,0.0,0.0,0.0,PubChem,Available
534,Calcium glubionate anhydrous,6093407.0,C(C1C(C(C(C(O1)OC(C(CO)O)C(C(C(=O)[O-])O)O)O)O)O)O.C(C(C(C(C(C(=O)[O-])O)O)O)O)O.[Ca+2],592.5,,362.0,13.0,19.0,11.0,PubChem,Available
535,Calcium glucoheptonate,62859.0,C(C(C(C(C(C(C(=O)[O-])O)O)O)O)O)O.C(C(C(C(C(C(C(=O)[O-])O)O)O)O)O)O.[Ca+2],490.42,,323.0,12.0,16.0,10.0,PubChem,Available
536,Calcium gluconate,9290.0,C(C(C(C(C(C(=O)[O-])O)O)O)O)O.C(C(C(C(C(C(=O)[O-])O)O)O)O)O.[Ca+2],430.37,,283.0,10.0,14.0,8.0,PubChem,Available
537,Calcium levulinate,68651.0,CC(=O)CCC(=O)[O-].CC(=O)CCC(=O)[O-].O.O.[Ca+2],306.32,,116.0,2.0,8.0,4.0,PubChem,Available
538,Calcium pangamate,76966485.0,CN(C)CC(=O)OCC(C(C(C(C(=O)[O-])O)O)O)O.CN(C)CC(=O)OCC(C(C(C(C(=O)[O-])O)O)O)O.[Ca+2],600.6,,301.0,8.0,18.0,16.0,PubChem,Available
539,Calyculin A,5311365.0,CC1C(CC2(C(C(C(O2)C(CC(C(C)C(C(C)C=C(C)C(=CC=CC(=CC#N)C)C)O)O)OC)OP(=O)(O)O)(C)C)OC1CC=CC3=COC(=N3)C(C)CCNC(=O)C(C(C(COC)N(C)C)O)O)O,1009.2,1.8,287.0,8.0,18.0,26.0,PubChem,Available
540,Camazepam,37367.0,CN1C2=C(C=C(C=C2)Cl)C(=NC(C1=O)OC(=O)N(C)C)C3=CC=CC=C3,371.8,2.8,62.2,0.0,4.0,3.0,PubChem,Available
541,Camptothecin,24360.0,CCC1(C2=C(COC1=O)C(=O)N3CC4=CC5=CC=CC=C5N=C4C3=C2)O,348.4,1.0,79.7,1.0,5.0,1.0,PubChem,Available
542,Camylofin,5902.0,CCN(CC)CCNC(C1=CC=CC=C1)C(=O)OCCC(C)C,320.5,3.9,41.6,1.0,4.0,12.0,PubChem,Available
543,Canagliflozin,24812758.0,CC1=C(C=C(C=C1)C2C(C(C(C(O2)CO)O)O)O)CC3=CC=C(S3)C4=CC=C(C=C4)F,444.5,3.2,118.0,4.0,7.0,5.0,PubChem,Available
544,Candesartan,2541.0,CCOC1=NC2=CC=CC(=C2N1CC3=CC=C(C=C3)C4=CC=CC=C4C5=NNN=N5)C(=O)O,440.5,4.1,119.0,2.0,7.0,7.0,PubChem,Available
545,Candesartan cilexetil,2540.0,CCOC1=NC2=CC=CC(=C2N1CC3=CC=C(C=C3)C4=CC=CC=C4C5=NNN=N5)C(=O)OC(C)OC(=O)OC6CCCCC6,610.7,7.0,143.0,1.0,10.0,13.0,PubChem,Available
546,Candicidin,10079874.0,CC1C=CC=CC=CC=CC=CC=CC=CC(CC(C(C(CC(=O)CC(CC(CC(CC(=O)CCCC(=O)CC(=O)OC1C(C)CC(C)C(CC(=O)C2=CC=C(C=C2)N)O)O)O)O)O)C(=O)O)O)OC3C(C(C(C(O3)C)O)N)O,1109.3,1.8,364.0,11.0,20.0,10.0,PubChem,Available
547,Candoxatril,5362417.0,COCCOCC(CC1(CCCC1)C(=O)NC2CCC(CC2)C(=O)O)C(=O)OC3=CC4=C(CCC4)C=C3,515.6,4.0,111.0,2.0,7.0,13.0,PubChem,Available
548,Canertinib,156414.0,C=CC(=O)NC1=C(C=C2C(=C1)C(=NC=N2)NC3=CC(=C(C=C3)F)Cl)OCCCN4CCOCC4,485.9,3.9,88.6,2.0,8.0,9.0,PubChem,Available
549,Cangrelor,9854012.0,CSCCNC1=C2C(=NC(=N1)SCCC(F)(F)F)N(C=N2)C3C(C(C(O3)COP(=O)(O)OP(=O)(C(P(=O)(O)O)(Cl)Cl)O)O)O,776.4,-1.0,307.0,7.0,21.0,15.0,PubChem,Available
550,Cannabidiol,644019.0,CCCCCC1=CC(=C(C(=C1)O)C2C=C(CCC2C(=C)C)C)O,314.5,6.5,40.5,2.0,2.0,6.0,PubChem,Available
551,Cannabidivarin,11601669.0,CCCC1=CC(=C(C(=C1)O)C2C=C(CCC2C(=C)C)C)O,286.4,5.4,40.5,2.0,2.0,4.0,PubChem,Available
552,Cannabinol,2543.0,CCCCCC1=CC(=C2C(=C1)OC(C3=C2C=C(C=C3)C)(C)C)O,310.4,6.1,29.5,1.0,2.0,4.0,PubChem,Available
553,Canrenoic acid,656615.0,CC12CCC(=O)C=C1C=CC3C2CCC4(C3CCC4(CCC(=O)O)O)C,358.5,1.9,74.6,2.0,4.0,3.0,PubChem,Available
554,Canrenone,13789.0,CC12CCC(=O)C=C1C=CC3C2CCC4(C3CCC45CCC(=O)O5)C,340.5,2.7,43.4,0.0,3.0,0.0,PubChem,Available
555,Capecitabine,60953.0,CCCCCOC(=O)NC1=NC(=O)N(C=C1F)C2C(C(C(O2)C)O)O,359.35,0.6,121.0,3.0,7.0,7.0,PubChem,Available
556,Capivasertib,25227436.0,C1CN(CCC1(C(=O)NC(CCO)C2=CC=C(C=C2)Cl)N)C3=NC=NC4=C3C=CN4,428.9,1.7,120.0,4.0,6.0,6.0,PubChem,Available
557,Capmatinib,25145656.0,CNC(=O)C1=C(C=C(C=C1)C2=NN3C(=CN=C3N=C2)CC4=CC5=C(C=C4)N=CC=C5)F,412.4,2.9,85.1,1.0,6.0,4.0,PubChem,Available
558,Capravirine,1783.0,CC(C)C1=C(N(C(=N1)COC(=O)N)CC2=CC=NC=C2)SC3=CC(=CC(=C3)Cl)Cl,451.4,4.5,108.0,1.0,5.0,8.0,PubChem,Available
559,Capreomycin,3000502.0,CC1C(=O)NC(C(=O)NC(=CNC(=O)N)C(=O)NC(C(=O)NCC(C(=O)N1)N)C2CCN=C(N2)N)CNC(=O)CC(CCCN)N.C1CN=C(NC1C2C(=O)NCC(C(=O)NC(C(=O)NC(C(=O)NC(=CNC(=O)N)C(=O)N2)CNC(=O)CC(CCCN)N)CO)N)N,1321.4,,737.0,27.0,23.0,19.0,PubChem,Available
560,Caprylic acid,379.0,CCCCCCCC(=O)O,144.21,3.0,37.3,1.0,2.0,6.0,PubChem,Available
561,Capsaicin,1548943.0,CC(C)C=CCCCCC(=O)NCC1=CC(=C(C=C1)O)OC,305.4,3.6,58.6,2.0,3.0,9.0,PubChem,Available
562,Captodiame,10240.0,CCCCSC1=CC=C(C=C1)C(C2=CC=CC=C2)SCCN(C)C,359.6,5.9,53.8,0.0,3.0,10.0,PubChem,Available
563,Captopril,44093.0,CC(CS)C(=O)N1CCCC1C(=O)O,217.29,0.3,58.6,2.0,4.0,3.0,PubChem,Available
564,Carbamazepine,2554.0,C1=CC=C2C(=C1)C=CC3=CC=CC=C3N2C(=O)N,236.27,2.5,46.3,1.0,1.0,0.0,PubChem,Available
565,Carbamoylcholine,2551.0,C[N+](C)(C)CCOC(=O)N,147.2,-0.4,52.3,1.0,2.0,4.0,PubChem,Available
566,Carbenicillin,20824.0,CC1(C(N2C(S1)C(C2=O)NC(=O)C(C3=CC=CC=C3)C(=O)O)C(=O)O)C,378.4,1.1,149.0,3.0,7.0,5.0,PubChem,Available
567,Carbetocin,16681432.0,CCC(C)C1C(=O)NC(C(=O)NC(C(=O)NC(CSCCCC(=O)NC(C(=O)N1)CC2=CC=C(C=C2)OC)C(=O)N3CCCC3C(=O)NC(CC(C)C)C(=O)NCC(=O)N)CC(=O)N)CCC(=O)N,988.2,-1.1,388.0,10.0,13.0,18.0,PubChem,Available
568,Carbidopa,34359.0,CC(CC1=CC(=C(C=C1)O)O)(C(=O)O)NN,226.23,-2.2,116.0,5.0,6.0,4.0,PubChem,Available
569,Carbimazole,31072.0,CCOC(=O)N1C=CN(C1=S)C,186.23,0.7,64.9,0.0,3.0,2.0,PubChem,Available
570,Carbinoxamine,2564.0,CN(C)CCOC(C1=CC=C(C=C1)Cl)C2=CC=CC=N2,290.79,2.9,25.4,0.0,3.0,6.0,PubChem,Available
571,Carbocisteine,193653.0,C(C(C(=O)O)N)SCC(=O)O,179.2,-3.1,126.0,3.0,6.0,5.0,PubChem,Available
572,Carbomycin,5287879.0,CC1CC(C(C(C(CC(=O)OC(CC2C(O2)C=CC1=O)C)OC(=O)C)OC)OC3C(C(C(C(O3)C)OC4CC(C(C(O4)C)OC(=O)CC(C)C)(C)O)N(C)C)O)CC=O,842.0,1.8,215.0,2.0,17.0,14.0,PubChem,Available
573,Carboprost,5281075.0,CCCCCC(C)(C=CC1C(CC(C1CC=CCCCC(=O)O)O)O)O,368.5,2.9,98.0,4.0,5.0,12.0,PubChem,Available
574,Carboquone,2569.0,CC1=C(C(=O)C(=C(C1=O)N2CC2)C(COC(=O)N)OC)N3CC3,321.33,-0.2,102.0,1.0,7.0,7.0,PubChem,Available
575,Carboxyamidotriazole,108144.0,C1=CC(=CC=C1C(=O)C2=C(C=C(C=C2Cl)CN3C(=C(N=N3)C(=O)N)N)Cl)Cl,424.7,3.9,117.0,2.0,5.0,5.0,PubChem,Available
576,Carbromal,6488.0,CCC(CC)(C(=O)NC(=O)N)Br,237.09,1.5,72.2,2.0,2.0,3.0,PubChem,Available
577,Carbutamide,9564.0,CCCCNC(=O)NS(=O)(=O)C1=CC=C(C=C1)N,271.34,1.0,110.0,3.0,4.0,5.0,PubChem,Available
578,Carfecillin,33672.0,CC1(C(N2C(S1)C(C2=O)NC(=O)C(C3=CC=CC=C3)C(=O)OC4=CC=CC=C4)C(=O)O)C,454.5,3.0,138.0,2.0,7.0,7.0,PubChem,Available
579,Carfentanil,62156.0,CCC(=O)N(C1=CC=CC=C1)C2(CCN(CC2)CCC3=CC=CC=C3)C(=O)OC,394.5,3.8,49.9,0.0,4.0,8.0,PubChem,Available
580,Carfilzomib,11556711.0,CC(C)CC(C(=O)C1(CO1)C)NC(=O)C(CC2=CC=CC=C2)NC(=O)C(CC(C)C)NC(=O)C(CCC3=CC=CC=C3)NC(=O)CN4CCOCC4,719.9,4.7,158.0,4.0,8.0,20.0,PubChem,Available
581,Carindacillin,93184.0,CC1(C(N2C(S1)C(C2=O)NC(=O)C(C3=CC=CC=C3)C(=O)OC4=CC5=C(CCC5)C=C4)C(=O)O)C,494.6,3.8,138.0,2.0,7.0,7.0,PubChem,Available
582,Cariporide,151172.0,CC(C)C1=C(C=C(C=C1)C(=O)N=C(N)N)S(=O)(=O)C,283.35,1.2,124.0,2.0,3.0,3.0,PubChem,Available
583,Cariprazine,11154555.0,CN(C)C(=O)NC1CCC(CC1)CCN2CCN(CC2)C3=C(C(=CC=C3)Cl)Cl,427.4,4.3,38.8,1.0,3.0,5.0,PubChem,Available
584,Carisbamate,6918474.0,C1=CC=C(C(=C1)C(COC(=O)N)O)Cl,215.63,1.0,72.6,2.0,3.0,4.0,PubChem,Available
585,Carisoprodol,2576.0,CCCC(C)(COC(=O)N)COC(=O)NC(C)C,260.33,1.9,90.7,2.0,4.0,9.0,PubChem,Available
586,Carmegliptin,11417567.0,COC1=C(C=C2C3CC(C(CN3CCC2=C1)N4CC(CC4=O)CF)N)OC,377.5,0.9,68.0,1.0,6.0,4.0,PubChem,Available
587,Carmofur,2577.0,CCCCCCNC(=O)N1C=C(C(=O)NC1=O)F,257.26,2.6,78.5,2.0,4.0,5.0,PubChem,Available
588,Carmustine,2578.0,C(CCl)NC(=O)N(CCCl)N=O,214.05,1.5,61.8,1.0,3.0,4.0,PubChem,Available
589,Caroverine,65709.0,CCN(CC)CCN1C2=CC=CC=C2N=C(C1=O)CC3=CC=C(C=C3)OC,365.5,3.2,45.1,0.0,4.0,8.0,PubChem,Available
590,Caroxazone,29083.0,C1C2=CC=CC=C2OC(=O)N1CC(=O)N,206.2,0.2,72.6,1.0,3.0,2.0,PubChem,Available
591,Carprofen,2581.0,CC(C1=CC2=C(C=C1)C3=C(N2)C=CC(=C3)Cl)C(=O)O,273.71,4.0,53.1,2.0,2.0,2.0,PubChem,Available
592,Carteolol,2583.0,CC(C)(C)NCC(COC1=CC=CC2=C1CCC(=O)N2)O,292.37,1.0,70.6,3.0,4.0,6.0,PubChem,Available
593,Carvedilol,2585.0,COC1=CC=CC=C1OCCNCC(COC2=CC=CC3=C2C4=CC=CC=C4N3)O,406.5,4.2,75.7,3.0,5.0,10.0,PubChem,Available
594,Caspofungin,16119814.0,CCC(C)CC(C)CCCCCCCCC(=O)NC1CC(C(NC(=O)C2C(CCN2C(=O)C(NC(=O)C(NC(=O)C3CC(CN3C(=O)C(NC1=O)C(C)O)O)C(C(C4=CC=C(C=C4)O)O)O)C(CCN)O)O)NCCN)O,1093.3,0.3,412.0,16.0,18.0,23.0,PubChem,Available
595,Castanospermine,54445.0,C1CN2CC(C(C(C2C1O)O)O)O,189.21,-2.2,84.2,4.0,5.0,0.0,PubChem,Available
596,Cathine,441457.0,CC(C(C1=CC=CC=C1)O)N,151.21,0.8,46.3,2.0,2.0,2.0,PubChem,Available
597,Cathinone,62258.0,CC(C(=O)C1=CC=CC=C1)N,149.19,1.1,43.1,1.0,2.0,2.0,PubChem,Available
598,Cediranib,9933475.0,CC1=CC2=C(N1)C=CC(=C2F)OC3=NC=NC4=CC(=C(C=C43)OC)OCCCN5CCCC5,450.5,4.9,72.5,1.0,7.0,8.0,PubChem,Available
599,Cefacetrile,91562.0,CC(=O)OCC1=C(N2C(C(C2=O)NC(=O)CC#N)SC1)C(=O)O,339.33,-0.5,162.0,2.0,8.0,6.0,PubChem,Available
600,Cefaclor,51039.0,C1C(=C(N2C(S1)C(C2=O)NC(=O)C(C3=CC=CC=C3)N)C(=O)O)Cl,367.8,-1.8,138.0,3.0,6.0,4.0,PubChem,Available
601,Cefadroxil,47965.0,CC1=C(N2C(C(C2=O)NC(=O)C(C3=CC=C(C=C3)O)N)SC1)C(=O)O,363.4,-2.1,158.0,4.0,7.0,4.0,PubChem,Available
602,Cefaloridine,5773.0,C1C(=C(N2C(S1)C(C2=O)NC(=O)CC3=CC=CS3)C(=O)[O-])C[N+]4=CC=CC=C4,415.5,1.9,147.0,1.0,6.0,5.0,PubChem,Available
603,Cefalotin,6024.0,CC(=O)OCC1=C(N2C(C(C2=O)NC(=O)CC3=CC=CS3)SC1)C(=O)O,396.4,-0.4,167.0,2.0,8.0,7.0,PubChem,Available
604,Cefamandole,456255.0,CN1C(=NN=N1)SCC2=C(N3C(C(C3=O)NC(=O)C(C4=CC=CC=C4)O)SC2)C(=O)O,462.5,-0.9,201.0,3.0,10.0,7.0,PubChem,Available
605,Cefamandole nafate,23665731.0,CN1C(=NN=N1)SCC2=C(N3C(C(C3=O)NC(=O)C(C4=CC=CC=C4)OC=O)SC2)C(=O)[O-].[Na+],512.5,,210.0,1.0,11.0,9.0,PubChem,Available
606,Cefapirin,30699.0,CC(=O)OCC1=C(N2C(C(C2=O)NC(=O)CSC3=CC=NC=C3)SC1)C(=O)O,423.5,-1.1,177.0,2.0,9.0,8.0,PubChem,Available
607,Cefatrizine,6410758.0,C1C(=C(N2C(S1)C(C2=O)NC(=O)C(C3=CC=C(C=C3)O)N)C(=O)O)CSC4=NNN=C4,462.5,-2.3,225.0,5.0,10.0,7.0,PubChem,Available
608,Cefazedone,71736.0,CC1=NN=C(S1)SCC2=C(N3C(C(C3=O)NC(=O)CN4C=C(C(=O)C(=C4)Cl)Cl)SC2)C(=O)O,548.4,1.1,212.0,2.0,11.0,7.0,PubChem,Available
609,Cefazolin,33255.0,CC1=NN=C(S1)SCC2=C(N3C(C(C3=O)NC(=O)CN4C=NN=N4)SC2)C(=O)O,454.5,-0.4,235.0,2.0,12.0,7.0,PubChem,Available
610,Cefbuperazone,127527.0,CCN1CCN(C(=O)C1=O)C(=O)NC(C(C)O)C(=O)NC2(C3N(C2=O)C(=C(CS3)CSC4=NN=NN4C)C(=O)O)OC,627.7,-1.0,280.0,4.0,14.0,10.0,PubChem,Available
611,Cefcapene,6436055.0,CCC=C(C1=CSC(=N1)N)C(=O)NC2C3N(C2=O)C(=C(CS3)COC(=O)N)C(=O)O,453.5,-0.5,231.0,4.0,10.0,8.0,PubChem,Available
612,Cefdinir,6915944.0,C=CC1=C(N2C(C(C2=O)NC(=O)C(=NO)C3=CSC(=N3)N)SC1)C(=O)O,395.4,0.0,212.0,4.0,10.0,5.0,PubChem,Available
613,Cefditoren,9870843.0,CC1=C(SC=N1)C=CC2=C(N3C(C(C3=O)NC(=O)C(=NOC)C4=CSC(=N4)N)SC2)C(=O)O,506.6,0.7,242.0,3.0,12.0,7.0,PubChem,Available
614,Cefepime,5479537.0,C[N+]1(CCCC1)CC2=C(N3C(C(C3=O)NC(=O)C(=NOC)C4=CSC(=N4)N)SC2)C(=O)[O-],480.6,-0.1,204.0,2.0,10.0,6.0,PubChem,Available
615,Cefetamet,5487888.0,CC1=C(N2C(C(C2=O)NC(=O)C(=NOC)C3=CSC(=N3)N)SC1)C(=O)O,397.4,-0.7,201.0,3.0,10.0,5.0,PubChem,Available
616,Cefixime,5362065.0,C=CC1=C(N2C(C(C2=O)NC(=O)C(=NOCC(=O)O)C3=CSC(=N3)N)SC1)C(=O)O,453.5,-0.7,238.0,4.0,12.0,8.0,PubChem,Available
617,Cefmenoxime,9570757.0,CN1C(=NN=N1)SCC2=C(N3C(C(C3=O)NC(=O)C(=NOC)C4=CSC(=N4)N)SC2)C(=O)O,511.6,0.0,270.0,3.0,14.0,8.0,PubChem,Available
618,Cefmetazole,42008.0,CN1C(=NN=N1)SCC2=C(N3C(C(C3=O)(NC(=O)CSCC#N)OC)SC2)C(=O)O,471.5,-0.6,239.0,2.0,12.0,9.0,PubChem,Available
619,Cefminox,71141.0,CN1C(=NN=N1)SCC2=C(N3C(C(C3=O)(NC(=O)CSCC(C(=O)O)N)OC)SC2)C(=O)O,519.6,-4.0,279.0,4.0,14.0,11.0,PubChem,Available
620,Cefodizime,5361871.0,CC1=C(SC(=N1)SCC2=C(N3C(C(C3=O)NC(=O)C(=NOC)C4=CSC(=N4)N)SC2)C(=O)O)CC(=O)O,584.7,0.2,304.0,4.0,15.0,10.0,PubChem,Available
621,Cefonicid,43594.0,C1C(=C(N2C(S1)C(C2=O)NC(=O)C(C3=CC=CC=C3)O)C(=O)O)CSC4=NN=NN4CS(=O)(=O)O,542.6,-1.9,264.0,4.0,13.0,9.0,PubChem,Available
622,Cefoperazone,44187.0,CCN1CCN(C(=O)C1=O)C(=O)NC(C2=CC=C(C=C2)O)C(=O)NC3C4N(C3=O)C(=C(CS4)CSC5=NN=NN5C)C(=O)O,645.7,-0.7,271.0,4.0,13.0,9.0,PubChem,Available
623,Ceforanide,43507.0,C1C(=C(N2C(S1)C(C2=O)NC(=O)CC3=CC=CC=C3CN)C(=O)O)CSC4=NN=NN4CC(=O)O,519.6,-3.2,244.0,4.0,12.0,10.0,PubChem,Available
624,Cefotaxime,5742673.0,CC(=O)OCC1=C(N2C(C(C2=O)NC(=O)C(=NOC)C3=CSC(=N3)N)SC1)C(=O)O,455.5,-1.4,227.0,3.0,12.0,8.0,PubChem,Available
625,Cefotetan,53025.0,CN1C(=NN=N1)SCC2=C(N3C(C(C3=O)(NC(=O)C4SC(=C(C(=O)N)C(=O)O)S4)OC)SC2)C(=O)O,575.6,0.1,321.0,4.0,15.0,9.0,PubChem,Available
626,Cefotiam,43708.0,CN(C)CCN1C(=NN=N1)SCC2=C(N3C(C(C3=O)NC(=O)CC4=CSC(=N4)N)SC2)C(=O)O,525.6,-2.4,251.0,3.0,13.0,10.0,PubChem,Available
627,Cefoxitin,441199.0,COC1(C2N(C1=O)C(=C(CS2)COC(=O)N)C(=O)O)NC(=O)CC3=CC=CS3,427.5,0.0,202.0,3.0,9.0,8.0,PubChem,Available
628,Cefozopran,9571080.0,CON=C(C1=NSC(=N1)N)C(=O)NC2C3N(C2=O)C(=C(CS3)C[N+]4=C5C=CC=NN5C=C4)C(=O)[O-],515.5,0.7,238.0,2.0,12.0,6.0,PubChem,Available
629,Cefpiramide,636405.0,CC1=CC(=O)C(=CN1)C(=O)NC(C2=CC=C(C=C2)O)C(=O)NC3C4N(C3=O)C(=C(CS4)CSC5=NN=NN5C)C(=O)O,612.6,-0.1,259.0,5.0,13.0,9.0,PubChem,Available
630,Cefpirome,5479539.0,CON=C(C1=CSC(=N1)N)C(=O)NC2C3N(C2=O)C(=C(CS3)C[N+]4=CC=CC5=C4CCC5)C(=O)[O-],514.6,0.9,207.0,2.0,10.0,6.0,PubChem,Available
631,Cefpodoxime,6335986.0,COCC1=C(N2C(C(C2=O)NC(=O)C(=NOC)C3=CSC(=N3)N)SC1)C(=O)O,427.5,-1.4,210.0,3.0,11.0,7.0,PubChem,Available
632,Cefprozil,62977.0,CC=CC1=C(N2C(C(C2=O)NC(=O)C(C3=CC=C(C=C3)O)N)SC1)C(=O)O,389.4,-1.4,158.0,4.0,7.0,5.0,PubChem,Available
633,Cefradine,38103.0,CC1=C(N2C(C(C2=O)NC(=O)C(C3=CCC=CC3)N)SC1)C(=O)O,349.4,0.4,138.0,3.0,6.0,4.0,PubChem,Available
634,Cefroxadine,5284529.0,COC1=C(N2C(C(C2=O)NC(=O)C(C3=CCC=CC3)N)SC1)C(=O)O,365.4,-2.3,147.0,3.0,7.0,5.0,PubChem,Available
635,Cefsulodin,656575.0,C1C(=C(N2C(S1)C(C2=O)NC(=O)C(C3=CC=CC=C3)S(=O)(=O)O)C(=O)[O-])C[N+]4=CC=C(C=C4)C(=O)N,532.6,0.2,225.0,3.0,9.0,7.0,PubChem,Available
636,Ceftaroline fosamil,9852981.0,CCON=C(C1=NSC(=N1)NP(=O)(O)O)C(=O)NC2C3N(C2=O)C(=C(CS3)SC4=NC(=CS4)C5=CC=[N+](C=C5)C)C(=O)[O-],684.7,2.3,330.0,4.0,17.0,10.0,PubChem,Available
637,Ceftazidime,5481173.0,CC(C)(C(=O)O)ON=C(C1=CSC(=N1)N)C(=O)NC2C3N(C2=O)C(=C(CS3)C[N+]4=CC=CC=C4)C(=O)[O-],546.6,0.4,245.0,3.0,12.0,8.0,PubChem,Available
638,Ceftezole,65755.0,C1C(=C(N2C(S1)C(C2=O)NC(=O)CN3C=NN=N3)C(=O)O)CSC4=NN=CS4,440.5,-0.7,235.0,2.0,12.0,7.0,PubChem,Available
639,Ceftibuten,5282242.0,C1C=C(N2C(S1)C(C2=O)NC(=O)C(=CCC(=O)O)C3=CSC(=N3)N)C(=O)O,410.4,-0.3,216.0,4.0,10.0,6.0,PubChem,Available
640,Ceftiofur,6328657.0,CON=C(C1=CSC(=N1)N)C(=O)NC2C3N(C2=O)C(=C(CS3)CSC(=O)C4=CC=CO4)C(=O)O,523.6,0.2,256.0,3.0,13.0,9.0,PubChem,Available
641,Ceftizoxime,6533629.0,CON=C(C1=CSC(=N1)N)C(=O)NC2C3N(C2=O)C(=CCS3)C(=O)O,383.4,0.0,201.0,3.0,10.0,5.0,PubChem,Available
642,Ceftobiprole,135413542.0,C1CNCC1N2CCC(=CC3=C(N4C(C(C4=O)NC(=O)C(=NO)C5=NSC(=N5)N)SC3)C(=O)O)C2=O,534.6,-2.4,257.0,5.0,13.0,6.0,PubChem,Available
643,Ceftobiprole medocaril,135413544.0,CC1=C(OC(=O)O1)COC(=O)N2CCC(C2)N3CCC(=CC4=C(N5C(C(C5=O)NC(=O)C(=NO)C6=NSC(=N6)N)SC4)C(=O)O)C3=O,690.7,0.4,310.0,4.0,17.0,9.0,PubChem,Available
644,Ceftolozane,53234134.0,CC(C)(C(=O)O)ON=C(C1=NSC(=N1)N)C(=O)NC2C3N(C2=O)C(=C(CS3)C[N+]4=CC(=C(N4C)N)NC(=O)NCCN)C(=O)[O-],666.7,-3.2,356.0,7.0,16.0,11.0,PubChem,Available
645,Ceftriaxone,5479530.0,CN1C(=NC(=O)C(=O)N1)SCC2=C(N3C(C(C3=O)NC(=O)C(=NOC)C4=CSC(=N4)N)SC2)C(=O)O,554.6,-1.3,288.0,4.0,13.0,8.0,PubChem,Available
646,Cefuroxime,5479529.0,CON=C(C1=CC=CO1)C(=O)NC2C3N(C2=O)C(=C(CS3)COC(=O)N)C(=O)O,424.4,-0.2,199.0,3.0,10.0,8.0,PubChem,Available
647,Celecoxib,2662.0,CC1=CC=C(C=C1)C2=CC(=NN2C3=CC=C(C=C3)S(=O)(=O)N)C(F)(F)F,381.4,3.4,86.4,1.0,7.0,3.0,PubChem,Available
648,Celiprolol,2663.0,CCN(CC)C(=O)NC1=CC(=C(C=C1)OCC(CNC(C)(C)C)O)C(=O)C,379.5,1.9,90.9,3.0,5.0,10.0,PubChem,Available
649,Cenobamate,11962412.0,C1=CC=C(C(=C1)C(CN2N=CN=N2)OC(=O)N)Cl,267.67,1.5,95.9,1.0,5.0,5.0,PubChem,Available
650,Cephalexin,27447.0,CC1=C(N2C(C(C2=O)NC(=O)C(C3=CC=CC=C3)N)SC1)C(=O)O,347.4,0.6,138.0,3.0,6.0,4.0,PubChem,Available
651,Cephaloglycin,19150.0,CC(=O)OCC1=C(N2C(C(C2=O)NC(=O)C(C3=CC=CC=C3)N)SC1)C(=O)O,405.4,-3.0,164.0,3.0,8.0,7.0,PubChem,Available
652,Cephalosporin C,65536.0,CC(=O)OCC1=C(N2C(C(C2=O)NC(=O)CCCC(C(=O)O)N)SC1)C(=O)O,415.4,-4.4,202.0,4.0,10.0,10.0,PubChem,Available
653,Cephalosporin analog,,,,,,,,,,Unresolved
654,Cephalothin Group,46936680.0,COC(=O)CC1=C(NC(SC1)C(C=O)NC(=O)CC2=CC=CS2)C(=O)O,398.5,0.4,175.0,3.0,9.0,9.0,PubChem,Available
655,Ceritinib,57379345.0,CC1=CC(=C(C=C1C2CCNCC2)OC(C)C)NC3=NC=C(C(=N3)NC4=CC=CC=C4S(=O)(=O)C(C)C)Cl,558.1,6.4,114.0,3.0,8.0,9.0,PubChem,Available
656,Cerium oxalate,165565.0,C(=O)(C(=O)[O-])[O-].C(=O)(C(=O)[O-])[O-].C(=O)(C(=O)[O-])[O-].[Ce+3].[Ce+3],544.29,,241.0,0.0,12.0,0.0,PubChem,Available
657,Cerivastatin,446156.0,CC(C)C1=C(C(=C(C(=N1)C(C)C)COC)C2=CC=C(C=C2)F)C=CC(CC(CC(=O)O)O)O,459.5,3.6,99.9,3.0,7.0,11.0,PubChem,Available
658,Cerlapirdine,16071605.0,CN(C)CCCOC1=CC2=C(NN=C2C=C1)S(=O)(=O)C3=CC=CC4=CC=CC=C43,409.5,4.3,83.7,1.0,5.0,7.0,PubChem,Available
659,Cethromycin,156417.0,CCC1C2(C(C(C(=O)C(CC(C(C(C(=O)C(C(=O)O1)C)C)OC3C(C(CC(O3)C)N(C)C)O)(C)OCC=CC4=CC5=CC=CC=C5N=C4)C)C)NC(=O)O2)C,765.9,5.4,163.0,2.0,12.0,8.0,PubChem,Available
660,Cetirizine,2678.0,C1CN(CCN1CCOCC(=O)O)C(C2=CC=CC=C2)C3=CC=C(C=C3)Cl,388.9,1.7,53.0,1.0,5.0,8.0,PubChem,Available
661,Cevimeline,25137844.0,CC1OC2(CN3CCC2CC3)CS1,199.32,1.5,37.8,0.0,3.0,0.0,PubChem,Available
662,Chloral hydrate,2707.0,C(C(Cl)(Cl)Cl)(O)O,165.4,1.0,40.5,2.0,2.0,0.0,PubChem,Available
663,Chlorambucil,2708.0,C1=CC(=CC=C1CCCC(=O)O)N(CCCl)CCCl,304.2,1.7,40.5,1.0,3.0,9.0,PubChem,Available
664,Chloramphenicol,5959.0,C1=CC(=CC=C1C(C(CO)NC(=O)C(Cl)Cl)O)[N+](=O)[O-],323.13,1.1,115.0,3.0,5.0,5.0,PubChem,Available
665,Chloramphenicol succinate,656580.0,C1=CC(=CC=C1C(C(COC(=O)CCC(=O)O)NC(=O)C(Cl)Cl)O)[N+](=O)[O-],423.2,1.1,159.0,3.0,8.0,10.0,PubChem,Available
666,Chlorcyclizine,2710.0,CN1CCN(CC1)C(C2=CC=CC=C2)C3=CC=C(C=C3)Cl,300.8,4.5,6.5,0.0,2.0,3.0,PubChem,Available
667,Chlordiazepoxide,2712.0,CN=C1CN(C(=C2C=C(C=CC2=N1)Cl)C3=CC=CC=C3)O,299.75,2.4,48.2,1.0,3.0,1.0,PubChem,Available
668,Chlorhexadol,19094.0,CC(CC(C)(C)O)OC(C(Cl)(Cl)Cl)O,265.6,2.1,49.7,2.0,3.0,4.0,PubChem,Available
669,Chloride ion,312.0,[Cl-],35.45,0.8,0.0,0.0,1.0,0.0,PubChem,Available
670,Chlormadinone,5284533.0,CC(=O)C1(CCC2C1(CCC3C2C=C(C4=CC(=O)CCC34C)Cl)C)O,362.9,3.0,54.4,1.0,3.0,1.0,PubChem,Available
671,Chlormadinone acetate,9324.0,CC(=O)C1(CCC2C1(CCC3C2C=C(C4=CC(=O)CCC34C)Cl)C)OC(=O)C,404.9,3.6,60.4,0.0,4.0,3.0,PubChem,Available
672,Chlormezanone,2717.0,CN1C(S(=O)(=O)CCC1=O)C2=CC=C(C=C2)Cl,273.74,1.1,62.8,0.0,3.0,1.0,PubChem,Available
673,Chloroform,6212.0,C(Cl)(Cl)Cl,119.37,2.3,0.0,0.0,0.0,0.0,PubChem,Available
674,Chloroprocaine,8612.0,CCN(CC)CCOC(=O)C1=C(C=C(C=C1)N)Cl,270.75,2.9,55.6,1.0,4.0,7.0,PubChem,Available
675,Chloropyramine,25295.0,CN(C)CCN(CC1=CC=C(C=C1)Cl)C2=CC=CC=N2,289.8,3.9,19.4,0.0,3.0,6.0,PubChem,Available
676,Chloroquine,2719.0,CCN(CC)CCCC(C)NC1=C2C=CC(=CC2=NC=C1)Cl,319.9,4.6,28.2,1.0,3.0,8.0,PubChem,Available
677,Chlorothiazide,2720.0,C1=C2C(=CC(=C1Cl)S(=O)(=O)N)S(=O)(=O)N=CN2,295.7,-0.2,135.0,2.0,6.0,1.0,PubChem,Available
678,Chlorotrianisene,11289.0,COC1=CC=C(C=C1)C(=C(C2=CC=C(C=C2)OC)Cl)C3=CC=C(C=C3)OC,380.9,6.4,27.7,0.0,3.0,6.0,PubChem,Available
679,Chlorpheniramine,2725.0,CN(C)CCC(C1=CC=C(C=C1)Cl)C2=CC=CC=N2,274.79,3.4,16.1,0.0,2.0,5.0,PubChem,Available
680,Chlorphenoxamine,6475.0,CC(C1=CC=CC=C1)(C2=CC=C(C=C2)Cl)OCCN(C)C,303.8,4.1,12.5,0.0,2.0,6.0,PubChem,Available
681,Chlorphentermine,10007.0,CC(C)(CC1=CC=C(C=C1)Cl)N,183.68,2.6,26.0,1.0,1.0,2.0,PubChem,Available
682,Chlorproethazine,65750.0,CCN(CC)CCCN1C2=CC=CC=C2SC3=C1C=C(C=C3)Cl,346.9,5.9,31.8,0.0,3.0,6.0,PubChem,Available
683,Chlorproguanil,9571037.0,CC(C)N=C(N)N=C(N)NC1=CC(=C(C=C1)Cl)Cl,288.17,3.0,88.8,3.0,1.0,4.0,PubChem,Available
684,Chlorpromazine,2726.0,CN(C)CCCN1C2=CC=CC=C2SC3=C1C=C(C=C3)Cl,318.9,5.2,31.8,0.0,3.0,4.0,PubChem,Available
685,Chlorpropamide,2727.0,CCCNC(=O)NS(=O)(=O)C1=CC=C(C=C1)Cl,276.74,2.3,83.7,2.0,3.0,4.0,PubChem,Available
686,Chlorprothixene,667467.0,CN(C)CCC=C1C2=CC=CC=C2SC3=C1C=C(C=C3)Cl,315.9,5.2,28.5,0.0,2.0,3.0,PubChem,Available
687,Chlorsulfaquinoxaline,72462.0,C1=CC2=NC(=CN=C2C(=C1)Cl)NS(=O)(=O)C3=CC=C(C=C3)N,334.8,2.3,106.0,2.0,6.0,3.0,PubChem,Available
688,Chlortetracycline,54675777.0,CC1(C2CC3C(C(=O)C(=C(C3(C(=O)C2=C(C4=C(C=CC(=C41)Cl)O)O)O)O)C(=O)N)N(C)C)O,478.9,-1.3,182.0,6.0,9.0,2.0,PubChem,Available
689,Chlorzoxazone,2733.0,C1=CC2=C(C=C1Cl)NC(=O)O2,169.56,1.8,38.3,1.0,2.0,0.0,PubChem,Available
690,Cholecalciferol,5280795.0,CC(C)CCCC(C)C1CCC2C1(CCCC2=CC=C3CC(CCC3=C)O)C,384.6,7.9,20.2,1.0,1.0,6.0,PubChem,Available
691,Cholesterol,5997.0,CC(C)CCCC(C)C1CCC2C1(CCC3C2CC=C4C3(CCC(C4)O)C)C,386.7,8.7,20.2,1.0,1.0,5.0,PubChem,Available
692,Cholic Acid,221493.0,CC(CCC(=O)O)C1CCC2C1(C(CC3C2C(CC4C3(CCC(C4)O)C)O)O)C,408.6,3.6,98.0,4.0,5.0,4.0,PubChem,Available
693,Choline,305.0,C[N+](C)(C)CCO,104.17,-0.4,20.2,1.0,1.0,2.0,PubChem,Available
694,Chromic cation,27668.0,[Cr+3],51.996,,0.0,0.0,0.0,0.0,PubChem,Available
695,Chromium,23976.0,[Cr],51.996,,0.0,0.0,0.0,0.0,PubChem,Available
696,Chromium picolinate,151932.0,C1=CC=NC(=C1)C(=O)[O-].C1=CC=NC(=C1)C(=O)[O-].C1=CC=NC(=C1)C(=O)[O-].[Cr+3],418.3,,159.0,0.0,9.0,0.0,PubChem,Available
697,Cibenzoline,2747.0,C1CN=C(N1)C2CC2(C3=CC=CC=C3)C4=CC=CC=C4,262.3,2.7,24.4,1.0,1.0,3.0,PubChem,Available
698,Ciclesonide,6918155.0,CC(C)C(=O)OCC(=O)C12C(CC3C1(CC(C4C3CCC5=CC(=O)C=CC45C)O)C)OC(O2)C6CCCCC6,540.7,5.3,99.1,1.0,7.0,6.0,PubChem,Available
699,Cicletanine,54910.0,CC1=NC=C2C(OCC2=C1O)C3=CC=C(C=C3)Cl,261.7,2.4,42.4,1.0,3.0,1.0,PubChem,Available
700,Ciclopirox,2749.0,CC1=CC(=O)N(C(=C1)C2CCCCC2)O,207.27,2.0,40.5,1.0,2.0,1.0,PubChem,Available
701,Cidofovir,60613.0,C1=CN(C(=O)N=C1N)CC(CO)OCP(=O)(O)O,279.19,-3.6,146.0,4.0,6.0,6.0,PubChem,Available
702,Cidoxepin,667468.0,CN(C)CCC=C1C2=CC=CC=C2COC3=CC=CC=C31,279.4,4.3,12.5,0.0,2.0,3.0,PubChem,Available
703,Ciglitazone,2750.0,CC1(CCCCC1)COC2=CC=C(C=C2)CC3C(=O)NC(=O)S3,333.4,4.8,80.7,1.0,4.0,5.0,PubChem,Available
704,Cilansetron,6918107.0,CC1=NC=CN1CC2CCC3=C(C2=O)C4=CC=CC5=C4N3CCC5,319.4,2.6,39.8,0.0,2.0,2.0,PubChem,Available
705,Cilastatin,6435415.0,CC1(CC1C(=O)NC(=CCCCCSCC(C(=O)O)N)C(=O)O)C,358.5,-1.0,155.0,4.0,7.0,11.0,PubChem,Available
706,Cilazapril,56330.0,CCOC(=O)C(CCC1=CC=CC=C1)NC2CCCN3CCCC(N3C2=O)C(=O)O,417.5,0.6,99.2,2.0,7.0,9.0,PubChem,Available
707,Cilazaprilat,64766.0,C1CC(C(=O)N2C(CCCN2C1)C(=O)O)NC(CCC3=CC=CC=C3)C(=O)O,389.4,-2.4,110.0,3.0,7.0,7.0,PubChem,Available
708,Cilnidipine,5282138.0,CC1=C(C(C(=C(N1)C)C(=O)OCC=CC2=CC=CC=C2)C3=CC(=CC=C3)[N+](=O)[O-])C(=O)OCCOC,492.5,4.4,120.0,1.0,8.0,11.0,PubChem,Available
709,Cilostazol,2754.0,C1CCC(CC1)N2C(=NN=N2)CCCCOC3=CC4=C(C=C3)NC(=O)CC4,369.5,3.1,81.9,1.0,5.0,7.0,PubChem,Available
710,Cimetidine,2756.0,CC1=C(N=CN1)CSCCNC(=NC)NC#N,252.34,0.4,114.0,3.0,4.0,7.0,PubChem,Available
711,Cimetropium,20054871.0,C[N+]1(C2CC(CC1C3C2O3)OC(=O)C(CO)C4=CC=CC=C4)CC5CC5,358.5,2.1,59.1,1.0,4.0,7.0,PubChem,Available
712,Cimicoxib,213053.0,COC1=C(C=C(C=C1)C2=C(N=CN2C3=CC=C(C=C3)S(=O)(=O)N)Cl)F,381.8,2.9,95.6,1.0,6.0,4.0,PubChem,Available
713,Cinacalcet,156419.0,CC(C1=CC=CC2=CC=CC=C21)NCCCC3=CC(=CC=C3)C(F)(F)F,357.4,6.1,12.0,1.0,4.0,6.0,PubChem,Available
714,Cinazepam,629281.0,C1=CC=C(C(=C1)C2=NC(C(=O)NC3=C2C=C(C=C3)Br)OC(=O)CCC(=O)O)Cl,465.7,2.5,105.0,2.0,6.0,6.0,PubChem,Available
715,Cinchocaine,3025.0,CCCCOC1=NC2=CC=CC=C2C(=C1)C(=O)NCCN(CC)CC,343.5,4.4,54.5,1.0,4.0,10.0,PubChem,Available
716,Cinchophen,8593.0,C1=CC=C(C=C1)C2=NC3=CC=CC=C3C(=C2)C(=O)O,249.26,3.4,50.2,1.0,3.0,2.0,PubChem,Available
717,Cinitapride,68867.0,CCOC1=CC(=C(C=C1C(=O)NC2CCN(CC2)CC3CCC=CC3)[N+](=O)[O-])N,402.5,3.6,113.0,2.0,6.0,6.0,PubChem,Available
718,Cinnamaldehyde,637511.0,C1=CC=C(C=C1)C=CC=O,132.16,1.9,17.1,0.0,1.0,2.0,PubChem,Available
719,Cinnarizine,1547484.0,C1CN(CCN1CC=CC2=CC=CC=C2)C(C3=CC=CC=C3)C4=CC=CC=C4,368.5,5.8,6.5,0.0,2.0,6.0,PubChem,Available
720,Cinolazepam,3033621.0,C1=CC=C(C(=C1)C2=NC(C(=O)N(C3=C2C=C(C=C3)Cl)CCC#N)O)F,357.8,2.0,76.7,1.0,5.0,3.0,PubChem,Available
721,Cinoxacin,2762.0,CCN1C2=CC3=C(C=C2C(=O)C(=N1)C(=O)O)OCO3,262.22,2.1,88.4,1.0,7.0,2.0,PubChem,Available
722,Ciprofibrate,2763.0,CC(C)(C(=O)O)OC1=CC=C(C=C1)C2CC2(Cl)Cl,289.15,3.4,46.5,1.0,3.0,4.0,PubChem,Available
723,Ciprofloxacin,2764.0,C1CC1N2C=C(C(=O)C3=CC(=C(C=C32)N4CCNCC4)F)C(=O)O,331.34,-1.1,72.9,2.0,7.0,3.0,PubChem,Available
724,Cirazoline,2765.0,C1CC1C2=CC=CC=C2OCC3=NCCN3,216.28,1.8,33.6,1.0,2.0,4.0,PubChem,Available
725,Cisapride,6917698.0,COC1CN(CCC1NC(=O)C2=CC(=C(C=C2OC)N)Cl)CCCOC3=CC=C(C=C3)F,465.9,3.4,86.1,2.0,7.0,9.0,PubChem,Available
726,Citalopram,2771.0,CN(C)CCCC1(C2=C(CO1)C=C(C=C2)C#N)C3=CC=C(C=C3)F,324.4,3.2,36.3,0.0,4.0,5.0,PubChem,Available
727,Citrulline,9750.0,C(CC(C(=O)O)N)CNC(=O)N,175.19,-4.3,118.0,4.0,4.0,5.0,PubChem,Available
728,Cladribine,20279.0,C1C(C(OC1N2C=NC3=C(N=C(N=C32)Cl)N)CO)O,285.69,0.8,119.0,3.0,7.0,2.0,PubChem,Available
729,Clarithromycin,84029.0,CCC1C(C(C(C(=O)C(CC(C(C(C(C(C(=O)O1)C)OC2CC(C(C(O2)C)O)(C)OC)C)OC3C(C(CC(O3)C)N(C)C)O)(C)OC)C)C)O)(C)O,748.0,3.2,183.0,4.0,14.0,8.0,PubChem,Available
730,Clavulanic acid,5280980.0,C1C2N(C1=O)C(C(=CCO)O2)C(=O)O,199.16,-1.2,87.1,2.0,5.0,2.0,PubChem,Available
731,Clemastine,26987.0,CC(C1=CC=CC=C1)(C2=CC=C(C=C2)Cl)OCCC3CCCN3C,343.9,5.0,12.5,0.0,2.0,6.0,PubChem,Available
732,Clenbuterol,2783.0,CC(C)(C)NCC(C1=CC(=C(C(=C1)Cl)N)Cl)O,277.19,2.2,58.3,3.0,3.0,4.0,PubChem,Available
733,Clevidipine,153994.0,CCCC(=O)OCOC(=O)C1=C(NC(=C(C1C2=C(C(=CC=C2)Cl)Cl)C(=O)OC)C)C,456.3,4.3,90.9,1.0,7.0,10.0,PubChem,Available
734,Clidinium,2784.0,C[N+]12CCC(CC1)C(C2)OC(=O)C(C3=CC=CC=C3)(C4=CC=CC=C4)O,352.4,3.3,46.5,1.0,3.0,5.0,PubChem,Available
735,Clinafloxacin,60063.0,C1CC1N2C=C(C(=O)C3=CC(=C(C(=C32)Cl)N4CCC(C4)N)F)C(=O)O,365.8,0.4,86.9,2.0,7.0,3.0,PubChem,Available
736,Clindamycin,446598.0,CCCC1CC(N(C1)C)C(=O)NC(C2C(C(C(C(O2)SC)O)O)O)C(C)Cl,425.0,2.2,128.0,4.0,7.0,7.0,PubChem,Available
737,Clobazam,2789.0,CN1C(=O)CC(=O)N(C2=C1C=CC(=C2)Cl)C3=CC=CC=C3,300.74,2.1,40.6,0.0,2.0,1.0,PubChem,Available
738,Clobetasol,5311051.0,CC1CC2C3CCC4=CC(=O)C=CC4(C3(C(CC2(C1(C(=O)CCl)O)C)O)F)C,410.9,2.5,74.6,2.0,5.0,2.0,PubChem,Available
739,Clobetasol propionate,32798.0,CCC(=O)OC1(C(CC2C1(CC(C3(C2CCC4=CC(=O)C=CC43C)F)O)C)C)C(=O)CCl,467.0,3.8,80.7,1.0,6.0,5.0,PubChem,Available
740,Clobetasone,71387.0,CC1CC2C3CCC4=CC(=O)C=CC4(C3(C(=O)CC2(C1(C(=O)CCl)O)C)F)C,408.9,2.6,71.4,1.0,5.0,2.0,PubChem,Available
741,Clocortolone,5311052.0,CC1CC2C3CC(C4=CC(=O)C=CC4(C3(C(CC2(C1C(=O)CO)C)O)Cl)C)F,410.9,2.5,74.6,2.0,5.0,2.0,PubChem,Available
742,Clocortolone acetate,11954353.0,CC1CC2C3CC(C4=CC(=O)C=CC4(C3(C(CC2(C1C(=O)COC(=O)C)C)O)Cl)C)F,452.9,3.1,80.7,1.0,6.0,4.0,PubChem,Available
743,Clodronic acid,25419.0,C(P(=O)(O)O)(P(=O)(O)O)(Cl)Cl,244.89,-2.1,115.0,4.0,6.0,2.0,PubChem,Available
744,Clofarabine,119182.0,C1=NC2=C(N=C(N=C2N1C3C(C(C(O3)CO)O)F)Cl)N,303.68,0.9,119.0,3.0,8.0,2.0,PubChem,Available
745,Clofazimine,2794.0,CC(C)N=C1C=C2C(=NC3=CC=CC=C3N2C4=CC=C(C=C4)Cl)C=C1NC5=CC=C(C=C5)Cl,473.4,7.1,40.0,1.0,4.0,4.0,PubChem,Available
746,Clofedanol,2795.0,CN(C)CCC(C1=CC=CC=C1)(C2=CC=CC=C2Cl)O,289.8,3.6,23.5,1.0,2.0,5.0,PubChem,Available
747,Clofenamide,69594.0,C1=CC(=C(C=C1S(=O)(=O)N)S(=O)(=O)N)Cl,270.7,-0.7,137.0,2.0,6.0,2.0,PubChem,Available
748,Clofibrate,2796.0,CCOC(=O)C(C)(C)OC1=CC=C(C=C1)Cl,242.7,3.3,35.5,0.0,3.0,5.0,PubChem,Available
749,Clofibride,160134.0,CC(C)(C(=O)OCCCC(=O)N(C)C)OC1=CC=C(C=C1)Cl,327.8,2.8,55.8,0.0,4.0,8.0,PubChem,Available
750,Clomethiazole,10783.0,CC1=C(SC=N1)CCCl,161.65,2.1,41.1,0.0,2.0,2.0,PubChem,Available
751,Clometocillin,71807.0,CC1(C(N2C(S1)C(C2=O)NC(=O)C(C3=CC(=C(C=C3)Cl)Cl)OC)C(=O)O)C,433.3,2.7,121.0,2.0,6.0,5.0,PubChem,Available
752,Clomifene,1548955.0,CCN(CC)CCOC1=CC=C(C=C1)C(=C(C2=CC=CC=C2)Cl)C3=CC=CC=C3,406.0,7.2,12.5,0.0,2.0,9.0,PubChem,Available
753,Clomipramine,2801.0,CN(C)CCCN1C2=CC=CC=C2CCC3=C1C=C(C=C3)Cl,314.9,5.2,6.5,0.0,2.0,4.0,PubChem,Available
754,Clomocycline,54680675.0,CC1(C2CC3C(C(=O)C(=C(C3(C(=O)C2=C(C4=C(C=CC(=C41)Cl)O)O)O)O)C(=O)NCO)N(C)C)O,508.9,-1.5,188.0,7.0,10.0,3.0,PubChem,Available
755,Clonazepam,2802.0,C1C(=O)NC2=C(C=C(C=C2)[N+](=O)[O-])C(=N1)C3=CC=CC=C3Cl,315.71,2.4,87.3,1.0,4.0,1.0,PubChem,Available
756,Clonidine,2803.0,C1CN=C(N1)NC2=C(C=CC=C2Cl)Cl,230.09,1.6,36.4,2.0,1.0,2.0,PubChem,Available
757,Clonixin,28718.0,CC1=C(C=CC=C1Cl)NC2=C(C=CC=N2)C(=O)O,262.69,3.8,62.2,2.0,4.0,3.0,PubChem,Available
758,Clopamide,12492.0,CC1CCCC(N1NC(=O)C2=CC(=C(C=C2)Cl)S(=O)(=O)N)C,345.8,2.3,101.0,2.0,5.0,3.0,PubChem,Available
759,Clopenthixol,12454.0,C1CN(CCN1CCC=C2C3=CC=CC=C3SC4=C2C=C(C=C4)Cl)CCO,401.0,4.3,52.0,1.0,4.0,5.0,PubChem,Available
760,Clopidogrel,60606.0,COC(=O)C(C1=CC=CC=C1Cl)N2CCC3=C(C2)C=CS3,321.8,3.8,57.8,0.0,4.0,4.0,PubChem,Available
761,Cloprednol,5284535.0,CC12CC(C3C(C1CCC2(C(=O)CO)O)C=C(C4=CC(=O)C=CC34C)Cl)O,392.9,1.9,94.8,3.0,5.0,2.0,PubChem,Available
762,Cloprostenol,5311053.0,C1C(C(C(C1O)C=CC(COC2=CC(=CC=C2)Cl)O)CC=CCCCC(=O)O)O,424.9,2.7,107.0,4.0,6.0,11.0,PubChem,Available
763,Cloranolol,65814.0,CC(C)(C)NCC(COC1=C(C=CC(=C1)Cl)Cl)O,292.2,3.1,41.5,2.0,3.0,6.0,PubChem,Available
764,Clorazepic acid,2809.0,C1=CC=C(C=C1)C2=NC(C(=O)NC3=C2C=C(C=C3)Cl)C(=O)O,314.72,3.3,78.8,2.0,4.0,2.0,PubChem,Available
765,Clorexolone,16473.0,C1CCC(CC1)N2CC3=CC(=C(C=C3C2=O)S(=O)(=O)N)Cl,328.8,2.0,88.9,1.0,4.0,2.0,PubChem,Available
766,Clorgiline,4380.0,CN(CCCOC1=C(C=C(C=C1)Cl)Cl)CC#C,272.17,4.2,12.5,0.0,2.0,6.0,PubChem,Available
767,Cloricromen,68876.0,CCN(CC)CCC1=C(C2=C(C(=C(C=C2)OCC(=O)OCC)Cl)OC1=O)C,395.9,3.8,65.1,0.0,6.0,10.0,PubChem,Available
768,Clorindione,70846.0,C1=CC=C2C(=C1)C(=O)C(C2=O)C3=CC=C(C=C3)Cl,256.68,3.5,34.1,0.0,2.0,1.0,PubChem,Available
769,Clorobiocin,54706138.0,CC1=CC=C(N1)C(=O)OC2C(C(OC(C2OC)(C)C)OC3=C(C4=C(C=C3)C(=C(C(=O)O4)NC(=O)C5=CC(=C(C=C5)O)CC=C(C)C)O)Cl)O,697.1,5.3,186.0,5.0,11.0,10.0,PubChem,Available
770,Clorsulon,43231.0,C1=C(C(=CC(=C1N)S(=O)(=O)N)S(=O)(=O)N)C(=C(Cl)Cl)Cl,380.7,1.2,163.0,3.0,7.0,3.0,PubChem,Available
771,Clostebol,68947.0,CC12CCC3C(C1CCC2O)CCC4=C(C(=O)CCC34C)Cl,322.9,4.2,37.3,1.0,2.0,0.0,PubChem,Available
772,Clothiapine,16351.0,CN1CCN(CC1)C2=NC3=CC=CC=C3SC4=C2C=C(C=C4)Cl,343.9,3.6,44.1,0.0,3.0,1.0,PubChem,Available
773,Clotiazepam,2811.0,CCC1=CC2=C(S1)N(C(=O)CN=C2C3=CC=CC=C3Cl)C,318.8,3.5,60.9,0.0,3.0,2.0,PubChem,Available
774,Clotrimazole,2812.0,C1=CC=C(C=C1)C(C2=CC=CC=C2)(C3=CC=CC=C3Cl)N4C=CN=C4,344.8,5.0,17.8,0.0,1.0,4.0,PubChem,Available
775,Cloxacillin,6098.0,CC1=C(C(=NO1)C2=CC=CC=C2Cl)C(=O)NC3C4N(C3=O)C(C(S4)(C)C)C(=O)O,435.9,2.4,138.0,2.0,7.0,4.0,PubChem,Available
776,Cloxazolam,2816.0,C1COC2(N1CC(=O)NC3=C2C=C(C=C3)Cl)C4=CC=CC=C4Cl,349.2,3.2,41.6,1.0,3.0,1.0,PubChem,Available
777,Clozapine,135398737.0,CN1CCN(CC1)C2=NC3=C(C=CC(=C3)Cl)NC4=CC=CC=C42,326.8,3.1,30.9,1.0,3.0,1.0,PubChem,Available
778,Cobicistat,25151504.0,CC(C)C1=NC(=CS1)CN(C)C(=O)NC(CCN2CCOCC2)C(=O)NC(CCC(CC3=CC=CC=C3)NC(=O)OCC4=CN=CS4)CC5=CC=CC=C5,776.0,5.7,195.0,3.0,10.0,20.0,PubChem,Available
779,Cobimetinib,16222096.0,C1CCNC(C1)C2(CN(C2)C(=O)C3=C(C(=C(C=C3)F)F)NC4=C(C=C(C=C4)I)F)O,531.3,3.9,64.6,3.0,7.0,4.0,PubChem,Available
780,Cocaine,446220.0,CN1C2CCC1C(C(C2)OC(=O)C3=CC=CC=C3)C(=O)OC,303.35,2.3,55.8,0.0,5.0,5.0,PubChem,Available
781,Codeine,5284371.0,CN1CCC23C4C1CC5=C2C(=C(C=C5)OC)OC3C(C=C4)O,299.4,1.1,41.9,1.0,4.0,1.0,PubChem,Available
782,Colchicine,6167.0,CC(=O)NC1CCC2=CC(=C(C(=C2C3=CC=C(C(=O)C=C13)OC)OC)OC)OC,399.4,1.0,83.1,1.0,6.0,5.0,PubChem,Available
783,Colistimethate,,,,,,,,,,Unresolved
784,Combretastatin A4,5351344.0,COC1=C(C=C(C=C1)C=CC2=CC(=C(C(=C2)OC)OC)OC)O,316.3,3.7,57.2,1.0,5.0,6.0,PubChem,Available
785,Conivaptan,151171.0,CC1=NC2=C(N1)CCN(C3=CC=CC=C32)C(=O)C4=CC=C(C=C4)NC(=O)C5=CC=CC=C5C6=CC=CC=C6,498.6,5.7,78.1,2.0,3.0,4.0,PubChem,Available
786,Copanlisib,135565596.0,COC1=C(C=CC2=C3NCCN3C(=NC(=O)C4=CN=C(N=C4)N)N=C21)OCCCN5CCOCC5,480.5,0.3,140.0,2.0,9.0,7.0,PubChem,Available
787,Copper,23978.0,[Cu],63.55,,0.0,0.0,0.0,0.0,PubChem,Available
788,Cordycepin,6303.0,C1C(OC(C1O)N2C=NC3=C(N=CN=C32)N)CO,251.24,-1.2,119.0,3.0,7.0,2.0,PubChem,Available
789,Corticosterone,5753.0,CC12CCC(=O)C=C1CCC3C2C(CC4(C3CCC4C(=O)CO)C)O,346.5,1.9,74.6,2.0,4.0,2.0,PubChem,Available
790,Cortisone,222786.0,CC12CCC(=O)C=C1CCC3C2C(=O)CC4(C3CCC4(C(=O)CO)O)C,360.4,1.5,91.7,2.0,5.0,2.0,PubChem,Available
791,Cortisone acetate,5745.0,CC(=O)OCC(=O)C1(CCC2C1(CC(=O)C3C2CCC4=CC(=O)CCC34C)C)O,402.5,2.1,97.7,1.0,6.0,4.0,PubChem,Available
792,Cortivazol,66249.0,CC1CC2C3C=C(C4=CC5=C(CC4(C3C(CC2(C1(C(=O)COC(=O)C)O)C)O)C)C=NN5C6=CC=CC=C6)C,530.7,3.9,102.0,2.0,6.0,5.0,PubChem,Available
793,Coumaphos,2871.0,CCOP(=S)(OCC)OC1=CC2=C(C=C1)C(=C(C(=O)O2)Cl)C,362.8,4.5,86.1,0.0,6.0,6.0,PubChem,Available
794,Coumarin,323.0,C1=CC=C2C(=C1)C=CC(=O)O2,146.14,1.4,26.3,0.0,2.0,0.0,PubChem,Available
795,Coumermycin A1,54675768.0,CC1=CC=C(N1)C(=O)OC2C(C(OC(C2OC)(C)C)OC3=C(C4=C(C=C3)C(=C(C(=O)O4)NC(=O)C5=CNC(=C5C)C(=O)NC6=C(C7=C(C(=C(C=C7)OC8C(C(C(C(O8)(C)C)OC)OC(=O)C9=CC=C(N9)C)O)C)OC6=O)O)O)C)O,1110.1,4.6,347.0,9.0,20.0,16.0,PubChem,Available
796,Crenolanib,10366136.0,CC1(COC1)COC2=CC3=C(C=C2)N(C=N3)C4=NC5=C(C=CC=C5N6CCC(CC6)N)C=C4,443.5,3.7,78.4,1.0,6.0,5.0,PubChem,Available
797,Crizotinib,11626560.0,CC(C1=C(C=CC(=C1Cl)F)Cl)OC2=C(N=CC(=C2)C3=CN(N=C3)C4CCNCC4)N,450.3,3.7,78.0,2.0,6.0,5.0,PubChem,Available
798,Curcumin,969516.0,COC1=C(C=CC(=C1)C=CC(=O)CC(=O)C=CC2=CC(=C(C=C2)O)OC)O,368.4,3.2,93.1,2.0,6.0,8.0,PubChem,Available
799,Curcumin sulfate,66645351.0,COC1=C(C=CC(=C1)C=CC(=O)CC(=O)C=CC2=CC(=C(C=C2)OS(=O)(=O)O)OC)O,448.4,2.6,145.0,2.0,9.0,10.0,PubChem,Available
800,Cyamemazine,62865.0,CC(CN1C2=CC=CC=C2SC3=C1C=C(C=C3)C#N)CN(C)C,323.5,4.4,55.6,0.0,4.0,4.0,PubChem,Available
801,Cyanocobalamin,166596686.0,CC1=CC2=C(C=C1C)[N+](=CN2)C3C(C(C(O3)CO)OP(=O)(O)OC(C)CNC(=O)CCC4(C(C5C6(C(C(C(=N6)C(=C7C(C(C(=CC8=NC(=C(C4=N5)C)C(C8(C)C)CCC(=N)[O-])N7)CCC(=N)[O-])(C)CC(=O)N)C)CCC(=N)[O-])(C)CC(=O)N)C)CC(=O)N)C)O.[C]#N.[Co+2],1355.4,,497.0,12.0,22.0,26.0,PubChem,Available
802,Cyclacillin,19003.0,CC1(C(N2C(S1)C(C2=O)NC(=O)C3(CCCCC3)N)C(=O)O)C,341.4,1.3,138.0,3.0,6.0,3.0,PubChem,Available
803,Cyclandelate,2893.0,CC1CC(CC(C1)(C)C)OC(=O)C(C2=CC=CC=C2)O,276.4,4.2,46.5,1.0,3.0,4.0,PubChem,Available
804,Cyclic adenosine monophosphate,6076.0,C1C2C(C(C(O2)N3C=NC4=C(N=CN=C43)N)O)OP(=O)(O1)O,329.21,-2.6,155.0,3.0,10.0,1.0,PubChem,Available
805,Cyclizine,6726.0,CN1CCN(CC1)C(C2=CC=CC=C2)C3=CC=CC=C3,266.4,3.6,6.5,0.0,2.0,3.0,PubChem,Available
806,Cyclobarbital,5838.0,CCC1(C(=O)NC(=O)NC1=O)C2=CCCCC2,236.27,1.8,75.3,2.0,3.0,2.0,PubChem,Available
807,Cyclobenzaprine,2895.0,CN(C)CCC=C1C2=CC=CC=C2C=CC3=CC=CC=C31,275.4,5.2,3.2,0.0,1.0,3.0,PubChem,Available
808,Cycloguanil,9049.0,CC1(N=C(N=C(N1C2=CC=C(C=C2)Cl)N)N)C,251.71,1.0,80.0,2.0,1.0,1.0,PubChem,Available
809,Cyclohexylammonium Ion,1549093.0,C1CCC(CC1)[NH3+],100.18,1.5,27.6,1.0,0.0,0.0,PubChem,Available
810,Cyclopentamine,7608.0,CC(CC1CCCC1)NC,141.25,2.9,12.0,1.0,1.0,3.0,PubChem,Available
811,Cyclopenthiazide,2904.0,C1CCC(C1)CC2NC3=CC(=C(C=C3S(=O)(=O)N2)S(=O)(=O)N)Cl,379.9,1.3,135.0,3.0,7.0,3.0,PubChem,Available
812,Cyclopentolate,2905.0,CN(C)CCOC(=O)C(C1=CC=CC=C1)C2(CCCC2)O,291.4,2.7,49.8,1.0,4.0,7.0,PubChem,Available
813,Cyclophosphamide,2907.0,C1CNP(=O)(OC1)N(CCCl)CCCl,261.08,0.6,41.6,1.0,4.0,5.0,PubChem,Available
814,Cyclopropane,6351.0,C1CC1,42.08,1.6,0.0,0.0,0.0,0.0,PubChem,Available
815,Cycloserine,6234.0,C1C(C(=O)NO1)N,102.09,-1.5,64.4,2.0,3.0,0.0,PubChem,Available
816,Cyclosporine,5284373.0,CCC1C(=O)N(CC(=O)N(C(C(=O)NC(C(=O)N(C(C(=O)NC(C(=O)NC(C(=O)N(C(C(=O)N(C(C(=O)N(C(C(=O)N(C(C(=O)N1)C(C(C)CC=CC)O)C)C(C)C)C)CC(C)C)C)CC(C)C)C)C)C)CC(C)C)C)C(C)C)CC(C)C)C)C,1202.6,7.5,279.0,5.0,12.0,15.0,PubChem,Available
817,Cyclothiazide,2910.0,C1C2CC(C1C=C2)C3NC4=CC(=C(C=C4S(=O)(=O)N3)S(=O)(=O)N)Cl,389.9,2.0,135.0,3.0,7.0,2.0,PubChem,Available
818,Cycrimine,2911.0,C1CCN(CC1)CCC(C2CCCC2)(C3=CC=CC=C3)O,287.4,3.9,23.5,1.0,2.0,5.0,PubChem,Available
819,Cymarin,441853.0,CC1C(C(CC(O1)OC2CCC3(C4CCC5(C(CCC5(C4CCC3(C2)O)O)C6=CC(=O)OC6)C)C=O)OC)O,548.7,0.8,132.0,3.0,9.0,5.0,PubChem,Available
820,Cyproheptadine,2913.0,CN1CCC(=C2C3=CC=CC=C3C=CC4=CC=CC=C42)CC1,287.4,4.7,3.2,0.0,1.0,0.0,PubChem,Available
821,Cyproterone acetate,9880.0,CC(=O)C1(CCC2C1(CCC3C2C=C(C4=CC(=O)C5CC5C34C)Cl)C)OC(=O)C,416.9,3.6,60.4,0.0,4.0,3.0,PubChem,Available
822,Cysteamine,6058.0,C(CS)N,77.15,-0.4,27.0,2.0,2.0,1.0,PubChem,Available
823,Cytarabine,6253.0,C1=CN(C(=O)N=C1N)C2C(C(C(O2)CO)O)O,243.22,-2.1,129.0,4.0,5.0,2.0,PubChem,Available
824,D-Levofloxacin,452723.0,CC1COC2=C3N1C=C(C(=O)C3=CC(=C2N4CCN(CC4)C)F)C(=O)O,361.4,-0.4,73.3,1.0,8.0,2.0,PubChem,Available
825,D-Phenylalanine,71567.0,C1=CC=C(C=C1)CC(C(=O)O)N,165.19,-1.5,63.3,2.0,3.0,3.0,PubChem,Available
826,D-Tryptophan,9060.0,C1=CC=C2C(=C1)C(=CN2)CC(C(=O)O)N,204.22,-1.1,79.1,3.0,3.0,3.0,PubChem,Available
827,D-chiro-Inositol,892.0,C1(C(C(C(C(C1O)O)O)O)O)O,180.16,-3.7,121.0,6.0,6.0,0.0,PubChem,Available
828,DAR-0100A,6603820.0,C1CC2=CC(=C(C=C2C3C1NCC4=CC=CC=C34)O)O,267.32,2.5,52.5,3.0,3.0,0.0,PubChem,Available
829,DL-Methylephedrine,64782.0,CC(C(C1=CC=CC=C1)O)N(C)C,179.26,1.7,23.5,1.0,2.0,3.0,PubChem,Available
830,DL-alpha-Tocopherol,2116.0,CC1=C(C2=C(CCC(O2)(C)CCCC(C)CCCC(C)CCCC(C)C)C(=C1O)C)C,430.7,10.7,29.5,1.0,2.0,12.0,PubChem,Available
831,DPDPE,104787.0,CC1(C(C(=O)NCC(=O)NC(C(=O)NC(C(SS1)(C)C)C(=O)O)CC2=CC=CC=C2)NC(=O)C(CC3=CC=C(C=C3)O)N)C,645.8,-0.6,251.0,7.0,10.0,7.0,PubChem,Available
832,Dabigatran,216210.0,CN1C2=C(C=C(C=C2)C(=O)N(CCC(=O)O)C3=CC=CC=N3)N=C1CNC4=CC=C(C=C4)C(=N)N,471.5,1.7,150.0,4.0,7.0,9.0,PubChem,Available
833,Dabigatran etexilate,135565674.0,CCCCCCOC(=O)NC(=N)C1=CC=C(C=C1)NCC2=NC3=C(N2C)C=CC(=C3)C(=O)N(CCC(=O)OCC)C4=CC=CC=N4,627.7,5.3,152.0,3.0,9.0,18.0,PubChem,Available
834,Dabrafenib,44462760.0,CC(C)(C)C1=NC(=C(S1)C2=NC(=NC=C2)N)C3=C(C(=CC=C3)NS(=O)(=O)C4=C(C=CC=C4F)F)F,519.6,4.8,147.0,2.0,11.0,6.0,PubChem,Available
835,Dacarbazine,135398738.0,CN(C)N=NC1=C(NC=N1)C(=O)N,182.18,-0.6,99.7,2.0,5.0,3.0,PubChem,Available
836,Daclatasvir,25154714.0,CC(C)C(C(=O)N1CCCC1C2=NC=C(N2)C3=CC=C(C=C3)C4=CC=C(C=C4)C5=CN=C(N5)C6CCCN6C(=O)C(C(C)C)NC(=O)OC)NC(=O)OC,738.9,5.1,175.0,4.0,8.0,13.0,PubChem,Available
837,Dacomitinib,11511120.0,COC1=C(C=C2C(=C1)N=CN=C2NC3=CC(=C(C=C3)F)Cl)NC(=O)C=CCN4CCCCC4,469.9,4.4,79.4,2.0,7.0,7.0,PubChem,Available
838,Dactinomycin,457193.0,CC1C(C(=O)NC(C(=O)N2CCCC2C(=O)N(CC(=O)N(C(C(=O)O1)C(C)C)C)C)C(C)C)NC(=O)C3=C4C(=C(C=C3)C)OC5=C(C(=O)C(=C(C5=N4)C(=O)NC6C(OC(=O)C(N(C(=O)CN(C(=O)C7CCCN7C(=O)C(NC6=O)C(C)C)C)C)C(C)C)C)N)C,1255.4,3.8,356.0,5.0,18.0,8.0,PubChem,Available
839,Dactolisib,11977753.0,CC(C)(C#N)C1=CC=C(C=C1)N2C3=C4C=C(C=CC4=NC=C3N(C2=O)C)C5=CC6=CC=CC=C6N=C5,469.5,5.2,73.1,0.0,4.0,3.0,PubChem,Available
840,Daidzein,5281708.0,C1=CC(=CC=C1C2=COC3=C(C2=O)C=CC(=C3)O)O,254.24,2.5,66.8,2.0,4.0,1.0,PubChem,Available
841,Daidzin,107971.0,C1=CC(=CC=C1C2=COC3=C(C2=O)C=CC(=C3)OC4C(C(C(C(O4)CO)O)O)O)O,416.4,0.7,146.0,5.0,9.0,4.0,PubChem,Available
842,Dalfampridine,1727.0,C1=CN=CC=C1N,94.11,0.3,38.9,1.0,2.0,0.0,PubChem,Available
843,Dalfopristin,6323289.0,CCN(CC)CCS(=O)(=O)C1CCN2C1C(=O)OC(C(C=CC(=O)NCC=CC(=CC(CC(=O)CC3=NC(=CO3)C2=O)O)C)C)C(C)C,690.8,2.2,185.0,2.0,11.0,7.0,PubChem,Available
844,Danazol,28417.0,CC12CCC3C(C1CCC2(C#C)O)CCC4=CC5=C(CC34C)C=NO5,337.5,3.8,46.3,1.0,3.0,1.0,PubChem,Available
845,Danicopan,118323590.0,CC1=NC=C(C=N1)C2=CC3=C(C=C2)N(N=C3C(=O)C)CC(=O)N4CC(CC4C(=O)NC5=NC(=CC=C5)Br)F,580.4,3.3,123.0,1.0,8.0,6.0,PubChem,Available
846,Danoprevir,11285588.0,CC(C)(C)OC(=O)NC1CCCCCC=CC2CC2(NC(=O)C3CC(CN3C1=O)OC(=O)N4CC5=C(C4)C(=CC=C5)F)C(=O)NS(=O)(=O)C6CC6,731.8,3.3,189.0,3.0,10.0,8.0,PubChem,Available
847,Dantrolene,6914273.0,C1C(=O)NC(=O)N1N=CC2=CC=C(O2)C3=CC=C(C=C3)[N+](=O)[O-],314.25,1.7,121.0,1.0,6.0,3.0,PubChem,Available
848,Dantron,2950.0,C1=CC2=C(C(=C1)O)C(=O)C3=C(C2=O)C=CC=C3O,240.21,3.2,74.6,2.0,4.0,0.0,PubChem,Available
849,Dapagliflozin,9887712.0,CCOC1=CC=C(C=C1)CC2=C(C=CC(=C2)C3C(C(C(C(O3)CO)O)O)O)Cl,408.9,2.3,99.4,4.0,6.0,6.0,PubChem,Available
850,Dapiprazole,3033538.0,CC1=CC=CC=C1N2CCN(CC2)CCC3=NN=C4N3CCCC4,325.5,2.4,37.2,0.0,4.0,4.0,PubChem,Available
851,Dapoxetine,71353.0,CN(C)C(CCOC1=CC=CC2=CC=CC=C21)C3=CC=CC=C3,305.4,5.1,12.5,0.0,2.0,6.0,PubChem,Available
852,Daprodustat,91617630.0,C1CCC(CC1)N2C(=O)C(C(=O)N(C2=O)C3CCCCC3)C(=O)NCC(=O)O,393.4,2.5,124.0,2.0,6.0,5.0,PubChem,Available
853,Dapsone,2955.0,C1=CC(=CC=C1N)S(=O)(=O)C2=CC=C(C=C2)N,248.3,1.0,94.6,2.0,4.0,2.0,PubChem,Available
854,Daptomycin,21585658.0,CCCCCCCCCC(=O)NC(CC1=CNC2=CC=CC=C21)C(=O)NC(CC(=O)N)C(=O)NC(CC(=O)O)C(=O)NC3C(OC(=O)C(NC(=O)C(NC(=O)C(NC(=O)CNC(=O)C(NC(=O)C(NC(=O)C(NC(=O)C(NC(=O)CNC3=O)CCCN)CC(=O)O)C)CC(=O)O)CO)C(C)CC(=O)O)CC(=O)C4=CC=CC=C4N)C,1620.7,-5.1,702.0,22.0,28.0,35.0,PubChem,Available
855,Darexaban,9912771.0,CN1CCCN(CC1)C2=CC=C(C=C2)C(=O)NC3=C(C=CC=C3O)NC(=O)C4=CC=C(C=C4)OC,474.6,3.5,94.1,3.0,6.0,6.0,PubChem,Available
856,Daridorexant,91801202.0,CC1=C(C=CC2=C1N=C(N2)C3(CCCN3C(=O)C4=C(C=CC(=C4)OC)N5N=CC=N5)C)Cl,450.9,4.1,88.9,1.0,5.0,4.0,PubChem,Available
857,Darifenacin,444031.0,C1CN(CC1C(C2=CC=CC=C2)(C3=CC=CC=C3)C(=O)N)CCC4=CC5=C(C=C4)OCC5,426.5,4.6,55.6,1.0,3.0,7.0,PubChem,Available
858,Darodipine,51701.0,CCOC(=O)C1=C(NC(=C(C1C2=CC=CC3=NON=C32)C(=O)OCC)C)C,371.4,4.2,104.0,1.0,8.0,7.0,PubChem,Available
859,Darolutamide,67171867.0,CC(CN1C=CC(=N1)C2=CC(=C(C=C2)C#N)Cl)NC(=O)C3=NNC(=C3)C(C)O,398.8,1.8,120.0,3.0,5.0,6.0,PubChem,Available
860,Darunavir,213039.0,CC(C)CN(CC(C(CC1=CC=CC=C1)NC(=O)OC2COC3C2CCO3)O)S(=O)(=O)C4=CC=C(C=C4)N,547.7,2.9,149.0,3.0,9.0,12.0,PubChem,Available
861,Dasabuvir,56640146.0,CC(C)(C)C1=CC(=CC(=C1OC)C2=CC3=C(C=C2)C=C(C=C3)NS(=O)(=O)C)N4C=CC(=O)NC4=O,493.6,4.3,113.0,2.0,6.0,6.0,PubChem,Available
862,Dasatinib,3062316.0,CC1=C(C(=CC=C1)Cl)NC(=O)C2=CN=C(S2)NC3=CC(=NC(=N3)C)N4CCN(CC4)CCO,488.0,3.6,135.0,3.0,9.0,7.0,PubChem,Available
863,Dasotraline,9947999.0,C1CC(C2=CC=CC=C2C1C3=CC(=C(C=C3)Cl)Cl)N,292.2,4.3,26.0,1.0,1.0,1.0,PubChem,Available
864,Daunorubicin,30323.0,CC1C(C(CC(O1)OC2CC(CC3=C2C(=C4C(=C3O)C(=O)C5=C(C4=O)C(=CC=C5)OC)O)(C(=O)C)O)N)O,527.5,1.8,186.0,5.0,11.0,4.0,PubChem,Available
865,Deacetoxycephalosporin C,160139.0,CC1=C(N2C(C(C2=O)NC(=O)CCCC(C(=O)O)N)SC1)C(=O)O,357.38,-0.8,175.0,4.0,8.0,7.0,PubChem,Available
866,Deacetylbisacodyl,69046.0,C1=CC=NC(=C1)C(C2=CC=C(C=C2)O)C3=CC=C(C=C3)O,277.3,3.6,53.4,2.0,3.0,3.0,PubChem,Available
867,Deanol,7902.0,CN(C)CCO,89.14,-0.4,23.5,1.0,2.0,2.0,PubChem,Available
868,Debrisoquine,2966.0,C1CN(CC2=CC=CC=C21)C(=N)N,175.23,0.8,53.1,2.0,1.0,1.0,PubChem,Available
869,Decamethonium,2968.0,C[N+](C)(C)CCCCCCCCCC[N+](C)(C)C,258.49,3.9,0.0,0.0,0.0,11.0,PubChem,Available
870,Decamethoxine,118984404.0,CC1CCC(C(C1)OC(=O)C[N+](C)(C)CCCCCCCCCC[N+](C)(C)CC(=O)OC2CC(CCC2C(C)C)C)C(C)C.[Cl-].[Cl-],693.9,,52.6,0.0,6.0,21.0,PubChem,Available
871,Decitabine,451668.0,C1C(C(OC1N2C=NC(=NC2=O)N)CO)O,228.21,-1.2,121.0,3.0,4.0,2.0,PubChem,Available
872,Deferasirox,214348.0,C1=CC=C(C(=C1)C2=NN(C(=N2)C3=CC=CC=C3O)C4=CC=C(C=C4)C(=O)O)O,373.4,3.8,108.0,3.0,6.0,4.0,PubChem,Available
873,Deferiprone,2972.0,CC1=C(C(=O)C=CN1C)O,139.15,0.5,40.5,1.0,3.0,0.0,PubChem,Available
874,Deflazacort,189821.0,CC1=NC2(C(O1)CC3C2(CC(C4C3CCC5=CC(=O)C=CC45C)O)C)C(=O)COC(=O)C,441.5,2.0,102.0,1.0,7.0,4.0,PubChem,Available
875,Degarelix,16136245.0,CC(C)CC(C(=O)NC(CCCCNC(C)C)C(=O)N1CCCC1C(=O)NC(C)C(=O)N)NC(=O)C(CC2=CC=C(C=C2)NC(=O)N)NC(=O)C(CC3=CC=C(C=C3)NC(=O)C4CC(=O)NC(=O)N4)NC(=O)C(CO)NC(=O)C(CC5=CN=CC=C5)NC(=O)C(CC6=CC=C(C=C6)Cl)NC(=O)C(CC7=CC8=CC=CC=C8C=C7)NC(=O)C,1632.3,3.5,513.0,17.0,18.0,41.0,PubChem,Available
876,Dehydroascorbic acid,440667.0,C(C(C1C(=O)C(=O)C(=O)O1)O)O,174.11,-1.0,101.0,2.0,6.0,2.0,PubChem,Available
877,Dehydrocholic acid,6674.0,CC(CCC(=O)O)C1CCC2C1(C(=O)CC3C2C(=O)CC4C3(CCC(=O)C4)C)C,402.5,2.6,88.5,1.0,5.0,4.0,PubChem,Available
878,Delafloxacin,487101.0,C1C(CN1C2=C(C=C3C(=C2Cl)N(C=C(C3=O)C(=O)O)C4=C(C=C(C(=N4)N)F)F)F)O,440.8,2.7,120.0,3.0,11.0,3.0,PubChem,Available
879,Delamanid,6480466.0,CC1(CN2C=C(N=C2O1)[N+](=O)[O-])COC3=CC=C(C=C3)N4CCC(CC4)OC5=CC=C(C=C5)OC(F)(F)F,534.5,5.6,104.0,0.0,11.0,7.0,PubChem,Available
880,Delapril,5362116.0,CCOC(=O)C(CCC1=CC=CC=C1)NC(C)C(=O)N(CC(=O)O)C2CC3=CC=CC=C3C2,452.5,1.7,95.9,2.0,6.0,12.0,PubChem,Available
881,Delavirdine,5625.0,CC(C)NC1=C(N=CC=C1)N2CCN(CC2)C(=O)C3=CC4=C(N3)C=CC(=C4)NS(=O)(=O)C,456.6,2.4,119.0,3.0,7.0,6.0,PubChem,Available
882,Delorazepam,17925.0,C1C(=O)NC2=C(C=C(C=C2)Cl)C(=N1)C3=CC=CC=C3Cl,305.2,3.1,41.5,1.0,2.0,1.0,PubChem,Available
883,Delpazolid,44205191.0,CN1CCN(C=N1)C2=C(C=C(C=C2)N3CC(OC3=O)CO)F,308.31,0.6,68.6,1.0,6.0,3.0,PubChem,Available
884,Demecarium,5966.0,CN(CCCCCCCCCCN(C)C(=O)OC1=CC=CC(=C1)[N+](C)(C)C)C(=O)OC2=CC=CC(=C2)[N+](C)(C)C,556.8,6.6,59.1,0.0,4.0,17.0,PubChem,Available
885,Demeclocycline,54680690.0,CN(C)C1C2CC3C(C4=C(C=CC(=C4C(=C3C(=O)C2(C(=C(C1=O)C(=O)N)O)O)O)O)Cl)O,464.9,0.7,182.0,6.0,9.0,2.0,PubChem,Available
886,Demecolcine,220401.0,CNC1CCC2=CC(=C(C(=C2C3=CC=C(C(=O)C=C13)OC)OC)OC)OC,371.4,1.4,66.0,1.0,6.0,5.0,PubChem,Available
887,Demegestone,93057.0,CC(=O)C1(CCC2C1(CCC3=C4CCC(=O)C=C4CCC23)C)C,312.4,2.8,34.1,0.0,2.0,1.0,PubChem,Available
888,Deoxycholic acid,222528.0,CC(CCC(=O)O)C1CCC2C1(C(CC3C2CCC4C3(CCC(C4)O)C)O)C,392.6,4.9,77.8,3.0,4.0,4.0,PubChem,Available
889,Deoxyepinephrine,4382.0,CNCCC1=CC(=C(C=C1)O)O,167.2,-0.5,52.5,3.0,3.0,3.0,PubChem,Available
890,Deoxyspergualin,91272.0,C(CCCN=C(N)N)CCC(=O)NC(C(=O)NCCCCNCCCN)O,387.5,-2.0,181.0,7.0,6.0,17.0,PubChem,Available
891,Deptropine,203911.0,CN1C2CCC1CC(C2)OC3C4=CC=CC=C4CCC5=CC=CC=C35,333.5,4.8,12.5,0.0,2.0,2.0,PubChem,Available
892,Dequalinium,2993.0,CC1=[N+](C2=CC=CC=C2C(=C1)N)CCCCCCCCCC[N+]3=C(C=C(C4=CC=CC=C43)N)C,456.7,7.3,59.8,2.0,2.0,11.0,PubChem,Available
893,Deramciclane,119590.0,CC1(C2CCC1(C(C2)(C3=CC=CC=C3)OCCN(C)C)C)C,301.5,4.4,12.5,0.0,2.0,5.0,PubChem,Available
894,Dermatan sulfate,32756.0,CC(=O)NC1C(C(C(OC1O)CO)OS(=O)(=O)[O-])OC2C(C(C(C(O2)C(=O)[O-])O)O)O,475.4,-4.3,273.0,6.0,15.0,5.0,PubChem,Available
895,Dersalazine,135484128.0,CC1=NC2=C(N1CC3CCN(CC3)C(=O)C=C(C4=CC=CC=C4)C5=CC=C(C=C5)N=NC6=CC(=C(C=C6)O)C(=O)O)C=CN=C2,600.7,6.4,133.0,2.0,8.0,8.0,PubChem,Available
896,Deserpidine,8550.0,COC1C(CC2CN3CCC4=C(C3CC2C1C(=O)OC)NC5=CC=CC=C45)OC(=O)C6=CC(=C(C(=C6)OC)OC)OC,578.7,4.1,109.0,1.0,9.0,9.0,PubChem,Available
897,Desflurane,42113.0,C(C(F)(F)F)(OC(F)F)F,168.04,2.6,9.2,0.0,7.0,2.0,PubChem,Available
898,Desipramine,2995.0,CNCCCN1C2=CC=CC=C2CCC3=CC=CC=C31,266.4,4.9,15.3,1.0,2.0,4.0,PubChem,Available
899,Deslanoside,28620.0,CC1C(C(CC(O1)OC2CCC3(C(C2)CCC4C3CC(C5(C4(CCC5C6=CC(=O)OC6)O)C)O)C)O)OC7CC(C(C(O7)C)OC8CC(C(C(O8)C)OC9C(C(C(C(O9)CO)O)O)O)O)O,943.1,-0.3,282.0,9.0,19.0,10.0,PubChem,Available
900,Desloratadine,124087.0,C1CC2=C(C=CC(=C2)Cl)C(=C3CCNCC3)C4=C1C=CC=N4,310.8,4.5,24.9,1.0,2.0,0.0,PubChem,Available
901,Desmopressin,5311065.0,C1CC(N(C1)C(=O)C2CSSCCC(=O)NC(C(=O)NC(C(=O)NC(C(=O)NC(C(=O)N2)CC(=O)N)CCC(=O)N)CC3=CC=CC=C3)CC4=CC=C(C=C4)O)C(=O)NC(CCCN=C(N)N)C(=O)NCC(=O)N,1069.2,-4.0,489.0,13.0,15.0,19.0,PubChem,Available
902,Desogestrel,40973.0,CCC12CC(=C)C3C(C1CCC2(C#C)O)CCC4=CCCCC34,310.5,4.9,20.2,1.0,1.0,2.0,PubChem,Available
903,Desomorphine,5362456.0,CN1CCC23C4C1CC5=C2C(=C(C=C5)O)OC3CCC4,271.35,2.8,32.7,1.0,3.0,0.0,PubChem,Available
904,Desonide,5311066.0,CC1(OC2CC3C4CCC5=CC(=O)C=CC5(C4C(CC3(C2(O1)C(=O)CO)C)O)C)C,416.5,2.7,93.1,2.0,6.0,2.0,PubChem,Available
905,Desoximetasone,5311067.0,CC1CC2C3CCC4=CC(=O)C=CC4(C3(C(CC2(C1C(=O)CO)C)O)F)C,376.5,2.3,74.6,2.0,5.0,2.0,PubChem,Available
906,Desoxycorticosterone acetate,5952.0,CC(=O)OCC(=O)C1CCC2C1(CCC3C2CCC4=CC(=O)CCC34C)C,372.5,3.1,60.4,0.0,4.0,4.0,PubChem,Available
907,Desoxycorticosterone pivalate,11876263.0,CC12CCC3C(C1CCC2C(=O)COC(=O)C(C)(C)C)CCC4=CC(=O)CCC34C,414.6,4.5,60.4,0.0,4.0,5.0,PubChem,Available
908,Desvenlafaxine,125017.0,CN(C)CC(C1=CC=C(C=C1)O)C2(CCCCC2)O,263.37,2.6,43.7,2.0,3.0,4.0,PubChem,Available
909,Detomidine,56032.0,CC1=C(C(=CC=C1)CC2=CN=CN2)C,186.25,2.7,28.7,1.0,1.0,2.0,PubChem,Available
910,Deucravacitinib,134821691.0,CNC(=O)C1=NN=C(C=C1NC2=CC=CC(=C2OC)C3=NN(C=N3)C)NC(=O)C4CC4,425.5,1.2,136.0,3.0,8.0,7.0,PubChem,Available
911,Deudextromethorphan,25052519.0,CN1CCC23CCCCC2C1CC4=C3C=C(C=C4)OC,277.4,3.4,12.5,0.0,2.0,1.0,PubChem,Available
912,Deudomperidone,153420471.0,C1CN(CCC1N2C3=C(C=C(C=C3)Cl)NC2=O)CCCN4C5=CC=CC=C5NC4=O,429.9,3.9,67.9,2.0,3.0,5.0,PubChem,Available
913,Deupirfenidone,25145077.0,CC1=CN(C(=O)C=C1)C2=CC=CC=C2,188.24,1.9,20.3,0.0,1.0,1.0,PubChem,Available
914,Deuruxolitinib,72704611.0,C1CCC(C1)C(CC#N)N2C=C(C=N2)C3=C4C=CNC4=NC=N3,314.41,2.1,83.2,1.0,4.0,4.0,PubChem,Available
915,Deutetrabenazine,73442840.0,CC(C)CC1CN2CCC3=CC(=C(C=C3C2CC1=O)OC)OC,323.5,2.9,38.8,0.0,4.0,4.0,PubChem,Available
916,Deutivacaftor,71470491.0,CC(C)(C)C1=CC(=C(C=C1NC(=O)C2=CNC3=CC=CC=C3C2=O)O)C(C)(C)C,401.5,5.6,78.4,3.0,4.0,4.0,PubChem,Available
917,Dexamethasone acetate,236702.0,CC1CC2C3CCC4=CC(=O)C=CC4(C3(C(CC2(C1(C(=O)COC(=O)C)O)C)O)F)C,434.5,2.8,101.0,2.0,7.0,4.0,PubChem,Available
918,Dexamethasone isonicotinate,16752.0,CC1CC2C3CCC4=CC(=O)C=CC4(C3(C(CC2(C1(C(=O)COC(=O)C5=CC=NC=C5)O)C)O)F)C,497.6,3.4,114.0,2.0,8.0,5.0,PubChem,Available
919,Dexetimide,30843.0,C1CN(CCC1C2(CCC(=O)NC2=O)C3=CC=CC=C3)CC4=CC=CC=C4,362.5,3.1,49.4,1.0,3.0,4.0,PubChem,Available
920,Dexfenfluramine,66265.0,CCNC(C)CC1=CC(=CC=C1)C(F)(F)F,231.26,3.4,12.0,1.0,4.0,4.0,PubChem,Available
921,Dexibuprofen,39912.0,CC(C)CC1=CC=C(C=C1)C(C)C(=O)O,206.28,3.5,37.3,1.0,2.0,4.0,PubChem,Available
922,Dexisometheptene mucate,76853225.0,CC(CCC=C(C)C)NC.CC(CCC=C(C)C)NC.C(C(C(C(=O)O)O)O)(C(C(=O)O)O)O,492.6,,180.0,8.0,10.0,13.0,PubChem,Available
923,Dexketoprofen,667550.0,CC(C1=CC(=CC=C1)C(=O)C2=CC=CC=C2)C(=O)O,254.28,3.1,54.4,1.0,3.0,4.0,PubChem,Available
924,Dexlansoprazole,9578005.0,CC1=C(C=CN=C1CS(=O)C2=NC3=CC=CC=C3N2)OCC(F)(F)F,369.4,2.8,87.1,1.0,8.0,5.0,PubChem,Available
925,Dexloxiglumide,65937.0,CCCCCN(CCCOC)C(=O)C(CCC(=O)O)NC(=O)C1=CC(=C(C=C1)Cl)Cl,461.4,3.9,95.9,2.0,5.0,14.0,PubChem,Available
926,Dexmecamylamine,12358972.0,CC1(C2CCC(C2)C1(C)NC)C,167.29,2.6,12.0,1.0,1.0,1.0,PubChem,Available
927,Dexmedetomidine,5311068.0,CC1=C(C(=CC=C1)C(C)C2=CN=CN2)C,200.28,3.1,28.7,1.0,1.0,2.0,PubChem,Available
928,Dexmethylphenidate,154101.0,COC(=O)C(C1CCCCN1)C2=CC=CC=C2,233.31,0.2,38.3,1.0,3.0,4.0,PubChem,Available
929,Dexniguldipine,6918097.0,CC1=C(C(C(=C(N1)C)C(=O)OCCCN2CCC(CC2)(C3=CC=CC=C3)C4=CC=CC=C4)C5=CC(=CC=C5)[N+](=O)[O-])C(=O)OC,609.7,6.8,114.0,1.0,8.0,11.0,PubChem,Available
930,Dexpanthenol,131204.0,CC(C)(CO)C(C(=O)NCCCO)O,205.25,-0.9,89.8,4.0,4.0,6.0,PubChem,Available
931,Dexpramipexole,59868.0,CCCNC1CCC2=C(C1)SC(=N2)N,211.33,1.9,79.2,2.0,4.0,3.0,PubChem,Available
932,Dexpropranolol,21138.0,CC(C)NCC(COC1=CC=CC2=CC=CC=C21)O,259.34,3.0,41.5,2.0,3.0,6.0,PubChem,Available
933,Dexrabeprazole,9906855.0,CC1=C(C=CN=C1CS(=O)C2=NC3=CC=CC=C3N2)OCCCOC,359.4,1.9,96.3,1.0,6.0,8.0,PubChem,Available
934,Dexrazoxane,71384.0,CC(CN1CC(=O)NC(=O)C1)N2CC(=O)NC(=O)C2,268.27,-1.4,98.8,2.0,6.0,3.0,PubChem,Available
935,Dextilidine,30131.0,CCOC(=O)C1(CCC=CC1N(C)C)C2=CC=CC=C2,273.37,3.1,29.5,0.0,3.0,5.0,PubChem,Available
936,Dextofisopam,204105.0,CCC1C(=NN=C(C2=CC(=C(C=C12)OC)OC)C3=CC(=C(C=C3)OC)OC)C,382.5,3.2,61.6,0.0,6.0,6.0,PubChem,Available
937,Dextromethadone,643985.0,CCC(=O)C(CC(C)N(C)C)(C1=CC=CC=C1)C2=CC=CC=C2,309.4,3.9,20.3,0.0,2.0,7.0,PubChem,Available
938,Dextromoramide,92943.0,CC(CN1CCOCC1)C(C2=CC=CC=C2)(C3=CC=CC=C3)C(=O)N4CCCC4,392.5,3.8,32.8,0.0,3.0,6.0,PubChem,Available
939,Dextropropoxyphene,10100.0,CCC(=O)OC(CC1=CC=CC=C1)(C2=CC=CC=C2)C(C)CN(C)C,339.5,4.2,29.5,0.0,3.0,9.0,PubChem,Available
940,Dextrorphan,5360697.0,CN1CCC23CCCCC2C1CC4=C3C=C(C=C4)O,257.37,3.1,23.5,1.0,2.0,0.0,PubChem,Available
941,Dextrothyroxine,8730.0,C1=C(C=C(C(=C1I)OC2=CC(=C(C(=C2)I)O)I)I)CC(C(=O)O)N,776.87,2.4,92.8,3.0,5.0,5.0,PubChem,Available
942,Dexverapamil,65808.0,CC(C)C(CCCN(C)CCC1=CC(=C(C=C1)OC)OC)(C#N)C2=CC(=C(C=C2)OC)OC,454.6,3.8,64.0,0.0,6.0,13.0,PubChem,Available
943,Dezocine,3033053.0,CC12CCCCCC(C1N)CC3=C2C=C(C=C3)O,245.36,3.7,46.3,2.0,2.0,0.0,PubChem,Available
944,Diacerein,26248.0,CC(=O)OC1=CC=CC2=C1C(=O)C3=C(C2=O)C=C(C=C3OC(=O)C)C(=O)O,368.3,1.9,124.0,1.0,8.0,5.0,PubChem,Available
945,Diamorphine,5462328.0,CC(=O)OC1C=CC2C3CC4=C5C2(C1OC5=C(C=C4)OC(=O)C)CCN3C,369.4,1.5,65.1,0.0,6.0,4.0,PubChem,Available
946,Dianhydrogalactitol,15942827.0,C1C(O1)C(C(C2CO2)O)O,146.14,-1.3,65.5,2.0,4.0,3.0,PubChem,Available
947,Diatrizoate,2140.0,CC(=O)NC1=C(C(=C(C(=C1I)C(=O)O)I)NC(=O)C)I,613.91,1.8,95.5,3.0,4.0,3.0,PubChem,Available
948,Diazepam,3016.0,CN1C(=O)CN=C(C2=C1C=CC(=C2)Cl)C3=CC=CC=C3,284.74,3.0,32.7,0.0,2.0,1.0,PubChem,Available
949,Diazoxide,3019.0,CC1=NS(=O)(=O)C2=C(N1)C=CC(=C2)Cl,230.67,1.2,66.9,1.0,3.0,0.0,PubChem,Available
950,Dibekacin,470999.0,C1CC(C(OC1CN)OC2C(CC(C(C2O)OC3C(C(C(C(O3)CO)O)N)O)N)N)N,451.5,-5.8,248.0,9.0,13.0,6.0,PubChem,Available
951,Dibenzepin,9419.0,CN1C2=CC=CC=C2C(=O)N(C3=CC=CC=C31)CCN(C)C,295.4,2.7,26.8,0.0,3.0,3.0,PubChem,Available
952,Dibromotyrosine,67532.0,C1=C(C=C(C(=C1Br)O)Br)CC(C(=O)O)N,338.98,-0.4,83.6,3.0,4.0,3.0,PubChem,Available
953,Dichlorobenzyl alcohol,15684.0,C1=CC(=C(C=C1Cl)Cl)CO,177.02,2.5,20.2,1.0,1.0,1.0,PubChem,Available
954,Dichlorvos,3039.0,COP(=O)(OC)OC=C(Cl)Cl,220.97,1.4,44.8,0.0,4.0,4.0,PubChem,Available
955,Diclofenac,3033.0,C1=CC=C(C(=C1)CC(=O)O)NC2=C(C=CC=C2Cl)Cl,296.1,4.4,49.3,2.0,3.0,4.0,PubChem,Available
956,Diclofenamide,3038.0,C1=C(C=C(C(=C1S(=O)(=O)N)Cl)Cl)S(=O)(=O)N,305.2,0.3,137.0,2.0,6.0,2.0,PubChem,Available
957,Dicloxacillin,18381.0,CC1=C(C(=NO1)C2=C(C=CC=C2Cl)Cl)C(=O)NC3C4N(C3=O)C(C(S4)(C)C)C(=O)O,470.3,2.9,138.0,2.0,7.0,4.0,PubChem,Available
958,Dicoumarol,54676038.0,C1=CC=C2C(=C1)C(=C(C(=O)O2)CC3=C(C4=CC=CC=C4OC3=O)O)O,336.3,2.6,93.1,2.0,6.0,2.0,PubChem,Available
959,Dicyclomine,3042.0,CCN(CC)CCOC(=O)C1(CCCCC1)C2CCCCC2,309.5,5.5,29.5,0.0,3.0,8.0,PubChem,Available
960,Didanosine,135398739.0,C1CC(OC1CO)N2C=NC3=C2N=CNC3=O,236.23,-1.2,88.7,2.0,5.0,2.0,PubChem,Available
961,Didox,3045.0,C1=CC(=C(C=C1C(=O)NO)O)O,169.13,0.4,89.8,4.0,4.0,1.0,PubChem,Available
962,Dienestrol,667476.0,CC=C(C1=CC=C(C=C1)O)C(=CC)C2=CC=C(C=C2)O,266.3,5.4,40.5,2.0,2.0,3.0,PubChem,Available
963,Dienogest,68861.0,CC12CCC3=C4CCC(=O)C=C4CCC3C1CCC2(CC#N)O,311.4,1.8,61.1,1.0,3.0,1.0,PubChem,Available
964,Diethyl ether,3283.0,CCOCC,74.12,0.9,9.2,0.0,1.0,2.0,PubChem,Available
965,Diethylcarbamazine,3052.0,CCN(CC)C(=O)N1CCN(CC1)C,199.29,0.3,26.8,0.0,2.0,2.0,PubChem,Available
966,Diethylnorspermine,4282.0,CCNCCCNCCCNCCCNCC,244.42,0.3,48.1,4.0,4.0,14.0,PubChem,Available
967,Diethylpropion,7029.0,CCN(CC)C(C)C(=O)C1=CC=CC=C1,205.3,2.8,20.3,0.0,2.0,5.0,PubChem,Available
968,Diethylstilbestrol,448537.0,CCC(=C(CC)C1=CC=C(C=C1)O)C2=CC=C(C=C2)O,268.3,5.1,40.5,2.0,2.0,4.0,PubChem,Available
969,Difemerine,165124.0,CC(C)(COC(=O)C(C1=CC=CC=C1)(C2=CC=CC=C2)O)N(C)C,327.4,3.3,49.8,1.0,4.0,7.0,PubChem,Available
970,Difenoxin,34328.0,C1CN(CCC1(C2=CC=CC=C2)C(=O)O)CCC(C#N)(C3=CC=CC=C3)C4=CC=CC=C4,424.5,2.7,64.3,1.0,4.0,7.0,PubChem,Available
971,Difenpiramide,100472.0,C1=CC=C(C=C1)C2=CC=C(C=C2)CC(=O)NC3=CC=CC=N3,288.3,3.8,42.0,1.0,2.0,4.0,PubChem,Available
972,Diflorasone,71415.0,CC1CC2C3CC(C4=CC(=O)C=CC4(C3(C(CC2(C1(C(=O)CO)O)C)O)F)C)F,410.5,1.9,94.8,3.0,7.0,2.0,PubChem,Available
973,Difloxacin,56206.0,CN1CCN(CC1)C2=C(C=C3C(=C2)N(C=C(C3=O)C(=O)O)C4=CC=C(C=C4)F)F,399.4,1.6,64.1,1.0,8.0,3.0,PubChem,Available
974,Diflunisal,3059.0,C1=CC(=C(C=C1C2=C(C=C(C=C2)F)F)C(=O)O)O,250.2,4.4,57.5,2.0,5.0,2.0,PubChem,Available
975,Difluocortolone,11954369.0,CC1CC2C3CC(C4=CC(=O)C=CC4(C3(C(CC2(C1C(=O)CO)C)O)F)C)F,394.5,2.3,74.6,2.0,6.0,2.0,PubChem,Available
976,Difluprednate,443936.0,CCCC(=O)OC1(CCC2C1(CC(C3(C2CC(C4=CC(=O)C=CC43C)F)F)O)C)C(=O)COC(=O)C,508.5,3.4,107.0,1.0,9.0,8.0,PubChem,Available
977,Digitoxin,441207.0,CC1C(C(CC(O1)OC2C(OC(CC2O)OC3C(OC(CC3O)OC4CCC5(C(C4)CCC6C5CCC7(C6(CCC7C8=CC(=O)OC8)O)C)C)C)C)O)O,764.9,2.3,183.0,5.0,13.0,7.0,PubChem,Available
978,Digoxin,2724385.0,CC1C(C(CC(O1)OC2C(OC(CC2O)OC3C(OC(CC3O)OC4CCC5(C(C4)CCC6C5CC(C7(C6(CCC7C8=CC(=O)OC8)O)C)O)C)C)C)O)O,780.9,1.3,203.0,6.0,14.0,7.0,PubChem,Available
979,Dihematoporphyrin ether,,,,,,,,,,Unresolved
980,Dihexyverine,21788.0,C1CCC(CC1)C2(CCCCC2)C(=O)OCCN3CCCCC3,321.5,5.6,29.5,0.0,3.0,6.0,PubChem,Available
981,Dihydralazine,10230.0,C1=CC=C2C(=C1)C(=NN=C2NN)NN,190.21,0.2,102.0,4.0,6.0,2.0,PubChem,Available
982,"Dihydro-2-thioxo-5-((5-(2-(trifluoromethyl)phenyl)-2-furanyl)methyl)-4,6(1H,5H)-pyrimidinedione",3003157.0,C1=CC=C(C(=C1)C2=CC=C(O2)CC3C(=O)NC(=S)NC3=O)C(F)(F)F,368.3,3.1,103.0,2.0,7.0,3.0,PubChem,Available
983,Dihydro-alpha-ergocryptine,114948.0,CC(C)CC1C(=O)N2CCCC2C3(N1C(=O)C(O3)(C(C)C)NC(=O)C4CC5C(CC6=CNC7=CC=CC5=C67)N(C4)C)O,577.7,3.1,118.0,3.0,6.0,5.0,PubChem,Available
984,Dihydrocodeine,5284543.0,CN1CCC23C4C1CC5=C2C(=C(C=C5)OC)OC3C(CC4)O,301.4,2.2,41.9,1.0,4.0,1.0,PubChem,Available
985,Dihydroergocornine,168871.0,CC(C)C1C(=O)N2CCCC2C3(N1C(=O)C(O3)(C(C)C)NC(=O)C4CC5C(CC6=CNC7=CC=CC5=C67)N(C4)C)O,563.7,2.7,118.0,3.0,6.0,4.0,PubChem,Available
986,Dihydroergocristine,107715.0,CC(C)C1(C(=O)N2C(C(=O)N3CCCC3C2(O1)O)CC4=CC=CC=C4)NC(=O)C5CC6C(CC7=CNC8=CC=CC6=C78)N(C5)C,611.7,3.3,118.0,3.0,6.0,5.0,PubChem,Available
987,Dihydroergotamine,10531.0,CC1(C(=O)N2C(C(=O)N3CCCC3C2(O1)O)CC4=CC=CC=C4)NC(=O)C5CC6C(CC7=CNC8=CC=CC6=C78)N(C5)C,583.7,2.4,118.0,3.0,6.0,4.0,PubChem,Available
988,Dihydroetorphine,107765.0,CCCC(C)(C1CC23CCC1(C4C25CCN(C3CC6=C5C(=C(C=C6)O)O4)C)OC)O,413.5,3.8,62.2,2.0,5.0,4.0,PubChem,Available
989,Dihydromorphine,5359421.0,CN1CCC23C4C1CC5=C2C(=C(C=C5)O)OC3C(CC4)O,287.35,1.8,52.9,2.0,4.0,0.0,PubChem,Available
990,Dihydrostreptomycin,439369.0,CC1C(C(C(O1)OC2C(C(C(C(C2O)O)N=C(N)N)O)N=C(N)N)OC3C(C(C(C(O3)CO)O)O)NC)(CO)O,583.6,-8.2,340.0,13.0,15.0,9.0,PubChem,Available
991,Dihydrotachysterol,5311071.0,CC1CCC(CC1=CC=C2CCCC3(C2CCC3C(C)C=CC(C)C(C)C)C)O,398.7,7.7,20.2,1.0,1.0,5.0,PubChem,Available
992,Diltiazem,39186.0,CC(=O)OC1C(SC2=CC=CC=C2N(C1=O)CCN(C)C)C3=CC=C(C=C3)OC,414.5,3.1,84.4,0.0,6.0,7.0,PubChem,Available
993,Dimenhydrinate,10660.0,CN1C2=C(C(=O)N(C1=O)C)NC(=N2)Cl.CN(C)CCOC(C1=CC=CC=C1)C2=CC=CC=C2,470.0,,81.8,1.0,5.0,6.0,PubChem,Available
994,Dimercaprol,3080.0,C(C(CS)S)O,124.23,0.2,22.2,3.0,3.0,2.0,PubChem,Available
995,Dimetacrine,94280.0,CC1(C2=CC=CC=C2N(C3=CC=CC=C31)CCCN(C)C)C,294.4,5.4,6.5,0.0,2.0,4.0,PubChem,Available
996,Dimethyl fumarate,637568.0,COC(=O)C=CC(=O)OC,144.12,0.7,52.6,0.0,4.0,4.0,PubChem,Available
997,Dimethyl sulfoxide,679.0,CS(=O)C,78.14,-0.6,36.3,0.0,2.0,0.0,PubChem,Available
998,Dimethyltryptamine,6089.0,CN(C)CCC1=CNC2=CC=CC=C21,188.27,2.5,19.0,1.0,1.0,3.0,PubChem,Available
999,Dimetindene,21855.0,CC(C1=CC=CC=N1)C2=C(CC3=CC=CC=C32)CCN(C)C,292.4,2.7,16.1,0.0,2.0,5.0,PubChem,Available
1000,Dimetotiazine,3089.0,CC(CN1C2=CC=CC=C2SC3=C1C=C(C=C3)S(=O)(=O)N(C)C)N(C)C,391.6,3.8,77.5,0.0,6.0,5.0,PubChem,Available
1001,Dinoprost,5280363.0,CCCCCC(C=CC1C(CC(C1CC=CCCCC(=O)O)O)O)O,354.5,2.7,98.0,4.0,5.0,12.0,PubChem,Available
1002,Dinoprostone,5280360.0,CCCCCC(C=CC1C(CC(=O)C1CC=CCCCC(=O)O)O)O,352.5,2.8,94.8,3.0,5.0,12.0,PubChem,Available
1003,Diosmin,5281613.0,CC1C(C(C(C(O1)OCC2C(C(C(C(O2)OC3=CC(=C4C(=C3)OC(=CC4=O)C5=CC(=C(C=C5)OC)O)O)O)O)O)O)O)O,608.5,-0.8,234.0,8.0,15.0,7.0,PubChem,Available
1004,Diphemanil,6127.0,C[N+]1(CCC(=C(C2=CC=CC=C2)C3=CC=CC=C3)CC1)C,278.4,4.4,0.0,0.0,0.0,2.0,PubChem,Available
1005,Diphenadione,6719.0,C1=CC=C(C=C1)C(C2=CC=CC=C2)C(=O)C3C(=O)C4=CC=CC=C4C3=O,340.4,3.7,51.2,0.0,3.0,4.0,PubChem,Available
1006,Diphenidol,3055.0,C1CCN(CC1)CCCC(C2=CC=CC=C2)(C3=CC=CC=C3)O,309.4,4.2,23.5,1.0,2.0,6.0,PubChem,Available
1007,Diphenoxylate,13505.0,CCOC(=O)C1(CCN(CC1)CCC(C#N)(C2=CC=CC=C2)C3=CC=CC=C3)C4=CC=CC=C4,452.6,5.7,53.3,0.0,4.0,9.0,PubChem,Available
1008,Diphenylpyraline,3103.0,CN1CCC(CC1)OC(C2=CC=CC=C2)C3=CC=CC=C3,281.4,3.9,12.5,0.0,2.0,4.0,PubChem,Available
1009,Dipivefrin,3105.0,CC(C)(C)C(=O)OC1=C(C=C(C=C1)C(CNC)O)OC(=O)C(C)(C)C,351.4,2.9,84.9,2.0,6.0,9.0,PubChem,Available
1010,Diprenorphine,443408.0,CC(C)(C1CC23CCC1(C4C25CCN(C3CC6=C5C(=C(C=C6)O)O4)CC7CC7)OC)O,425.6,3.6,62.2,2.0,5.0,4.0,PubChem,Available
1011,Dipyridamole,3108.0,C1CCN(CC1)C2=NC(=NC3=C2N=C(N=C3N4CCCCC4)N(CCO)CCO)N(CCO)CCO,504.6,0.7,145.0,4.0,12.0,12.0,PubChem,Available
1012,Dirithromycin,6473883.0,CCC1C(C2C(C(C(CC(C(C(C(C(C(=O)O1)C)OC3CC(C(C(O3)C)O)(C)OC)C)OC4C(C(CC(O4)C)N(C)C)O)(C)O)C)NC(O2)COCCOC)C)(C)O,835.1,4.2,196.0,5.0,16.0,12.0,PubChem,Available
1013,Diroximel fumarate,73330464.0,COC(=O)C=CC(=O)OCCN1C(=O)CCC1=O,255.22,-0.9,90.0,0.0,6.0,7.0,PubChem,Available
1014,Disopyramide,3114.0,CC(C)N(CCC(C1=CC=CC=C1)(C2=CC=CC=N2)C(=O)N)C(C)C,339.5,3.2,59.2,1.0,3.0,8.0,PubChem,Available
1015,Distigmine,3116.0,C[N+]1=CC=CC(=C1)OC(=O)N(C)CCCCCCN(C)C(=O)OC2=C[N+](=CC=C2)C,416.5,2.7,66.8,0.0,4.0,11.0,PubChem,Available
1016,Disulfiram,3117.0,CCN(CC)C(=S)SSC(=S)N(CC)CC,296.5,3.9,121.0,0.0,4.0,7.0,PubChem,Available
1017,Ditazole,29088.0,C1=CC=C(C=C1)C2=C(OC(=N2)N(CCO)CCO)C3=CC=CC=C3,324.4,2.7,69.7,2.0,5.0,7.0,PubChem,Available
1018,Ditiocarb,8987.0,CCN(CC)C(=S)S,149.3,1.6,36.3,1.0,2.0,2.0,PubChem,Available
1019,Dixyrazine,17182.0,CC(CN1CCN(CC1)CCOCCO)CN2C3=CC=CC=C3SC4=CC=CC=C42,427.6,3.7,64.5,1.0,6.0,9.0,PubChem,Available
1020,Dobutamine,36811.0,CC(CCC1=CC=C(C=C1)O)NCCC2=CC(=C(C=C2)O)O,301.4,3.4,72.7,4.0,4.0,7.0,PubChem,Available
1021,Docetaxel,148124.0,CC1=C2C(C(=O)C3(C(CC4C(C3C(C(C2(C)C)(CC1OC(=O)C(C(C5=CC=CC=C5)NC(=O)OC(C)(C)C)O)O)OC(=O)C6=CC=CC=C6)(CO4)OC(=O)C)O)C)O,807.9,1.6,224.0,5.0,14.0,13.0,PubChem,Available
1022,Doconexent,445580.0,CCC=CCC=CCC=CCC=CCC=CCC=CCCC(=O)O,328.5,6.2,37.3,1.0,2.0,14.0,PubChem,Available
1023,Docusate,11339.0,CCCCC(CC)COC(=O)CC(C(=O)OCC(CC)CCCC)S(=O)(=O)O,422.6,5.1,115.0,1.0,7.0,18.0,PubChem,Available
1024,Dofetilide,71329.0,CN(CCC1=CC=C(C=C1)NS(=O)(=O)C)CCOC2=CC=C(C=C2)NS(=O)(=O)C,441.6,1.8,122.0,2.0,8.0,11.0,PubChem,Available
1025,Dolasetron,3033818.0,C1C2CC3CC(CC1N3CC2=O)OC(=O)C4=CNC5=CC=CC=C54,324.4,3.4,62.4,1.0,4.0,3.0,PubChem,Available
1026,Dolastatin 10,9810929.0,CCC(C)C(C(CC(=O)N1CCCC1C(C(C)C(=O)NC(CC2=CC=CC=C2)C3=NC=CS3)OC)OC)N(C)C(=O)C(C(C)C)NC(=O)C(C(C)C)N(C)C,785.1,5.8,162.0,2.0,9.0,21.0,PubChem,Available
1027,Dolutegravir,54726191.0,CC1CCOC2N1C(=O)C3=C(C(=O)C(=CN3C2)C(=O)NCC4=C(C=C(C=C4)F)F)O,419.4,2.4,99.2,2.0,8.0,3.0,PubChem,Available
1028,Domoic Acid,5282253.0,CC(C=CC=C(C)C1CNC(C1CC(=O)O)C(=O)O)C(=O)O,311.33,-1.3,124.0,4.0,7.0,7.0,PubChem,Available
1029,Dopamine,681.0,C1=CC(=C(C=C1CCN)O)O,153.18,-1.0,66.5,3.0,3.0,2.0,PubChem,Available
1030,Dopexamine,55483.0,C1=CC=C(C=C1)CCNCCCCCCNCCC2=CC(=C(C=C2)O)O,356.5,2.5,64.5,4.0,4.0,13.0,PubChem,Available
1031,Doramectin,9832750.0,CC1C=CC=C2COC3C2(C(C=C(C3O)C)C(=O)OC4CC(CC=C(C1OC5CC(C(C(O5)C)OC6CC(C(C(O6)C)O)OC)OC)C)OC7(C4)C=CC(C(O7)C8CCCCC8)C)O,899.1,4.5,170.0,3.0,14.0,7.0,PubChem,Available
1032,Doravirine,58460047.0,CN1C(=NNC1=O)CN2C=CC(=C(C2=O)OC3=CC(=CC(=C3)C#N)Cl)C(F)(F)F,425.7,2.1,98.0,1.0,8.0,4.0,PubChem,Available
1033,Dordaviprone,73777259.0,CC1=CC=CC=C1CN2C(=O)C3=C(CCN(C3)CC4=CC=CC=C4)N5C2=NCC5,386.5,2.3,39.2,0.0,3.0,4.0,PubChem,Available
1034,Doripenem,73303.0,CC1C2C(C(=O)N2C(=C1SC3CC(NC3)CNS(=O)(=O)N)C(=O)O)C(C)O,420.5,-3.4,196.0,5.0,10.0,7.0,PubChem,Available
1035,Dorzolamide,5284549.0,CCNC1CC(S(=O)(=O)C2=C1C=C(S2)S(=O)(=O)N)C,324.4,0.4,151.0,2.0,7.0,3.0,PubChem,Available
1036,Dosulepin,5284550.0,CN(C)CCC=C1C2=CC=CC=C2CSC3=CC=CC=C31,295.4,4.5,28.5,0.0,2.0,3.0,PubChem,Available
1037,Dotarizine,55285.0,C1CN(CCN1CCCC2(OCCO2)C3=CC=CC=C3)C(C4=CC=CC=C4)C5=CC=CC=C5,442.6,4.9,24.9,0.0,4.0,8.0,PubChem,Available
1038,Dovitinib,135398510.0,CN1CCN(CC1)C2=CC3=C(C=C2)N=C(N3)C4=C(C5=C(C=CC=C5F)NC4=O)N,392.4,1.6,90.3,3.0,6.0,2.0,PubChem,Available
1039,Doxacurium,60169.0,C[N+]1(CCC2=CC(=C(C(=C2C1CC3=CC(=C(C(=C3)OC)OC)OC)OC)OC)OC)CCCOC(=O)CCC(=O)OCCC[N+]4(CCC5=CC(=C(C(=C5C4CC6=CC(=C(C(=C6)OC)OC)OC)OC)OC)OC)C,1035.2,7.4,163.0,0.0,16.0,29.0,PubChem,Available
1040,Doxapram,3156.0,CCN1CC(C(C1=O)(C2=CC=CC=C2)C3=CC=CC=C3)CCN4CCOCC4,378.5,3.3,32.8,0.0,3.0,6.0,PubChem,Available
1041,Doxazosin,3157.0,COC1=C(C=C2C(=C1)C(=NC(=N2)N3CCN(CC3)C(=O)C4COC5=CC=CC=C5O4)N)OC,451.5,2.5,112.0,1.0,9.0,4.0,PubChem,Available
1042,Doxefazepam,38668.0,C1=CC=C(C(=C1)C2=NC(C(=O)N(C3=C2C=C(C=C3)Cl)CCO)O)F,348.8,1.6,73.1,2.0,5.0,3.0,PubChem,Available
1043,Doxercalciferol,5281107.0,CC(C)C(C)C=CC(C)C1CCC2C1(CCCC2=CC=C3CC(CC(C3=C)O)O)C,412.6,6.3,40.5,2.0,2.0,5.0,PubChem,Available
1044,Doxifluridine,18343.0,CC1C(C(C(O1)N2C=C(C(=O)NC2=O)F)O)O,246.19,-1.7,99.1,3.0,6.0,1.0,PubChem,Available
1045,Doxofylline,50942.0,CN1C2=C(C(=O)N(C1=O)C)N(C=N2)CC3OCCO3,266.25,-0.9,76.9,0.0,5.0,2.0,PubChem,Available
1046,Doxorubicin,31703.0,CC1C(C(CC(O1)OC2CC(CC3=C2C(=C4C(=C3O)C(=O)C5=C(C4=O)C(=CC=C5)OC)O)(C(=O)CO)O)N)O,543.5,1.3,206.0,6.0,12.0,5.0,PubChem,Available
1047,Doxycycline,54671203.0,CC1C2C(C3C(C(=O)C(=C(C3(C(=O)C2=C(C4=C1C=CC=C4O)O)O)O)C(=O)N)N(C)C)O,444.4,-0.7,182.0,6.0,9.0,2.0,PubChem,Available
1048,Doxylamine,3162.0,CC(C1=CC=CC=C1)(C2=CC=CC=N2)OCCN(C)C,270.37,2.5,25.4,0.0,3.0,6.0,PubChem,Available
1049,Droloxifene,3033767.0,CCC(=C(C1=CC=C(C=C1)OCCN(C)C)C2=CC(=CC=C2)O)C3=CC=CC=C3,387.5,6.8,32.7,1.0,3.0,8.0,PubChem,Available
1050,Dronabinol,16078.0,CCCCCC1=CC(=C2C3C=C(CCC3C(OC2=C1)(C)C)C)O,314.5,7.0,29.5,1.0,2.0,4.0,PubChem,Available
1051,Dronedarone,208898.0,CCCCC1=C(C2=C(O1)C=CC(=C2)NS(=O)(=O)C)C(=O)C3=CC=C(C=C3)OCCCN(CCCC)CCCC,556.8,7.2,97.2,1.0,7.0,18.0,PubChem,Available
1052,Droperidol,3168.0,C1CN(CC=C1N2C3=CC=CC=C3NC2=O)CCCC(=O)C4=CC=C(C=C4)F,379.4,3.5,52.7,1.0,4.0,6.0,PubChem,Available
1053,Drospirenone,68873.0,CC12CCC(=O)C=C1C3CC3C4C2CCC5(C4C6CC6C57CCC(=O)O7)C,366.5,3.5,43.4,0.0,3.0,0.0,PubChem,Available
1054,Drostanolone propionate,224004.0,CCC(=O)OC1CCC2C1(CCC3C2CCC4C3(CC(C(=O)C4)C)C)C,360.5,5.3,43.4,0.0,3.0,3.0,PubChem,Available
1055,Drotebanol,5463863.0,CN1CCC23CC(CCC2(C1CC4=C3C(=C(C=C4)OC)OC)O)O,333.4,1.6,62.2,2.0,5.0,2.0,PubChem,Available
1056,Droxicam,65679.0,CN1C2=C(C3=CC=CC=C3S1(=O)=O)OC(=O)N(C2=O)C4=CC=CC=N4,357.3,1.2,105.0,0.0,7.0,1.0,PubChem,Available
1057,Droxidopa,92974.0,C1=CC(=C(C=C1C(C(C(=O)O)N)O)O)O,213.19,-3.2,124.0,5.0,6.0,3.0,PubChem,Available
1058,Duloxetine,60835.0,CNCCC(C1=CC=CS1)OC2=CC=CC3=CC=CC=C32,297.4,4.3,49.5,1.0,3.0,6.0,PubChem,Available
1059,Durlobactam,89851852.0,CC1=CC2CN(C1C(=O)N)C(=O)N2OS(=O)(=O)O,277.26,-2.0,139.0,2.0,6.0,3.0,PubChem,Available
1060,Dutasteride,6918296.0,CC12CCC3C(C1CCC2C(=O)NC4=C(C=CC(=C4)C(F)(F)F)C(F)(F)F)CCC5C3(C=CC(=O)N5)C,528.5,5.4,58.2,2.0,8.0,2.0,PubChem,Available
1061,Dutogliptin,11253490.0,B(C1CCCN1C(=O)CNC2CCNC2)(O)O,241.1,,84.8,4.0,5.0,4.0,PubChem,Available
1062,Duvelisib,50905713.0,CC(C1=CC2=C(C(=CC=C2)Cl)C(=O)N1C3=CC=CC=C3)NC4=NC=NC5=C4NC=N5,416.9,4.1,86.8,2.0,5.0,4.0,PubChem,Available
1063,Dyclonine,3180.0,CCCCOC1=CC=C(C=C1)C(=O)CCN2CCCCC2,289.4,3.6,29.5,0.0,3.0,8.0,PubChem,Available
1064,Dydrogesterone,9051.0,CC(=O)C1CCC2C1(CCC3C2C=CC4=CC(=O)CCC34C)C,312.4,3.8,34.1,0.0,2.0,1.0,PubChem,Available
1065,Dyphylline,3182.0,CN1C2=C(C(=O)N(C1=O)C)N(C=N2)CC(CO)O,254.24,-1.8,98.9,2.0,5.0,3.0,PubChem,Available
1066,Ebastine,3191.0,CC(C)(C)C1=CC=C(C=C1)C(=O)CCCN2CCC(CC2)OC(C3=CC=CC=C3)C4=CC=CC=C4,469.7,7.2,29.5,0.0,3.0,10.0,PubChem,Available
1067,Ebselen,3194.0,C1=CC=C(C=C1)N2C(=O)C3=CC=CC=C3[Se]2,274.19,,20.3,0.0,1.0,1.0,PubChem,Available
1068,Ecabet,65781.0,CC(C)C1=C(C=C2C(=C1)CCC3C2(CCCC3(C)C(=O)O)C)S(=O)(=O)O,380.5,4.3,100.0,2.0,5.0,3.0,PubChem,Available
1069,Ecgonine,91460.0,CN1C2CCC1C(C(C2)O)C(=O)O,185.22,-1.8,60.8,2.0,4.0,1.0,PubChem,Available
1070,Echothiophate,10548.0,CCOP(=O)(OCC)SCC[N+](C)(C)C,256.33,1.0,60.8,0.0,4.0,8.0,PubChem,Available
1071,Ecopipam,107930.0,CN1CCC2=CC(=C(C=C2C3C1CCC4=CC=CC=C34)O)Cl,313.8,4.4,23.5,1.0,2.0,0.0,PubChem,Available
1072,Edetate calcium disodium anhydrous,6093170.0,C(CN(CC(=O)[O-])CC(=O)[O-])N(CC(=O)[O-])CC(=O)[O-].[Na+].[Na+].[Ca+2],374.27,,167.0,0.0,10.0,7.0,PubChem,Available
1073,Edivoxetine,11186829.0,COC1=C(C=C(C=C1)F)CC(C2CCOCC2)(C3CNCCO3)O,339.4,1.3,60.0,2.0,6.0,5.0,PubChem,Available
1074,Edoxaban,10280735.0,CN1CCC2=C(C1)SC(=N2)C(=O)NC3CC(CCC3NC(=O)C(=O)NC4=NC=C(C=C4)Cl)C(=O)N(C)C,548.1,1.4,165.0,3.0,8.0,5.0,PubChem,Available
1075,Edrophonium,3202.0,CC[N+](C)(C)C1=CC(=CC=C1)O,166.24,1.8,20.2,1.0,1.0,2.0,PubChem,Available
1076,Efaproxiral,122335.0,CC1=CC(=CC(=C1)NC(=O)CC2=CC=C(C=C2)OC(C)(C)C(=O)O)C,341.4,3.6,75.6,2.0,4.0,6.0,PubChem,Available
1077,Efatutazone,9832447.0,CC1=CC(=CC(=C1N)C)OC2=CC3=C(C=C2)N=C(N3C)COC4=CC=C(C=C4)CC5C(=O)NC(=O)S5,502.6,4.7,134.0,2.0,7.0,7.0,PubChem,Available
1078,Efavirenz,64139.0,C1CC1C#CC2(C3=C(C=CC(=C3)Cl)NC(=O)O2)C(F)(F)F,315.67,4.0,38.3,1.0,5.0,1.0,PubChem,Available
1079,Eflornithine,3009.0,C(CC(C(F)F)(C(=O)O)N)CN,182.17,-2.9,89.3,3.0,6.0,5.0,PubChem,Available
1080,Efonidipine,119171.0,CC1=C(C(C(=C(N1)C)P2(=O)OCC(CO2)(C)C)C3=CC(=CC=C3)[N+](=O)[O-])C(=O)OCCN(CC4=CC=CC=C4)C5=CC=CC=C5,631.7,5.9,123.0,1.0,9.0,10.0,PubChem,Available
1081,Efrotomycin,135564847.0,CCC(C(=O)NCC=CC=C(C)C(C(C)C1C(C(C(O1)C=CC=CC=C(C)C(=O)C2=C(C=CN(C2=O)C)O)O)O)OC)C3(C(C(C(C(O3)C=CC=CC)(C)C)OC4C(C(C(C(O4)C)OC5C(C(C(C(O5)C)OC)O)OC)OC)O)O)O,1145.3,3.4,300.0,8.0,20.0,24.0,PubChem,Available
1082,Elacestrant,23642301.0,CCNCCC1=CC=C(C=C1)CN(CC)C2=C(C=CC(=C2)OC)C3CCC4=C(C3)C=CC(=C4)O,458.6,6.3,44.7,2.0,4.0,10.0,PubChem,Available
1083,Elacridar,119373.0,COC1=CC=CC2=C1NC3=C(C2=O)C=CC=C3C(=O)NC4=CC=C(C=C4)CCN5CCC6=CC(=C(C=C6C5)OC)OC,563.6,5.6,89.1,2.0,7.0,8.0,PubChem,Available
1084,Elafibranor,9864881.0,CC1=CC(=CC(=C1OC(C)(C)C(=O)O)C)C=CC(=O)C2=CC=C(C=C2)SC,384.5,5.1,88.9,1.0,5.0,7.0,PubChem,Available
1085,Elagolix,11250647.0,CC1=C(C(=O)N(C(=O)N1CC2=C(C=CC=C2F)C(F)(F)F)CC(C3=CC=CC=C3)NCCCC(=O)O)C4=C(C(=CC=C4)OC)F,631.6,2.6,99.2,2.0,11.0,12.0,PubChem,Available
1086,Elbasvir,71661251.0,CC(C)C(C(=O)N1CCCC1C2=NC=C(N2)C3=CC4=C(C=C3)N5C(OC6=C(C5=C4)C=CC(=C6)C7=CN=C(N7)C8CCCN8C(=O)C(C(C)C)NC(=O)OC)C9=CC=CC=C9)NC(=O)OC,882.0,6.7,189.0,4.0,9.0,13.0,PubChem,Available
1087,Elcatonin,53395169.0,CC(C)CC1C(=O)NC(C(=O)NC(C(=O)NC(CCCCCC(=O)OCC(C(=O)NC(C(=O)N1)CC(=O)N)N)C(=O)NC(C(C)C)C(=O)NC(CC(C)C)C(=O)NCC(=O)NC(CCCCN)C(=O)NC(CC(C)C)C(=O)NC(CO)C(=O)NC(CCC(=O)N)C(=O)NC(CCC(=O)O)C(=O)NC(CC(C)C)C(=O)NC(CC2=CN=CN2)C(=O)NC(CCCCN)C(=O)NC(CC(C)C)C(=O)NC(CCC(=O)N)C(=O)NC(C(C)O)C(=O)NC(CC3=CC=C(C=C3)O)C(=O)N4CCCC4C(=O)NC(CCCNC(=N)N)C(=O)NC(C(C)O)C(=O)NC(CC(=O)O)C(=O)NC(C(C)C)C(=O)NCC(=O)NC(C)C(=O)NCC(=O)NC(C(C)O)C(=O)N5CCCC5C(=O)N)C(C)O)CO,3363.8,-14.1,1440.0,48.0,52.0,97.0,PubChem,Available
1088,Eldecalcitol,6918141.0,CC(CCCC(C)(C)O)C1CCC2C1(CCCC2=CC=C3CC(C(C(C3=C)O)OCCCO)O)C,490.7,4.3,90.2,4.0,5.0,10.0,PubChem,Available
1089,Eletriptan,77993.0,CN1CCCC1CC2=CNC3=C2C=C(C=C3)CCS(=O)(=O)C4=CC=CC=C4,382.5,4.1,61.6,1.0,3.0,6.0,PubChem,Available
1090,Elexacaftor,134587348.0,CC1CC(N(C1)C2=C(C=CC(=N2)N3C=CC(=N3)OCC(C)(C)C(F)(F)F)C(=O)NS(=O)(=O)C4=CN(N=C4C)C)(C)C,597.7,4.9,133.0,1.0,11.0,8.0,PubChem,Available
1091,Eliglustat,23652731.0,CCCCCCCC(=O)NC(CN1CCCC1)C(C2=CC3=C(C=C2)OCCO3)O,404.5,3.7,71.0,2.0,5.0,11.0,PubChem,Available
1092,Ellagic acid,5281855.0,C1=C2C3=C(C(=C1O)O)OC(=O)C4=CC(=C(C(=C43)OC2=O)O)O,302.19,1.1,134.0,4.0,8.0,0.0,PubChem,Available
1093,Elocalcitol,11396600.0,CCC(CC)(C=CCC(C)C1=CCC2C1(CCCC2=CC=C3CC(CC(C3=C)F)O)C)O,442.6,5.7,40.5,2.0,3.0,7.0,PubChem,Available
1094,Elsamitrucin,5362259.0,CC1C(C(C(C(O1)OC2C(OC(C(C2(C)O)O)C)OC3=CC=CC4=C3C5=C6C7=C(C=CC(=C7C(=O)O5)C)OC(=O)C6=C4O)N)OC)O,653.6,2.0,206.0,5.0,14.0,5.0,PubChem,Available
1095,Eltoprazine,65853.0,C1CN(CCN1)C2=C3C(=CC=C2)OCCO3,220.27,1.1,33.7,1.0,4.0,1.0,PubChem,Available
1096,Eltrombopag,135449332.0,CC1=C(C=C(C=C1)N2C(=O)C(=C(N2)C)N=NC3=CC=CC(=C3O)C4=CC(=CC=C4)C(=O)O)C,442.5,5.4,115.0,3.0,7.0,5.0,PubChem,Available
1097,Eluxadoline,11250029.0,CC1=CC(=CC(=C1CC(C(=O)N(CC2=CC(=C(C=C2)OC)C(=O)O)C(C)C3=NC=C(N3)C4=CC=CC=C4)N)C)C(=O)N,569.6,0.9,165.0,4.0,7.0,11.0,PubChem,Available
1098,Elvitegravir,5277135.0,CC(C)C(CO)N1C=C(C(=O)C2=C1C=C(C(=C2)CC3=C(C(=CC=C3)Cl)F)OC)C(=O)O,447.9,5.3,87.1,2.0,7.0,7.0,PubChem,Available
1099,Emedastine,3219.0,CCOCCN1C2=CC=CC=C2N=C1N3CCCN(CC3)C,302.4,2.2,33.5,0.0,4.0,5.0,PubChem,Available
1100,Emepronium,34055.0,CC[N+](C)(C)C(C)CC(C1=CC=CC=C1)C2=CC=CC=C2,282.4,4.8,0.0,0.0,0.0,6.0,PubChem,Available
1101,Emetine,10219.0,CCC1CN2CCC3=CC(=C(C=C3C2CC1CC4C5=CC(=C(C=C5CCN4)OC)OC)OC)OC,480.6,4.7,52.2,1.0,6.0,7.0,PubChem,Available
1102,Emetonium iodide,80084.0,CC[N+](C)(CC)CCOC(C1=CC=CC=C1)C2=CC=CC=C2.[I-],425.3,,9.2,0.0,2.0,8.0,PubChem,Available
1103,Emodin,3220.0,CC1=CC2=C(C(=C1)O)C(=O)C3=C(C2=O)C=C(C=C3O)O,270.24,2.7,94.8,3.0,5.0,0.0,PubChem,Available
1104,Emopamil,25202343.0,CC(C)C(CCC[NH+](C)CCC1=CC=CC=C1)(C#N)C2=CC=CC=C2,335.5,3.9,28.2,1.0,1.0,9.0,PubChem,Available
1105,Empagliflozin,11949646.0,C1COCC1OC2=CC=C(C=C2)CC3=C(C=CC(=C3)C4C(C(C(C(O4)CO)O)O)O)Cl,450.9,2.0,109.0,4.0,7.0,6.0,PubChem,Available
1106,Emtricitabine,60877.0,C1C(OC(S1)CO)N2C=C(C(=NC2=O)N)F,247.25,-0.6,113.0,2.0,5.0,2.0,PubChem,Available
1107,Emylcamate,6526.0,CCC(C)(CC)OC(=O)N,145.2,1.5,52.3,1.0,2.0,4.0,PubChem,Available
1108,Enalapril,5388962.0,CCOC(=O)C(CCC1=CC=CC=C1)NC(C)C(=O)N2CCCC2C(=O)O,376.4,-0.1,95.9,2.0,6.0,10.0,PubChem,Available
1109,Enalaprilat,5462501.0,CC(C(=O)N1CCCC1C(=O)O)NC(CCC2=CC=CC=C2)C(=O)O,348.4,-0.7,107.0,3.0,6.0,8.0,PubChem,Available
1110,Enasidenib,89683805.0,CC(C)(CNC1=NC(=NC(=N1)C2=NC(=CC=C2)C(F)(F)F)NC3=CC(=NC=C3)C(F)(F)F)O,473.4,3.5,109.0,3.0,14.0,6.0,PubChem,Available
1111,Encainide,48041.0,CN1CCCCC1CCC2=CC=CC=C2NC(=O)C3=CC=C(C=C3)OC,352.5,4.3,41.6,1.0,3.0,6.0,PubChem,Available
1112,Encorafenib,50922675.0,CC(C)N1C=C(C(=N1)C2=C(C(=CC(=C2)Cl)NS(=O)(=O)C)F)C3=NC(=NC=C3)NCC(C)NC(=O)OC,540.0,2.7,149.0,3.0,10.0,10.0,PubChem,Available
1113,Endralazine,47608.0,C1CN(CC2=CC(=NN=C21)NN)C(=O)C3=CC=CC=C3,269.3,0.4,84.1,2.0,5.0,2.0,PubChem,Available
1114,Enflurane,3226.0,C(C(OC(F)F)(F)F)(F)Cl,184.49,2.1,9.2,0.0,6.0,3.0,PubChem,Available
1115,Englitazone,6918151.0,C1CC2=C(C=CC(=C2)CC3C(=O)NC(=O)S3)OC1CC4=CC=CC=C4,353.4,4.4,80.7,1.0,4.0,4.0,PubChem,Available
1116,Enibomal,18735.0,CC(C)C1(C(=O)NC(=O)N(C1=O)C)CC(=C)Br,303.15,2.3,66.5,1.0,3.0,3.0,PubChem,Available
1117,Enmetazobactam,23653540.0,CC1(C(N2C(S1(=O)=O)CC2=O)C(=O)[O-])CN3C=C[N+](=N3)C,314.32,-0.6,125.0,0.0,6.0,2.0,PubChem,Available
1118,Enoxacin,3229.0,CCN1C=C(C(=O)C2=CC(=C(N=C21)N3CCNCC3)F)C(=O)O,320.32,-0.2,85.8,2.0,8.0,3.0,PubChem,Available
1119,Enoximone,53708.0,CC1=C(NC(=O)N1)C(=O)C2=CC=C(C=C2)SC,248.3,1.6,83.5,2.0,3.0,3.0,PubChem,Available
1120,Enprostil,9978336.0,COC(=O)CCC=C=CCC1C(C(CC1=O)O)C=CC(COC2=CC=CC=C2)O,400.5,1.3,93.1,2.0,6.0,11.0,PubChem,Available
1121,Enrofloxacin,71188.0,CCN1CCN(CC1)C2=C(C=C3C(=C2)N(C=C(C3=O)C(=O)O)C4CC4)F,359.4,-0.2,64.1,1.0,7.0,4.0,PubChem,Available
1122,Ensartinib,56960363.0,CC1CN(CC(N1)C)C(=O)C2=CC=C(C=C2)NC(=O)C3=NN=C(C(=C3)OC(C)C4=C(C=CC(=C4Cl)F)Cl)N,561.4,3.6,122.0,3.0,8.0,6.0,PubChem,Available
1123,Entacapone,5281081.0,CCN(CC)C(=O)C(=CC1=CC(=C(C(=C1)O)O)[N+](=O)[O-])C#N,305.29,2.1,130.0,2.0,6.0,4.0,PubChem,Available
1124,Entecavir,135398508.0,C=C1C(CC(C1CO)O)N2C=NC3=C2N=C(NC3=O)N,277.28,-1.3,126.0,4.0,5.0,2.0,PubChem,Available
1125,Entinostat,4261.0,C1=CC=C(C(=C1)N)NC(=O)C2=CC=C(C=C2)CNC(=O)OCC3=CN=CC=C3,376.4,2.0,106.0,3.0,5.0,7.0,PubChem,Available
1126,Entrectinib,25141092.0,CN1CCN(CC1)C2=CC(=C(C=C2)C(=O)NC3=NNC4=C3C=C(C=C4)CC5=CC(=CC(=C5)F)F)NC6CCOCC6,560.6,5.7,85.5,3.0,8.0,7.0,PubChem,Available
1127,Enviomycin,135565326.0,C1CNC(=NC1C2C(=O)NCC(C(=O)NC(C(=O)NC(C(=O)NC(=CNC(=O)N)C(=O)N2)CO)CO)NC(=O)CC(C(CCN)O)N)N,685.7,-7.4,393.0,15.0,13.0,10.0,PubChem,Available
1128,Enzalutamide,15951529.0,CC1(C(=O)N(C(=S)N1C2=CC(=C(C=C2)C(=O)NC)F)C3=CC(=C(C=C3)C#N)C(F)(F)F)C,464.4,3.6,109.0,1.0,8.0,3.0,PubChem,Available
1129,Epanolol,72014.0,C1=CC=C(C(=C1)C#N)OCC(CNCCNC(=O)CC2=CC=C(C=C2)O)O,369.4,0.9,115.0,4.0,6.0,10.0,PubChem,Available
1130,Eperisone,3236.0,CCC1=CC=C(C=C1)C(=O)C(C)CN2CCCCC2,259.4,3.8,20.3,0.0,2.0,5.0,PubChem,Available
1131,Ephedrine,9294.0,CC(C(C1=CC=CC=C1)O)NC,165.23,0.9,32.3,2.0,2.0,3.0,PubChem,Available
1132,Epibatidine,854023.0,C1CC2C(CC1N2)C3=CN=C(C=C3)Cl,208.69,2.2,24.9,1.0,2.0,1.0,PubChem,Available
1133,Epicillin,71392.0,CC1(C(N2C(S1)C(C2=O)NC(=O)C(C3=CCC=CC3)N)C(=O)O)C,351.4,-1.3,138.0,3.0,6.0,4.0,PubChem,Available
1134,Epicriptine,65667.0,CCC(C)C1C(=O)N2CCCC2C3(N1C(=O)C(O3)(C(C)C)NC(=O)C4CC5C(CC6=CNC7=CC=CC5=C67)N(C4)C)O,577.7,3.1,118.0,3.0,6.0,5.0,PubChem,Available
1135,Epimestrol,244809.0,CC12CCC3C(C1CC(C2O)O)CCC4=C3C=CC(=C4)OC,302.4,2.8,49.7,2.0,3.0,1.0,PubChem,Available
1136,Epinastine,3241.0,C1C2C3=CC=CC=C3CC4=CC=CC=C4N2C(=N1)N,249.31,3.5,41.6,1.0,1.0,0.0,PubChem,Available
1137,Epinephrine,5816.0,CNCC(C1=CC(=C(C=C1)O)O)O,183.2,-1.4,72.7,4.0,4.0,3.0,PubChem,Available
1138,Epirizole,3242.0,CC1=CC(=NC(=N1)N2C(=CC(=N2)C)OC)OC,234.25,1.3,62.1,0.0,5.0,3.0,PubChem,Available
1139,Epitizide,15671.0,C1=C2C(=CC(=C1Cl)S(=O)(=O)N)S(=O)(=O)NC(N2)CSCC(F)(F)F,425.9,1.3,160.0,3.0,11.0,4.0,PubChem,Available
1140,Eplerenone,443872.0,CC12CCC(=O)C=C1CC(C3C24C(O4)CC5(C3CCC56CCC(=O)O6)C)C(=O)OC,414.5,1.4,82.2,0.0,6.0,2.0,PubChem,Available
1141,Eplivanserin,135456190.0,CN(C)CCON=C(C=CC1=CC=C(C=C1)O)C2=CC=CC=C2F,328.4,4.1,45.1,1.0,5.0,7.0,PubChem,Available
1142,Epofolate,135566069.0,CC1CCCC2C(N2CCOC(=O)OCCSSCC(C(=O)O)NC(=O)C(CC(=O)O)NC(=O)C(CCCN=C(N)N)NC(=O)C(CC(=O)O)NC(=O)CCC(C(=O)O)NC(=O)C3=CC=C(C=C3)NCC4=CN=C5C(=N4)C(=O)NC(=N5)N)CC(OC(=O)CC(C(C(=O)C(C1O)C)(C)C)O)C(=CC6=CSC(=N6)C)C,1569.7,-2.7,678.0,16.0,32.0,38.0,PubChem,Available
1143,Epoprostenol,5282411.0,CCCCCC(C=CC1C(CC2C1CC(=CCCCC(=O)O)O2)O)O,352.5,2.9,87.0,3.0,5.0,10.0,PubChem,Available
1144,Epothilone D,447865.0,CC1CCCC(=CCC(OC(=O)CC(C(C(=O)C(C1O)C)(C)C)O)C(=CC2=CSC(=N2)C)C)C,491.7,5.0,125.0,2.0,7.0,2.0,PubChem,Available
1145,Eprinomectin,6450531.0,CC1C=CC=C2COC3C2(C(C=C(C3O)C)C(=O)OC4CC(CC=C(C1OC5CC(C(C(O5)C)OC6CC(C(C(O6)C)NC(=O)C)OC)OC)C)OC7(C4)C=CC(C(O7)C(C)C)C)O,900.1,3.5,179.0,3.0,14.0,8.0,PubChem,Available
1146,Eprosartan,5281037.0,CCCCC1=NC=C(N1CC2=CC=C(C=C2)C(=O)O)C=C(CC3=CC=CS3)C(=O)O,424.5,4.5,121.0,2.0,6.0,10.0,PubChem,Available
1147,Equilenin,444865.0,CC12CCC3=C(C1CCC2=O)C=CC4=C3C=CC(=C4)O,266.3,3.5,37.3,1.0,2.0,0.0,PubChem,Available
1148,Equilin,223368.0,CC12CCC3C(=CCC4=C3C=CC(=C4)O)C1CCC2=O,268.3,2.9,37.3,1.0,2.0,0.0,PubChem,Available
1149,Equol,91469.0,C1C(COC2=C1C=CC(=C2)O)C3=CC=C(C=C3)O,242.27,3.0,49.7,2.0,3.0,1.0,PubChem,Available
1150,Eravacycline,54726192.0,CN(C)C1C2CC3CC4=C(C=C(C(=C4C(=C3C(=O)C2(C(=C(C1=O)C(=O)N)O)O)O)O)NC(=O)CN5CCCC5)F,558.6,1.0,194.0,6.0,11.0,5.0,PubChem,Available
1151,Erdafitinib,67462786.0,CC(C)NCCN(C1=CC2=NC(=CN=C2C=C1)C3=CN(N=C3)C)C4=CC(=CC(=C4)OC)OC,446.5,3.2,77.3,1.0,7.0,9.0,PubChem,Available
1152,Ergocalciferol,5280793.0,CC(C)C(C)C=CC(C)C1CCC2C1(CCCC2=CC=C3CC(CCC3=C)O)C,396.6,7.4,20.2,1.0,1.0,5.0,PubChem,Available
1153,Ergometrine,443884.0,CC(CO)NC(=O)C1CN(C2CC3=CNC4=CC=CC(=C34)C2=C1)C,325.4,1.8,68.4,3.0,3.0,3.0,PubChem,Available
1154,Ergotamine,8223.0,CC1(C(=O)N2C(C(=O)N3CCCC3C2(O1)O)CC4=CC=CC=C4)NC(=O)C5CN(C6CC7=CNC8=CC=CC(=C78)C6=C5)C,581.7,2.0,118.0,3.0,6.0,4.0,PubChem,Available
1155,Eribulin,11354606.0,CC1CC2CCC3C(=C)CC(O3)CCC45CC6C(O4)C7C(O6)C(O5)C8C(O7)CCC(O8)CC(=O)CC9C(CC(C1=C)O2)OC(C9OC)CC(CN)O,729.9,1.1,146.0,2.0,12.0,4.0,PubChem,Available
1156,Erlotinib,176870.0,COCCOC1=C(C=C2C(=C1)C(=NC=N2)NC3=CC=CC(=C3)C#C)OCCOC,393.4,3.3,74.7,1.0,7.0,11.0,PubChem,Available
1157,Ertapenem,150610.0,CC1C2C(C(=O)N2C(=C1SC3CC(NC3)C(=O)NC4=CC=CC(=C4)C(=O)O)C(=O)O)C(C)O,475.5,-1.5,182.0,5.0,9.0,7.0,PubChem,Available
1158,Ertugliflozin,44814423.0,CCOC1=CC=C(C=C1)CC2=C(C=CC(=C2)C34C(C(C(C(O3)(CO4)CO)O)O)O)Cl,436.9,1.7,109.0,4.0,7.0,6.0,PubChem,Available
1159,Erythrityl tetranitrate,5284553.0,C(C(C(CO[N+](=O)[O-])O[N+](=O)[O-])O[N+](=O)[O-])O[N+](=O)[O-],302.11,1.4,220.0,0.0,12.0,7.0,PubChem,Available
1160,Erythromycin,12560.0,CCC1C(C(C(C(=O)C(CC(C(C(C(C(C(=O)O1)C)OC2CC(C(C(O2)C)O)(C)OC)C)OC3C(C(CC(O3)C)N(C)C)O)(C)O)C)C)O)(C)O,733.9,2.7,194.0,5.0,14.0,7.0,PubChem,Available
1161,Esculin,5281417.0,C1=CC(=O)OC2=CC(=C(C=C21)OC3C(C(C(C(O3)CO)O)O)O)O,340.28,-0.6,146.0,5.0,9.0,3.0,PubChem,Available
1162,Esflurbiprofen,72099.0,CC(C1=CC(=C(C=C1)C2=CC=CC=C2)F)C(=O)O,244.26,4.2,37.3,1.0,3.0,3.0,PubChem,Available
1163,Eslicarbazepine,9881504.0,C1C(C2=CC=CC=C2N(C3=CC=CC=C31)C(=O)N)O,254.28,1.4,66.6,2.0,2.0,0.0,PubChem,Available
1164,Eslicarbazepine acetate,179344.0,CC(=O)OC1CC2=CC=CC=C2N(C3=CC=CC=C13)C(=O)N,296.32,2.0,72.6,1.0,3.0,2.0,PubChem,Available
1165,Esmirtazapine,3085218.0,CN1CCN2C(C1)C3=CC=CC=C3CC4=C2N=CC=C4,265.35,3.3,19.4,0.0,3.0,0.0,PubChem,Available
1166,Esmolol,59768.0,CC(C)NCC(COC1=CC=C(C=C1)CCC(=O)OC)O,295.37,1.9,67.8,2.0,5.0,10.0,PubChem,Available
1167,Esomeprazole,9568614.0,CC1=CN=C(C(=C1OC)C)CS(=O)C2=NC3=C(N2)C=C(C=C3)OC,345.4,2.2,96.3,1.0,6.0,5.0,PubChem,Available
1168,Esreboxetine,65856.0,CCOC1=CC=CC=C1OC(C2CNCCO2)C3=CC=CC=C3,313.4,3.0,39.7,1.0,4.0,6.0,PubChem,Available
1169,Estazolam,3261.0,C1C2=NN=CN2C3=C(C=C(C=C3)Cl)C(=N1)C4=CC=CC=C4,294.74,1.7,43.1,0.0,3.0,1.0,PubChem,Available
1170,Estetrol,27125.0,CC12CCC3C(C1C(C(C2O)O)O)CCC4=C3C=CC(=C4)O,304.4,1.5,80.9,4.0,4.0,0.0,PubChem,Available
1171,Estradiol,5757.0,CC12CCC3C(C1CCC2O)CCC4=C3C=CC(=C4)O,272.4,4.0,40.5,2.0,2.0,0.0,PubChem,Available
1172,Estradiol acetate,9818306.0,CC(=O)OC1=CC2=C(C=C1)C3CCC4(C(C3CC2)CCC4O)C,314.4,2.8,46.5,1.0,3.0,2.0,PubChem,Available
1173,Estradiol benzoate,222757.0,CC12CCC3C(C1CCC2O)CCC4=C3C=CC(=C4)OC(=O)C5=CC=CC=C5,376.5,4.5,46.5,1.0,3.0,3.0,PubChem,Available
1174,Estradiol cypionate,9403.0,CC12CCC3C(C1CCC2OC(=O)CCC4CCCC4)CCC5=C3C=CC(=C5)O,396.6,7.1,46.5,1.0,3.0,5.0,PubChem,Available
1175,Estradiol dienanthate,165688.0,CCCCCCC(=O)OC1CCC2C1(CCC3C2CCC4=C3C=CC(=C4)OC(=O)CCCCCC)C,496.7,8.3,52.6,0.0,4.0,14.0,PubChem,Available
1176,Estradiol valerate,13791.0,CCCCC(=O)OC1CCC2C1(CCC3C2CCC4=C3C=CC(=C4)O)C,356.5,6.0,46.5,1.0,3.0,5.0,PubChem,Available
1177,Estramustine,259331.0,CC12CCC3C(C1CCC2O)CCC4=C3C=CC(=C4)OC(=O)N(CCCl)CCCl,440.4,4.0,49.8,1.0,3.0,6.0,PubChem,Available
1178,Estramustine phosphate,259329.0,CC12CCC3C(C1CCC2OP(=O)(O)O)CCC4=C3C=CC(=C4)OC(=O)N(CCCl)CCCl,520.4,2.9,96.3,2.0,6.0,8.0,PubChem,Available
1179,Estrone,5870.0,CC12CCC3C(C1CCC2=O)CCC4=C3C=CC(=C4)O,270.4,3.1,37.3,1.0,2.0,0.0,PubChem,Available
1180,Estrone sulfate,3001028.0,CC12CCC3C(C1CCC2=O)CCC4=C3C=CC(=C4)OS(=O)(=O)O,350.4,2.5,89.1,1.0,5.0,2.0,PubChem,Available
1181,Eszopiclone,969472.0,CN1CCN(CC1)C(=O)OC2C3=NC=CN=C3C(=O)N2C4=NC=C(C=C4)Cl,388.8,0.5,91.8,0.0,7.0,3.0,PubChem,Available
1182,Etacrynic acid,3278.0,CCC(=C)C(=O)C1=C(C(=C(C=C1)OCC(=O)O)Cl)Cl,303.13,3.8,63.6,1.0,4.0,6.0,PubChem,Available
1183,Etafedrine,94532.0,CCN(C)C(C)C(C1=CC=CC=C1)O,193.28,2.1,23.5,1.0,2.0,4.0,PubChem,Available
1184,Etamiphylline,28329.0,CCN(CC)CCN1C=NC2=C1C(=O)N(C(=O)N2C)C,279.34,0.3,61.7,0.0,4.0,5.0,PubChem,Available
1185,Etanidazole,3276.0,C1=CN(C(=N1)[N+](=O)[O-])CC(=O)NCCO,214.18,-1.3,113.0,2.0,5.0,4.0,PubChem,Available
1186,Ethacizine,107841.0,CCN(CC)CCC(=O)N1C2=CC=CC=C2SC3=C1C=C(C=C3)NC(=O)OCC,413.5,4.1,87.2,1.0,5.0,8.0,PubChem,Available
1187,Ethadione,10630.0,CCN1C(=O)C(OC1=O)(C)C,157.17,0.7,46.6,0.0,3.0,1.0,PubChem,Available
1188,Ethambutol,14052.0,CCC(CO)NCCNC(CC)CO,204.31,-0.1,64.5,4.0,4.0,9.0,PubChem,Available
1189,Ethanol,702.0,CCO,46.07,-0.1,20.2,1.0,1.0,0.0,PubChem,Available
1190,Ethchlorvynol,5281077.0,CCC(C=CCl)(C#C)O,144.6,1.5,20.2,1.0,1.0,3.0,PubChem,Available
1191,Ethenzamide,3282.0,CCOC1=CC=CC=C1C(=O)N,165.19,1.2,52.3,1.0,2.0,3.0,PubChem,Available
1192,Ethinylestradiol,5991.0,CC12CCC3C(C1CCC2(C#C)O)CCC4=C3C=CC(=C4)O,296.4,3.7,40.5,2.0,2.0,1.0,PubChem,Available
1193,Ethionamide,2761171.0,CCC1=NC=CC(=C1)C(=S)N,166.25,1.1,71.0,1.0,2.0,2.0,PubChem,Available
1194,Ethosuximide,3291.0,CCC1(CC(=O)NC1=O)C,141.17,0.4,46.2,1.0,2.0,1.0,PubChem,Available
1195,Ethotoin,3292.0,CCN1C(=O)C(NC1=O)C2=CC=CC=C2,204.22,1.0,49.4,1.0,2.0,2.0,PubChem,Available
1196,Ethoxzolamide,3295.0,CCOC1=CC2=C(C=C1)N=C(S2)S(=O)(=O)N,258.3,2.0,119.0,1.0,6.0,3.0,PubChem,Available
1197,Ethyl biscoumacetate,54685524.0,CCOC(=O)C(C1=C(C2=CC=CC=C2OC1=O)O)C3=C(C4=CC=CC=C4OC3=O)O,408.4,2.5,119.0,2.0,8.0,5.0,PubChem,Available
1198,Ethyl chloride,6337.0,CCCl,64.51,1.2,0.0,0.0,0.0,0.0,PubChem,Available
1199,Ethyl loflazepate,3299.0,CCOC(=O)C1C(=O)NC2=C(C=C(C=C2)Cl)C(=N1)C3=CC=CC=C3F,360.8,2.9,67.8,1.0,5.0,4.0,PubChem,Available
1200,Ethylmorphine,5359271.0,CCOC1=C2C3=C(CC4C5C3(CCN4C)C(O2)C(C=C5)O)C=C1,313.4,1.5,41.9,1.0,4.0,2.0,PubChem,Available
1201,Ethynodiol diacetate,9270.0,CC(=O)OC1CCC2C3CCC4(C(C3CCC2=C1)CCC4(C#C)OC(=O)C)C,384.5,3.9,52.6,0.0,4.0,5.0,PubChem,Available
1202,Eticlopride,57267.0,CCC1=CC(=C(C(=C1O)C(=O)NCC2CCCN2CC)OC)Cl,340.8,3.1,61.8,2.0,4.0,6.0,PubChem,Available
1203,Etidocaine,37497.0,CCCN(CC)C(CC)C(=O)NC1=C(C=CC=C1C)C,276.4,3.7,32.3,1.0,2.0,7.0,PubChem,Available
1204,Etidronic acid,3305.0,CC(O)(P(=O)(O)O)P(=O)(O)O,206.03,-3.7,135.0,5.0,7.0,2.0,PubChem,Available
1205,Etifoxine,135413553.0,CCN=C1NC2=C(C=C(C=C2)Cl)C(O1)(C)C3=CC=CC=C3,300.8,4.1,33.6,1.0,2.0,2.0,PubChem,Available
1206,Etilefrine,3306.0,CCNCC(C1=CC(=CC=C1)O)O,181.23,0.1,52.5,3.0,3.0,4.0,PubChem,Available
1207,Etilevodopa,170345.0,CCOC(=O)C(CC1=CC(=C(C=C1)O)O)N,225.24,0.3,92.8,3.0,5.0,5.0,PubChem,Available
1208,Etiracetam,59708.0,CCC(C(=O)N)N1CCCC1=O,170.21,-0.3,63.4,1.0,2.0,3.0,PubChem,Available
1209,Etizolam,3307.0,CCC1=CC2=C(S1)N3C(=NN=C3CN=C2C4=CC=CC=C4Cl)C,342.8,2.6,71.3,0.0,4.0,2.0,PubChem,Available
1210,Etofenamate,35375.0,C1=CC=C(C(=C1)C(=O)OCCOCCO)NC2=CC=CC(=C2)C(F)(F)F,369.3,4.7,67.8,2.0,8.0,9.0,PubChem,Available
1211,Etofibrate,65777.0,CC(C)(C(=O)OCCOC(=O)C1=CN=CC=C1)OC2=CC=C(C=C2)Cl,363.8,3.5,74.7,0.0,6.0,9.0,PubChem,Available
1212,Etoglucid,16058.0,C1C(O1)COCCOCCOCCOCC2CO2,262.3,-1.0,62.0,0.0,6.0,13.0,PubChem,Available
1213,Etomidate,667484.0,CCOC(=O)C1=CN=CN1C(C)C2=CC=CC=C2,244.29,3.0,44.1,0.0,3.0,5.0,PubChem,Available
1214,Etonogestrel,6917715.0,CCC12CC(=C)C3C(C1CCC2(C#C)O)CCC4=CC(=O)CCC34,324.5,3.3,37.3,1.0,2.0,2.0,PubChem,Available
1215,Etoperidone,40589.0,CCC1=NN(C(=O)N1CC)CCCN2CCN(CC2)C3=CC(=CC=C3)Cl,377.9,3.0,42.4,0.0,4.0,7.0,PubChem,Available
1216,Etoposide,36462.0,CC1OCC2C(O1)C(C(C(O2)OC3C4COC(=O)C4C(C5=CC6=C(C=C35)OCO6)C7=CC(=C(C(=C7)OC)O)OC)O)O,588.6,0.6,161.0,3.0,13.0,5.0,PubChem,Available
1217,Etoricoxib,123619.0,CC1=NC=C(C=C1)C2=C(C=C(C=N2)Cl)C3=CC=C(C=C3)S(=O)(=O)C,358.8,3.3,68.3,0.0,4.0,3.0,PubChem,Available
1218,Etorphine,644209.0,CCCC(C)(C1CC23C=CC1(C4C25CCN(C3CC6=C5C(=C(C=C6)O)O4)C)OC)O,411.5,3.1,62.2,2.0,5.0,4.0,PubChem,Available
1219,Etrasimod,44623998.0,C1CCC(C1)C2=C(C=C(C=C2)COC3=CC4=C(C=C3)NC5=C4CCC5CC(=O)O)C(F)(F)F,457.5,6.4,62.3,2.0,6.0,6.0,PubChem,Available
1220,Etravirine,193962.0,CC1=CC(=CC(=C1OC2=NC(=NC(=C2Br)N)NC3=CC=C(C=C3)C#N)C)C#N,435.3,4.5,121.0,2.0,7.0,4.0,PubChem,Available
1221,Etretinate,5282375.0,CCOC(=O)C=C(C)C=CC=C(C)C=CC1=C(C(=C(C=C1C)OC)C)C,354.5,6.8,35.5,0.0,3.0,8.0,PubChem,Available
1222,Etybenzatropine,20055089.0,CCN1C2CCC1CC(C2)OC(C3=CC=CC=C3)C4=CC=CC=C4,321.5,4.8,12.5,0.0,2.0,5.0,PubChem,Available
1223,Etynodiol,14687.0,CC12CCC3C(C1CCC2(C#C)O)CCC4=CC(CCC34)O,300.4,3.1,40.5,2.0,2.0,1.0,PubChem,Available
1224,Everolimus,6442177.0,CC1CCC2CC(C(=CC=CC=CC(CC(C(=O)C(C(C(=CC(C(=O)CC(OC(=O)C3CCCCN3C(=O)C(=O)C1(O2)O)C(C)CC4CCC(C(C4)OC)OCCO)C)C)O)OC)C)C)C)OC,958.2,5.9,205.0,3.0,14.0,9.0,PubChem,Available
1225,Evogliptin,25022354.0,CC(C)(C)OCC1C(=O)NCCN1C(=O)CC(CC2=CC(=C(C=C2F)F)F)N,401.4,1.0,84.7,2.0,7.0,7.0,PubChem,Available
1226,Exatecan,151115.0,CCC1(C2=C(COC1=O)C(=O)N3CC4=C5C(CCC6=C5C(=CC(=C6C)F)N=C4C3=C2)N)O,435.4,0.4,106.0,2.0,7.0,1.0,PubChem,Available
1227,Exemestane,60198.0,CC12CCC3C(C1CCC2=O)CC(=C)C4=CC(=O)C=CC34C,296.4,3.1,34.1,0.0,2.0,0.0,PubChem,Available
1228,Exisulind,5472495.0,CC1=C(C2=C(C1=CC3=CC=C(C=C3)S(=O)(=O)C)C=CC(=C2)F)CC(=O)O,372.4,3.5,79.8,1.0,5.0,4.0,PubChem,Available
1229,Ezetimibe,150311.0,C1=CC(=CC=C1C2C(C(=O)N2C3=CC=C(C=C3)F)CCC(C4=CC=C(C=C4)F)O)O,409.4,4.0,60.8,2.0,5.0,6.0,PubChem,Available
1230,Ezogabine,121892.0,CCOC(=O)NC1=C(C=C(C=C1)NCC2=CC=C(C=C2)F)N,303.33,2.8,76.4,3.0,5.0,6.0,PubChem,Available
1231,Fabomotizole,9862937.0,CCOC1=CC2=C(C=C1)N=C(N2)SCCN3CCOCC3,307.4,2.3,75.7,1.0,5.0,6.0,PubChem,Available
1232,Fallypride,10021692.0,COC1=CC(=CC(=C1OC)C(=O)NCC2CCCN2CC=C)CCCF,364.5,3.3,50.8,1.0,5.0,10.0,PubChem,Available
1233,Famotidine,5702160.0,C1=C(N=C(S1)N=C(N)N)CSCCC(=NS(=O)(=O)N)N,337.5,-0.6,238.0,4.0,8.0,7.0,PubChem,Available
1234,Famphur,5859.0,CN(C)S(=O)(=O)C1=CC=C(C=C1)OP(=S)(OC)OC,325.3,2.2,106.0,0.0,7.0,6.0,PubChem,Available
1235,Farnesyl diphosphate,445713.0,CC(=CCCC(=CCCC(=CCOP(=O)(O)OP(=O)(O)O)C)C)C,382.33,2.6,113.0,3.0,7.0,11.0,PubChem,Available
1236,Farnesyl thiopyrophosphate,657041.0,CC(=CCCC(=CCCC(=CCSP(=O)(O)OP(=O)(O)O)C)C)C,398.4,3.0,129.0,3.0,7.0,11.0,PubChem,Available
1237,Fasitibant,11498853.0,CC1=CC(=NC2=C1C=CC=C2OCC3=C(C=CC(=C3Cl)S(=O)(=O)NC4(CCOCC4)C(=O)N5CCN(CC5)C(=O)C(CCC[N+](C)(C)C)N)Cl)C,764.8,3.5,153.0,2.0,9.0,12.0,PubChem,Available
1238,Fasudil,3547.0,C1CNCCN(C1)S(=O)(=O)C2=CC=CC3=C2C=CN=C3,291.37,1.0,70.7,1.0,5.0,2.0,PubChem,Available
1239,Favipiravir,492405.0,C1=C(N=C(C(=O)N1)C(=O)N)F,157.1,-0.6,84.6,2.0,4.0,1.0,PubChem,Available
1240,Fazadinium bromide,6321422.0,CC1=C(N(C2=CC=CC=[N+]12)N=NN3C4=CC=CC=[N+]4C(=C3C5=CC=CC=C5)C)C6=CC=CC=C6.[Br-].[Br-],604.3,,42.8,0.0,4.0,4.0,PubChem,Available
1241,Febarbamate,25803.0,CCCCOCC(CN1C(=O)C(C(=O)NC1=O)(CC)C2=CC=CC=C2)OC(=O)N,405.4,2.3,128.0,2.0,6.0,11.0,PubChem,Available
1242,Febuxostat,134018.0,CC1=C(SC(=N1)C2=CC(=C(C=C2)OCC(C)C)C#N)C(=O)O,316.4,3.9,111.0,1.0,6.0,5.0,PubChem,Available
1243,Fedratinib,16722836.0,CC1=CN=C(N=C1NC2=CC(=CC=C2)S(=O)(=O)NC(C)(C)C)NC3=CC=C(C=C3)OCCN4CCCC4,524.7,4.8,117.0,3.0,9.0,11.0,PubChem,Available
1244,Felbamate,3331.0,C1=CC=C(C=C1)C(COC(=O)N)COC(=O)N,238.24,0.6,105.0,2.0,4.0,7.0,PubChem,Available
1245,Felbinac,3332.0,C1=CC=C(C=C1)C2=CC=C(C=C2)CC(=O)O,212.24,3.0,37.3,1.0,2.0,3.0,PubChem,Available
1246,Felcisetrag,11961293.0,CC(C)C1=NC2=C(C=CC=C2N1)C(=O)NCC3CCN(CC3)CC4CCN(CC4)C(=O)OC,455.6,3.4,90.6,2.0,5.0,7.0,PubChem,Available
1247,Felodipine,3333.0,CCOC(=O)C1=C(NC(=C(C1C2=C(C(=CC=C2)Cl)Cl)C(=O)OC)C)C,384.2,3.9,64.6,1.0,5.0,6.0,PubChem,Available
1248,Fenbufen,3335.0,C1=CC=C(C=C1)C2=CC=C(C=C2)C(=O)CCC(=O)O,254.28,3.2,54.4,1.0,3.0,5.0,PubChem,Available
1249,Fencamfamin,14584.0,CCNC1C2CCC(C2)C1C3=CC=CC=C3,215.33,3.3,12.0,1.0,1.0,3.0,PubChem,Available
1250,Fendiline,3336.0,CC(C1=CC=CC=C1)NCCC(C2=CC=CC=C2)C3=CC=CC=C3,315.5,5.5,12.0,1.0,1.0,7.0,PubChem,Available
1251,Fenethylline,19527.0,CC(CC1=CC=CC=C1)NCCN2C=NC3=C2C(=O)N(C(=O)N3C)C,341.4,1.4,70.5,1.0,4.0,6.0,PubChem,Available
1252,Fenofibrate,3339.0,CC(C)OC(=O)C(C)(C)OC1=CC=C(C=C1)C(=O)C2=CC=C(C=C2)Cl,360.8,5.2,52.6,0.0,4.0,7.0,PubChem,Available
1253,Fenofibric acid,64929.0,CC(C)(C(=O)O)OC1=CC=C(C=C1)C(=O)C2=CC=C(C=C2)Cl,318.7,3.9,63.6,1.0,4.0,5.0,PubChem,Available
1254,Fenoldopam,3341.0,C1CNCC(C2=CC(=C(C(=C21)Cl)O)O)C3=CC=C(C=C3)O,305.75,2.4,72.7,4.0,4.0,1.0,PubChem,Available
1255,Fenoprofen,3342.0,CC(C1=CC(=CC=C1)OC2=CC=CC=C2)C(=O)O,242.27,3.3,46.5,1.0,3.0,4.0,PubChem,Available
1256,Fenoterol,3343.0,CC(CC1=CC=C(C=C1)O)NCC(C2=CC(=CC(=C2)O)O)O,303.35,2.0,93.0,5.0,5.0,6.0,PubChem,Available
1257,Fenozolone,135436543.0,CCN=C1NC(=O)C(O1)C2=CC=CC=C2,204.22,1.6,50.7,1.0,3.0,2.0,PubChem,Available
1258,Fenpiverinium,71490.0,C[N+]1(CCCCC1)CCC(C2=CC=CC=C2)(C3=CC=CC=C3)C(=O)N,337.5,3.5,43.1,1.0,1.0,6.0,PubChem,Available
1259,Fenproporex,61810.0,CC(CC1=CC=CC=C1)NCCC#N,188.27,1.9,35.8,1.0,2.0,5.0,PubChem,Available
1260,Fenprostalene,72734332.0,COC(=O)CCC=C=CCC1C(CC(C1C=CC(COC2=CC=CC=C2)O)O)O,402.5,1.6,96.2,3.0,6.0,11.0,PubChem,Available
1261,Fenquizone,68548.0,C1=CC=C(C=C1)C2NC3=CC(=C(C=C3C(=O)N2)S(=O)(=O)N)Cl,337.8,1.8,110.0,3.0,5.0,2.0,PubChem,Available
1262,Fenretinide,5288209.0,CC1=C(C(CCC1)(C)C)C=CC(=CC=CC(=CC(=O)NC2=CC=C(C=C2)O)C)C,391.5,7.3,49.3,2.0,2.0,6.0,PubChem,Available
1263,Fentanyl,3345.0,CCC(=O)N(C1CCN(CC1)CCC2=CC=CC=C2)C3=CC=CC=C3,336.5,4.0,23.6,0.0,2.0,6.0,PubChem,Available
1264,Fenthion,3346.0,CC1=C(C=CC(=C1)OP(=S)(OC)OC)SC,278.3,4.1,85.1,0.0,5.0,5.0,PubChem,Available
1265,Fentiazac,28871.0,C1=CC=C(C=C1)C2=NC(=C(S2)CC(=O)O)C3=CC=C(C=C3)Cl,329.8,5.2,78.4,1.0,4.0,4.0,PubChem,Available
1266,Fenyramidol,9470.0,C1=CC=C(C=C1)C(CNC2=CC=CC=N2)O,214.26,2.0,45.2,2.0,3.0,4.0,PubChem,Available
1267,Feprazone,35455.0,CC(=CCC1C(=O)N(N(C1=O)C2=CC=CC=C2)C3=CC=CC=C3)C,320.4,3.1,40.6,0.0,2.0,4.0,PubChem,Available
1268,Ferric cation,29936.0,[Fe+3],55.84,,0.0,0.0,0.0,0.0,PubChem,Available
1269,Ferric maltol,169535.0,CC1=C(C(=O)C=CO1)[O-].CC1=C(C(=O)C=CO1)[O-].CC1=C(C(=O)C=CO1)[O-].[Fe+3],431.2,,148.0,0.0,9.0,0.0,PubChem,Available
1270,Ferric oxide,518696.0,O=[Fe]O[Fe]=O,159.69,,43.4,0.0,3.0,0.0,PubChem,Available
1271,Ferric pyrophosphate,24877.0,[O-]P(=O)([O-])OP(=O)([O-])[O-].[O-]P(=O)([O-])OP(=O)([O-])[O-].[O-]P(=O)([O-])OP(=O)([O-])[O-].[Fe+3].[Fe+3].[Fe+3].[Fe+3],745.21,,407.0,0.0,21.0,0.0,PubChem,Available
1272,Ferrous cation,27284.0,[Fe+2],55.84,,0.0,0.0,0.0,0.0,PubChem,Available
1273,Ferrous fumarate,6433164.0,C(=CC(=O)[O-])C(=O)[O-].[Fe+2],169.9,,80.3,0.0,4.0,0.0,PubChem,Available
1274,Ferrous succinate,10464762.0,C(CC(=O)[O-])C(=O)[O-].[Fe+2],171.92,,80.3,0.0,4.0,1.0,PubChem,Available
1275,Ferulic acid,445858.0,COC1=C(C=CC(=C1)C=CC(=O)O)O,194.18,1.5,66.8,2.0,4.0,3.0,PubChem,Available
1276,Fesoterodine,6918558.0,CC(C)C(=O)OC1=C(C=C(C=C1)CO)C(CCN(C(C)C)C(C)C)C2=CC=CC=C2,411.6,5.5,49.8,1.0,4.0,11.0,PubChem,Available
1277,Fexinidazole,68792.0,CN1C(=CN=C1COC2=CC=C(C=C2)SC)[N+](=O)[O-],279.32,2.5,98.2,0.0,5.0,4.0,PubChem,Available
1278,Fexofenadine,3348.0,CC(C)(C1=CC=C(C=C1)C(CCCN2CCC(CC2)C(C3=CC=CC=C3)(C4=CC=CC=C4)O)O)C(=O)O,501.7,3.0,81.0,3.0,5.0,10.0,PubChem,Available
1279,Fezolinetant,117604931.0,CC1C2=NN=C(N2CCN1C(=O)C3=CC=C(C=C3)F)C4=NC(=NS4)C,358.4,1.6,105.0,0.0,7.0,2.0,PubChem,Available
1280,Fiacitabine,50312.0,C1=C(C(=NC(=O)N1C2C(C(C(O2)CO)O)F)N)I,371.1,-0.7,108.0,3.0,5.0,2.0,PubChem,Available
1281,Fidaxomicin,10034073.0,CCC1C=C(C(CC=CC=C(C(=O)OC(CC=C(C=C(C1OC2C(C(C(C(O2)(C)C)OC(=O)C(C)C)O)O)C)C)C(C)O)COC3C(C(C(C(O3)C)OC(=O)C4=C(C(=C(C(=C4O)Cl)O)Cl)CC)O)OC)O)C,1058.0,6.4,267.0,7.0,18.0,15.0,PubChem,Available
1282,Filanesib,44224257.0,CN(C(=O)N1C(SC(=N1)C2=C(C=CC(=C2)F)F)(CCCN)C3=CC=CC=C3)OC,420.5,3.3,96.5,1.0,7.0,6.0,PubChem,Available
1283,Filgotinib,49831257.0,C1CC1C(=O)NC2=NN3C(=N2)C=CC=C3C4=CC=C(C=C4)CN5CCS(=O)(=O)CC5,425.5,1.4,105.0,1.0,6.0,5.0,PubChem,Available
1284,Fimasartan,9870652.0,CCCCC1=NC(=C(C(=O)N1CC2=CC=C(C=C2)C3=CC=CC=C3C4=NNN=N4)CC(=S)N(C)C)C,501.6,3.5,122.0,1.0,6.0,9.0,PubChem,Available
1285,Fimepinostat,54575456.0,CN(CC1=CC2=C(S1)C(=NC(=N2)C3=CN=C(C=C3)OC)N4CCOCC4)C5=NC=C(C=N5)C(=O)NO,508.6,1.3,167.0,2.0,12.0,7.0,PubChem,Available
1286,Finafloxacin,11567473.0,C1CC1N2C=C(C(=O)C3=CC(=C(C(=C32)C#N)N4CC5C(C4)OCCN5)F)C(=O)O,398.4,-0.7,106.0,2.0,9.0,3.0,PubChem,Available
1287,Finasteride,57363.0,CC12CCC3C(C1CCC2C(=O)NC(C)(C)C)CCC4C3(C=CC(=O)N4)C,372.5,3.0,58.2,2.0,2.0,2.0,PubChem,Available
1288,Finerenone,60150535.0,CCOC1=NC=C(C2=C1C(C(=C(N2)C)C(=O)N)C3=C(C=C(C=C3)C#N)OC)C,378.4,2.4,110.0,2.0,6.0,5.0,PubChem,Available
1289,Fingolimod,107970.0,CCCCCCCCC1=CC=C(C=C1)CCC(CO)(CO)N,307.5,4.2,66.5,3.0,3.0,12.0,PubChem,Available
1290,Firocoxib,208910.0,CC1(C(=C(C(=O)O1)OCC2CC2)C3=CC=C(C=C3)S(=O)(=O)C)C,336.4,2.2,78.1,0.0,5.0,5.0,PubChem,Available
1291,Flavoxate,3354.0,CC1=C(OC2=C(C1=O)C=CC=C2C(=O)OCCN3CCCCC3)C4=CC=CC=C4,391.5,4.3,55.8,0.0,5.0,6.0,PubChem,Available
1292,Flecainide,3356.0,C1CCNC(C1)CNC(=O)C2=C(C=CC(=C2)OCC(F)(F)F)OCC(F)(F)F,414.34,3.8,59.6,2.0,10.0,7.0,PubChem,Available
1293,Fleroxacin,3357.0,CN1CCN(CC1)C2=C(C=C3C(=C2F)N(C=C(C3=O)C(=O)O)CCF)F,369.34,-0.1,64.1,1.0,9.0,4.0,PubChem,Available
1294,Flibanserin,6918248.0,C1CN(CCN1CCN2C3=CC=CC=C3NC2=O)C4=CC=CC(=C4)C(F)(F)F,390.4,3.3,38.8,1.0,6.0,4.0,PubChem,Available
1295,Floctafenine,3360.0,C1=CC=C(C(=C1)C(=O)OCC(CO)O)NC2=C3C=CC=C(C3=NC=C2)C(F)(F)F,406.4,3.7,91.7,3.0,9.0,7.0,PubChem,Available
1296,Flomoxef,65864.0,COC1(C2N(C1=O)C(=C(CO2)CSC3=NN=NN3CCO)C(=O)O)NC(=O)CSC(F)F,496.5,-1.3,220.0,3.0,14.0,11.0,PubChem,Available
1297,Florbetaben F-18,11501341.0,CNC1=CC=C(C=C1)C=CC2=CC=C(C=C2)OCCOCCOCCF,358.4,4.2,39.7,1.0,5.0,12.0,PubChem,Available
1298,Florbetapir F-18,24822371.0,CNC1=CC=C(C=C1)C=CC2=CN=C(C=C2)OCCOCCOCCF,359.4,3.5,52.6,1.0,6.0,12.0,PubChem,Available
1299,Florfenicol,114811.0,CS(=O)(=O)C1=CC=C(C=C1)C(C(CF)NC(=O)C(Cl)Cl)O,358.2,0.8,91.9,2.0,5.0,6.0,PubChem,Available
1300,Floxuridine,5790.0,C1C(C(OC1N2C=C(C(=O)NC2=O)F)CO)O,246.19,-1.2,99.1,3.0,6.0,2.0,PubChem,Available
1301,Fluanisone,15139.0,COC1=CC=CC=C1N2CCN(CC2)CCCC(=O)C3=CC=C(C=C3)F,356.4,3.6,32.8,0.0,5.0,7.0,PubChem,Available
1302,Fluasterone,133967.0,CC12CCCCC1=CCC3C2CCC4(C3CC(C4=O)F)C,290.4,5.1,17.1,0.0,2.0,0.0,PubChem,Available
1303,Fluclorolone,76962649.0,CC12CC(C3(C(C1CC(C2(C(=O)CO)O)O)CC(C4=CC(=O)C=CC43C)F)Cl)Cl,447.3,2.6,94.8,3.0,6.0,2.0,PubChem,Available
1304,Flucloxacillin,21319.0,CC1=C(C(=NO1)C2=C(C=CC=C2Cl)F)C(=O)NC3C4N(C3=O)C(C(S4)(C)C)C(=O)O,453.9,2.6,138.0,2.0,8.0,4.0,PubChem,Available
1305,Fluconazole,3365.0,C1=CC(=C(C=C1F)F)C(CN2C=NC=N2)(CN3C=NC=N3)O,306.27,0.4,81.7,1.0,7.0,5.0,PubChem,Available
1306,Flucytosine,3366.0,C1=NC(=O)NC(=C1F)N,129.09,-0.9,67.5,2.0,3.0,0.0,PubChem,Available
1307,Fludeoxyglucose,170049.0,C(C(C(C(C(C=O)F)O)O)O)O,182.15,-2.4,98.0,4.0,6.0,5.0,PubChem,Available
1308,Fludiazepam,3369.0,CN1C(=O)CN=C(C2=C1C=CC(=C2)Cl)C3=CC=CC=C3F,302.73,2.8,32.7,0.0,3.0,1.0,PubChem,Available
1309,Fludrocortisone,31378.0,CC12CCC(=O)C=C1CCC3C2(C(CC4(C3CCC4(C(=O)CO)O)C)O)F,380.4,1.7,94.8,3.0,6.0,2.0,PubChem,Available
1310,Fluindione,68942.0,C1=CC=C2C(=C1)C(=O)C(C2=O)C3=CC=C(C=C3)F,240.23,3.0,34.1,0.0,3.0,1.0,PubChem,Available
1311,Flumatinib,46848036.0,CC1=C(C=C(C=N1)NC(=O)C2=CC(=C(C=C2)CN3CCN(CC3)C)C(F)(F)F)NC4=NC=CC(=N4)C5=CN=CC=C5,562.6,3.4,99.2,2.0,11.0,7.0,PubChem,Available
1312,Flumazenil,3373.0,CCOC(=O)C1=C2CN(C(=O)C3=C(N2C=N1)C=CC(=C3)F)C,303.29,1.0,64.4,0.0,5.0,3.0,PubChem,Available
1313,Flumequine,3374.0,CC1CCC2=C3N1C=C(C(=O)C3=CC(=C2)F)C(=O)O,261.25,2.9,57.6,1.0,5.0,1.0,PubChem,Available
1314,Flunarizine,941361.0,C1CN(CCN1CC=CC2=CC=CC=C2)C(C3=CC=C(C=C3)F)C4=CC=C(C=C4)F,404.5,6.0,6.5,0.0,4.0,6.0,PubChem,Available
1315,Flunisolide,82153.0,CC1(OC2CC3C4CC(C5=CC(=O)C=CC5(C4C(CC3(C2(O1)C(=O)CO)C)O)C)F)C,434.5,2.5,93.1,2.0,7.0,2.0,PubChem,Available
1316,Flunitrazepam,3380.0,CN1C(=O)CN=C(C2=C1C=CC(=C2)[N+](=O)[O-])C3=CC=CC=C3F,313.28,2.1,78.5,0.0,5.0,1.0,PubChem,Available
1317,Flunixin,38081.0,CC1=C(C=CC=C1NC2=C(C=CC=N2)C(=O)O)C(F)(F)F,296.24,4.1,62.2,2.0,7.0,3.0,PubChem,Available
1318,Flunoxaprofen,68869.0,CC(C1=CC2=C(C=C1)OC(=N2)C3=CC=C(C=C3)F)C(=O)O,285.27,3.6,63.3,1.0,5.0,3.0,PubChem,Available
1319,Fluocinolone acetonide,6215.0,CC1(OC2CC3C4CC(C5=CC(=O)C=CC5(C4(C(CC3(C2(O1)C(=O)CO)C)O)F)C)F)C,452.5,2.5,93.1,2.0,8.0,2.0,PubChem,Available
1320,Fluocinonide,9642.0,CC(=O)OCC(=O)C12C(CC3C1(CC(C4(C3CC(C5=CC(=O)C=CC54C)F)F)O)C)OC(O2)(C)C,494.5,3.2,99.1,1.0,9.0,4.0,PubChem,Available
1321,Fluocortin,22875828.0,CC1CC2C3CC(C4=CC(=O)C=CC4(C3C(CC2(C1C(=O)C(=O)O)C)O)C)F,390.4,2.8,91.7,2.0,6.0,2.0,PubChem,Available
1322,Fluocortolone,9053.0,CC1CC2C3CC(C4=CC(=O)C=CC4(C3C(CC2(C1C(=O)CO)C)O)C)F,376.5,2.4,74.6,2.0,5.0,2.0,PubChem,Available
1323,Fluocortolone caproate,20054915.0,CCCCCC(=O)OCC(=O)C1C(CC2C1(CC(C3C2CC(C4=CC(=O)C=CC34C)F)O)C)C,474.6,4.9,80.7,1.0,6.0,8.0,PubChem,Available
1324,Fluocortolone pivalate,119871.0,CC1CC2C3CC(C4=CC(=O)C=CC4(C3C(CC2(C1C(=O)COC(=O)C(C)(C)C)C)O)C)F,460.6,4.4,80.7,1.0,6.0,5.0,PubChem,Available
1325,Fluorescein,16850.0,C1=CC=C2C(=C1)C(=O)OC23C4=C(C=C(C=C4)O)OC5=C3C=CC(=C5)O,332.3,3.4,76.0,2.0,5.0,0.0,PubChem,Available
1326,Fluoroestradiol F-18,10869981.0,CC12CCC3C(C1CC(C2O)F)CCC4=C3C=CC(=C4)O,289.4,3.5,40.5,2.0,3.0,0.0,PubChem,Available
1327,Fluorometholone,9878.0,CC1CC2C3CCC(C3(CC(C2(C4(C1=CC(=O)C=C4)C)F)O)C)(C(=O)C)O,376.5,2.0,74.6,2.0,5.0,1.0,PubChem,Available
1328,Fluorouracil,3385.0,C1=C(C(=O)NC(=O)N1)F,130.08,-0.9,58.2,2.0,3.0,0.0,PubChem,Available
1329,Fluoxymesterone,6446.0,CC12CCC(=O)C=C1CCC3C2(C(CC4(C3CCC4(C)O)C)O)F,336.4,2.4,57.5,2.0,4.0,0.0,PubChem,Available
1330,Flupentixol,5281881.0,C1CN(CCN1CCC=C2C3=CC=CC=C3SC4=C2C=C(C=C4)C(F)(F)F)CCO,434.5,4.5,52.0,1.0,7.0,5.0,PubChem,Available
1331,Fluperolone,56841872.0,CC(C(=O)C1(CCC2C1(CC(C3(C2CCC4=CC(=O)C=CC43C)F)O)C)O)O,392.5,1.9,94.8,3.0,6.0,2.0,PubChem,Available
1332,Fluphenazine,3372.0,C1CN(CCN1CCCN2C3=CC=CC=C3SC4=C2C=C(C=C4)C(F)(F)F)CCO,437.5,4.4,55.3,1.0,8.0,6.0,PubChem,Available
1333,Flupirtine,53276.0,CCOC(=O)NC1=C(N=C(C=C1)NCC2=CC=C(C=C2)F)N,304.32,2.4,89.3,3.0,6.0,6.0,PubChem,Available
1334,Fluprednidene,11794741.0,CC12CC(C3(C(C1CC(=C)C2(C(=O)CO)O)CCC4=CC(=O)C=CC43C)F)O,390.4,1.5,94.8,3.0,6.0,2.0,PubChem,Available
1335,Fluprednidene acetate,9980241.0,CC(=O)OCC(=O)C1(C(=C)CC2C1(CC(C3(C2CCC4=CC(=O)C=CC43C)F)O)C)O,432.5,2.3,101.0,2.0,7.0,4.0,PubChem,Available
1336,Fluprednisolone,5876.0,CC12CC(C3C(C1CCC2(C(=O)CO)O)CC(C4=CC(=O)C=CC34C)F)O,378.4,1.4,94.8,3.0,6.0,2.0,PubChem,Available
1337,Fluprostenol,5311100.0,C1C(C(C(C1O)C=CC(COC2=CC=CC(=C2)C(F)(F)F)O)CC=CCCCC(=O)O)O,458.5,2.9,107.0,4.0,9.0,11.0,PubChem,Available
1338,Flurandrenolide,15209.0,CC1(OC2CC3C4CC(C5=CC(=O)CCC5(C4C(CC3(C2(O1)C(=O)CO)C)O)C)F)C,436.5,1.4,93.1,2.0,7.0,2.0,PubChem,Available
1339,Flurazepam,3393.0,CCN(CC)CCN1C(=O)CN=C(C2=C1C=CC(=C2)Cl)C3=CC=CC=C3F,387.9,3.0,35.9,0.0,4.0,6.0,PubChem,Available
1340,Flurbiprofen axetil,3395.0,CC(C1=CC(=C(C=C1)C2=CC=CC=C2)F)C(=O)OC(C)OC(=O)C,330.3,4.9,52.6,0.0,5.0,7.0,PubChem,Available
1341,Flurithromycin,71260.0,CCC1C(C(C(C(=O)C(CC(C(C(C(C(C(=O)O1)C)OC2CC(C(C(O2)C)O)(C)OC)C)OC3C(C(CC(O3)C)N(C)C)O)(C)O)(C)F)C)O)(C)O,751.9,2.8,194.0,5.0,15.0,7.0,PubChem,Available
1342,Fluspirilene,3396.0,C1CN(CCC12C(=O)NCN2C3=CC=CC=C3)CCCC(C4=CC=C(C=C4)F)C5=CC=C(C=C5)F,475.6,5.6,35.6,1.0,5.0,7.0,PubChem,Available
1343,Flutamide,3397.0,CC(C)C(=O)NC1=CC(=C(C=C1)[N+](=O)[O-])C(F)(F)F,276.21,3.3,74.9,1.0,6.0,2.0,PubChem,Available
1344,Fluticasone,5311101.0,CC1CC2C3CC(C4=CC(=O)C=CC4(C3(C(CC2(C1(C(=O)SCF)O)C)O)F)C)F,444.5,3.2,99.9,2.0,8.0,3.0,PubChem,Available
1345,Fluticasone furoate,9854489.0,CC1CC2C3CC(C4=CC(=O)C=CC4(C3(C(CC2(C1(C(=O)SCF)OC(=O)C5=CC=CO5)C)O)F)C)F,538.6,4.8,119.0,1.0,10.0,6.0,PubChem,Available
1346,Fluticasone propionate,444036.0,CCC(=O)OC1(C(CC2C1(CC(C3(C2CC(C4=CC(=O)C=CC43C)F)F)O)C)C)C(=O)SCF,500.6,4.0,106.0,1.0,9.0,6.0,PubChem,Available
1347,Fluvastatin,1548972.0,CC(C)N1C2=CC=CC=C2C(=C1C=CC(CC(CC(=O)O)O)O)C3=CC=C(C=C3)F,411.5,3.5,82.7,3.0,5.0,8.0,PubChem,Available
1348,Fluvoxamine,5324346.0,COCCCCC(=NOCCN)C1=CC=C(C=C1)C(F)(F)F,318.33,2.6,56.8,1.0,7.0,9.0,PubChem,Available
1349,Folic acid,135398658.0,C1=CC(=CC=C1C(=O)NC(CCC(=O)O)C(=O)O)NCC2=CN=C3C(=N2)C(=O)NC(=N3)N,441.4,-1.1,209.0,6.0,10.0,9.0,PubChem,Available
1350,Fomepizole,3406.0,CC1=CNN=C1,82.1,1.4,28.7,1.0,1.0,0.0,PubChem,Available
1351,Fondaparinux,5282448.0,COC1C(C(C(C(O1)COS(=O)(=O)O)OC2C(C(C(C(O2)C(=O)O)OC3C(C(C(C(O3)COS(=O)(=O)O)OC4C(C(C(C(O4)C(=O)O)OC5C(C(C(C(O5)COS(=O)(=O)O)O)O)NS(=O)(=O)O)O)O)OS(=O)(=O)O)NS(=O)(=O)O)O)OS(=O)(=O)O)O)NS(=O)(=O)O,1508.3,-14.7,873.0,19.0,52.0,30.0,PubChem,Available
1352,Forasartan,132706.0,CCCCC1=NN(C(=N1)CCCC)CC2=CN=C(C=C2)C3=CC=CC=C3C4=NNN=N4,416.5,4.9,98.1,1.0,6.0,10.0,PubChem,Available
1353,Foretinib,42642645.0,COC1=CC2=C(C=CN=C2C=C1OCCCN3CCOCC3)OC4=C(C=C(C=C4)NC(=O)C5(CC5)C(=O)NC6=CC=C(C=C6)F)F,632.7,5.5,111.0,2.0,10.0,12.0,PubChem,Available
1354,Formebolone,17150.0,CC1(CCC2C1(CC(C3C2CCC4=CC(=O)C(=CC34C)C=O)O)C)O,344.4,2.2,74.6,2.0,4.0,1.0,PubChem,Available
1355,Formestane,11273.0,CC12CCC(=O)C(=C1CCC3C2CCC4(C3CCC4=O)C)O,302.4,2.6,54.4,1.0,3.0,0.0,PubChem,Available
1356,Formic acid,284.0,C(=O)O,46.025,-0.2,37.3,1.0,2.0,0.0,PubChem,Available
1357,Formocortal,289085.0,CC(=O)OCC(=O)C12C(CC3C1(CC(C4(C3CC(=C5C4(CCC(=C5)OCCCl)C)C=O)F)O)C)OC(O2)(C)C,569.1,3.8,108.0,1.0,9.0,8.0,PubChem,Available
1358,Formononetin,5280378.0,COC1=CC=C(C=C1)C2=COC3=C(C2=O)C=CC(=C3)O,268.26,2.8,55.8,1.0,4.0,2.0,PubChem,Available
1359,Fosamprenavir,131536.0,CC(C)CN(CC(C(CC1=CC=CC=C1)NC(=O)OC2CCOC2)OP(=O)(O)O)S(=O)(=O)C3=CC=C(C=C3)N,585.6,1.8,186.0,4.0,11.0,14.0,PubChem,Available
1360,Fosaprepitant,135413538.0,CC(C1=CC(=CC(=C1)C(F)(F)F)C(F)(F)F)OC2C(N(CCO2)CC3=NN(C(=O)N3)P(=O)(O)O)C4=CC=C(C=C4)F,614.4,1.0,124.0,3.0,15.0,7.0,PubChem,Available
1361,Fosbretabulin,5351387.0,COC1=C(C=C(C=C1)C=CC2=CC(=C(C(=C2)OC)OC)OC)OP(=O)(O)O,396.3,2.4,104.0,2.0,8.0,8.0,PubChem,Available
1362,Foscarnet,3415.0,C(=O)(O)P(=O)(O)O,126.01,-2.0,94.8,3.0,5.0,1.0,PubChem,Available
1363,Fosfomycin,446987.0,CC1C(O1)P(=O)(O)O,138.06,-1.4,70.1,2.0,4.0,1.0,PubChem,Available
1364,Fosgemcitabine palabenamide,134812042.0,CC(C(=O)OCC1=CC=CC=C1)NP(=O)(OCC2C(C(C(O2)N3C=CC(=NC3=O)N)(F)F)O)OC4=CC=CC=C4,580.5,1.4,162.0,3.0,11.0,12.0,PubChem,Available
1365,Fosinopril,9601226.0,CCC(=O)OC(C(C)C)OP(=O)(CCCCC1=CC=CC=C1)CC(=O)N2CC(CC2C(=O)O)C3CCCCC3,563.7,6.2,110.0,1.0,7.0,15.0,PubChem,Available
1366,Fosinoprilat,62956.0,C1CCC(CC1)C2CC(N(C2)C(=O)CP(=O)(CCCCC3=CC=CC=C3)O)C(=O)O,435.5,3.8,94.9,2.0,5.0,9.0,PubChem,Available
1367,Foslevodopa,127766.0,C1=CC(=C(C=C1CC(C(=O)O)N)O)OP(=O)(O)O,277.17,-4.0,150.0,5.0,8.0,5.0,PubChem,Available
1368,Fosmidomycin,572.0,C(CN(C=O)O)CP(=O)(O)O,183.1,-2.2,98.1,3.0,5.0,4.0,PubChem,Available
1369,Fosnetupitant,71544786.0,CC1=CC=CC=C1C2=CC(=NC=C2N(C)C(=O)C(C)(C)C3=CC(=CC(=C3)C(F)(F)F)C(F)(F)F)N4CC[N+](CC4)(C)COP(=O)(O)[O-],688.6,5.0,106.0,1.0,13.0,8.0,PubChem,Available
1370,Fosphenytoin,56339.0,C1=CC=C(C=C1)C2(C(=O)N(C(=O)N2)COP(=O)(O)O)C3=CC=CC=C3,362.27,0.6,116.0,3.0,6.0,5.0,PubChem,Available
1371,Fospropofol,3038498.0,CC(C)C1=C(C(=CC=C1)C(C)C)OCOP(=O)(O)O,288.28,2.5,76.0,2.0,5.0,6.0,PubChem,Available
1372,Fostamatinib,11671467.0,CC1(C(=O)N(C2=C(O1)C=CC(=N2)NC3=NC(=NC=C3F)NC4=CC(=C(C(=C4)OC)OC)OC)COP(=O)(O)O)C,580.5,1.6,187.0,4.0,15.0,10.0,PubChem,Available
1373,Fostemsavir,11319217.0,CC1=NN(C=N1)C2=NC=C(C3=C2N(C=C3C(=O)C(=O)N4CCN(CC4)C(=O)C5=CC=CC=C5)COP(=O)(O)O)OC,583.5,-0.1,182.0,2.0,11.0,8.0,PubChem,Available
1374,Fotemustine,104799.0,CCOP(=O)(C(C)NC(=O)N(CCCl)N=O)OCC,315.69,0.9,97.3,1.0,6.0,8.0,PubChem,Available
1375,Framycetin,8378.0,C1C(C(C(C(C1N)OC2C(C(C(C(O2)CN)O)O)N)OC3C(C(C(O3)CO)OC4C(C(C(C(O4)CN)O)O)N)O)O)N,614.6,-9.0,353.0,13.0,19.0,9.0,PubChem,Available
1376,Frovatriptan,77992.0,CNC1CCC2=C(C1)C3=C(N2)C=CC(=C3)C(=O)N,243.3,1.2,70.9,3.0,2.0,2.0,PubChem,Available
1377,Fruquintinib,44480399.0,CC1=C(C2=C(O1)C=C(C=C2)OC3=NC=NC4=CC(=C(C=C43)OC)OC)C(=O)NC,393.4,3.4,95.7,1.0,7.0,5.0,PubChem,Available
1378,Fulvestrant,104741.0,CC12CCC3C(C1CCC2O)C(CC4=C3C=CC(=C4)O)CCCCCCCCCS(=O)CCCC(C(F)(F)F)(F)F,606.8,9.2,76.7,2.0,9.0,14.0,PubChem,Available
1379,Fumagillin,6917655.0,CC(=CCC1C(O1)(C)C2C(C(CCC23CO3)OC(=O)C=CC=CC=CC=CC(=O)O)OC)C,458.5,4.0,97.9,1.0,7.0,11.0,PubChem,Available
1380,Furafylline,3433.0,CC1=NC2=C(N1)C(=O)N(C(=O)N2CC3=CC=CO3)C,260.25,0.6,82.4,1.0,4.0,2.0,PubChem,Available
1381,Furazolidone,5323714.0,C1COC(=O)N1N=CC2=CC=C(O2)[N+](=O)[O-],225.16,-0.1,101.0,0.0,6.0,2.0,PubChem,Available
1382,Furosemide,3440.0,C1=COC(=C1)CNC2=CC(=C(C=C2C(=O)O)S(=O)(=O)N)Cl,330.74,2.0,131.0,3.0,7.0,5.0,PubChem,Available
1383,Fusafungine,3084092.0,CC(C)C1C(=O)OC(C(=O)N(C(C(=O)OC(C(=O)N(C(C(=O)OC(C(=O)N1C)C(C)C)C(C)C)C)C(C)C)C(C)C)C)C(C)C,639.8,6.5,140.0,0.0,9.0,6.0,PubChem,Available
1384,Fusidic acid,3000226.0,CC1C2CCC3(C(C2(CCC1O)C)C(CC4C3(CC(C4=C(CCC=C(C)C)C(=O)O)OC(=O)C)C)O)C,516.7,5.5,104.0,3.0,6.0,6.0,PubChem,Available
1385,Futibatinib,71621331.0,COC1=CC(=CC(=C1)C#CC2=NN(C3=NC=NC(=C23)N)C4CCN(C4)C(=O)C=C)OC,418.4,2.0,108.0,1.0,7.0,6.0,PubChem,Available
1386,GE-2270A,16186054.0,CC1=C2C(=O)NC(C3=NC(=C(S3)COC)C(=O)NCC(=O)NC(C4=NC(=CS4)C5=NC(=CS5)C6=C(C=CC(=N6)C7=NC(=CS7)C8=NC(CO8)C(=O)N9CCCC9C(=O)N)C3=NC(=CS3)C(=O)NC(C(=N2)S1)CC(=O)NC)C(C1=CC=CC=C1)O)C(C)C,1290.5,3.3,520.0,7.0,24.0,11.0,PubChem,Available
1387,GLPG-0492,59317190.0,CN1C(=O)N(C(=O)C1(CO)C2=CC=CC=C2)C3=CC(=C(C=C3)C#N)C(F)(F)F,389.3,2.9,84.6,1.0,7.0,3.0,PubChem,Available
1388,GPI-1485,9837656.0,CCC(C)(C)C(=O)C(=O)N1CCCC1C(=O)O,241.28,1.5,74.7,1.0,4.0,4.0,PubChem,Available
1389,GSK-1004723,17747460.0,C1CCCN(CC1)CCCOC2=CC=C(C=C2)CCCCN3CCCC3CN4C(=O)C5=CC=CC=C5C(=N4)CC6=CC=C(C=C6)Cl,641.3,8.3,48.4,0.0,5.0,14.0,PubChem,Available
1390,GSK-239512,9976892.0,C1CC(C1)N2CCC3=C(CC2)C=C(C=C3)OC4=NC=C(C=C4)N5CCCC5=O,377.5,3.4,45.7,0.0,4.0,4.0,PubChem,Available
1391,GSK-256066,9827968.0,CC1=CC(=CC2=C(C(=CN=C12)C(=O)N)NC3=CC(=CC=C3)OC)S(=O)(=O)C4=CC=CC(=C4)C(=O)N(C)C,518.6,3.8,140.0,2.0,7.0,7.0,PubChem,Available
1392,GSK-2636771,56949517.0,CC1=C(C=CC=C1C(F)(F)F)CN2C(=NC3=C(C=C(C=C32)N4CCOCC4)C(=O)O)C,433.4,4.0,67.6,1.0,8.0,4.0,PubChem,Available
1393,GTS-21,5310985.0,COC1=CC(=C(C=C1)C=C2CCCN=C2C3=CN=CC=C3)OC,308.4,3.0,43.7,0.0,4.0,4.0,PubChem,Available
1394,GW842166,10253143.0,C1COCCC1CNC(=O)C2=CN=C(N=C2C(F)(F)F)NC3=C(C=C(C=C3)Cl)Cl,449.3,4.1,76.1,2.0,8.0,5.0,PubChem,Available
1395,Gabapentin,3446.0,C1CCC(CC1)(CC(=O)O)CN,171.24,-1.1,63.3,2.0,3.0,3.0,PubChem,Available
1396,Gabapentin enacarbil,9883933.0,CC(C)C(=O)OC(C)OC(=O)NCC1(CCCCC1)CC(=O)O,329.39,3.1,102.0,2.0,6.0,9.0,PubChem,Available
1397,Gabexate,3447.0,CCOC(=O)C1=CC=C(C=C1)OC(=O)CCCCCN=C(N)N,321.37,1.4,117.0,2.0,5.0,11.0,PubChem,Available
1398,Gaboxadol,3448.0,C1CNCC2=C1C(=O)NO2,140.14,-0.9,50.4,2.0,3.0,0.0,PubChem,Available
1399,Gadobenic acid,18177388.0,[H+].[H+].C1=CC=C(C=C1)COCC(C(=O)[O-])N(CCN(CCN(CC(=O)[O-])CC(=O)[O-])CC(=O)[O-])CC(=O)[O-].[Gd+3],667.7,,220.0,2.0,14.0,15.0,PubChem,Available
1400,Gadodiamide,153921.0,CNC(=O)CN(CCN(CCN(CC(=O)NC)CC(=O)[O-])CC(=O)[O-])CC(=O)[O-].[Gd+3],573.66,,188.0,2.0,11.0,13.0,PubChem,Available
1401,Gadofosveset trisodium,73049652.0,C1CC(CCC1OP(=O)([O-])OCC(CN(CCN(CC(=O)[O-])CC(=O)[O-])CC(=O)[O-])N(CC(=O)[O-])CC(=O)[O-])(C2=CC=CC=C2)C3=CC=CC=C3.[Na+].[Na+].[Na+].[Gd+3],957.9,,269.0,0.0,17.0,18.0,PubChem,Available
1402,Gadopentetic acid,6857474.0,C(CN(CC(=O)O)CC(=O)[O-])N(CCN(CC(=O)O)CC(=O)[O-])CC(=O)[O-].[Gd+3],547.57,,205.0,2.0,13.0,13.0,PubChem,Available
1403,Gadoteric acid,158536.0,C1CN(CCN(CCN(CCN1CC(=O)O)CC(=O)[O-])CC(=O)[O-])CC(=O)[O-].[Gd+3],558.64,,171.0,1.0,12.0,5.0,PubChem,Available
1404,Gadoteridol,60714.0,CC(CN1CCN(CCN(CCN(CC1)CC(=O)[O-])CC(=O)[O-])CC(=O)[O-])O.[Gd+3],558.7,,154.0,1.0,11.0,5.0,PubChem,Available
1405,Gadoxetic acid,25203894.0,[H+].[H+].CCOC1=CC=C(C=C1)CC(CN(CCN(CC(=O)[O-])CC(=O)[O-])CC(=O)[O-])N(CC(=O)[O-])CC(=O)[O-].[Gd+3],681.7,,220.0,2.0,14.0,15.0,PubChem,Available
1406,Galantamine,9651.0,CN1CCC23C=CC(CC2OC4=C(C=CC(=C34)C1)OC)O,287.35,1.8,41.9,1.0,4.0,1.0,PubChem,Available
1407,Gallamine,67425.0,CCN(CC)CCOC1=C(C(=CC=C1)OCCN(CC)CC)OCCN(CC)CC,423.6,4.1,37.4,0.0,6.0,18.0,PubChem,Available
1408,Gallamine triethiodide,6172.0,CC[N+](CC)(CC)CCOC1=C(C(=CC=C1)OCC[N+](CC)(CC)CC)OCC[N+](CC)(CC)CC.[I-].[I-].[I-],891.5,,27.7,0.0,6.0,21.0,PubChem,Available
1409,Gallopamil,1234.0,CC(C)C(CCCN(C)CCC1=CC(=C(C=C1)OC)OC)(C#N)C2=CC(=C(C(=C2)OC)OC)OC,484.6,3.8,73.2,0.0,7.0,14.0,PubChem,Available
1410,Gamithromycin,59364992.0,CCCN1CC(C(C(C(OC(=O)C(C(C(C(C(CC1C)(C)O)OC2C(C(CC(O2)C)N(C)C)O)C)OC3CC(C(C(O3)C)O)(C)OC)C)CC)(C)O)O)C,777.0,4.9,180.0,5.0,14.0,9.0,PubChem,Available
1411,Gamolenic acid,5280933.0,CCCCCC=CCC=CCC=CCCCCC(=O)O,278.4,5.9,37.3,1.0,2.0,13.0,PubChem,Available
1412,Ganaxolone,6918305.0,CC(=O)C1CCC2C1(CCC3C2CCC4C3(CCC(C4)(C)O)C)C,332.5,5.0,37.3,1.0,2.0,1.0,PubChem,Available
1413,Ganciclovir,135398740.0,C1=NC2=C(N1COC(CO)CO)N=C(NC2=O)N,255.23,-2.5,135.0,4.0,6.0,5.0,PubChem,Available
1414,Gantacurium,10102486.0,C[N+]1(CCC2=CC(=C(C=C2C1CC3=CC(=C(C(=C3)OC)OC)OC)OC)OC)CCCOC(=O)C(=CC(=O)OCCC[N+]4(CCC5=CC(=C(C=C5C4C6=CC(=C(C(=C6)OC)OC)OC)OC)OC)C)Cl,993.6,8.3,145.0,0.0,14.0,25.0,PubChem,Available
1415,Garenoxacin,124093.0,CC1C2=C(CN1)C=C(C=C2)C3=C(C4=C(C=C3)C(=O)C(=CN4C5CC5)C(=O)O)OC(F)F,426.4,2.1,78.9,2.0,8.0,5.0,PubChem,Available
1416,Gatifloxacin,5379.0,CC1CN(CCN1)C2=C(C=C3C(=C2OC)N(C=C(C3=O)C(=O)O)C4CC4)F,375.4,-0.7,82.1,2.0,8.0,4.0,PubChem,Available
1417,Gavestinel,6450546.0,C1=CC=C(C=C1)NC(=O)C=CC2=C(NC3=C2C(=CC(=C3)Cl)Cl)C(=O)O,375.2,4.4,82.2,3.0,3.0,4.0,PubChem,Available
1418,Gedocarnil,219095.0,CC(C)OC(=O)C1=NC=C2C(=C1COC)C3=C(N2)C=CC=C3OC4=CC=C(C=C4)Cl,424.9,5.1,73.4,1.0,5.0,7.0,PubChem,Available
1419,Gefapixant,24764487.0,CC(C)C1=CC(=C(C=C1OC2=CN=C(N=C2N)N)S(=O)(=O)N)OC,353.4,0.7,165.0,3.0,9.0,5.0,PubChem,Available
1420,Gefitinib,123631.0,COC1=C(C=C2C(=C1)N=CN=C2NC3=CC(=C(C=C3)F)Cl)OCCCN4CCOCC4,446.9,4.1,68.7,1.0,8.0,8.0,PubChem,Available
1421,Geldanamycin,5288382.0,CC1CC(C(C(C=C(C(C(C=CC=C(C(=O)NC2=CC(=O)C(=C(C1)C2=O)OC)C)OC)OC(=O)N)C)C)O)OC,560.6,2.0,163.0,3.0,9.0,5.0,PubChem,Available
1422,Gemcitabine,60750.0,C1=CN(C(=O)N=C1N)C2C(C(C(O2)CO)O)(F)F,263.2,-1.5,108.0,3.0,6.0,2.0,PubChem,Available
1423,Gemfibrozil,3463.0,CC1=CC(=C(C=C1)C)OCCCC(C)(C)C(=O)O,250.33,3.8,46.5,1.0,3.0,6.0,PubChem,Available
1424,Gemifloxacin,9571107.0,CON=C1CN(CC1CN)C2=C(C=C3C(=O)C(=CN(C3=N2)C4CC4)C(=O)O)F,389.4,-0.7,121.0,2.0,10.0,5.0,PubChem,Available
1425,Gemigliptin,11953153.0,C1CC(CN(C1=O)CC(CC(=O)N2CCC3=C(C2)N=C(N=C3C(F)(F)F)C(F)(F)F)N)(F)F,489.4,0.7,92.4,1.0,13.0,4.0,PubChem,Available
1426,Geneticin,123865.0,CC(C1C(C(C(C(O1)OC2C(CC(C(C2O)OC3C(C(C(CO3)(C)O)NC)O)N)N)N)O)O)O,496.6,-5.8,248.0,10.0,14.0,6.0,PubChem,Available
1427,Genistein,5280961.0,C1=CC(=CC=C1C2=COC3=CC(=CC(=C3C2=O)O)O)O,270.24,2.7,87.0,3.0,5.0,1.0,PubChem,Available
1428,Gentamicin,3467.0,CC(C1CCC(C(O1)OC2C(CC(C(C2O)OC3C(C(C(CO3)(C)O)NC)O)N)N)N)NC,477.6,-4.1,200.0,8.0,12.0,7.0,PubChem,Available
1429,Gentamicin C1a,72396.0,CC1(COC(C(C1NC)O)OC2C(CC(C(C2O)OC3C(CCC(O3)CN)N)N)N)O,449.5,-5.0,214.0,8.0,12.0,6.0,PubChem,Available
1430,Gepefrine,219105.0,CC(CC1=CC(=CC=C1)O)N,151.21,1.4,46.3,2.0,2.0,2.0,PubChem,Available
1431,Gepirone,55191.0,CC1(CC(=O)N(C(=O)C1)CCCCN2CCN(CC2)C3=NC=CC=N3)C,359.5,1.8,69.6,0.0,6.0,6.0,PubChem,Available
1432,Geranyl Diphosphate,445995.0,CC(=CCCC(=CCOP(=O)(O)OP(=O)(O)O)C)C,314.21,0.7,113.0,3.0,7.0,8.0,PubChem,Available
1433,Geranylgeranyl diphosphate,447277.0,CC(=CCCC(=CCCC(=CCCC(=CCOP(=O)(O)OP(=O)(O)O)C)C)C)C,450.4,4.4,113.0,3.0,7.0,14.0,PubChem,Available
1434,Gestodene,3033968.0,CCC12CCC3C(C1C=CC2(C#C)O)CCC4=CC(=O)CCC34,310.4,2.9,37.3,1.0,2.0,2.0,PubChem,Available
1435,Gestonorone,102210.0,CC(=O)C1(CCC2C1(CCC3C2CCC4=CC(=O)CCC34)C)O,316.4,2.6,54.4,1.0,3.0,1.0,PubChem,Available
1436,Gestrinone,27812.0,CCC12C=CC3=C4CCC(=O)C=C4CCC3C1CCC2(C#C)O,308.4,2.2,37.3,1.0,2.0,2.0,PubChem,Available
1437,Gilteritinib,49803313.0,CCC1=C(N=C(C(=N1)C(=O)N)NC2=CC(=C(C=C2)N3CCC(CC3)N4CCN(CC4)C)OC)NC5CCOCC5,552.7,3.5,121.0,3.0,10.0,9.0,PubChem,Available
1438,Gimatecan,9577124.0,CCC1(C2=C(COC1=O)C(=O)N3CC4=C(C5=CC=CC=C5N=C4C3=C2)C=NOC(C)(C)C)O,447.5,2.0,101.0,1.0,7.0,4.0,PubChem,Available
1439,Gimeracil,54679224.0,C1=C(C(=CNC1=O)Cl)O,145.54,-0.1,49.3,2.0,2.0,0.0,PubChem,Available
1440,Ginsenoside Rb1,9898279.0,CC(=CCCC(C)(C1CCC2(C1C(CC3C2(CCC4C3(CCC(C4(C)C)OC5C(C(C(C(O5)CO)O)O)OC6C(C(C(C(O6)CO)O)O)O)C)C)O)C)OC7C(C(C(C(O7)COC8C(C(C(C(O8)CO)O)O)O)O)O)O)C,1109.3,0.3,377.0,15.0,23.0,16.0,PubChem,Available
1441,Gitoformate,20055283.0,CC1C(C(CC(O1)OC2C(OC(CC2OC=O)OC3C(OC(CC3OC=O)OC4CCC5(C(C4)CCC6C5CCC7(C6(CC(C7C8=CC(=O)OC8)OC=O)O)C)C)C)C)OC=O)OC=O,921.0,4.0,233.0,1.0,19.0,17.0,PubChem,Available
1442,Givinostat,9804992.0,CCN(CC)CC1=CC2=C(C=C1)C=C(C=C2)COC(=O)NC3=CC=C(C=C3)C(=O)NO,421.5,3.6,90.9,3.0,5.0,9.0,PubChem,Available
1443,Glasdegib,25166913.0,CN1CCC(CC1C2=NC3=CC=CC=C3N2)NC(=O)NC4=CC=C(C=C4)C#N,374.4,2.4,96.8,3.0,4.0,3.0,PubChem,Available
1444,Glecaprevir,66828839.0,CC1(CC1)S(=O)(=O)NC(=O)C2(CC2C(F)F)NC(=O)C3CC4CN3C(=O)C(NC(=O)OC5CCCC5OCC=CC(C6=NC7=CC=CC=C7N=C6O4)(F)F)C(C)(C)C,838.9,4.6,204.0,3.0,15.0,7.0,PubChem,Available
1445,Gleptoferron,,,,,,,,,,Unresolved
1446,Glibornuride,12818200.0,CC1=CC=C(C=C1)S(=O)(=O)NC(=O)NC2C3CCC(C2O)(C3(C)C)C,366.5,3.2,104.0,3.0,4.0,3.0,PubChem,Available
1447,Gliclazide,3475.0,CC1=CC=C(C=C1)S(=O)(=O)NC(=O)NN2CC3CCCC3C2,323.4,1.5,86.9,2.0,4.0,3.0,PubChem,Available
1448,Glimepiride,3476.0,CCC1=C(CN(C1=O)C(=O)NCCC2=CC=C(C=C2)S(=O)(=O)NC(=O)NC3CCC(CC3)C)C,490.6,3.9,133.0,3.0,5.0,7.0,PubChem,Available
1449,Glipizide,3478.0,CC1=CN=C(C=N1)C(=O)NCCC2=CC=C(C=C2)S(=O)(=O)NC(=O)NC3CCCCC3,445.5,1.9,139.0,3.0,6.0,7.0,PubChem,Available
1450,Gliquidone,91610.0,CC1(C2=C(C=C(C=C2)OC)C(=O)N(C1=O)CCC3=CC=C(C=C3)S(=O)(=O)NC(=O)NC4CCCCC4)C,527.6,4.6,130.0,2.0,6.0,7.0,PubChem,Available
1451,Glisoxepide,32778.0,CC1=CC(=NO1)C(=O)NCCC2=CC=C(C=C2)S(=O)(=O)NC(=O)NN3CCCCCC3,449.5,2.9,142.0,3.0,7.0,7.0,PubChem,Available
1452,Glutaric Acid,743.0,C(CC(=O)O)CC(=O)O,132.11,-0.3,74.6,2.0,4.0,4.0,PubChem,Available
1453,Glutethimide,3487.0,CCC1(CCC(=O)NC1=O)C2=CC=CC=C2,217.26,1.9,46.2,1.0,2.0,2.0,PubChem,Available
1454,Glyburide,3488.0,COC1=C(C=C(C=C1)Cl)C(=O)NCCC2=CC=C(C=C2)S(=O)(=O)NC(=O)NC3CCCCC3,494.0,4.8,122.0,3.0,5.0,8.0,PubChem,Available
1455,Glycerin,753.0,C(C(CO)O)O,92.09,-1.8,60.7,3.0,3.0,2.0,PubChem,Available
1456,Glycerol phenylbutyrate,10482134.0,C1=CC=C(C=C1)CCCC(=O)OCC(COC(=O)CCCC2=CC=CC=C2)OC(=O)CCCC3=CC=CC=C3,530.6,6.7,78.9,0.0,6.0,20.0,PubChem,Available
1457,Glycochenodeoxycholic Acid,12544.0,CC(CCC(=O)NCC(=O)O)C1CCC2C1(CCC3C2C(CC4C3(CCC(C4)O)C)O)C,449.6,4.3,107.0,4.0,5.0,6.0,PubChem,Available
1458,Glycol salicylate,6880.0,C1=CC=C(C(=C1)C(=O)OCCO)O,182.17,1.9,66.8,2.0,4.0,4.0,PubChem,Available
1459,Glycopyrronium,3494.0,C[N+]1(CCC(C1)OC(=O)C(C2CCCC2)(C3=CC=CC=C3)O)C,318.4,3.1,46.5,1.0,3.0,5.0,PubChem,Available
1460,Glycyrrhizic acid,14982.0,CC1(C2CCC3(C(C2(CCC1OC4C(C(C(C(O4)C(=O)O)O)O)OC5C(C(C(C(O5)C(=O)O)O)O)O)C)C(=O)C=C6C3(CCC7(C6CC(CC7)(C)C(=O)O)C)C)C)C,822.9,3.7,267.0,8.0,16.0,7.0,PubChem,Available
1461,Glymidine,9565.0,COCCOC1=CN=C(N=C1)NS(=O)(=O)C2=CC=CC=C2,309.34,0.9,98.8,1.0,7.0,7.0,PubChem,Available
1462,Goserelin,5311128.0,CC(C)CC(C(=O)NC(CCCN=C(N)N)C(=O)N1CCCC1C(=O)NNC(=O)N)NC(=O)C(COC(C)(C)C)NC(=O)C(CC2=CC=C(C=C2)O)NC(=O)C(CO)NC(=O)C(CC3=CNC4=CC=CC=C43)NC(=O)C(CC5=CN=CN5)NC(=O)C6CCC(=O)N6,1269.4,-1.5,496.0,17.0,16.0,32.0,PubChem,Available
1463,Gosogliptin,11516136.0,C1CN(CC1(F)F)C(=O)C2CC(CN2)N3CCN(CC3)C4=NC=CC=N4,366.4,0.6,64.6,1.0,8.0,3.0,PubChem,Available
1464,Gramicidin D,45267103.0,CC(C)CC(C(=O)NC(C)C(=O)NC(C(C)C)C(=O)NC(C(C)C)C(=O)NC(C(C)C)C(=O)NC(CC1=CNC2=CC=CC=C21)C(=O)NC(CC(C)C)C(=O)NC(CC3=CNC4=CC=CC=C43)C(=O)NC(CC(C)C)C(=O)NC(CC5=CNC6=CC=CC=C65)C(=O)NC(CC(C)C)C(=O)NC(CC7=CNC8=CC=CC=C87)C(=O)NCCO)NC(=O)CNC(=O)C(C(C)C)NC=O,1811.2,10.9,520.0,20.0,16.0,50.0,PubChem,Available
1465,Granisetron,5284566.0,CN1C2CCCC1CC(C2)NC(=O)C3=NN(C4=CC=CC=C43)C,312.4,2.8,50.2,1.0,3.0,2.0,PubChem,Available
1466,Grapiprant,11677589.0,CCC1=NC2=C(N1C3=CC=C(C=C3)CCNC(=O)NS(=O)(=O)C4=CC=C(C=C4)C)C=C(N=C2C)C,491.6,4.6,114.0,2.0,5.0,7.0,PubChem,Available
1467,Grazoprevir,44603531.0,CC(C)(C)C1C(=O)N2CC(CC2C(=O)NC3(CC3C=C)C(=O)NS(=O)(=O)C4CC4)OC5=NC6=C(C=CC(=C6)OC)N=C5CCCCCC7CC7OC(=O)N1,766.9,4.7,204.0,3.0,11.0,8.0,PubChem,Available
1468,Grepafloxacin,72474.0,CC1CN(CCN1)C2=C(C(=C3C(=C2)N(C=C(C3=O)C(=O)O)C4CC4)C)F,359.4,-0.2,72.9,2.0,7.0,3.0,PubChem,Available
1469,Griseofulvin,441140.0,CC1CC(=O)C=C(C12C(=O)C3=C(O2)C(=C(C=C3OC)OC)Cl)OC,352.8,2.2,71.1,0.0,6.0,3.0,PubChem,Available
1470,Guacetisal,68749.0,CC(=O)OC1=CC=CC=C1C(=O)OC2=CC=CC=C2OC,286.28,2.9,61.8,0.0,5.0,6.0,PubChem,Available
1471,Guadecitabine,135564655.0,C1C(C(OC1N2C=NC3=C2N=C(NC3=O)N)COP(=O)(O)OC4CC(OC4CO)N5C=NC(=NC5=O)N)O,557.4,-4.6,271.0,6.0,12.0,8.0,PubChem,Available
1472,Guanabenz,5702063.0,C1=CC(=C(C(=C1)Cl)C=NN=C(N)N)Cl,231.08,1.7,76.8,2.0,2.0,2.0,PubChem,Available
1473,Guanadrel,38521.0,C1CCC2(CC1)OCC(O2)CN=C(N)N,213.28,0.0,82.9,2.0,3.0,2.0,PubChem,Available
1474,Guanazodine,36054.0,C1CCCNC(CC1)CN=C(N)N,184.28,0.1,76.4,3.0,2.0,2.0,PubChem,Available
1475,Guanethidine,3518.0,C1CCCN(CCC1)CCN=C(N)N,198.31,0.5,67.6,2.0,2.0,3.0,PubChem,Available
1476,Guanfacine,3519.0,C1=CC(=C(C(=C1)Cl)CC(=O)N=C(N)N)Cl,246.09,2.0,81.5,2.0,1.0,2.0,PubChem,Available
1477,Guanidine,3520.0,C(=N)(N)N,59.07,-1.3,75.9,3.0,1.0,0.0,PubChem,Available
1478,Guanine,135398634.0,C1=NC2=C(N1)C(=O)NC(=N2)N,151.13,-1.1,96.2,3.0,3.0,0.0,PubChem,Available
1479,Guanoclor,71835.0,C1=CC(=C(C(=C1)Cl)OCCNN=C(N)N)Cl,263.12,2.1,85.7,3.0,3.0,5.0,PubChem,Available
1480,Guanoxabenz,9567831.0,C1=CC(=C(C(=C1)Cl)C=NN=C(N)NO)Cl,247.08,1.6,83.0,3.0,3.0,3.0,PubChem,Available
1481,Guanoxan,16564.0,C1C(OC2=CC=CC=C2O1)CN=C(N)N,207.23,0.2,82.9,2.0,3.0,2.0,PubChem,Available
1482,HE3286,16739648.0,CC12CCC(CC1=CC(C3C2CCC4(C3CCC4(C#C)O)C)O)O,330.5,2.2,60.7,3.0,3.0,1.0,PubChem,Available
1483,Hadacidin,12717.0,C(C(=O)O)N(C=O)O,119.08,-1.2,77.8,2.0,4.0,2.0,PubChem,Available
1484,Halazepam,31640.0,C1C(=O)N(C2=C(C=C(C=C2)Cl)C(=N1)C3=CC=CC=C3)CC(F)(F)F,352.7,4.0,32.7,0.0,5.0,2.0,PubChem,Available
1485,Halcinonide,443943.0,CC1(OC2CC3C4CCC5=CC(=O)CCC5(C4(C(CC3(C2(O1)C(=O)CCl)C)O)F)C)C,455.0,3.6,72.8,1.0,6.0,2.0,PubChem,Available
1486,Halofantrine,37393.0,CCCCN(CCCC)CCC(C1=C2C=CC(=CC2=C3C=C(C=C(C3=C1)Cl)Cl)C(F)(F)F)O,500.4,8.6,23.5,1.0,5.0,10.0,PubChem,Available
1487,Halofuginone,456390.0,C1CC(C(NC1)CC(=O)CN2C=NC3=CC(=C(C=C3C2=O)Cl)Br)O,414.7,1.4,82.0,2.0,5.0,4.0,PubChem,Available
1488,Halometasone,9846332.0,CC1CC2C3CC(C4=CC(=O)C(=CC4(C3(C(CC2(C1(C(=O)CO)O)C)O)F)C)Cl)F,444.9,2.6,94.8,3.0,7.0,2.0,PubChem,Available
1489,Haloperidol,3559.0,C1CN(CCC1(C2=CC=C(C=C2)Cl)O)CCCC(=O)C3=CC=C(C=C3)F,375.9,3.2,40.5,1.0,4.0,6.0,PubChem,Available
1490,Halothane,3562.0,C(C(F)(F)F)(Cl)Br,197.38,2.3,0.0,0.0,3.0,0.0,PubChem,Available
1491,Haloxon,9454.0,CC1=C(C(=O)OC2=C1C=CC(=C2)OP(=O)(OCCCl)OCCCl)Cl,415.6,3.3,71.1,0.0,6.0,8.0,PubChem,Available
1492,Harmaline,3564.0,CC1=NCCC2=C1NC3=C2C=CC(=C3)OC,214.26,2.1,37.4,1.0,2.0,1.0,PubChem,Available
1493,Heptabarbital,10518.0,CCC1(C(=O)NC(=O)NC1=O)C2=CCCCCC2,250.29,2.0,75.3,2.0,3.0,2.0,PubChem,Available
1494,Hesperetin,72281.0,COC1=C(C=C(C=C1)C2CC(=O)C3=C(C=C(C=C3O2)O)O)O,302.28,2.4,96.2,3.0,6.0,2.0,PubChem,Available
1495,Hetacillin,443387.0,CC1(C(N2C(S1)C(C2=O)N3C(=O)C(NC3(C)C)C4=CC=CC=C4)C(=O)O)C,389.5,-0.6,115.0,2.0,6.0,3.0,PubChem,Available
1496,Hexafluronium,3601.0,C[N+](C)(CCCCCC[N+](C)(C)C1C2=CC=CC=C2C3=CC=CC=C13)C4C5=CC=CC=C5C6=CC=CC=C46,502.7,7.6,0.0,0.0,0.0,9.0,PubChem,Available
1497,Hexamethonium,3604.0,C[N+](C)(C)CCCCCC[N+](C)(C)C,202.38,1.8,0.0,0.0,0.0,7.0,PubChem,Available
1498,Hexaminolevulinate,6433083.0,CCCCCCOC(=O)CCC(=O)CN,215.29,1.1,69.4,1.0,4.0,10.0,PubChem,Available
1499,Hexapropymate,9661.0,C#CCC1(CCCCC1)OC(=O)N,181.23,1.7,52.3,1.0,2.0,3.0,PubChem,Available
1500,Hexestrol,192197.0,CCC(C1=CC=C(C=C1)O)C(CC)C2=CC=C(C=C2)O,270.4,5.2,40.5,2.0,2.0,5.0,PubChem,Available
1501,Hexobarbital,3608.0,CC1(C(=O)NC(=O)N(C1=O)C)C2=CCCCC2,236.27,1.5,66.5,1.0,3.0,1.0,PubChem,Available
1502,Hexocyclium,24199.0,C[N+]1(CCN(CC1)CC(C2CCCCC2)(C3=CC=CC=C3)O)C,317.5,3.1,23.5,1.0,2.0,4.0,PubChem,Available
1503,Hexoprenaline,3609.0,C1=CC(=C(C=C1C(CNCCCCCCNCC(C2=CC(=C(C=C2)O)O)O)O)O)O,420.5,1.1,145.0,8.0,8.0,13.0,PubChem,Available
1504,Higenamine,114840.0,C1CNC(C2=CC(=C(C=C21)O)O)CC3=CC=C(C=C3)O,271.31,2.2,72.7,4.0,4.0,2.0,PubChem,Available
1505,Histamine,774.0,C1=C(NC=N1)CCN,111.15,-0.7,54.7,2.0,2.0,2.0,PubChem,Available
1506,Histapyrrodine,68122.0,C1CCN(C1)CCN(CC2=CC=CC=C2)C3=CC=CC=C3,280.4,4.1,6.5,0.0,2.0,6.0,PubChem,Available
1507,Histrelin,25077993.0,CCNC(=O)C1CCCN1C(=O)C(CCCN=C(N)N)NC(=O)C(CC(C)C)NC(=O)C(CC2=CN(C=N2)CC3=CC=CC=C3)NC(=O)C(CC4=CC=C(C=C4)O)NC(=O)C(CO)NC(=O)C(CC5=CNC6=CC=CC=C65)NC(=O)C(CC7=CN=CN7)NC(=O)C8CCC(=O)N8,1323.5,0.7,449.0,15.0,15.0,34.0,PubChem,Available
1508,Homatropine,5282593.0,CN1C2CCC1CC(C2)OC(=O)C(C3=CC=CC=C3)O,275.34,1.9,49.8,1.0,4.0,4.0,PubChem,Available
1509,Homatropine methylbromide,6646.0,C[N+]1(C2CCC1CC(C2)OC(=O)C(C3=CC=CC=C3)O)C.[Br-],370.3,,46.5,1.0,4.0,4.0,PubChem,Available
1510,Huperzine A,854026.0,CC=C1C2CC3=C(C1(CC(=C2)C)N)C=CC(=O)N3,242.32,0.0,55.1,2.0,2.0,0.0,PubChem,Available
1511,Hydracarbazine,71653.0,C1=CC(=NN=C1C(=O)N)NN,153.14,-1.4,107.0,3.0,5.0,2.0,PubChem,Available
1512,Hydralazine,3637.0,C1=CC=C2C(=C1)C=NN=C2NN,160.18,0.7,63.8,2.0,4.0,1.0,PubChem,Available
1513,Hydrochlorothiazide,3639.0,C1NC2=CC(=C(C=C2S(=O)(=O)N1)S(=O)(=O)N)Cl,297.7,-0.1,135.0,3.0,7.0,1.0,PubChem,Available
1514,Hydrocodone,5284569.0,CN1CCC23C4C1CC5=C2C(=C(C=C5)OC)OC3C(=O)CC4,299.4,2.2,38.8,0.0,4.0,1.0,PubChem,Available
1515,Hydrocortamate,84088.0,CCN(CC)CC(=O)OCC(=O)C1(CCC2C1(CC(C3C2CCC4=CC(=O)CCC34C)O)C)O,475.6,3.1,104.0,2.0,7.0,8.0,PubChem,Available
1516,Hydrocortisone,5754.0,CC12CCC(=O)C=C1CCC3C2C(CC4(C3CCC4(C(=O)CO)O)C)O,362.5,1.6,94.8,3.0,5.0,2.0,PubChem,Available
1517,Hydrocortisone aceponate,68921.0,CCC(=O)OC1(CCC2C1(CC(C3C2CCC4=CC(=O)CCC34C)O)C)C(=O)COC(=O)C,460.6,3.3,107.0,1.0,7.0,7.0,PubChem,Available
1518,Hydrocortisone acetate,5744.0,CC(=O)OCC(=O)C1(CCC2C1(CC(C3C2CCC4=CC(=O)CCC34C)O)C)O,404.5,2.2,101.0,2.0,6.0,4.0,PubChem,Available
1519,Hydrocortisone butyrate,26133.0,CCCC(=O)OC1(CCC2C1(CC(C3C2CCC4=CC(=O)CCC34C)O)C)C(=O)CO,432.5,3.2,101.0,2.0,6.0,6.0,PubChem,Available
1520,Hydrocortisone cypionate,223253.0,CC12CCC(=O)C=C1CCC3C2C(CC4(C3CCC4(C(=O)COC(=O)CCC5CCCC5)O)C)O,486.6,4.7,101.0,2.0,6.0,7.0,PubChem,Available
1521,Hydrocortisone phosphate,441407.0,CC12CCC(=O)C=C1CCC3C2C(CC4(C3CCC4(C(=O)COP(=O)(O)O)O)C)O,442.4,0.0,141.0,4.0,8.0,4.0,PubChem,Available
1522,Hydrocortisone probutate,636398.0,CCCC(=O)OC1(CCC2C1(CC(C3C2CCC4=CC(=O)CCC34C)O)C)C(=O)COC(=O)CC,488.6,4.2,107.0,1.0,7.0,9.0,PubChem,Available
1523,Hydrocortisone succinate,16623.0,CC12CCC(=O)C=C1CCC3C2C(CC4(C3CCC4(C(=O)COC(=O)CCC(=O)O)O)C)O,462.5,1.8,138.0,3.0,8.0,7.0,PubChem,Available
1524,Hydrocortisone valerate,5282494.0,CCCCC(=O)OC1(CCC2C1(CC(C3C2CCC4=CC(=O)CCC34C)O)C)C(=O)CO,446.6,3.8,101.0,2.0,6.0,7.0,PubChem,Available
1525,Hydroflumethiazide,3647.0,C1NC2=C(C=C(C(=C2)C(F)(F)F)S(=O)(=O)N)S(=O)(=O)N1,331.3,0.4,135.0,3.0,10.0,1.0,PubChem,Available
1526,Hydrogen iodide,24841.0,I,127.9124,0.9,0.0,1.0,0.0,0.0,PubChem,Available
1527,Hydrogen peroxide,784.0,OO,34.015,-0.9,40.5,2.0,2.0,0.0,PubChem,Available
1528,Hydrolyzed Cephalothin,,,,,,,,,,Unresolved
1529,Hydromorphone,5284570.0,CN1CCC23C4C1CC5=C2C(=C(C=C5)O)OC3C(=O)CC4,285.34,1.8,49.8,1.0,4.0,0.0,PubChem,Available
1530,Hydroquinidine,91503.0,CCC1CN2CCC1CC2C(C3=C4C=C(C=CC4=NC=C3)OC)O,326.4,3.1,45.6,1.0,4.0,4.0,PubChem,Available
1531,Hydroxocobalamin,44475014.0,CC1=CC2=C(C=C1C)N(C=N2)C3C(C(C(O3)CO)OP(=O)([O-])OC(C)CNC(=O)CCC4(C(C5C6(C(C(C(=N6)C(=C7C(C(C(=N7)C=C8C(C(C(=N8)C(=C4[N-]5)C)CCC(=O)N)(C)C)CCC(=O)N)(C)CC(=O)N)C)CCC(=O)N)(C)CC(=O)N)C)CC(=O)N)C)O.[OH-].[Co+3],1346.4,,453.0,10.0,20.0,26.0,PubChem,Available
1532,Hydroxyamphetamine,3651.0,CC(CC1=CC=C(C=C1)O)N,151.21,1.4,46.3,2.0,2.0,2.0,PubChem-Recovered,Available
1533,Hydroxychloroquine,3652.0,CCN(CCCC(C)NC1=C2C=CC(=CC2=NC=C1)Cl)CCO,335.9,3.6,48.4,2.0,4.0,9.0,PubChem,Available
1534,Hydroxyfasudil,3064778.0,C1CNCCN(C1)S(=O)(=O)C2=CC=CC3=C2C=CNC3=O,307.37,0.2,86.9,2.0,5.0,2.0,PubChem,Available
1535,Hydroxyprogesterone,6238.0,CC(=O)C1(CCC2C1(CCC3C2CCC4=CC(=O)CCC34C)C)O,330.5,3.2,54.4,1.0,3.0,1.0,PubChem,Available
1536,Hydroxyprogesterone caproate,169870.0,CCCCCC(=O)OC1(CCC2C1(CCC3C2CCC4=CC(=O)CCC34C)C)C(=O)C,428.6,5.7,60.4,0.0,4.0,7.0,PubChem,Available
1537,Hydroxytyrosol,82755.0,C1=CC(=C(C=C1CCO)O)O,154.16,-0.7,60.7,3.0,3.0,2.0,PubChem,Available
1538,Hydroxyurea,3657.0,C(=O)(N)NO,76.055,-1.8,75.4,3.0,2.0,0.0,PubChem,Available
1539,Hydroxyzine,3658.0,C1CN(CCN1CCOCCO)C(C2=CC=CC=C2)C3=CC=C(C=C3)Cl,374.9,3.7,35.9,1.0,4.0,8.0,PubChem,Available
1540,Hygromycin B,56928061.0,CNC1CC(C(C(C1O)OC2C3C(C(C(O2)CO)O)OC4(O3)C(C(C(C(O4)C(CO)N)O)O)O)O)N,527.5,-6.6,272.0,11.0,16.0,6.0,PubChem,Available
1541,Hymecromone,5280567.0,CC1=CC(=O)OC2=C1C=CC(=C2)O,176.17,1.9,46.5,1.0,3.0,0.0,PubChem,Available
1542,Hyodeoxycholic Acid,5283820.0,CC(CCC(=O)O)C1CCC2C1(CCC3C2CC(C4C3(CCC(C4)O)C)O)C,392.6,4.9,77.8,3.0,4.0,4.0,PubChem,Available
1543,Hyperforin,441298.0,CC(C)C(=O)C12C(=O)C(=C(C(C1=O)(CC(C2(C)CCC=C(C)C)CC=C(C)C)CC=C(C)C)O)CC=C(C)C,536.8,9.6,71.4,1.0,4.0,11.0,PubChem,Available
1544,Hypericin,3663.0,CC1=CC(=O)C2=C(C3=C(C=C(C4=C3C5=C2C1=C6C(=CC(=O)C7=C(C8=C(C=C(C4=C8C5=C67)O)O)O)C)O)O)O,504.4,5.7,156.0,6.0,8.0,0.0,PubChem,Available
1545,Hypoxanthine,135398638.0,C1=NC2=C(N1)C(=O)NC=N2,136.11,-0.5,70.1,2.0,3.0,0.0,PubChem,Available
1546,Ibandronate,60852.0,CCCCCN(C)CCC(O)(P(=O)(O)O)P(=O)(O)O,319.23,-4.1,139.0,5.0,8.0,9.0,PubChem,Available
1547,Ibipinabant,9826744.0,CN=C(NS(=O)(=O)C1=CC=C(C=C1)Cl)N2CC(C(=N2)C3=CC=C(C=C3)Cl)C4=CC=CC=C4,487.4,5.3,82.5,1.0,4.0,6.0,PubChem,Available
1548,Ibopamine,68555.0,CC(C)C(=O)OC1=C(C=C(C=C1)CCNC)OC(=O)C(C)C,307.4,2.9,64.6,1.0,5.0,9.0,PubChem,Available
1549,Ibrexafungerp,46871657.0,CC(C)C(C)C1(CCC2(C3CCC4C5(COCC4(C3=CCC2(C1C(=O)O)C)CC(C5OCC(C)(C(C)(C)C)N)N6C(=NC=N6)C7=CC=NC=C7)C)C)C,730.0,5.8,125.0,2.0,8.0,9.0,PubChem,Available
1550,Ibrutinib,24821094.0,C=CC(=O)N1CCCC(C1)N2C3=NC=NC(=C3C(=N2)C4=CC=C(C=C4)OC5=CC=CC=C5)N,440.5,3.6,99.2,1.0,6.0,5.0,PubChem,Available
1551,Ibudilast,3671.0,CC(C)C1=NN2C=CC=CC2=C1C(=O)C(C)C,230.31,3.0,34.4,0.0,2.0,3.0,PubChem,Available
1552,Ibuproxam,68704.0,CC(C)CC1=CC=C(C=C1)C(C)C(=O)NO,221.29,2.8,49.3,2.0,2.0,4.0,PubChem,Available
1553,Ibutilide,60753.0,CCCCCCCN(CC)CCCC(C1=CC=C(C=C1)NS(=O)(=O)C)O,384.6,4.0,78.0,2.0,5.0,14.0,PubChem,Available
1554,Icosapent,446284.0,CCC=CCC=CCC=CCC=CCC=CCCCC(=O)O,302.5,5.6,37.3,1.0,2.0,13.0,PubChem,Available
1555,Icosapent ethyl,9831415.0,CCC=CCC=CCC=CCC=CCC=CCCCC(=O)OCC,330.5,6.3,26.3,0.0,2.0,15.0,PubChem,Available
1556,Icotinib,22024915.0,C#CC1=CC(=CC=C1)NC2=NC=NC3=CC4=C(C=C32)OCCOCCOCCO4,391.4,3.1,74.7,1.0,7.0,3.0,PubChem,Available
1557,Idalopirdine,21071390.0,C1=CC(=CC(=C1)OCC(C(F)F)(F)F)CNCCC2=CNC3=C2C=CC(=C3)F,398.4,5.0,37.1,2.0,7.0,9.0,PubChem,Available
1558,Idarubicin,42890.0,CC1C(C(CC(O1)OC2CC(CC3=C2C(=C4C(=C3O)C(=O)C5=CC=CC=C5C4=O)O)(C(=O)C)O)N)O,497.5,1.9,177.0,5.0,10.0,3.0,PubChem,Available
1559,Idazoxan,54459.0,C1CN=C(N1)C2COC3=CC=CC=C3O2,204.22,0.7,42.9,1.0,3.0,1.0,PubChem,Available
1560,Idebenone,3686.0,CC1=C(C(=O)C(=C(C1=O)OC)OC)CCCCCCCCCCO,338.4,4.3,72.8,1.0,5.0,12.0,PubChem,Available
1561,Idelalisib,11625818.0,CCC(C1=NC2=C(C(=CC=C2)F)C(=O)N1C3=CC=CC=C3)NC4=NC=NC5=C4NC=N5,415.4,3.7,99.2,2.0,7.0,5.0,PubChem,Available
1562,Idraparinux,3083445.0,COC1C(OC(C(C1OC)OC)OC2C(C(C(OC2C(=O)O)OC3C(OC(C(C3OS(=O)(=O)O)OS(=O)(=O)O)OC4C(C(C(OC4C(=O)O)OC5C(OC(C(C5OS(=O)(=O)O)OS(=O)(=O)O)OC)COS(=O)(=O)O)OC)OC)COS(=O)(=O)O)OC)OC)COS(=O)(=O)O,1529.4,-9.6,735.0,9.0,49.0,35.0,PubChem,Available
1563,Ifenprodil,3689.0,CC(C(C1=CC=C(C=C1)O)O)N2CCC(CC2)CC3=CC=CC=C3,325.4,3.9,43.7,2.0,3.0,5.0,PubChem,Available
1564,Iferanserin,6445539.0,CN1CCCCC1CCC2=CC=CC=C2NC(=O)C=CC3=CC=CC=C3,348.5,4.7,32.3,1.0,2.0,6.0,PubChem,Available
1565,Ifetroban,3037233.0,CCCCCNC(=O)C1=COC(=N1)C2C3CCC(C2CC4=CC=CC=C4CCC(=O)O)O3,440.5,4.0,102.0,2.0,6.0,11.0,PubChem,Available
1566,Ifosfamide,3690.0,C1CN(P(=O)(OC1)NCCCl)CCCl,261.08,0.9,41.6,1.0,4.0,5.0,PubChem,Available
1567,Ilaprazole,214351.0,CC1=C(C=CN=C1CS(=O)C2=NC3=C(N2)C=C(C=C3)N4C=CC=C4)OC,366.4,2.3,92.0,1.0,5.0,5.0,PubChem,Available
1568,Iloperidone,71360.0,CC(=O)C1=CC(=C(C=C1)OCCCN2CCC(CC2)C3=NOC4=C3C=CC(=C4)F)OC,426.5,4.1,64.8,0.0,7.0,8.0,PubChem,Available
1569,Iloprost,5311181.0,CC#CCC(C)C(C=CC1C(CC2C1CC(=CCCCC(=O)O)C2)O)O,360.5,2.8,77.8,3.0,4.0,8.0,PubChem,Available
1570,Ilorasertib,46207586.0,C1=CC(=CC(=C1)F)NC(=O)NC2=CC=C(C=C2)C3=CSC4=C3C(=NC=C4C5=CN(N=C5)CCO)N,488.5,3.0,146.0,4.0,7.0,6.0,PubChem,Available
1571,Imagabalin,10236037.0,CCCC(C)CC(CC(=O)O)N,173.25,-0.7,63.3,2.0,3.0,6.0,PubChem,Available
1572,Imatinib,5291.0,CC1=C(C=C(C=C1)NC(=O)C2=CC=C(C=C2)CN3CCN(CC3)C)NC4=NC=CC(=N4)C5=CN=CC=C5,493.6,3.5,86.3,2.0,7.0,7.0,PubChem,Available
1573,Imetelstat,72941969.0,CCCCCCCCCCCCCCCC(=O)NCC(COP(=S)(O)OCC1C(CC(O1)N2C=C(C(=O)NC2=O)C)NP(=S)(O)OCC3C(CC(O3)N4C=NC5=C(N=CN=C54)N)NP(=S)(O)OCC6C(CC(O6)N7C=NC8=C7N=C(NC8=O)N)NP(=S)(O)OCC9C(CC(O9)N1C=NC2=C1N=C(NC2=O)N)NP(=S)(O)OCC1C(CC(O1)N1C=NC2=C1N=C(NC2=O)N)NP(=S)(O)OCC1C(CC(O1)N1C=C(C(=O)NC1=O)C)NP(=S)(O)OCC1C(CC(O1)N1C=C(C(=O)NC1=O)C)NP(=S)(O)OCC1C(CC(O1)N1C=NC2=C(N=CN=C21)N)NP(=S)(O)OCC1C(CC(O1)N1C=NC2=C1N=C(NC2=O)N)NP(=S)(O)OCC1C(CC(O1)N1C=NC2=C(N=CN=C21)N)NP(=S)(O)OCC1C(CC(O1)N1C=CC(=NC1=O)N)NP(=S)(O)OCC1C(CC(O1)N1C=NC2=C(N=CN=C21)N)NP(=S)(O)OCC1C(CC(O1)N1C=NC2=C(N=CN=C21)N)N)O,4610.0,-0.3,2050.0,45.0,107.0,95.0,PubChem,Available
1574,Imidafenacin,6433090.0,CC1=NC=CN1CCC(C2=CC=CC=C2)(C3=CC=CC=C3)C(=O)N,319.4,2.7,60.9,1.0,2.0,6.0,PubChem,Available
1575,Imidapril,5464343.0,CCOC(=O)C(CCC1=CC=CC=C1)NC(C)C(=O)N2C(CN(C2=O)C)C(=O)O,405.4,-0.7,116.0,2.0,7.0,10.0,PubChem,Available
1576,Imidazole salicylate,37425.0,C1=CC=C(C(=C1)C(=O)O)O.C1=CN=CN1,206.2,,86.2,3.0,4.0,1.0,PubChem,Available
1577,Imipenem,104838.0,CC(C1C2CC(=C(N2C1=O)C(=O)O)SCCN=CN)O,299.35,-0.7,142.0,3.0,6.0,6.0,PubChem,Available
1578,Imipramine,3696.0,CN(C)CCCN1C2=CC=CC=C2CCC3=CC=CC=C31,280.4,4.8,6.5,0.0,2.0,4.0,PubChem,Available
1579,Imipramine oxide,65589.0,C[N+](C)(CCCN1C2=CC=CC=C2CCC3=CC=CC=C31)[O-],296.4,4.8,21.3,0.0,2.0,4.0,PubChem,Available
1580,Imiquimod,57469.0,CC(C)CN1C=NC2=C1C3=CC=CC=C3N=C2N,240.3,2.6,56.7,1.0,3.0,2.0,PubChem,Available
1581,Incadronic acid,3699.0,C1CCCC(CC1)NC(P(=O)(O)O)P(=O)(O)O,287.19,-3.5,127.0,5.0,7.0,4.0,PubChem,Available
1582,Indacaterol,6918554.0,CCC1=C(C=C2CC(CC2=C1)NCC(C3=C4C=CC(=O)NC4=C(C=C3)O)O)CC,392.5,3.3,81.6,4.0,4.0,6.0,PubChem,Available
1583,Indalpine,44668.0,C1CNCCC1CCC2=CNC3=CC=CC=C32,228.33,3.3,27.8,2.0,1.0,3.0,PubChem,Available
1584,Indenolol,71955.0,CC(C)NCC(COC1=CC=CC2=C1C=CC2)O,247.33,2.4,41.5,2.0,3.0,6.0,PubChem,Available
1585,Indigotindisulfonic acid,3705.0,C1=CC2=C(C=C1S(=O)(=O)O)C(=C(N2)C3=NC4=C(C3=O)C=C(C=C4)S(=O)(=O)O)O,422.4,0.2,191.0,4.0,9.0,3.0,PubChem,Available
1586,Indinavir,5362440.0,CC(C)(C)NC(=O)C1CN(CCN1CC(CC(CC2=CC=CC=C2)C(=O)NC3C(CC4=CC=CC=C34)O)O)CC5=CN=CC=C5,613.8,2.8,118.0,4.0,7.0,12.0,PubChem,Available
1587,Indiplon,6450813.0,CC(=O)N(C)C1=CC=CC(=C1)C2=CC=NC3=C(C=NN23)C(=O)C4=CC=CS4,376.4,2.3,95.8,0.0,5.0,4.0,PubChem,Available
1588,Indirubin,10177.0,C1=CC=C2C(=C1)C(=C(N2)O)C3=NC4=CC=CC=C4C3=O,262.26,2.7,65.5,2.0,3.0,1.0,PubChem,Available
1589,Indisulam,216468.0,C1=CC2=C(C(=C1)NS(=O)(=O)C3=CC=C(C=C3)S(=O)(=O)N)NC=C2Cl,385.8,1.8,139.0,3.0,6.0,4.0,PubChem,Available
1590,Indium In-111 oxyquinoline,119117.0,C1=CC2=C(C(=C1)[O-])N=CC=C2.C1=CC2=C(C(=C1)[O-])N=CC=C2.C1=CC2=C(C(=C1)[O-])N=CC=C2.[In+3],543.4,,108.0,0.0,6.0,0.0,PubChem,Available
1591,Indobufen,107641.0,CCC(C1=CC=C(C=C1)N2CC3=CC=CC=C3C2=O)C(=O)O,295.3,3.1,57.6,1.0,3.0,4.0,PubChem,Available
1592,Indocyanine green,5282412.0,CC1(C(=[N+](C2=C1C3=CC=CC=C3C=C2)CCCCS(=O)(=O)[O-])C=CC=CC=CC=C4C(C5=C(N4CCCCS(=O)(=O)[O-])C=CC6=CC=CC=C65)(C)C)C.[Na+],775.0,,137.0,0.0,7.0,12.0,PubChem,Available
1593,Indole-3-carbinol,3712.0,C1=CC=C2C(=C1)C(=CN2)CO,147.17,1.1,36.0,2.0,1.0,1.0,PubChem,Available
1594,Indomethacin,3715.0,CC1=C(C2=C(N1C(=O)C3=CC=C(C=C3)Cl)C=CC(=C2)OC)CC(=O)O,357.8,4.3,68.5,1.0,4.0,4.0,PubChem,Available
1595,Indoprofen,3718.0,CC(C1=CC=C(C=C1)N2CC3=CC=CC=C3C2=O)C(=O)O,281.3,2.8,57.6,1.0,3.0,3.0,PubChem,Available
1596,Indoramin,33625.0,C1CN(CCC1NC(=O)C2=CC=CC=C2)CCC3=CNC4=CC=CC=C43,347.5,4.1,48.1,2.0,2.0,5.0,PubChem,Available
1597,Inecalcitol,6915835.0,CC(CC#CC(C)(C)O)C1CCC2C1(CCCC2=CC=C3CC(CC(C3)O)O)C,400.6,4.4,60.7,3.0,3.0,4.0,PubChem,Available
1598,Infigratinib,53235510.0,CCN1CCN(CC1)C2=CC=C(C=C2)NC3=CC(=NC=N3)N(C)C(=O)NC4=C(C(=CC(=C4Cl)OC)OC)Cl,560.5,4.7,95.1,2.0,8.0,8.0,PubChem,Available
1599,Inosine,135398641.0,C1=NC2=C(C(=O)N1)N=CN2C3C(C(C(O3)CO)O)O,268.23,-1.3,129.0,4.0,7.0,2.0,PubChem,Available
1600,Iobenguane,60860.0,C1=CC(=CC(=C1)I)CN=C(N)N,275.09,1.0,64.4,2.0,1.0,2.0,PubChem,Available
1601,Iodixanol,3724.0,CC(=O)N(CC(CN(C1=C(C(=C(C(=C1I)C(=O)NCC(CO)O)I)C(=O)NCC(CO)O)I)C(=O)C)O)C2=C(C(=C(C(=C2I)C(=O)NCC(CO)O)I)C(=O)NCC(CO)O)I,1550.2,-3.4,339.0,13.0,15.0,22.0,PubChem,Available
1602,Iofetamine I-123,156375.0,CC(C)NC(C)CC1=CC=C(C=C1)I,299.18,3.6,12.0,1.0,1.0,4.0,PubChem,Available
1603,Ioflupane F-18,11626128.0,COC(=O)C1C2CCC(N2CCCF)CC1C3=CC=C(C=C3)I,430.3,4.0,29.5,0.0,4.0,6.0,PubChem,Available
1604,Iohexol,3730.0,CC(=O)N(CC(CO)O)C1=C(C(=C(C(=C1I)C(=O)NCC(CO)O)I)C(=O)NCC(CO)O)I,821.1,-3.0,200.0,8.0,9.0,12.0,PubChem,Available
1605,Iopromide,3736.0,CN(CC(CO)O)C(=O)C1=C(C(=C(C(=C1I)C(=O)NCC(CO)O)I)NC(=O)COC)I,791.1,-2.1,169.0,6.0,8.0,11.0,PubChem,Available
1606,Iothalamic acid,3737.0,CC(=O)NC1=C(C(=C(C(=C1I)C(=O)O)I)C(=O)NC)I,613.91,1.9,95.5,3.0,4.0,3.0,PubChem,Available
1607,Ioversol,3741.0,C(CO)N(C1=C(C(=C(C(=C1I)C(=O)NCC(CO)O)I)C(=O)NCC(CO)O)I)C(=O)CO,807.1,-3.0,200.0,8.0,9.0,12.0,PubChem,Available
1608,Ioxilan,3743.0,CC(=O)N(CC(CO)O)C1=C(C(=C(C(=C1I)C(=O)NCC(CO)O)I)C(=O)NCCO)I,791.1,-2.4,180.0,7.0,8.0,11.0,PubChem,Available
1609,Ipidacrine,604519.0,C1CCC2=C(C1)C(=C3CCCC3=N2)N,188.27,2.1,38.9,1.0,2.0,0.0,PubChem,Available
1610,Ipragliflozin,10453870.0,C1=CC=C2C(=C1)C=C(S2)CC3=C(C=CC(=C3)C4C(C(C(C(O4)CO)O)O)O)F,404.5,2.5,118.0,4.0,7.0,4.0,PubChem,Available
1611,Ipratropium,657309.0,CC(C)[N+]1(C2CCC1CC(C2)OC(=O)C(CO)C3=CC=CC=C3)C,332.5,2.6,46.5,1.0,3.0,6.0,PubChem,Available
1612,Iprazochrome,65594.0,CC(C)N1CC(C2=CC(=C(C=C21)O)N=NC(=O)N)O,264.28,0.8,112.0,3.0,5.0,2.0,PubChem,Available
1613,Iprindole,21722.0,CN(C)CCCN1C2=C(CCCCCC2)C3=CC=CC=C31,284.4,4.6,8.2,0.0,1.0,4.0,PubChem,Available
1614,Iproclozide,19063.0,CC(C)NNC(=O)COC1=CC=C(C=C1)Cl,242.7,2.0,50.4,2.0,3.0,5.0,PubChem,Available
1615,Iproniazid,3748.0,CC(C)NNC(=O)C1=CC=NC=C1,179.22,0.4,54.0,2.0,3.0,3.0,PubChem,Available
1616,Iptacopan,90467622.0,CCOC1CCN(C(C1)C2=CC=C(C=C2)C(=O)O)CC3=C(C=C(C4=C3C=CN4)C)OC,422.5,1.8,74.8,2.0,5.0,7.0,PubChem,Available
1617,Irbesartan,3749.0,CCCCC1=NC2(CCCC2)C(=O)N1CC3=CC=C(C=C3)C4=CC=CC=C4C5=NNN=N5,428.5,4.1,87.1,1.0,5.0,7.0,PubChem,Available
1618,Irinotecan,60838.0,CCC1=C2CN3C(=CC4=C(C3=O)COC(=O)C4(CC)O)C2=NC5=C1C=C(C=C5)OC(=O)N6CCC(CC6)N7CCCCC7,586.7,3.0,113.0,1.0,8.0,5.0,PubChem,Available
1619,Irofulven,148189.0,CC1=C(C2=C(C3(CC3)C(C(=O)C2=C1)(C)O)C)CO,246.3,-0.2,57.5,2.0,3.0,1.0,PubChem,Available
1620,Iron,23925.0,[Fe],55.84,,0.0,0.0,0.0,0.0,PubChem,Available
1621,Iron polymaltose,,,,,,,,,,Unresolved
1622,Iron sucrose,,,,,,,,,,Unresolved
1623,Isavuconazole,6918485.0,CC(C1=NC(=CS1)C2=CC=C(C=C2)C#N)C(CN3C=NC=N3)(C4=C(C=CC(=C4)F)F)O,437.5,3.5,116.0,1.0,8.0,6.0,PubChem,Available
1624,Isavuconazonium,6918606.0,CC(C1=NC(=CS1)C2=CC=C(C=C2)C#N)C(CN3C=[N+](C=N3)C(C)OC(=O)N(C)C4=C(C=CC=N4)COC(=O)CNC)(C5=C(C=CC(=C5)F)F)O,717.8,4.1,188.0,2.0,13.0,15.0,PubChem,Available
1625,Isepamicin,3037209.0,CC1(COC(C(C1NC)O)OC2C(CC(C(C2O)OC3C(C(C(C(O3)CN)O)O)O)N)NC(=O)C(CN)O)O,569.6,-6.9,298.0,12.0,16.0,9.0,PubChem,Available
1626,Isobromindione,68953.0,C1=CC=C(C=C1)C2C(=O)C3=C(C2=O)C=C(C=C3)Br,301.13,3.6,34.1,0.0,2.0,1.0,PubChem,Available
1627,Isocarboxazid,3759.0,CC1=CC(=NO1)C(=O)NNCC2=CC=CC=C2,231.25,1.5,67.2,2.0,4.0,4.0,PubChem,Available
1628,Isoetharine,3762.0,CCC(C(C1=CC(=C(C=C1)O)O)O)NC(C)C,239.31,1.7,72.7,4.0,4.0,5.0,PubChem,Available
1629,Isoflavone,72304.0,C1=CC=C(C=C1)C2=COC3=CC=CC=C3C2=O,222.24,3.2,26.3,0.0,2.0,1.0,PubChem,Available
1630,Isoflurane,3763.0,C(C(F)(F)F)(OC(F)F)Cl,184.49,2.1,9.2,0.0,6.0,2.0,PubChem,Available
1631,Isoflurophate,5936.0,CC(C)OP(=O)(OC(C)C)F,184.15,1.2,35.5,0.0,4.0,4.0,PubChem,Available
1632,Isoniazid,3767.0,C1=CN=CC=C1C(=O)NN,137.14,-0.7,68.0,2.0,3.0,1.0,PubChem,Available
1633,Isoprenaline,3779.0,CC(C)NCC(C1=CC(=C(C=C1)O)O)O,211.26,-0.6,72.7,4.0,4.0,4.0,PubChem,Available
1634,Isopropamide,3775.0,CC(C)[N+](C)(CCC(C1=CC=CC=C1)(C2=CC=CC=C2)C(=O)N)C(C)C,353.5,4.3,43.1,1.0,1.0,8.0,PubChem,Available
1635,Isosorbide,12597.0,C1C(C2C(O1)C(CO2)O)O,146.14,-1.4,58.9,2.0,4.0,0.0,PubChem,Available
1636,Isosorbide dinitrate,6883.0,C1C(C2C(O1)C(CO2)O[N+](=O)[O-])O[N+](=O)[O-],236.14,1.3,129.0,0.0,8.0,2.0,PubChem,Available
1637,Isosorbide mononitrate,27661.0,C1C(C2C(O1)C(CO2)O[N+](=O)[O-])O,191.14,-0.4,93.7,1.0,6.0,1.0,PubChem,Available
1638,Isosulfan blue,50108.0,CCN(CC)C1=CC=C(C=C1)C(=C2C=CC(=[N+](CC)CC)C=C2)C3=C(C=CC(=C3)S(=O)(=O)[O-])S(=O)(=O)[O-].[Na+],566.7,,137.0,0.0,7.0,7.0,PubChem,Available
1639,Isothipendyl,3781.0,CC(CN1C2=CC=CC=C2SC3=C1N=CC=C3)N(C)C,285.4,3.5,44.7,0.0,4.0,3.0,PubChem,Available
1640,Isoxicam,54677972.0,CC1=CC(=NO1)NC(=O)C2=C(C3=CC=CC=C3S(=O)(=O)N2C)O,335.34,3.0,121.0,2.0,7.0,2.0,PubChem,Available
1641,Isoxsuprine,11779629.0,CC(COC1=CC=CC=C1)NC(C)C(C2=CC=C(C=C2)O)O,301.4,2.8,61.7,3.0,4.0,7.0,PubChem,Available
1642,Isradipine,3784.0,CC1=C(C(C(=C(N1)C)C(=O)OC(C)C)C2=CC=CC3=NON=C32)C(=O)OC,371.4,4.3,104.0,1.0,8.0,6.0,PubChem,Available
1643,Istradefylline,5311037.0,CCN1C2=C(C(=O)N(C1=O)CC)N(C(=N2)C=CC3=CC(=C(C=C3)OC)OC)C,384.4,2.5,76.9,0.0,5.0,6.0,PubChem,Available
1644,Itraconazole,55283.0,CCC(C)N1C(=O)N(C=N1)C2=CC=C(C=C2)N3CCN(CC3)C4=CC=C(C=C4)OCC5COC(O5)(CN6C=NC=N6)C7=C(C=C(C=C7)Cl)Cl,705.6,5.7,101.0,0.0,9.0,11.0,PubChem,Available
1645,Ivabradine,132999.0,CN(CCCN1CCC2=CC(=C(C=C2CC1=O)OC)OC)CC3CC4=CC(=C(C=C34)OC)OC,468.6,2.4,60.5,0.0,6.0,10.0,PubChem,Available
1646,Ivermectin,,,,,,,,,,Unresolved
1647,Ivosidenib,71657455.0,C1CC(=O)N(C1C(=O)N(C2=CC(=CN=C2)F)C(C3=CC=CC=C3Cl)C(=O)NC4CC(C4)(F)F)C5=NC=CC(=C5)C#N,583.0,3.4,119.0,1.0,9.0,7.0,PubChem,Available
1648,Ixabepilone,6445540.0,CC1CCCC2(C(O2)CC(NC(=O)CC(C(C(=O)C(C1O)C)(C)C)O)C(=CC3=CSC(=N3)C)C)C,506.7,3.6,140.0,3.0,7.0,2.0,PubChem,Available
1649,Ixazomib,25183872.0,B(C(CC(C)C)NC(=O)CNC(=O)C1=C(C=CC(=C1)Cl)Cl)(O)O,361.0,,98.7,4.0,4.0,7.0,PubChem,Available
1650,JNJ-26489112,11616111.0,C1C(OC2=C(O1)C=C(C=C2)Cl)CNS(=O)(=O)N,278.71,0.8,99.0,2.0,6.0,3.0,PubChem,Available
1651,Josamycin,5282165.0,CC1CC=CC=CC(C(CC(C(C(C(CC(=O)O1)OC(=O)C)OC)OC2C(C(C(C(O2)C)OC3CC(C(C(O3)C)OC(=O)CC(C)C)(C)O)N(C)C)O)CC=O)C)O,828.0,2.9,206.0,3.0,16.0,14.0,PubChem,Available
1652,KOS-1584,6918835.0,CC1C=CCC(=CCC(OC(=O)CC(C(C(=O)C(C1O)C)(C)C)O)C(=CC2=CSC(=N2)C)C)C,489.7,4.7,125.0,2.0,7.0,2.0,PubChem,Available
1653,KRN-5500,6440176.0,CCCCCCCCCC=CC=CC(=O)NCC(=O)NC1C(C(C(OC1C(CO)O)NC2=NC=NC3=C2NC=N3)O)O,589.7,2.7,215.0,8.0,11.0,17.0,PubChem,Available
1654,KRN-7000,2826713.0,CCCCCCCCCCCCCCCCCCCCCCCCCC(=O)NC(COC1C(C(C(C(O1)CO)O)O)O)C(C(CCCCCCCCCCCCCC)O)O,858.3,16.0,169.0,7.0,9.0,44.0,PubChem,Available
1655,Kanamycin,6032.0,C1C(C(C(C(C1N)OC2C(C(C(C(O2)CN)O)O)O)O)OC3C(C(C(C(O3)CO)O)N)O)N,484.5,-6.9,283.0,11.0,15.0,6.0,PubChem,Available
1656,Kaolin,,,,,,,,,,Unresolved
1657,Kebuzone,3824.0,CC(=O)CCC1C(=O)N(N(C1=O)C2=CC=CC=C2)C3=CC=CC=C3,322.4,1.2,57.7,0.0,3.0,5.0,PubChem,Available
1658,Ketanserin,3822.0,C1CN(CCC1C(=O)C2=CC=C(C=C2)F)CCN3C(=O)C4=CC=CC=C4NC3=O,395.4,2.6,69.7,1.0,5.0,5.0,PubChem,Available
1659,Ketazolam,33746.0,CC1=CC(=O)N2CC(=O)N(C3=C(C2(O1)C4=CC=CC=C4)C=C(C=C3)Cl)C,368.8,3.0,49.9,0.0,3.0,1.0,PubChem,Available
1660,Ketobemidone,10101.0,CCC(=O)C1(CCN(CC1)C)C2=CC(=CC=C2)O,247.33,1.0,40.5,1.0,3.0,3.0,PubChem,Available
1661,Ketoconazole,47576.0,CC(=O)N1CCN(CC1)C2=CC=C(C=C2)OCC3COC(O3)(CN4C=CN=C4)C5=C(C=C(C=C5)Cl)Cl,531.4,4.3,69.1,0.0,6.0,7.0,PubChem,Available
1662,Ketorolac,3826.0,C1CN2C(=CC=C2C(=O)C3=CC=CC=C3)C1C(=O)O,255.27,1.9,59.3,1.0,3.0,3.0,PubChem,Available
1663,Ketotifen,3827.0,CN1CCC(=C2C3=C(C(=O)CC4=CC=CC=C42)SC=C3)CC1,309.4,3.2,48.6,0.0,3.0,0.0,PubChem,Available
1664,Kitasamycin,,,,,,,,,,Unresolved
1665,L-deprenyl-D2 C-11,90274764.0,CC(CC1=CC=CC=C1)N(C)CC#C,188.29,2.8,3.2,0.0,1.0,4.0,PubChem,Available
1666,LCL-161,24737642.0,CC(C(=O)NC(C1CCCCC1)C(=O)N2CCCC2C3=NC(=CS3)C(=O)C4=CC=C(C=C4)F)NC,500.6,4.3,120.0,2.0,7.0,8.0,PubChem,Available
1667,Labetalol,3869.0,CC(CCC1=CC=CC=C1)NCC(C2=CC(=C(C=C2)O)C(=O)N)O,328.4,3.1,95.6,4.0,4.0,8.0,PubChem,Available
1668,Lacidipine,5311217.0,CCOC(=O)C1=C(NC(=C(C1C2=CC=CC=C2C=CC(=O)OC(C)(C)C)C(=O)OCC)C)C,455.5,4.5,90.9,1.0,7.0,11.0,PubChem,Available
1669,Lacosamide,219078.0,CC(=O)NC(COC)C(=O)NCC1=CC=CC=C1,250.29,0.3,67.4,2.0,3.0,6.0,PubChem,Available
1670,Lactitol,157355.0,C(C1C(C(C(C(O1)OC(C(CO)O)C(C(CO)O)O)O)O)O)O,344.31,-5.2,201.0,9.0,11.0,8.0,PubChem,Available
1671,Lactulose,11333.0,C(C1C(C(C(C(O1)OC2C(OC(C2O)(CO)O)CO)O)O)O)O,342.3,-4.3,190.0,8.0,11.0,5.0,PubChem,Available
1672,Lafutidine,5282136.0,C1CCN(CC1)CC2=CC(=NC=C2)OCC=CCNC(=O)CS(=O)CC3=CC=CO3,431.6,1.4,104.0,1.0,7.0,11.0,PubChem,Available
1673,Lamivudine,60825.0,C1C(OC(S1)CO)N2C=CC(=NC2=O)N,229.26,-0.9,113.0,2.0,4.0,2.0,PubChem,Available
1674,Lamotrigine,3878.0,C1=CC(=C(C(=C1)Cl)Cl)C2=C(N=C(N=N2)N)N,256.09,1.4,90.7,2.0,5.0,1.0,PubChem,Available
1675,Lanatoside C,656630.0,CC1C(C(CC(O1)OC2CCC3(C(C2)CCC4C3CC(C5(C4(CCC5C6=CC(=O)OC6)O)C)O)C)O)OC7CC(C(C(O7)C)OC8CC(C(C(O8)C)OC9C(C(C(C(O9)CO)O)O)O)OC(=O)C)O,985.1,0.2,288.0,8.0,20.0,12.0,PubChem,Available
1676,Landiolol,114905.0,CC1(OCC(O1)COC(=O)CCC2=CC=C(C=C2)OCC(CNCCNC(=O)N3CCOCC3)O)C,509.6,0.1,128.0,3.0,9.0,14.0,PubChem,Available
1677,Lanicemine,9794203.0,C1=CC=C(C=C1)C(CC2=CC=CC=N2)N,198.26,1.7,38.9,1.0,2.0,3.0,PubChem,Available
1678,Laniquidar,6450806.0,COC(=O)C1=CN=C2N1CCC3=CC=CC=C3C2=C4CCN(CC4)CCC5=CC=C(C=C5)OCC6=NC7=CC=CC=C7C=C6,584.7,5.8,69.5,0.0,6.0,8.0,PubChem,Available
1679,Lanopepden,52918384.0,CC1=NC(=C(C(=N1)N2CCN3CCOCC3C2)F)NNC(=O)C(CC4CCCC4)CN(C=O)O,479.5,2.0,123.0,3.0,10.0,8.0,PubChem,Available
1680,Lanreotide,6918011.0,CC(C)C1C(=O)NC(CSSCC(C(=O)NC(C(=O)NC(C(=O)NC(C(=O)N1)CCCCN)CC2=CNC3=CC=CC=C32)CC4=CC=C(C=C4)O)NC(=O)C(CC5=CC6=CC=CC=C6C=C5)N)C(=O)NC(C(C)O)C(=O)N,1096.3,2.5,406.0,13.0,14.0,17.0,PubChem,Available
1681,Lanthanum III cation,104897.0,[La+3],138.9055,,0.0,0.0,0.0,0.0,PubChem,Available
1682,Lapatinib,208908.0,CS(=O)(=O)CCNCC1=CC=C(O1)C2=CC3=C(C=C2)N=CN=C3NC4=CC(=C(C=C4)OCC5=CC(=CC=C5)F)Cl,581.1,5.1,115.0,2.0,9.0,11.0,PubChem,Available
1683,Laquinimod,54677946.0,CCN(C1=CC=CC=C1)C(=O)C2=C(C3=C(C=CC=C3Cl)N(C2=O)C)O,356.8,3.7,60.9,1.0,3.0,3.0,PubChem,Available
1684,Larotrectinib,46188928.0,C1CC(N(C1)C2=NC3=C(C=NN3C=C2)NC(=O)N4CCC(C4)O)C5=C(C=CC(=C5)F)F,428.4,1.7,86.0,2.0,7.0,3.0,PubChem,Available
1685,Lasmiditan,11610526.0,CN1CCC(CC1)C(=O)C2=NC(=CC=C2)NC(=O)C3=C(C=C(C=C3F)F)F,377.4,2.8,62.3,1.0,7.0,4.0,PubChem,Available
1686,Latanoprost,5311221.0,CC(C)OC(=O)CCCC=CCC1C(CC(C1CCC(CCC2=CC=CC=C2)O)O)O,432.6,4.3,87.0,3.0,5.0,14.0,PubChem,Available
1687,Latanoprostene bunod,11156438.0,C1C(C(C(C1O)CC=CCCCC(=O)OCCCCO[N+](=O)[O-])CCC(CCC2=CC=CC=C2)O)O,507.6,4.4,142.0,3.0,8.0,18.0,PubChem,Available
1688,Lavoltidine,55473.0,CN1C(=NC(=N1)CO)NCCCOC2=CC=CC(=C2)CN3CCCCC3,359.5,2.2,75.4,2.0,6.0,9.0,PubChem,Available
1689,Lazertinib,121269225.0,CN(C)CC1=CN(N=C1C2=CC=CC=C2)C3=NC(=NC=C3)NC4=C(C=C(C(=C4)NC(=O)C=C)N5CCOCC5)OC,554.6,3.4,110.0,2.0,9.0,10.0,PubChem,Available
1690,Ledipasvir,67505836.0,CC(C)C(C(=O)N1CC2(CC2)CC1C3=NC=C(N3)C4=CC5=C(C=C4)C6=C(C5(F)F)C=C(C=C6)C7=CC8=C(C=C7)N=C(N8)C9C1CCC(C1)N9C(=O)C(C(C)C)NC(=O)OC)NC(=O)OC,889.0,7.4,175.0,4.0,10.0,12.0,PubChem,Available
1691,Lefamulin,58076382.0,CC1CCC23CCC(=O)C2C1(C(CC(C(C3C)O)(C)C=C)OC(=O)CSC4CCC(CC4O)N)C,507.7,4.3,135.0,3.0,7.0,6.0,PubChem,Available
1692,Leflunomide,3899.0,CC1=C(C=NO1)C(=O)NC2=CC=C(C=C2)C(F)(F)F,270.21,2.5,55.1,1.0,6.0,2.0,PubChem,Available
1693,Lemborexant,56944144.0,CC1=NC(=NC=C1OCC2(CC2C(=O)NC3=NC=C(C=C3)F)C4=CC(=CC=C4)F)C,410.4,3.2,77.0,1.0,7.0,6.0,PubChem,Available
1694,Lenabasum,3083542.0,CCCCCCC(C)(C)C1=CC(=C2C3CC(=CCC3C(OC2=C1)(C)C)C(=O)O)O,400.5,7.0,66.8,2.0,4.0,7.0,PubChem,Available
1695,Lenacapavir,133082658.0,CC(C)(C#CC1=NC(=C(C=C1)C2=C3C(=C(C=C2)Cl)C(=NN3CC(F)(F)F)NS(=O)(=O)C)C(CC4=CC(=CC(=C4)F)F)NC(=O)CN5C6=C(C7CC7C6(F)F)C(=N5)C(F)(F)F)S(=O)(=O)C,968.3,6.4,175.0,2.0,19.0,13.0,PubChem,Available
1696,Lenalidomide,216326.0,C1CC(=O)NC(=O)C1N2CC3=C(C2=O)C=CC=C3N,259.26,-0.5,92.5,2.0,4.0,1.0,PubChem,Available
1697,Leniolisib,57495353.0,CCC(=O)N1CCC(C1)NC2=NC=NC3=C2CN(CC3)C4=CC(=C(N=C4)OC)C(F)(F)F,450.5,2.5,83.5,1.0,10.0,5.0,PubChem,Available
1698,Lenvatinib,9823820.0,COC1=CC2=NC=CC(=C2C=C1C(=O)N)OC3=CC(=C(C=C3)NC(=O)NC4CC4)Cl,426.9,2.8,116.0,3.0,5.0,6.0,PubChem,Available
1699,Lercanidipine,65866.0,CC1=C(C(C(=C(N1)C)C(=O)OC(C)(C)CN(C)CCC(C2=CC=CC=C2)C3=CC=CC=C3)C4=CC(=CC=C4)[N+](=O)[O-])C(=O)OC,611.7,6.9,114.0,1.0,8.0,13.0,PubChem,Available
1700,Lesinurad,53465279.0,C1CC1C2=CC=C(C3=CC=CC=C23)N4C(=NN=C4Br)SCC(=O)O,404.3,4.7,93.3,1.0,5.0,5.0,PubChem,Available
1701,Lestaurtinib,126565.0,CC12C(CC(O1)N3C4=CC=CC=C4C5=C6C(=C7C8=CC=CC=C8N2C7=C53)CNC6=O)(CO)O,439.5,2.2,88.7,3.0,4.0,1.0,PubChem,Available
1702,Letaxaban,11641515.0,C1CNC(=O)N(C1)C2CCN(CC2)C(=O)C(CS(=O)(=O)C3=CC4=C(C=C3)C=C(C=C4)Cl)O,480.0,1.9,115.0,2.0,5.0,5.0,PubChem,Available
1703,Letermovir,45138674.0,COC1=C(C=C(C=C1)C(F)(F)F)N2C(C3=C(C(=CC=C3)F)N=C2N4CCN(CC4)C5=CC(=CC=C5)OC)CC(=O)O,572.5,4.6,77.8,1.0,10.0,7.0,PubChem,Available
1704,Letrozole,3902.0,C1=CC(=CC=C1C#N)C(C2=CC=C(C=C2)C#N)N3C=NC=N3,285.3,2.7,78.3,0.0,4.0,3.0,PubChem,Available
1705,Levallorphan,5359371.0,C=CCN1CCC23CCCCC2C1CC4=C3C=C(C=C4)O,283.4,3.5,23.5,1.0,2.0,2.0,PubChem,Available
1706,Levmetamfetamine,36604.0,CC(CC1=CC=CC=C1)NC,149.23,2.1,12.0,1.0,1.0,3.0,PubChem,Available
1707,Levobunolol,39468.0,CC(C)(C)NCC(COC1=CC=CC2=C1CCCC2=O)O,291.4,2.4,58.6,2.0,4.0,6.0,PubChem,Available
1708,Levocabastine,54385.0,CC1CN(CCC1(C2=CC=CC=C2)C(=O)O)C3CCC(CC3)(C#N)C4=CC=C(C=C4)F,420.5,2.5,64.3,1.0,5.0,4.0,PubChem,Available
1709,Levodopa,6047.0,C1=CC(=C(C=C1CC(C(=O)O)N)O)O,197.19,-2.7,104.0,4.0,5.0,3.0,PubChem,Available
1710,Levomenol,442343.0,CC1=CCC(CC1)C(C)(CCC=C(C)C)O,222.37,3.8,20.2,1.0,1.0,4.0,PubChem,Available
1711,Levomilnacipran,6917779.0,CCN(CC)C(=O)C1(CC1CN)C2=CC=CC=C2,246.35,1.4,46.3,1.0,2.0,5.0,PubChem,Available
1712,Levonordefrin,164739.0,CC(C(C1=CC(=C(C=C1)O)O)O)N,183.2,-0.8,86.7,4.0,4.0,2.0,PubChem,Available
1713,Levonorgestrel,13109.0,CCC12CCC3C(C1CCC2(C#C)O)CCC4=CC(=O)CCC34,312.4,3.3,37.3,1.0,2.0,2.0,PubChem,Available
1714,Levosimendan,3033825.0,CC1CC(=O)NN=C1C2=CC=C(C=C2)NN=C(C#N)C#N,280.28,2.3,113.0,2.0,6.0,3.0,PubChem,Available
1715,Levosulpiride,688272.0,CCN1CCCC1CNC(=O)C2=C(C=CC(=C2)S(=O)(=O)N)OC,341.4,0.6,110.0,2.0,6.0,6.0,PubChem,Available
1716,Levovirin,460516.0,C1=NC(=NN1C2C(C(C(O2)CO)O)O)C(=O)N,244.2,-1.8,144.0,4.0,7.0,3.0,PubChem,Available
1717,Lexacalcitol,5288670.0,CCC(CC)(CCCOC(C)C1CCC2C1(CCCC2=CC=C3CC(CC(C3=C)O)O)C)O,460.7,4.9,69.9,3.0,4.0,9.0,PubChem,Available
1718,Liarozole,60652.0,C1=CC(=CC(=C1)Cl)C(C2=CC3=C(C=C2)N=CN3)N4C=CN=C4,308.8,3.5,46.5,1.0,2.0,3.0,PubChem,Available
1719,Licofelone,133021.0,CC1(CC2=C(C(=C(N2C1)CC(=O)O)C3=CC=C(C=C3)Cl)C4=CC=CC=C4)C,379.9,5.2,42.2,1.0,2.0,4.0,PubChem,Available
1720,Lidocaine,3676.0,CCN(CC)CC(=O)NC1=C(C=CC=C1C)C,234.34,2.3,32.3,1.0,2.0,5.0,PubChem,Available
1721,Lidoflazine,3926.0,CC1=C(C(=CC=C1)C)NC(=O)CN2CCN(CC2)CCCC(C3=CC=C(C=C3)F)C4=CC=C(C=C4)F,491.6,6.0,35.6,1.0,5.0,9.0,PubChem,Available
1722,Limaprost,6438378.0,CCCCC(C)CC(C=CC1C(CC(=O)C1CCCCC=CC(=O)O)O)O,380.5,4.1,94.8,3.0,5.0,13.0,PubChem,Available
1723,Linaclotide,16158208.0,CC1C(=O)NC2CSSCC3C(=O)NC(C(=O)NC(C(=O)NC(CSSCC(NC(=O)CNC(=O)C(NC2=O)C(C)O)C(=O)NC(CC4=CC=C(C=C4)O)C(=O)O)C(=O)NC(CSSCC(C(=O)N3)N)C(=O)NC(C(=O)N5CCCC5C(=O)N1)CC(=O)N)CC6=CC=C(C=C6)O)CCC(=O)O,1526.8,-6.8,726.0,19.0,28.0,13.0,PubChem,Available
1724,Linagliptin,10096344.0,CC#CCN1C2=C(N=C1N3CCCC(C3)N)N(C(=O)N(C2=O)CC4=NC5=CC=CC=C5C(=N4)C)C,472.5,1.9,113.0,1.0,7.0,4.0,PubChem,Available
1725,Lincomycin,3000540.0,CCCC1CC(N(C1)C)C(=O)NC(C2C(C(C(C(O2)SC)O)O)O)C(C)O,406.5,0.2,148.0,5.0,8.0,7.0,PubChem,Available
1726,Linezolid,441401.0,CC(=O)NCC1CN(C(=O)O1)C2=CC(=C(C=C2)N3CCOCC3)F,337.35,0.7,71.1,1.0,6.0,4.0,PubChem,Available
1727,Linsidomine,5219.0,C1COCCN1[N+]2=CC(=N)O[N-]2,170.17,0.6,49.6,1.0,5.0,1.0,PubChem,Available
1728,Linzagolix,16656889.0,COC1=C(C(=C(C=C1)F)F)COC2=C(C=C(C(=C2)N3C(=O)C4=C(SC=C4NC3=O)C(=O)O)F)OC,508.4,3.4,143.0,2.0,11.0,7.0,PubChem,Available
1729,Liothyronine,5920.0,C1=CC(=C(C=C1OC2=C(C=C(C=C2I)CC(C(=O)O)N)I)I)O,650.97,1.7,92.8,3.0,5.0,5.0,PubChem,Available
1730,Lipoic acid,6112.0,C1CSSC1CCCCC(=O)O,206.3,1.7,87.9,1.0,4.0,5.0,PubChem,Available
1731,Lisdexamfetamine,11597698.0,CC(CC1=CC=CC=C1)NC(=O)C(CCCCN)N,263.38,1.2,81.1,3.0,3.0,8.0,PubChem,Available
1732,Lisinopril,5362119.0,C1CC(N(C1)C(=O)C(CCCCN)NC(CCC2=CC=CC=C2)C(=O)O)C(=O)O,405.5,-2.9,133.0,4.0,7.0,12.0,PubChem,Available
1733,Lisofylline,501254.0,CC(CCCCN1C(=O)C2=C(N=CN2C)N(C1=O)C)O,280.32,0.7,78.7,1.0,4.0,5.0,PubChem,Available
1734,Lisuride,28864.0,CCN(CC)C(=O)NC1CN(C2CC3=CNC4=CC=CC(=C34)C2=C1)C,338.4,2.7,51.4,2.0,2.0,3.0,PubChem,Available
1735,Lithium cation,28486.0,[Li+],7.0,,0.0,0.0,0.0,0.0,PubChem,Available
1736,Lobeglitazone,9826451.0,CN(CCOC1=CC=C(C=C1)CC2C(=O)NC(=O)S2)C3=CC(=NC=N3)OC4=CC=C(C=C4)OC,480.5,4.3,128.0,1.0,9.0,10.0,PubChem,Available
1737,Lobeline,101616.0,CN1C(CCCC1CC(=O)C2=CC=CC=C2)CC(C3=CC=CC=C3)O,337.5,3.8,40.5,1.0,3.0,6.0,PubChem,Available
1738,Lobucavir,135413519.0,C1C(C(C1N2C=NC3=C2N=C(NC3=O)N)CO)CO,265.27,-1.9,126.0,4.0,5.0,3.0,PubChem,Available
1739,Lofentanil,65499.0,CCC(=O)N(C1=CC=CC=C1)C2(CCN(CC2C)CCC3=CC=CC=C3)C(=O)OC,408.5,4.2,49.9,0.0,4.0,8.0,PubChem,Available
1740,Lofepramine,3947.0,CN(CCCN1C2=CC=CC=C2CCC3=CC=CC=C31)CC(=O)C4=CC=C(C=C4)Cl,419.0,6.8,23.6,0.0,3.0,7.0,PubChem,Available
1741,Lofexidine,30668.0,CC(C1=NCCN1)OC2=C(C=CC=C2Cl)Cl,259.13,2.6,33.6,1.0,2.0,3.0,PubChem,Available
1742,Lomefloxacin,3948.0,CCN1C=C(C(=O)C2=CC(=C(C(=C21)F)N3CCNC(C3)C)F)C(=O)O,351.35,-0.8,72.9,2.0,8.0,3.0,PubChem,Available
1743,Lomerizine,3949.0,COC1=C(C(=C(C=C1)CN2CCN(CC2)C(C3=CC=C(C=C3)F)C4=CC=C(C=C4)F)OC)OC,468.5,4.9,34.2,0.0,7.0,8.0,PubChem,Available
1744,Lometrexol,135413518.0,C1C(CNC2=C1C(=O)NC(=N2)N)CCC3=CC=C(C=C3)C(=O)NC(CCC(=O)O)C(=O)O,443.5,0.3,183.0,6.0,8.0,9.0,PubChem,Available
1745,Lomifylline,65599.0,CC(=O)CCCCN1C=NC2=C1C(=O)N(C(=O)N2C)C,278.31,-0.1,75.5,0.0,4.0,5.0,PubChem,Available
1746,Lomitapide,9853053.0,C1CN(CCC1NC(=O)C2=CC=CC=C2C3=CC=C(C=C3)C(F)(F)F)CCCCC4(C5=CC=CC=C5C6=CC=CC=C64)C(=O)NCC(F)(F)F,693.7,8.6,61.4,2.0,9.0,10.0,PubChem,Available
1747,Lomustine,3950.0,C1CCC(CC1)NC(=O)N(CCCl)N=O,233.69,2.8,61.8,1.0,3.0,3.0,PubChem,Available
1748,Lonafarnib,148195.0,C1CN(CCC1CC(=O)N2CCC(CC2)C3C4=C(CCC5=C3N=CC(=C5)Br)C=C(C=C4Br)Cl)C(=O)N,638.8,4.8,79.5,1.0,3.0,3.0,PubChem,Available
1749,Lonazolac,68706.0,C1=CC=C(C=C1)N2C=C(C(=N2)C3=CC=C(C=C3)Cl)CC(=O)O,312.7,3.6,55.1,1.0,3.0,4.0,PubChem,Available
1750,Lonidamine,39562.0,C1=CC=C2C(=C1)C(=NN2CC3=C(C=C(C=C3)Cl)Cl)C(=O)O,321.2,4.3,55.1,1.0,3.0,3.0,PubChem,Available
1751,Loperamide,3955.0,CN(C)C(=O)C(CCN1CCC(CC1)(C2=CC=C(C=C2)Cl)O)(C3=CC=CC=C3)C4=CC=CC=C4,477.0,5.0,43.8,1.0,3.0,7.0,PubChem,Available
1752,Lopinavir,92727.0,CC1=C(C(=CC=C1)C)OCC(=O)NC(CC2=CC=CC=C2)C(CC(CC3=CC=CC=C3)NC(=O)C(C(C)C)N4CCCNC4=O)O,628.8,5.9,120.0,4.0,5.0,15.0,PubChem,Available
1753,Loprazolam,3033860.0,CN1CCN(CC1)C=C2C(=O)N3C(=N2)CN=C(C4=C3C=CC(=C4)[N+](=O)[O-])C5=CC=CC=C5Cl,464.9,2.9,97.3,0.0,7.0,2.0,PubChem,Available
1754,Lorajmine,76957773.0,CCC1C2CC3C4C5(CC(C2C5OC(=O)CCl)N3C1O)C6=CC=CC=C6N4C,402.9,3.0,53.0,1.0,5.0,4.0,PubChem,Available
1755,Loratadine,3957.0,CCOC(=O)N1CCC(=C2C3=C(CCC4=C2N=CC=C4)C=C(C=C3)Cl)CC1,382.9,5.2,42.4,0.0,3.0,2.0,PubChem,Available
1756,Lorazepam,3958.0,C1=CC=C(C(=C1)C2=NC(C(=O)NC3=C2C=C(C=C3)Cl)O)Cl,321.2,2.4,61.7,2.0,3.0,1.0,PubChem,Available
1757,Lorcainide,42884.0,CC(C)N1CCC(CC1)N(C2=CC=C(C=C2)Cl)C(=O)CC3=CC=CC=C3,370.9,4.6,23.6,0.0,2.0,5.0,PubChem,Available
1758,Lorcaserin,11658860.0,CC1CNCCC2=C1C=C(C=C2)Cl,195.69,2.7,12.0,1.0,1.0,0.0,PubChem,Available
1759,Lorlatinib,71731823.0,CC1C2=C(C=CC(=C2)F)C(=O)N(CC3=NN(C(=C3C4=CC(=C(N=C4)N)O1)C#N)C)C,406.4,1.5,110.0,1.0,7.0,0.0,PubChem,Available
1760,Lormetazepam,13314.0,CN1C2=C(C=C(C=C2)Cl)C(=NC(C1=O)O)C3=CC=CC=C3Cl,335.2,2.4,52.9,1.0,3.0,1.0,PubChem,Available
1761,Lornoxicam,54690031.0,CN1C(=C(C2=C(S1(=O)=O)C=C(S2)Cl)O)C(=O)NC3=CC=CC=N3,371.8,2.1,136.0,2.0,7.0,2.0,PubChem,Available
1762,Lorpiprazole,3045380.0,C1CC2CN3C(=NN=C3C2C1)CCN4CCN(CC4)C5=CC=CC(=C5)C(F)(F)F,405.5,3.3,37.2,0.0,7.0,4.0,PubChem,Available
1763,Lortalamine,70695665.0,CN1CCC23C(C1)C(CC(=O)N2)C4=C(O3)C=CC(=C4)Cl,292.76,1.8,41.6,1.0,3.0,0.0,PubChem,Available
1764,Losartan,3961.0,CCCCC1=NC(=C(N1CC2=CC=C(C=C2)C3=CC=CC=C3C4=NNN=N4)CO)Cl,422.9,4.3,92.5,2.0,5.0,8.0,PubChem,Available
1765,Loteprednol,9865442.0,CC12CC(C3C(C1CCC2(C(=O)OCCl)O)CCC4=CC(=O)C=CC34C)O,394.9,2.6,83.8,2.0,5.0,3.0,PubChem,Available
1766,Lovastatin,53232.0,CCC(C)C(=O)OC1CC(C=C2C1C(C(C=C2)C)CCC3CC(CC(=O)O3)O)C,404.5,4.3,72.8,1.0,5.0,7.0,PubChem,Available
1767,Loxapine,3964.0,CN1CCN(CC1)C2=NC3=CC=CC=C3OC4=C2C=C(C=C4)Cl,327.8,3.1,28.1,0.0,3.0,1.0,PubChem,Available
1768,Loxoprofen,3965.0,CC(C1=CC=C(C=C1)CC2CCCC2=O)C(=O)O,246.3,2.4,54.4,1.0,3.0,4.0,PubChem,Available
1769,Lubiprostone,157920.0,CCCCC(C1(CCC2C(O1)CC(=O)C2CCCCCCC(=O)O)O)(F)F,390.5,4.0,83.8,2.0,7.0,11.0,PubChem,Available
1770,Luliconazole,3003141.0,C1C(SC(=C(C#N)N2C=CN=C2)S1)C3=C(C=C(C=C3)Cl)Cl,354.3,4.0,92.2,0.0,4.0,2.0,PubChem,Available
1771,Lumacaftor,16678941.0,CC1=C(N=C(C=C1)NC(=O)C2(CC2)C3=CC4=C(C=C3)OC(O4)(F)F)C5=CC(=CC=C5)C(=O)O,452.4,4.4,97.8,2.0,8.0,5.0,PubChem,Available
1772,Lumateperone,21302490.0,CN1CCN2C3CCN(CC3C4=C2C1=CC=C4)CCCC(=O)C5=CC=C(C=C5)F,393.5,3.8,26.8,0.0,5.0,5.0,PubChem,Available
1773,Lumefantrine,6437380.0,CCCCN(CCCC)CC(C1=CC(=CC2=C1C3=C(C2=CC4=CC=C(C=C4)Cl)C=C(C=C3)Cl)Cl)O,528.9,8.7,23.5,1.0,2.0,10.0,PubChem,Available
1774,Lumiracoxib,151166.0,CC1=CC(=C(C=C1)NC2=C(C=CC=C2Cl)F)CC(=O)O,293.72,4.2,49.3,2.0,4.0,4.0,PubChem,Available
1775,Luprostiol,6441712.0,C1C(C(C(C1O)SCC(COC2=CC(=CC=C2)Cl)O)CC=CCCCC(=O)O)O,445.0,2.9,133.0,4.0,7.0,12.0,PubChem,Available
1776,Lurasidone,213046.0,C1CCC(C(C1)CN2CCN(CC2)C3=NSC4=CC=CC=C43)CN5C(=O)C6C7CCC(C7)C6C5=O,492.7,5.4,85.0,0.0,6.0,5.0,PubChem,Available
1777,Lurbinectedin,57327016.0,CC1=CC2=C(C3C4C5C6=C(C(=C7C(=C6C(N4C(C(C2)N3C)O)COC(=O)C8(CS5)C9=C(CCN8)C2=C(N9)C=CC(=C2)OC)OCO7)C)OC(=O)C)C(=C1OC)O,784.9,3.9,190.0,4.0,14.0,4.0,PubChem,Available
1778,Lurtotecan,60956.0,CCC1(C2=C(COC1=O)C(=O)N3CC4=C(C5=CC6=C(C=C5N=C4C3=C2)OCCO6)CN7CCN(CC7)C)O,518.6,0.3,105.0,1.0,9.0,3.0,PubChem,Available
1779,Luseogliflozin,11988953.0,CCOC1=CC=C(C=C1)CC2=CC(=C(C=C2C)OC)C3C(C(C(C(S3)CO)O)O)O,434.5,2.9,125.0,4.0,7.0,7.0,PubChem,Available
1780,Lusutrombopag,49843517.0,CCCCCCOC(C)C1=CC=CC(=C1OC)C2=CSC(=N2)NC(=O)C3=CC(=C(C(=C3)Cl)C=C(C)C(=O)O)Cl,591.5,7.7,126.0,2.0,7.0,13.0,PubChem,Available
1781,Lymecycline,54707177.0,CC1(C2CC3C(C(=O)C(=C(C3(C(=O)C2=C(C4=C1C=CC=C4O)O)O)O)C(=O)NCNCCCCC(C(=O)O)N)N(C)C)O,602.6,-4.4,243.0,9.0,13.0,10.0,PubChem,Available
1782,Lynestrenol,5857.0,CC12CCC3C(C1CCC2(C#C)O)CCC4=CCCCC34,284.4,4.5,20.2,1.0,1.0,1.0,PubChem,Available
1783,Lypressin,644076.0,C1CC(N(C1)C(=O)C2CSSCC(C(=O)NC(C(=O)NC(C(=O)NC(C(=O)NC(C(=O)N2)CC(=O)N)CCC(=O)N)CC3=CC=CC=C3)CC4=CC=C(C=C4)O)N)C(=O)NC(CCCCN)C(=O)NCC(=O)N,1056.2,-3.9,476.0,13.0,16.0,19.0,PubChem,Available
1784,Lysergic acid diethylamide,5761.0,CCN(CC)C(=O)C1CN(C2CC3=CNC4=CC=CC(=C34)C2=C1)C,323.4,3.0,39.3,1.0,2.0,3.0,PubChem,Available
1785,MK-212,107992.0,C1CN(CCN1)C2=CN=CC(=N2)Cl,198.65,0.5,41.1,1.0,4.0,1.0,PubChem,Available
1786,MLN576,9886593.0,CC(CN(C)C)NC(=O)C1=C2C(=CC=C1)N=C3C=CC4=C(C3=N2)C=CC=C4OC,388.5,3.6,67.4,1.0,5.0,5.0,PubChem,Available
1787,MMDA,26175.0,CC(CC1=CC2=C(C(=C1)OC)OCO2)N,209.24,1.6,53.7,1.0,4.0,3.0,PubChem,Available
1788,MRK-409,22609888.0,CN1C(=NC=N1)COC2=NN3C(=NN=C3C4=C(C=CC=C4F)F)C=C2C5CCC5,397.4,3.0,83.0,0.0,8.0,5.0,PubChem,Available
1789,Macimorelin,9804938.0,CC(C)(C(=O)NC(CC1=CNC2=CC=CC=C21)C(=O)NC(CC3=CNC4=CC=CC=C43)NC=O)N,474.6,1.8,145.0,6.0,4.0,9.0,PubChem,Available
1790,Macitentan,16004692.0,CCCNS(=O)(=O)NC1=C(C(=NC=N1)OCCOC2=NC=C(C=N2)Br)C3=CC=C(C=C3)Br,588.3,3.7,137.0,2.0,10.0,11.0,PubChem,Available
1791,Maduramicin,68595.0,CC1CC(C(OC1C2CC(C(O2)C3(CCC(O3)C4(CCC5(O4)CC(C(C(O5)C(C)C6C(C(C(C(O6)(CC(=O)O)O)C)OC)OC)C)O)C)C)OC7CC(C(C(O7)C)OC)OC)(C)O)C.N,934.2,,210.0,5.0,18.0,13.0,PubChem,Available
1792,Mafosfamide,76968809.0,C1COP(=O)(NC1SCCS(=O)(=O)O)N(CCCl)CCCl,401.3,0.4,130.0,2.0,8.0,9.0,PubChem,Available
1793,Magnesium,5462224.0,[Mg],24.305,,0.0,0.0,0.0,0.0,PubChem,Available
1794,Magnesium cation,888.0,[Mg+2],24.305,,0.0,0.0,0.0,0.0,PubChem,Available
1795,Magnesium orotate,3036905.0,C1=C(NC(=O)NC1=O)C(=O)[O-].C1=C(NC(=O)NC1=O)C(=O)[O-].[Mg+2],334.48,,197.0,4.0,8.0,0.0,PubChem,Available
1796,Magnesium silicate,72941442.0,[O-2].[O-2].[O-2].[Mg+2].[Si+4],100.39,,3.0,0.0,3.0,0.0,PubChem,Available
1797,Magnesium trisilicate,5311266.0,[O-][Si](=O)O[Si]([O-])([O-])O[Si](=O)[O-].[Mg+2].[Mg+2],260.86,,145.0,0.0,8.0,2.0,PubChem,Available
1798,Malacidin B,132282519.0,CCC(C)CCC=CC=CC(=O)NC(C(C)C(=O)O)C(=O)NC1C(NC(=O)C2CC(CN2C(=O)C(NC(=O)C(NC(=O)CNC(=O)C(NC(=O)C(NC(=O)C(NC(=O)C(NC1=O)C(C)C)CCCCN)C(C(=O)O)O)CC(=O)O)C(C)C(=O)O)C(C)C)C)C,1263.4,-2.0,507.0,16.0,21.0,23.0,PubChem,Available
1799,Malathion,4004.0,CCOC(=O)CC(C(=O)OCC)SP(=S)(OC)OC,330.4,2.4,128.0,0.0,8.0,11.0,PubChem,Available
1800,Maltotetraose,123966.0,C(C1C(C(C(C(O1)OC2C(OC(C(C2O)O)OC3C(OC(C(C3O)O)OC(C(CO)O)C(C(C=O)O)O)CO)CO)O)O)O)O,666.6,-9.3,356.0,14.0,21.0,14.0,PubChem,Available
1801,Mangafodipir,76967443.0,CC1=C(C(=CC(=N1)COP(=O)(O)[O-])CN(CCN(CC2=CC(=NC(=C2O)C)COP(=O)(O)[O-])CC(=O)O)CC(=O)O)O.[Mn+2],691.4,,287.0,6.0,18.0,17.0,PubChem,Available
1802,Manidipine,4008.0,CC1=C(C(C(=C(N1)C)C(=O)OCCN2CCN(CC2)C(C3=CC=CC=C3)C4=CC=CC=C4)C5=CC(=CC=C5)[N+](=O)[O-])C(=O)OC,610.7,5.6,117.0,1.0,9.0,11.0,PubChem,Available
1803,Mannitol busulfan,142775.0,CS(=O)(=O)OCC(C(C(C(COS(=O)(=O)C)O)O)O)O,338.4,-3.4,184.0,4.0,10.0,9.0,PubChem,Available
1804,Mannosulfan,20055482.0,CS(=O)(=O)OCC(C(C(C(COS(=O)(=O)C)OS(=O)(=O)C)O)O)OS(=O)(=O)C,494.5,-3.2,247.0,2.0,14.0,13.0,PubChem,Available
1805,Maprotiline,4011.0,CNCCCC12CCC(C3=CC=CC=C31)C4=CC=CC=C24,277.4,4.6,12.0,1.0,1.0,4.0,PubChem,Available
1806,Maraviroc,3002977.0,CC1=NN=C(N1C2CC3CCC(C2)N3CCC(C4=CC=CC=C4)NC(=O)C5CCC(CC5)(F)F)C(C)C,513.7,5.1,63.1,1.0,6.0,8.0,PubChem,Available
1807,Marbofloxacin,60651.0,CN1CCN(CC1)C2=C(C=C3C4=C2OCN(N4C=C(C3=O)C(=O)O)C)F,362.4,-0.5,76.6,1.0,9.0,2.0,PubChem,Available
1808,Maribavir,471161.0,CC(C)NC1=NC2=CC(=C(C=C2N1C3C(C(C(O3)CO)O)O)Cl)Cl,376.2,2.2,99.8,4.0,6.0,4.0,PubChem,Available
1809,Masoprocol,71398.0,CC(CC1=CC(=C(C=C1)O)O)C(C)CC2=CC(=C(C=C2)O)O,302.4,4.3,80.9,4.0,4.0,5.0,PubChem,Available
1810,Mavacamten,117761397.0,CC(C)N1C(=O)C=C(NC1=O)NC(C)C2=CC=CC=C2,273.33,2.1,61.4,2.0,3.0,4.0,PubChem,Available
1811,Mavorixafor,11256587.0,C1CC(C2=C(C1)C=CC=N2)N(CCCCN)CC3=NC4=CC=CC=C4N3,349.5,2.4,70.8,2.0,4.0,7.0,PubChem,Available
1812,Maxacalcitol,6398761.0,CC(C1CCC2C1(CCCC2=CC=C3CC(CC(C3=C)O)O)C)OCCC(C)(C)O,418.6,3.5,69.9,3.0,4.0,6.0,PubChem,Available
1813,Mazaticol,68667.0,CC1(CCC2CC(CC1N2C)OC(=O)C(C3=CC=CS3)(C4=CC=CS4)O)C,405.6,4.5,106.0,1.0,6.0,5.0,PubChem,Available
1814,Mazindol,4020.0,C1CN2C(=N1)C3=CC=CC=C3C2(C4=CC=C(C=C4)Cl)O,284.74,2.2,35.8,1.0,2.0,1.0,PubChem,Available
1815,Mebanazine,6179.0,CC(C1=CC=CC=C1)NN,136.19,0.9,38.1,2.0,2.0,2.0,PubChem,Available
1816,Mebeverine,4031.0,CCN(CCCCOC(=O)C1=CC(=C(C=C1)OC)OC)C(C)CC2=CC=C(C=C2)OC,429.5,5.2,57.2,0.0,6.0,14.0,PubChem,Available
1817,Mebhydrolin,22530.0,CN1CCC2=C(C1)C3=CC=CC=C3N2CC4=CC=CC=C4,276.4,3.5,8.2,0.0,1.0,2.0,PubChem,Available
1818,Mebicar,122282.0,CN1C2C(N(C1=O)C)N(C(=O)N2C)C,198.22,-0.9,47.1,0.0,2.0,0.0,PubChem,Available
1819,Mebrofenin,54158.0,CC1=CC(=C(C(=C1NC(=O)CN(CC(=O)O)CC(=O)O)C)Br)C,387.23,-0.1,107.0,3.0,6.0,7.0,PubChem,Available
1820,Mebutamate,6151.0,CCC(C)C(C)(COC(=O)N)COC(=O)N,232.28,1.4,105.0,2.0,4.0,8.0,PubChem,Available
1821,Mebutizide,71652.0,CCC(C)C(C)C1NC2=CC(=C(C=C2S(=O)(=O)N1)S(=O)(=O)N)Cl,381.9,2.4,135.0,3.0,7.0,4.0,PubChem,Available
1822,Mechlorethamine,4033.0,CN(CCCl)CCCl,156.05,0.9,3.2,0.0,1.0,4.0,PubChem,Available
1823,Meclizine,4034.0,CC1=CC(=CC=C1)CN2CCN(CC2)C(C3=CC=CC=C3)C4=CC=C(C=C4)Cl,390.9,5.8,6.5,0.0,2.0,5.0,PubChem,Available
1824,Meclocycline,54676539.0,CN(C)C1C2C(C3C(=C)C4=C(C=CC(=C4C(=C3C(=O)C2(C(=C(C1=O)C(=O)N)O)O)O)O)Cl)O,476.9,0.9,182.0,6.0,9.0,2.0,PubChem,Available
1825,Meclofenamic acid,4037.0,CC1=C(C(=C(C=C1)Cl)NC2=CC=CC=C2C(=O)O)Cl,296.1,5.2,49.3,2.0,3.0,3.0,PubChem,Available
1826,Medazepam,4041.0,CN1CCN=C(C2=C1C=CC(=C2)Cl)C3=CC=CC=C3,270.75,4.4,15.6,0.0,2.0,1.0,PubChem,Available
1827,Medifoxamine,36109.0,CN(C)CC(OC1=CC=CC=C1)OC2=CC=CC=C2,257.33,3.8,21.7,0.0,3.0,6.0,PubChem,Available
1828,Medrogestone,9949848.0,CC1=CC2C(CCC3(C2CCC3(C)C(=O)C)C)C4(C1=CC(=O)CC4)C,340.5,4.1,34.1,0.0,2.0,1.0,PubChem,Available
1829,Medroxyprogesterone acetate,6279.0,CC1CC2C(CCC3(C2CCC3(C(=O)C)OC(=O)C)C)C4(C1=CC(=O)CC4)C,386.5,4.1,60.4,0.0,4.0,3.0,PubChem,Available
1830,Medrysone,247839.0,CC1CC2C3CCC(C3(CC(C2C4(C1=CC(=O)CC4)C)O)C)C(=O)C,344.5,2.7,54.4,1.0,3.0,1.0,PubChem,Available
1831,Mefenamic acid,4044.0,CC1=C(C(=CC=C1)NC2=CC=CC=C2C(=O)O)C,241.28,5.1,49.3,2.0,3.0,3.0,PubChem,Available
1832,Mefenorex,21777.0,CC(CC1=CC=CC=C1)NCCCCl,211.73,3.1,12.0,1.0,1.0,6.0,PubChem,Available
1833,Mefruside,4047.0,CC1(CCCO1)CN(C)S(=O)(=O)C2=CC(=C(C=C2)Cl)S(=O)(=O)N,382.9,0.9,124.0,1.0,7.0,5.0,PubChem,Available
1834,Megestrol acetate,11683.0,CC1=CC2C(CCC3(C2CCC3(C(=O)C)OC(=O)C)C)C4(C1=CC(=O)CC4)C,384.5,3.1,60.4,0.0,4.0,3.0,PubChem,Available
1835,Melagatran,183797.0,C1CCC(CC1)C(C(=O)N2CCC2C(=O)NCC3=CC=C(C=C3)C(=N)N)NCC(=O)O,429.5,-1.0,149.0,5.0,6.0,9.0,PubChem,Available
1836,Melatonin,896.0,CC(=O)NCCC1=CNC2=C1C=C(C=C2)OC,232.28,0.8,54.1,2.0,2.0,4.0,PubChem,Available
1837,Melengestrol,9906614.0,CC1=CC2C(CCC3(C2CC(=C)C3(C(=O)C)O)C)C4(C1=CC(=O)CC4)C,354.5,2.5,54.4,1.0,3.0,1.0,PubChem,Available
1838,Melengestrol acetate,250948.0,CC1=CC2C(CCC3(C2CC(=C)C3(C(=O)C)OC(=O)C)C)C4(C1=CC(=O)CC4)C,396.5,3.1,60.4,0.0,4.0,3.0,PubChem,Available
1839,Melevodopa,23497.0,COC(=O)C(CC1=CC(=C(C=C1)O)O)N,211.21,-0.2,92.8,3.0,5.0,4.0,PubChem,Available
1840,Melitracen,25382.0,CC1(C2=CC=CC=C2C(=CCCN(C)C)C3=CC=CC=C31)C,291.4,5.6,3.2,0.0,1.0,3.0,PubChem,Available
1841,Meloxicam,54677470.0,CC1=CN=C(S1)NC(=O)C2=C(C3=CC=CC=C3S(=O)(=O)N2C)O,351.4,3.0,136.0,2.0,7.0,2.0,PubChem,Available
1842,Melperone,15387.0,CC1CCN(CC1)CCCC(=O)C2=CC=C(C=C2)F,263.35,3.3,20.3,0.0,3.0,5.0,PubChem,Available
1843,Melphalan,460612.0,C1=CC(=CC=C1CC(C(=O)O)N)N(CCCl)CCCl,305.2,-0.5,66.6,2.0,4.0,8.0,PubChem,Available
1844,Memantine,4054.0,CC12CC3CC(C1)(CC(C3)(C2)N)C,179.3,3.3,26.0,1.0,1.0,0.0,PubChem,Available
1845,Menadione,4055.0,CC1=CC(=O)C2=CC=CC=C2C1=O,172.18,2.2,34.1,0.0,2.0,0.0,PubChem,Available
1846,Menthyl salicylate,20055232.0,CC1CCC(C(C1)OC(=O)C2=CC=CC=C2O)C(C)C,276.4,5.4,46.5,1.0,3.0,4.0,PubChem,Available
1847,Mepenzolate,4057.0,C[N+]1(CCCC(C1)OC(=O)C(C2=CC=CC=C2)(C3=CC=CC=C3)O)C,340.4,3.2,46.5,1.0,3.0,5.0,PubChem,Available
1848,Meperidine,4058.0,CCOC(=O)C1(CCN(CC1)C)C2=CC=CC=C2,247.33,2.5,29.5,0.0,3.0,4.0,PubChem,Available
1849,Mephedrone,45266826.0,CC1=CC=C(C=C1)C(=O)C(C)NC,177.24,2.0,29.1,1.0,2.0,3.0,PubChem,Available
1850,Mephenesin,4059.0,CC1=CC=CC=C1OCC(CO)O,182.22,1.4,49.7,2.0,3.0,4.0,PubChem,Available
1851,Mephenoxalone,6257.0,COC1=CC=CC=C1OCC2CNC(=O)O2,223.22,1.4,56.8,1.0,4.0,4.0,PubChem,Available
1852,Mephentermine,3677.0,CC(C)(CC1=CC=CC=C1)NC,163.26,2.4,12.0,1.0,1.0,3.0,PubChem,Available
1853,Mephenytoin,4060.0,CCC1(C(=O)N(C(=O)N1)C)C2=CC=CC=C2,218.25,1.5,49.4,1.0,2.0,2.0,PubChem,Available
1854,Mepindolol,71698.0,CC1=CC2=C(N1)C=CC=C2OCC(CNC(C)C)O,262.35,2.3,57.3,3.0,3.0,6.0,PubChem,Available
1855,Mepivacaine,4062.0,CC1=C(C(=CC=C1)C)NC(=O)C2CCCCN2C,246.35,1.9,32.3,1.0,2.0,2.0,PubChem,Available
1856,Meprednisone,5284587.0,CC1CC2C3CCC4=CC(=O)C=CC4(C3C(=O)CC2(C1(C(=O)CO)O)C)C,372.5,1.9,91.7,2.0,5.0,2.0,PubChem,Available
1857,Meprobamate,4064.0,CCCC(C)(COC(=O)N)COC(=O)N,218.25,0.7,105.0,2.0,4.0,8.0,PubChem,Available
1858,Meptazinol,41049.0,CCC1(CCCCN(C1)C)C2=CC(=CC=C2)O,233.35,3.4,23.5,1.0,2.0,2.0,PubChem,Available
1859,Mepyramine,4992.0,CN(C)CCN(CC1=CC=C(C=C1)OC)C2=CC=CC=N2,285.4,3.3,28.6,0.0,4.0,7.0,PubChem,Available
1860,Mequitazine,4066.0,C1CN2CCC1C(C2)CN3C4=CC=CC=C4SC5=CC=CC=C53,322.5,4.6,31.8,0.0,3.0,2.0,PubChem,Available
1861,Mercaptopurine,667490.0,C1=NC2=C(N1)C(=S)N=CN2,152.18,0.0,85.2,2.0,2.0,0.0,PubChem,Available
1862,Merestinib,44603533.0,CC1=CC=C(C(=O)N1C2=CC=C(C=C2)F)C(=O)NC3=CC(=C(C=C3)OC4=C(C=C5C(=C4)C=NN5C)C6=CNN=C6)F,552.5,4.7,105.0,2.0,7.0,6.0,PubChem,Available
1863,Meropenem,441130.0,CC1C2C(C(=O)N2C(=C1SC3CC(NC3)C(=O)N(C)C)C(=O)O)C(C)O,383.5,-2.4,135.0,3.0,7.0,5.0,PubChem,Available
1864,Mersalyl,9806195.0,COC(CNC(=O)C1=CC=CC=C1OCC(=O)[O-])C[Hg+].[OH-].[Na+],505.85,,88.7,2.0,6.0,7.0,PubChem,Available
1865,Mesalazine,4075.0,C1=CC(=C(C=C1N)C(=O)O)O,153.14,1.3,83.6,3.0,4.0,1.0,PubChem,Available
1866,Mesoridazine,4078.0,CN1CCCCC1CCN2C3=CC=CC=C3SC4=C2C=C(C=C4)S(=O)C,386.6,4.5,68.1,0.0,5.0,4.0,PubChem,Available
1867,Mesterolone,15020.0,CC1CC(=O)CC2C1(C3CCC4(C(C3CC2)CCC4O)C)C,304.5,4.1,37.3,1.0,2.0,0.0,PubChem,Available
1868,Mestranol,6291.0,CC12CCC3C(C1CCC2(C#C)O)CCC4=C3C=CC(=C4)OC,310.4,4.0,29.5,1.0,2.0,2.0,PubChem,Available
1869,Metabutethamine,11115.0,CC(C)CNCCOC(=O)C1=CC(=CC=C1)N,236.31,2.0,64.4,2.0,4.0,7.0,PubChem,Available
1870,Metacycline,54675785.0,CN(C)C1C2C(C3C(=C)C4=C(C(=CC=C4)O)C(=C3C(=O)C2(C(=C(C1=O)C(=O)N)O)O)O)O,442.4,0.3,182.0,6.0,9.0,2.0,PubChem,Available
1871,Metadoxine,115198.0,CC1=NC=C(C(=C1O)CO)CO.C1CC(=O)NC1C(=O)O,298.29,,140.0,5.0,7.0,3.0,PubChem,Available
1872,Metahexamide,11259.0,CC1=C(C=C(C=C1)S(=O)(=O)NC(=O)NC2CCCCC2)N,311.4,2.2,110.0,3.0,4.0,3.0,PubChem,Available
1873,Metamizole,3111.0,CC1=C(C(=O)N(N1C)C2=CC=CC=C2)N(C)CS(=O)(=O)O,311.36,0.0,89.5,1.0,6.0,4.0,PubChem,Available
1874,Metampicillin,6713928.0,CC1(C(N2C(S1)C(C2=O)NC(=O)C(C3=CC=CC=C3)N=C)C(=O)O)C,361.4,3.0,124.0,2.0,6.0,5.0,PubChem,Available
1875,Metaraminol,5906.0,CC(C(C1=CC(=CC=C1)O)O)N,167.2,-0.4,66.5,3.0,3.0,2.0,PubChem,Available
1876,Metaxalone,15459.0,CC1=CC(=CC(=C1)OCC2CNC(=O)O2)C,221.25,2.2,47.6,1.0,3.0,3.0,PubChem,Available
1877,Metenolone,3037705.0,CC1=CC(=O)CC2C1(C3CCC4(C(C3CC2)CCC4O)C)C,302.5,3.9,37.3,1.0,2.0,0.0,PubChem,Available
1878,Metergoline,28693.0,CN1CC(CC2C1CC3=CN(C4=CC=CC2=C34)C)CNC(=O)OCC5=CC=CC=C5,403.5,3.8,46.5,1.0,3.0,5.0,PubChem,Available
1879,Metformin,4091.0,CN(C)C(=N)N=C(N)N,129.16,-1.3,91.5,3.0,1.0,2.0,PubChem,Available
1880,Methacholine,1993.0,CC(C[N+](C)(C)C)OC(=O)C,160.23,0.6,26.3,0.0,2.0,4.0,PubChem,Available
1881,Methallenestril,10599.0,CCC(C1=CC2=C(C=C1)C=C(C=C2)OC)C(C)(C)C(=O)O,286.4,4.7,46.5,1.0,3.0,5.0,PubChem,Available
1882,Methanesulfonyl Fluoride,11207.0,CS(=O)(=O)F,98.1,0.1,42.5,0.0,3.0,0.0,PubChem,Available
1883,Methantheline,4097.0,CC[N+](C)(CC)CCOC(=O)C1C2=CC=CC=C2OC3=CC=CC=C13,340.4,3.3,35.5,0.0,3.0,7.0,PubChem,Available
1884,Methapyrilene,4098.0,CN(C)CCN(CC1=CC=CS1)C2=CC=CC=N2,261.39,2.6,47.6,0.0,4.0,6.0,PubChem,Available
1885,Methaqualone,6292.0,CC1=CC=CC=C1N2C(=NC3=CC=CC=C3C2=O)C,250.29,2.5,32.7,0.0,2.0,1.0,PubChem,Available
1886,Metharbital,4099.0,CCC1(C(=O)NC(=O)N(C1=O)C)CC,198.22,1.2,66.5,1.0,3.0,2.0,PubChem,Available
1887,Methazolamide,4100.0,CC(=O)N=C1N(N=C(S1)S(=O)(=O)N)C,236.3,0.1,139.0,1.0,6.0,1.0,PubChem,Available
1888,Methdilazine,14677.0,CN1CCC(C1)CN2C3=CC=CC=C3SC4=CC=CC=C42,296.4,5.2,31.8,0.0,3.0,2.0,PubChem,Available
1889,Methenamine,4101.0,C1N2CN3CN1CN(C2)C3,140.19,0.3,13.0,0.0,4.0,0.0,PubChem,Available
1890,Methimazole,1349907.0,CN1C=CNC1=S,114.17,-0.3,47.4,1.0,1.0,0.0,PubChem,Available
1891,Methocarbamol,4107.0,COC1=CC=CC=C1OCC(COC(=O)N)O,241.24,0.6,91.0,2.0,5.0,7.0,PubChem,Available
1892,Methohexital,9034.0,CCC#CC(C)C1(C(=O)NC(=O)N(C1=O)C)CC=C,262.3,2.3,66.5,1.0,3.0,3.0,PubChem,Available
1893,Methoserpidine,71798.0,COC1C(CC2CN3CCC4=C(C3CC2C1C(=O)OC)NC5=C4C=C(C=C5)OC)OC(=O)C6=CC(=C(C(=C6)OC)OC)OC,608.7,4.1,118.0,1.0,10.0,10.0,PubChem,Available
1894,Methotrexate,126941.0,CN(CC1=CN=C2C(=N1)C(=NC(=N2)N)N)C3=CC=C(C=C3)C(=O)NC(CCC(=O)O)C(=O)O,454.4,-1.8,211.0,5.0,12.0,9.0,PubChem,Available
1895,Methotrimeprazine,72287.0,CC(CN1C2=CC=CC=C2SC3=C1C=C(C=C3)OC)CN(C)C,328.5,4.7,41.0,0.0,4.0,5.0,PubChem,Available
1896,Methoxamine,6082.0,CC(C(C1=C(C=CC(=C1)OC)OC)O)N,211.26,0.5,64.7,2.0,4.0,4.0,PubChem,Available
1897,Methoxsalen,4114.0,COC1=C2C(=CC3=C1OC=C3)C=CC(=O)O2,216.19,1.9,48.7,0.0,4.0,1.0,PubChem,Available
1898,Methoxyflurane,4116.0,COC(C(Cl)Cl)(F)F,164.96,2.2,9.2,0.0,3.0,2.0,PubChem,Available
1899,Methoxyphenamine,4117.0,CC(CC1=CC=CC=C1OC)NC,179.26,2.6,21.3,1.0,2.0,4.0,PubChem,Available
1900,Methscopolamine,71183.0,C[N+]1(C2CC(CC1C3C2O3)OC(=O)C(CO)C4=CC=CC=C4)C,318.4,1.3,59.1,1.0,4.0,5.0,PubChem,Available
1901,Methsuximide,6476.0,CC1(CC(=O)N(C1=O)C)C2=CC=CC=C2,203.24,1.2,37.4,0.0,2.0,1.0,PubChem,Available
1902,Methyclothiazide,4121.0,CN1C(NC2=CC(=C(C=C2S1(=O)=O)S(=O)(=O)N)Cl)CCl,360.2,1.4,126.0,2.0,7.0,2.0,PubChem,Available
1903,Methyl salicylate,4133.0,COC(=O)C1=CC=CC=C1O,152.15,2.3,46.5,1.0,3.0,2.0,PubChem,Available
1904,Methyl-1-testosterone,7092657.0,CC12CCC3C(C1CCC2(C)O)CCC4C3(C=CC(=O)C4)C,302.5,4.1,37.3,1.0,2.0,0.0,PubChem,Available
1905,Methyldopa,38853.0,CC(CC1=CC(=C(C=C1)O)O)(C(=O)O)N,211.21,-1.9,104.0,4.0,5.0,3.0,PubChem,Available
1906,Methylecgonine,104904.0,CN1C2CCC1C(C(C2)O)C(=O)OC,199.25,0.6,49.8,1.0,4.0,2.0,PubChem,Available
1907,Methylene blue,6099.0,CN(C)C1=CC2=C(C=C1)N=C3C=CC(=[N+](C)C)C=C3S2.[Cl-],319.9,,43.9,0.0,4.0,1.0,PubChem,Available
1908,Methylenedioxyethamphetamine,105039.0,CCNC(C)CC1=CC2=C(C=C1)OCO2,207.27,2.5,30.5,1.0,3.0,4.0,PubChem,Available
1909,Methylergometrine,8226.0,CCC(CO)NC(=O)C1CN(C2CC3=CNC4=CC=CC(=C34)C2=C1)C,339.4,2.3,68.4,3.0,3.0,4.0,PubChem,Available
1910,Methylestrenolone,5284597.0,CC12CCC3C(C1CCC2(C)O)CCC4=CC(=O)CCC34,288.4,2.8,37.3,1.0,2.0,0.0,PubChem,Available
1911,Methylnaltrexone,5361918.0,C[N+]1(CCC23C4C(=O)CCC2(C1CC5=C3C(=C(C=C5)O)O4)O)CC6CC6,356.4,1.6,66.8,2.0,4.0,2.0,PubChem,Available
1912,Methylpentynol,6494.0,CCC(C)(C#C)O,98.14,0.8,20.2,1.0,1.0,2.0,PubChem,Available
1913,Methylphenobarbital,8271.0,CCC1(C(=O)NC(=O)N(C1=O)C)C2=CC=CC=C2,246.26,1.8,66.5,1.0,3.0,2.0,PubChem,Available
1914,Methylphosphinate,6369389.0,CP(=O)=O,78.007,-1.3,34.1,0.0,2.0,0.0,PubChem,Available
1915,Methylprednisolone,6741.0,CC1CC2C3CCC(C3(CC(C2C4(C1=CC(=O)C=C4)C)O)C)(C(=O)CO)O,374.5,1.9,94.8,3.0,5.0,2.0,PubChem,Available
1916,Methylprednisolone aceponate,63019.0,CCC(=O)OC1(CCC2C1(CC(C3C2CC(C4=CC(=O)C=CC34C)C)O)C)C(=O)COC(=O)C,472.6,3.8,107.0,1.0,7.0,7.0,PubChem,Available
1917,Methylprednisolone hemisuccinate,16923.0,CC1CC2C3CCC(C3(CC(C2C4(C1=CC(=O)C=C4)C)O)C)(C(=O)COC(=O)CCC(=O)O)O,474.5,2.2,138.0,3.0,8.0,7.0,PubChem,Available
1918,Methylprednisone,124653.0,CC1CC2C3CCC(C3(CC(=O)C2C4(C1=CC(=O)C=C4)C)C)(C(=O)CO)O,372.5,1.8,91.7,2.0,5.0,2.0,PubChem,Available
1919,Methylpropylpropanediol dinitrate,25430.0,CCCC(C)(CO[N+](=O)[O-])CO[N+](=O)[O-],222.2,2.9,110.0,0.0,6.0,6.0,PubChem,Available
1920,Methylselenocysteine,147004.0,C[Se]CC(C(=O)O)N,182.09,,63.3,2.0,3.0,3.0,PubChem,Available
1921,Methyltestosterone,6010.0,CC12CCC(=O)C=C1CCC3C2CCC4(C3CCC4(C)O)C,302.5,3.4,37.3,1.0,2.0,0.0,PubChem,Available
1922,Methylthiouracil,667493.0,CC1=CC(=O)NC(=S)N1,142.18,-0.2,73.2,2.0,2.0,0.0,PubChem,Available
1923,Methyprylon,4162.0,CCC1(C(=O)C(CNC1=O)C)CC,183.25,0.8,46.2,1.0,2.0,2.0,PubChem,Available
1924,Methysergide,9681.0,CCC(CO)NC(=O)C1CN(C2CC3=CN(C4=CC=CC(=C34)C2=C1)C)C,353.5,2.3,57.5,2.0,3.0,4.0,PubChem,Available
1925,Metiamide,1548992.0,CC1=C(N=CN1)CSCCNC(=S)NC,244.4,0.5,110.0,3.0,3.0,5.0,PubChem,Available
1926,Meticillin,6087.0,CC1(C(N2C(S1)C(C2=O)NC(=O)C3=C(C=CC=C3OC)OC)C(=O)O)C,380.4,1.2,130.0,2.0,7.0,5.0,PubChem,Available
1927,Meticrane,4165.0,CC1=CC2=C(C=C1S(=O)(=O)N)S(=O)(=O)CCC2,275.3,0.5,111.0,1.0,5.0,1.0,PubChem,Available
1928,Metildigoxin,443946.0,CC1C(C(CC(O1)OC2C(OC(CC2O)OC3C(OC(CC3O)OC4CCC5(C(C4)CCC6C5CC(C7(C6(CCC7C8=CC(=O)OC8)O)C)O)C)C)C)O)OC,795.0,1.8,192.0,5.0,14.0,8.0,PubChem,Available
1929,Metipranolol,31477.0,CC1=CC(=C(C(=C1OC(=O)C)C)C)OCC(CNC(C)C)O,309.4,2.7,67.8,2.0,5.0,8.0,PubChem,Available
1930,Metixene,4167.0,CN1CCCC(C1)CC2C3=CC=CC=C3SC4=CC=CC=C24,309.5,4.9,28.5,0.0,2.0,2.0,PubChem,Available
1931,Metoclopramide,4168.0,CCN(CC)CCNC(=O)C1=CC(=C(C=C1OC)N)Cl,299.79,2.6,67.6,2.0,4.0,7.0,PubChem,Available
1932,Metocurine,21233.0,C[N+]1(CCC2=CC(=C3C=C2C1CC4=CC=C(C=C4)OC5=C6C(CC7=CC(=C(C=C7)OC)O3)[N+](CCC6=CC(=C5OC)OC)(C)C)OC)C,652.8,6.7,55.4,0.0,6.0,4.0,PubChem,Available
1933,Metolazone,4170.0,CC1NC2=CC(=C(C=C2C(=O)N1C3=CC=CC=C3C)S(=O)(=O)N)Cl,365.8,4.1,101.0,2.0,5.0,2.0,PubChem,Available
1934,Metoprine,24466.0,CC1=C(C(=NC(=N1)N)N)C2=CC(=C(C=C2)Cl)Cl,269.13,2.8,77.8,2.0,4.0,1.0,PubChem,Available
1935,Metoprolol,4171.0,CC(C)NCC(COC1=CC=C(C=C1)CCOC)O,267.36,1.9,50.7,2.0,4.0,9.0,PubChem,Available
1936,Metrifonate,5853.0,COP(=O)(C(C(Cl)(Cl)Cl)O)OC,257.43,0.5,55.8,1.0,4.0,3.0,PubChem,Available
1937,Metronidazole,4173.0,CC1=NC=C(N1CCO)[N+](=O)[O-],171.15,0.0,83.9,1.0,4.0,2.0,PubChem,Available
1938,Metyrapone,4174.0,CC(C)(C1=CN=CC=C1)C(=O)C2=CN=CC=C2,226.27,2.0,42.9,0.0,3.0,3.0,PubChem,Available
1939,Metyrosine,441350.0,CC(CC1=CC=C(C=C1)O)(C(=O)O)N,195.21,-1.6,83.6,3.0,4.0,3.0,PubChem,Available
1940,Mevastatin,64715.0,CCC(C)C(=O)OC1CCC=C2C1C(C(C=C2)C)CCC3CC(CC(=O)O3)O,390.5,3.9,72.8,1.0,5.0,7.0,PubChem,Available
1941,Mezlocillin,656511.0,CC1(C(N2C(S1)C(C2=O)NC(=O)C(C3=CC=CC=C3)NC(=O)N4CCN(C4=O)S(=O)(=O)C)C(=O)O)C,539.6,-0.2,207.0,3.0,9.0,6.0,PubChem,Available
1942,Mianserin,4184.0,CN1CCN2C(C1)C3=CC=CC=C3CC4=CC=CC=C42,264.4,3.4,6.5,0.0,2.0,0.0,PubChem,Available
1943,Mibefradil,60663.0,CC(C)C1C2=C(CCC1(CCN(C)CCCC3=NC4=CC=CC=C4N3)OC(=O)COC)C=C(C=C2)F,495.6,5.8,67.5,1.0,6.0,12.0,PubChem,Available
1944,Mibolerone,251636.0,CC1CC2=CC(=O)CCC2C3C1C4CCC(C4(CC3)C)(C)O,302.5,3.2,37.3,1.0,2.0,0.0,PubChem,Available
1945,Micafungin,477468.0,CCCCCOC1=CC=C(C=C1)C2=CC(=NO2)C3=CC=C(C=C3)C(=O)NC4CC(C(NC(=O)C5C(C(CN5C(=O)C(NC(=O)C(NC(=O)C6CC(CN6C(=O)C(NC4=O)C(C)O)O)C(C(C7=CC(=C(C=C7)O)OS(=O)(=O)O)O)O)C(CC(=O)N)O)C)O)O)O,1270.3,-1.6,519.0,16.0,24.0,18.0,PubChem,Available
1946,Miconazole,4189.0,C1=CC(=C(C=C1Cl)Cl)COC(CN2C=CN=C2)C3=C(C=C(C=C3)Cl)Cl,416.1,5.3,27.1,0.0,2.0,6.0,PubChem,Available
1947,Micronomicin,3037206.0,CC1(COC(C(C1NC)O)OC2C(CC(C(C2O)OC3C(CCC(O3)CNC)N)N)N)O,463.6,-4.5,200.0,8.0,12.0,7.0,PubChem,Available
1948,Midazolam,4192.0,CC1=NC=C2N1C3=C(C=C(C=C3)Cl)C(=NC2)C4=CC=CC=C4F,325.8,2.5,30.2,0.0,3.0,1.0,PubChem,Available
1949,Midecamycin,5282169.0,CCC(=O)OC1CC(=O)OC(CC=CC=CC(C(CC(C(C1OC)OC2C(C(C(C(O2)C)OC3CC(C(C(O3)C)OC(=O)CC)(C)O)N(C)C)O)CC=O)C)O)C,814.0,2.6,206.0,3.0,16.0,14.0,PubChem,Available
1950,Midodrine,4195.0,COC1=CC(=C(C=C1)OC)C(CNC(=O)CN)O,254.28,-0.6,93.8,3.0,5.0,6.0,PubChem,Available
1951,Midomafetamine,1615.0,CC(CC1=CC2=C(C=C1)OCO2)NC,193.24,2.2,30.5,1.0,3.0,3.0,PubChem,Available
1952,Midostaurin,9829523.0,CC12C(C(CC(O1)N3C4=CC=CC=C4C5=C6C(=C7C8=CC=CC=C8N2C7=C53)CNC6=O)N(C)C(=O)C9=CC=CC=C9)OC,570.6,4.8,77.7,1.0,4.0,3.0,PubChem,Available
1953,Mifamurtide,123133557.0,CCCCCCCCCCCCCCCC(=O)OCC(COP(=O)([O-])OCCNC(=O)C(C)NC(=O)CCC(C(=O)N)NC(=O)C(C)NC(=O)C(C)OC(C(C=O)NC(=O)C)C(C(CO)O)O)OC(=O)CCCCCCCCCCCCCCC.O.[Na+],1277.5,,388.0,10.0,20.0,58.0,PubChem,Available
1954,Mifepristone,55245.0,CC#CC1(CCC2C1(CC(C3=C4CCC(=O)C=C4CCC23)C5=CC=C(C=C5)N(C)C)C)O,429.6,3.8,40.5,1.0,3.0,3.0,PubChem,Available
1955,Miglitol,441314.0,C1C(C(C(C(N1CCO)CO)O)O)O,207.22,-2.6,104.0,5.0,6.0,3.0,PubChem,Available
1956,Milrinone,4197.0,CC1=C(C=C(C(=O)N1)C#N)C2=CC=NC=C2,211.22,0.0,65.8,1.0,3.0,1.0,PubChem,Available
1957,Miltefosine,3599.0,CCCCCCCCCCCCCCCCOP(=O)([O-])OCC[N+](C)(C)C,407.6,6.7,58.6,0.0,4.0,20.0,PubChem,Available
1958,Minaprine,4199.0,CC1=CC(=NN=C1NCCN2CCOCC2)C3=CC=CC=C3,298.4,2.0,50.3,1.0,5.0,5.0,PubChem,Available
1959,Minocycline,54675783.0,CN(C)C1C2CC3CC4=C(C=CC(=C4C(=C3C(=O)C2(C(=C(C1=O)C(=O)N)O)O)O)O)N(C)C,457.5,-0.6,165.0,5.0,9.0,3.0,PubChem,Available
1960,Minoxidil,4201.0,C1CCN(CC1)C2=NC(=N)N(C(=C2)N)O,209.25,1.2,88.9,3.0,3.0,1.0,PubChem,Available
1961,Mirabegron,9865528.0,C1=CC=C(C=C1)C(CNCCC2=CC=C(C=C2)NC(=O)CC3=CSC(=N3)N)O,396.5,2.1,129.0,4.0,6.0,9.0,PubChem,Available
1962,Mirodenafil,135497803.0,CCCC1=CN(C2=C1N=C(NC2=O)C3=C(C=CC(=C3)S(=O)(=O)N4CCN(CC4)CCO)OCCC)CC,531.7,2.2,125.0,2.0,8.0,11.0,PubChem,Available
1963,Misoprostol,5282381.0,CCCCC(C)(CC=CC1C(CC(=O)C1CCCCCCC(=O)OC)O)O,382.5,3.7,83.8,2.0,5.0,14.0,PubChem,Available
1964,Mitapivat,59634741.0,C1CC1CN2CCN(CC2)C(=O)C3=CC=C(C=C3)NS(=O)(=O)C4=CC=CC5=C4N=CC=C5,450.6,1.8,91.0,1.0,6.0,6.0,PubChem,Available
1965,Mitemcinal,6918267.0,CCC1C(C(=O)C(C2=C(CC(O2)(C(C(C(C(C(=O)O1)C)OC3CC(C(C(O3)C)O)(C)OC)C)OC4C(C(CC(O4)C)N(C)C(C)C)O)C)C)C)(C)OC,756.0,4.1,152.0,2.0,13.0,9.0,PubChem,Available
1966,Mitiglinide,121891.0,C1CCC2CN(CC2C1)C(=O)CC(CC3=CC=CC=C3)C(=O)O,315.4,3.0,57.6,1.0,3.0,5.0,PubChem,Available
1967,Mitobronitol,656655.0,C(C(C(C(C(CBr)O)O)O)O)Br,307.96,-0.3,80.9,4.0,4.0,5.0,PubChem,Available
1968,Mitoguazone,5351154.0,CC(=NN=C(N)N)C=NN=C(N)N,184.2,-2.2,154.0,4.0,4.0,3.0,PubChem,Available
1969,Mitomycin,5746.0,CC1=C(C(=O)C2=C(C1=O)N3CC4C(C3(C2COC(=O)N)OC)N4)N,334.33,-0.4,147.0,3.0,8.0,4.0,PubChem,Available
1970,Mitotane,4211.0,C1=CC=C(C(=C1)C(C2=CC=C(C=C2)Cl)C(Cl)Cl)Cl,320.0,6.2,0.0,0.0,0.0,3.0,PubChem,Available
1971,Mitoxantrone,4212.0,C1=CC(=C2C(=C1NCCNCCO)C(=O)C3=C(C=CC(=C3C2=O)O)O)NCCNCCO,444.5,1.0,163.0,8.0,10.0,12.0,PubChem,Available
1972,Mivacurium,5281042.0,C[N+]1(CCC2=CC(=C(C=C2C1CC3=CC(=C(C(=C3)OC)OC)OC)OC)OC)CCCOC(=O)CCC=CCCC(=O)OCCC[N+]4(CCC5=CC(=C(C=C5C4CC6=CC(=C(C(=C6)OC)OC)OC)OC)OC)C,1029.3,8.7,145.0,0.0,14.0,30.0,PubChem,Available
1973,Mizolastine,65906.0,CN(C1CCN(CC1)C2=NC3=CC=CC=C3N2CC4=CC=C(C=C4)F)C5=NC=CC(=O)N5,432.5,3.2,65.8,1.0,5.0,5.0,PubChem,Available
1974,Mizoribine,104762.0,C1=NC(=C(N1C2C(C(C(O2)CO)O)O)O)C(=O)N,259.22,-1.9,151.0,5.0,7.0,3.0,PubChem,Available
1975,Mobocertinib,118607832.0,CC(C)OC(=O)C1=CN=C(N=C1C2=CN(C3=CC=CC=C32)C)NC4=C(C=C(C(=C4)NC(=O)C=C)N(C)CCN(C)C)OC,585.7,4.4,114.0,2.0,9.0,13.0,PubChem,Available
1976,Mocetinostat,9865515.0,C1=CC=C(C(=C1)N)NC(=O)C2=CC=C(C=C2)CNC3=NC=CC(=N3)C4=CN=CC=C4,396.4,2.8,106.0,3.0,6.0,6.0,PubChem,Available
1977,Moclobemide,4235.0,C1COCCN1CCNC(=O)C2=CC=C(C=C2)Cl,268.74,1.5,41.6,1.0,3.0,4.0,PubChem,Available
1978,Moexipril,91270.0,CCOC(=O)C(CCC1=CC=CC=C1)NC(C)C(=O)N2CC3=CC(=C(C=C3CC2C(=O)O)OC)OC,498.6,1.2,114.0,2.0,8.0,12.0,PubChem,Available
1979,Moexiprilat,55331.0,CC(C(=O)N1CC2=CC(=C(C=C2CC1C(=O)O)OC)OC)NC(CCC3=CC=CC=C3)C(=O)O,470.5,0.5,125.0,3.0,8.0,10.0,PubChem,Available
1980,Mofebutazone,16639.0,CCCCC1C(=O)NN(C1=O)C2=CC=CC=C2,232.28,2.7,49.4,1.0,2.0,4.0,PubChem,Available
1981,Molindone,23897.0,CCC1=C(NC2=C1C(=O)C(CC2)CN3CCOCC3)C,276.37,1.7,45.3,1.0,3.0,3.0,PubChem,Available
1982,Molsidomine,5353788.0,CCOC(=NC1=C[N+](=NO1)N2CCOCC2)[O-],242.23,2.2,87.0,0.0,7.0,4.0,PubChem,Available
1983,Momelotinib,25062766.0,C1COCCN1C2=CC=C(C=C2)NC3=NC=CC(=N3)C4=CC=C(C=C4)C(=O)NCC#N,414.5,2.6,103.0,2.0,7.0,6.0,PubChem,Available
1984,Mometasone,441335.0,CC1CC2C3CCC4=CC(=O)C=CC4(C3(C(CC2(C1(C(=O)CCl)O)C)O)Cl)C,427.4,2.7,74.6,2.0,4.0,2.0,PubChem,Available
1985,Mometasone furoate,441336.0,CC1CC2C3CCC4=CC(=O)C=CC4(C3(C(CC2(C1(C(=O)CCl)OC(=O)C5=CC=CO5)C)O)Cl)C,521.4,3.9,93.8,1.0,6.0,5.0,PubChem,Available
1986,Monastrol,794323.0,CCOC(=O)C1=C(NC(=S)NC1C2=CC(=CC=C2)O)C,292.36,1.6,103.0,3.0,4.0,4.0,PubChem,Available
1987,Monofluorophosphate ion,65241.0,[O-]P(=O)([O-])F,97.97,-1.2,63.2,0.0,4.0,0.0,PubChem,Available
1988,Monomethyl fumarate,5369209.0,COC(=O)C=CC(=O)O,130.1,0.4,63.6,1.0,4.0,3.0,PubChem,Available
1989,Montelukast,5281040.0,CC(C)(C1=CC=CC=C1CCC(C2=CC=CC(=C2)C=CC3=NC4=C(C=CC(=C4)Cl)C=C3)SCC5(CC5)CC(=O)O)O,586.2,7.7,95.7,2.0,5.0,12.0,PubChem,Available
1990,Montmorillonite,71586775.0,O.[O-2].[O-2].[O-2].O=[Si]=O.O=[Si]=O.O=[Si]=O.O=[Si]=O.[Al+3].[Al+3],360.31,,141.0,1.0,12.0,0.0,PubChem,Available
1991,Moperone,4249.0,CC1=CC=C(C=C1)C2(CCN(CC2)CCCC(=O)C3=CC=C(C=C3)F)O,355.4,3.0,40.5,1.0,4.0,6.0,PubChem,Available
1992,Moricizine,34633.0,CCOC(=O)NC1=CC2=C(C=C1)SC3=CC=CC=C3N2C(=O)CCN4CCOCC4,427.5,3.0,96.4,1.0,6.0,6.0,PubChem,Available
1993,Morniflumate,72106.0,C1COCCN1CCOC(=O)C2=C(N=CC=C2)NC3=CC=CC(=C3)C(F)(F)F,395.4,3.7,63.7,1.0,9.0,7.0,PubChem,Available
1994,Morphine,5288826.0,CN1CCC23C4C1CC5=C2C(=C(C=C5)O)OC3C(C=C4)O,285.34,0.8,52.9,2.0,4.0,0.0,PubChem,Available
1995,Mosapramine,4257.0,C1CCN2C(C1)NC(=O)C23CCN(CC3)CCCN4C5=CC=CC=C5CCC6=C4C=C(C=C6)Cl,479.1,5.4,38.8,1.0,4.0,4.0,PubChem,Available
1996,Mosapride,119584.0,CCOC1=CC(=C(C=C1C(=O)NCC2CN(CCO2)CC3=CC=C(C=C3)F)Cl)N,421.9,2.8,76.8,2.0,6.0,7.0,PubChem,Available
1997,Motesanib,11667893.0,CC1(CNC2=C1C=CC(=C2)NC(=O)C3=C(N=CC=C3)NCC4=CC=NC=C4)C,373.5,3.9,78.9,3.0,5.0,5.0,PubChem,Available
1998,Motexafin gadolinium,158385.0,CCC1=C(C2=CC3=NC(=CN=C4C=C(C(=CC4=NC=C5C(=C(C(=N5)C=C1[N-]2)CCCO)C)OCCOCCOCCOC)OCCOCCOCCOC)C(=C3CCCO)C)CC.CC(=O)[O-].CC(=O)[O-].[Gd+3],1148.4,,245.0,2.0,19.0,28.0,PubChem,Available
1999,Motretinide,6314185.0,CCNC(=O)C=C(C)C=CC=C(C)C=CC1=C(C(=C(C=C1C)OC)C)C,353.5,6.2,38.3,1.0,2.0,7.0,PubChem,Available
2000,Moxestrol,11954041.0,CC12CC(C3C(C1CCC2(C#C)O)CCC4=C3C=CC(=C4)O)OC,326.4,3.0,49.7,2.0,3.0,2.0,PubChem,Available
2001,Moxifloxacin,152946.0,COC1=C2C(=CC(=C1N3CC4CCCNC4C3)F)C(=O)C(=CN2C5CC5)C(=O)O,401.4,0.6,82.1,2.0,8.0,4.0,PubChem,Available
2002,Moxisylyte,4260.0,CC1=CC(=C(C=C1OC(=O)C)C(C)C)OCCN(C)C,279.37,3.2,38.8,0.0,4.0,7.0,PubChem,Available
2003,Moxonidine,4810.0,CC1=NC(=C(C(=N1)Cl)NC2=NCCN2)OC,241.68,0.6,71.4,2.0,4.0,3.0,PubChem,Available
2004,Mupirocin,446596.0,CC(C1C(O1)CC2COC(C(C2O)O)CC(=CC(=O)OCCCCCCCCC(=O)O)C)C(C)O,500.6,3.0,146.0,4.0,9.0,17.0,PubChem,Available
2005,Muraglitazar,206044.0,CC1=C(N=C(O1)C2=CC=CC=C2)CCOC3=CC=C(C=C3)CN(CC(=O)O)C(=O)OC4=CC=C(C=C4)OC,516.5,5.2,111.0,1.0,8.0,12.0,PubChem,Available
2006,Murepavadin,91824766.0,CCC(C)C1C(=O)NC(C(=O)NC(C(=O)NC(C(=O)NC(C(=O)NC(C(=O)NC(C(=O)NC(C(=O)NC(C(=O)NC(C(=O)N2CCCC2C(=O)N3CCCC3C(=O)NC(C(=O)NC(C(=O)N1)CC4=CNC5=CC=CC=C54)C(C)O)CO)C)CCN)CCN)CC6=CNC7=CC=CC=C76)CCN)CCN)CCCN)CCN,1553.8,-4.1,618.0,22.0,22.0,21.0,PubChem,Available
2007,Muzolimine,41386.0,CC(C1=CC(=C(C=C1)Cl)Cl)N2C(=O)CC(=N2)N,272.13,2.0,58.7,1.0,2.0,2.0,PubChem,Available
2008,Mycophenolate mofetil,5281078.0,CC1=C2COC(=O)C2=C(C(=C1OC)CC=C(C)CCC(=O)OCCN3CCOCC3)O,433.5,3.2,94.5,1.0,8.0,10.0,PubChem,Available
2009,Mycophenolic acid,446541.0,CC1=C2COC(=O)C2=C(C(=C1OC)CC=C(C)CCC(=O)O)O,320.3,3.2,93.1,2.0,6.0,6.0,PubChem,Available
2010,Myxothiazol,10972974.0,CC(C)C=CC=CC(C)C1=NC(=CS1)C2=NC(=CS2)C=CC(C(C)C(=CC(=O)N)OC)OC,487.7,4.8,144.0,1.0,7.0,12.0,PubChem,Available
2011,"N-(2-hydroxybenzyl)-2,5-dimethoxy-4-cyanophenylethylamine",90489020.0,COC1=CC(=C(C=C1CCNCC2=CC=CC=C2O)OC)C#N,312.4,3.1,74.5,2.0,5.0,7.0,PubChem,Available
2012,N-Propargyl-1(S)-Aminoindan,5289310.0,C#CCNC1CCC2=CC=CC=C12,171.24,1.8,12.0,1.0,1.0,2.0,PubChem,Available
2013,N-acetyltyrosine,68310.0,CC(=O)NC(CC1=CC=C(C=C1)O)C(=O)O,223.22,-0.2,86.6,3.0,4.0,4.0,PubChem,Available
2014,N-methylnicotinamide,64950.0,CNC(=O)C1=CN=CC=C1,136.15,0.0,42.0,1.0,2.0,1.0,PubChem,Available
2015,NGX267,10013505.0,CCC1C(=O)NC2(S1)CCN(CC2)C,214.33,1.4,57.6,1.0,3.0,1.0,PubChem,Available
2016,NS-398,4553.0,CS(=O)(=O)NC1=C(C=C(C=C1)[N+](=O)[O-])OC2CCCCC2,314.36,2.9,110.0,1.0,6.0,4.0,PubChem,Available
2017,Nabilone,5284592.0,CCCCCCC(C)(C)C1=CC(=C2C3CC(=O)CCC3C(OC2=C1)(C)C)O,372.5,6.4,46.5,1.0,3.0,6.0,PubChem,Available
2018,Nabumetone,4409.0,CC(=O)CCC1=CC2=C(C=C1)C=C(C=C2)OC,228.29,3.1,26.3,0.0,2.0,4.0,PubChem,Available
2019,Nadolol,39147.0,CC(C)(C)NCC(COC1=CC=CC2=C1CC(C(C2)O)O)O,309.4,0.7,82.0,4.0,5.0,6.0,PubChem,Available
2020,Nafamostat,4413.0,C1=CC(=CC=C1C(=O)OC2=CC3=C(C=C2)C=C(C=C3)C(=N)N)N=C(N)N,347.4,2.0,141.0,4.0,4.0,5.0,PubChem,Available
2021,Nafarelin,25077405.0,CC(C)CC(C(=O)NC(CCCN=C(N)N)C(=O)N1CCCC1C(=O)NCC(=O)N)NC(=O)C(CC2=CC3=CC=CC=C3C=C2)NC(=O)C(CC4=CC=C(C=C4)O)NC(=O)C(CO)NC(=O)C(CC5=CNC6=CC=CC=C65)NC(=O)C(CC7=CN=CN7)NC(=O)C8CCC(=O)N8,1322.5,0.8,475.0,16.0,15.0,33.0,PubChem,Available
2022,Nafcillin,8982.0,CCOC1=C(C2=CC=CC=C2C=C1)C(=O)NC3C4N(C3=O)C(C(S4)(C)C)C(=O)O,414.5,2.9,121.0,2.0,6.0,5.0,PubChem,Available
2023,Naftidrofuryl,4417.0,CCN(CC)CCOC(=O)C(CC1CCCO1)CC2=CC=CC3=CC=CC=C32,383.5,4.8,38.8,0.0,4.0,11.0,PubChem,Available
2024,Naftopidil,4418.0,COC1=CC=CC=C1N2CCN(CC2)CC(COC3=CC=CC4=CC=CC=C43)O,392.5,4.1,45.2,1.0,5.0,7.0,PubChem,Available
2025,Nalbuphine,5311304.0,C1CC(C1)CN2CCC34C5C(CCC3(C2CC6=C4C(=C(C=C6)O)O5)O)O,357.4,0.2,73.2,3.0,5.0,2.0,PubChem,Available
2026,Naldemedine,54732242.0,CC(C)(C1=NC(=NO1)C2=CC=CC=C2)NC(=O)C3=C(C4C56CCN(C(C5(C3)O)CC7=C6C(=C(C=C7)O)O4)CC8CC8)O,570.6,3.2,141.0,4.0,9.0,6.0,PubChem,Available
2027,Nalidixic acid,4421.0,CCN1C=C(C(=O)C2=C1N=C(C=C2)C)C(=O)O,232.23,1.4,70.5,1.0,5.0,2.0,PubChem,Available
2028,Nalmefene,5284594.0,C=C1CCC2(C3CC4=C5C2(C1OC5=C(C=C4)O)CCN3CC6CC6)O,339.4,2.7,52.9,2.0,4.0,2.0,PubChem,Available
2029,Nalorphine,5284595.0,C=CCN1CCC23C4C1CC5=C2C(=C(C=C5)O)OC3C(C=C4)O,311.4,1.9,52.9,2.0,4.0,2.0,PubChem,Available
2030,Naloxegol,56959087.0,COCCOCCOCCOCCOCCOCCOCCOC1CCC2(C3CC4=C5C2(C1OC5=C(C=C4)O)CCN3CC=C)O,651.8,-1.0,127.0,2.0,12.0,24.0,PubChem,Available
2031,Naloxone,5284596.0,C=CCN1CCC23C4C(=O)CCC2(C1CC5=C3C(=C(C=C5)O)O4)O,327.4,2.1,70.0,2.0,5.0,2.0,PubChem,Available
2032,Naltrexone,5360515.0,C1CC1CN2CCC34C5C(=O)CCC3(C2CC6=C4C(=C(C=C6)O)O5)O,341.4,1.9,70.0,2.0,5.0,2.0,PubChem,Available
2033,Naluzotan,11430856.0,CC(=O)NC1=CC(=CC=C1)N2CCN(CC2)CCCCNS(=O)(=O)CC3CCCCC3,450.6,3.2,90.1,2.0,6.0,10.0,PubChem,Available
2034,Namitecan,10950142.0,CCC1(C2=C(COC1=O)C(=O)N3CC4=C(C5=CC=CC=C5N=C4C3=C2)C=NOCCN)O,434.4,0.1,127.0,2.0,8.0,5.0,PubChem,Available
2035,Nanatinostat,49857317.0,C1C2C(C2NCC3=NC4=C(C=C3)C=C(C=C4)F)CN1C5=NC=C(C=N5)C(=O)NO,394.4,1.0,103.0,3.0,8.0,5.0,PubChem,Available
2036,Nandrolone,9904.0,CC12CCC3C(C1CCC2O)CCC4=CC(=O)CCC34,274.4,2.6,37.3,1.0,2.0,0.0,PubChem,Available
2037,Nandrolone decanoate,9677.0,CCCCCCCCCC(=O)OC1CCC2C1(CCC3C2CCC4=CC(=O)CCC34)C,428.6,7.3,43.4,0.0,3.0,10.0,PubChem,Available
2038,Nandrolone phenpropionate,229455.0,CC12CCC3C(C1CCC2OC(=O)CCC4=CC=CC=C4)CCC5=CC(=O)CCC35,406.6,5.1,43.4,0.0,3.0,5.0,PubChem,Available
2039,Naphazoline,4436.0,C1CN=C(N1)CC2=CC=CC3=CC=CC=C32,210.27,2.1,24.4,1.0,1.0,2.0,PubChem,Available
2040,Naproxen,156391.0,CC(C1=CC2=C(C=C1)C=C(C=C2)OC)C(=O)O,230.26,3.3,46.5,1.0,3.0,3.0,PubChem,Available
2041,Naquotinib,71667668.0,CCC1=C(N=C(C(=N1)C(=O)N)NC2=CC=C(C=C2)N3CCC(CC3)N4CCN(CC4)C)OC5CCN(C5)C(=O)C=C,562.7,3.4,120.0,2.0,9.0,9.0,PubChem,Available
2042,Naratriptan,4440.0,CNS(=O)(=O)CCC1=CC2=C(C=C1)NC=C2C3CCN(CC3)C,335.5,2.0,73.6,2.0,4.0,5.0,PubChem,Available
2043,Naringenin,439246.0,C1C(OC2=CC(=CC(=C2C1=O)O)O)C3=CC=C(C=C3)O,272.25,2.4,87.0,3.0,5.0,1.0,PubChem,Available
2044,Naronapride,11237985.0,COC1CN(CCC1NC(=O)C2=CC(=C(C=C2OC)N)Cl)CCCCCC(=O)OC3CN4CCC3CC4,537.1,2.8,106.0,2.0,8.0,12.0,PubChem,Available
2045,Natamycin,5284447.0,CC1CC=CC=CC=CC=CC(CC2C(C(CC(O2)(CC(CC3C(O3)C=CC(=O)O1)O)O)O)C(=O)O)OC4C(C(C(C(O4)C)O)N)O,665.7,-1.3,231.0,7.0,14.0,3.0,PubChem,Available
2046,Nateglinide,5311309.0,CC(C)C1CCC(CC1)C(=O)NC(CC2=CC=CC=C2)C(=O)O,317.4,3.2,66.4,2.0,3.0,6.0,PubChem,Available
2047,Navitoclax,24978538.0,CC1(CCC(=C(C1)CN2CCN(CC2)C3=CC=C(C=C3)C(=O)NS(=O)(=O)C4=CC(=C(C=C4)NC(CCN5CCOCC5)CSC6=CC=CC=C6)S(=O)(=O)C(F)(F)F)C7=CC=C(C=C7)Cl)C,974.6,9.6,170.0,2.0,14.0,16.0,PubChem,Available
2048,Neamine,72392.0,C1C(C(C(C(C1N)OC2C(C(C(C(O2)CN)O)O)N)O)O)N,322.36,-5.4,203.0,8.0,10.0,3.0,PubChem,Available
2049,Nebivolol,71301.0,C1CC2=C(C=CC(=C2)F)OC1C(CNCC(C3CCC4=C(O3)C=CC(=C4)F)O)O,405.4,3.0,71.0,3.0,7.0,6.0,PubChem,Available
2050,Nebularine,68368.0,C1=C2C(=NC=N1)N(C=N2)C3C(C(C(O3)CO)O)O,252.23,-0.7,114.0,3.0,7.0,2.0,PubChem,Available
2051,Nedocromil,50294.0,CCCC1=C2C(=CC3=C1OC(=CC3=O)C(=O)O)C(=O)C=C(N2CC)C(=O)O,371.3,2.2,121.0,2.0,8.0,5.0,PubChem,Available
2052,Nefazodone,4449.0,CCC1=NN(C(=O)N1CCOC2=CC=CC=C2)CCCN3CCN(CC3)C4=CC(=CC=C4)Cl,470.0,4.3,51.6,0.0,5.0,10.0,PubChem,Available
2053,Nefiracetam,71157.0,CC1=C(C(=CC=C1)C)NC(=O)CN2CCCC2=O,246.3,1.4,49.4,1.0,2.0,3.0,PubChem,Available
2054,Nelarabine,3011155.0,COC1=NC(=NC2=C1N=CN2C3C(C(C(O3)CO)O)O)N,297.27,-0.7,149.0,4.0,9.0,3.0,PubChem,Available
2055,Nelfinavir,64143.0,CC1=C(C=CC=C1O)C(=O)NC(CSC2=CC=CC=C2)C(CN3CC4CCCCC4CC3C(=O)NC(C)(C)C)O,567.8,5.7,127.0,4.0,6.0,10.0,PubChem,Available
2056,Nemonoxacin,11993740.0,CC1CC(CN(C1)C2=C(C3=C(C=C2)C(=O)C(=CN3C4CC4)C(=O)O)OC)N,371.4,0.4,96.1,2.0,7.0,4.0,PubChem,Available
2057,Neocitrullamon,3084726.0,C1=CC=C(C=C1)C2(C(=O)N(C(=O)N2)CCCC(C(=O)O)N)C3=CC=CC=C3,367.4,-0.6,113.0,3.0,5.0,7.0,PubChem,Available
2058,Neosaxitoxin,21117946.0,C1CN2C(=N)N(C(C3C2(C1(O)O)NC(=N3)N)COC(=O)N)O,315.29,-4.3,194.0,7.0,7.0,3.0,PubChem,Available
2059,Neostigmine,4456.0,CN(C)C(=O)OC1=CC=CC(=C1)[N+](C)(C)C,223.29,1.5,29.5,0.0,2.0,3.0,PubChem,Available
2060,Nepafenac,151075.0,C1=CC=C(C=C1)C(=O)C2=CC=CC(=C2N)CC(=O)N,254.28,1.9,86.2,2.0,3.0,4.0,PubChem,Available
2061,Neratinib,9915743.0,CCOC1=C(C=C2C(=C1)N=CC(=C2NC3=CC(=C(C=C3)OCC4=CC=CC=N4)Cl)C#N)NC(=O)C=CCN(C)C,557.0,4.9,112.0,2.0,8.0,11.0,PubChem,Available
2062,Netilmicin,441306.0,CCNC1CC(C(C(C1OC2C(C(C(CO2)(C)O)NC)O)O)OC3C(CC=C(O3)CN)N)N,475.6,-4.2,200.0,8.0,12.0,8.0,PubChem,Available
2063,Netoglitazone,204109.0,C1=CC=C(C(=C1)COC2=CC3=C(C=C2)C=C(C=C3)CC4C(=O)NC(=O)S4)F,381.4,4.9,80.7,1.0,5.0,5.0,PubChem,Available
2064,Netupitant,6451149.0,CC1=CC=CC=C1C2=CC(=NC=C2N(C)C(=O)C(C)(C)C3=CC(=CC(=C3)C(F)(F)F)C(F)(F)F)N4CCN(CC4)C,578.6,6.8,39.7,0.0,10.0,5.0,PubChem,Available
2065,Nevirapine,4463.0,CC1=C2C(=NC=C1)N(C3=C(C=CC=N3)C(=O)N2)C4CC4,266.3,2.0,58.1,1.0,4.0,1.0,PubChem,Available
2066,Nialamide,4472.0,C1=CC=C(C=C1)CNC(=O)CCNNC(=O)C2=CC=NC=C2,298.34,0.9,83.1,3.0,4.0,7.0,PubChem,Available
2067,Niaprazine,71919.0,CC(CCN1CCN(CC1)C2=CC=C(C=C2)F)NC(=O)C3=CN=CC=C3,356.4,2.6,48.5,1.0,5.0,6.0,PubChem,Available
2068,Nicardipine,4474.0,CC1=C(C(C(=C(N1)C)C(=O)OCCN(C)CC2=CC=CC=C2)C3=CC(=CC=C3)[N+](=O)[O-])C(=O)OC,479.5,3.8,114.0,1.0,8.0,10.0,PubChem,Available
2069,Nicergoline,34040.0,CN1CC(CC2(C1CC3=CN(C4=CC=CC2=C34)C)OC)COC(=O)C5=CC(=CN=C5)Br,484.4,3.2,56.6,0.0,5.0,5.0,PubChem,Available
2070,Niclosamide,4477.0,C1=CC(=C(C=C1[N+](=O)[O-])Cl)NC(=O)C2=C(C=CC(=C2)Cl)O,327.12,4.0,95.2,2.0,4.0,2.0,PubChem,Available
2071,Nicomorphine,5362460.0,CN1CCC23C4C1CC5=C2C(=C(C=C5)OC(=O)C6=CN=CC=C6)OC3C(C=C4)OC(=O)C7=CN=CC=C7,495.5,2.7,90.9,0.0,8.0,6.0,PubChem,Available
2072,Nicorandil,47528.0,C1=CC(=CN=C1)C(=O)NCCO[N+](=O)[O-],211.17,0.8,97.0,1.0,5.0,4.0,PubChem,Available
2073,Nicotine,89594.0,CN1CCCC1C2=CN=CC=C2,162.23,1.2,16.1,0.0,2.0,1.0,PubChem,Available
2074,Nicotinyl alcohol,7510.0,C1=CC(=CN=C1)CO,109.13,0.0,33.1,1.0,2.0,1.0,PubChem,Available
2075,Nifedipine,4485.0,CC1=C(C(C(=C(N1)C)C(=O)OC)C2=CC=CC=C2[N+](=O)[O-])C(=O)OC,346.3,2.2,110.0,1.0,7.0,5.0,PubChem,Available
2076,Nifenazone,4487.0,CC1=C(C(=O)N(N1C)C2=CC=CC=C2)NC(=O)C3=CN=CC=C3,308.33,2.0,65.5,1.0,4.0,3.0,PubChem,Available
2077,Niflumic acid,4488.0,C1=CC(=CC(=C1)NC2=C(C=CC=N2)C(=O)O)C(F)(F)F,282.22,3.7,62.2,2.0,7.0,3.0,PubChem,Available
2078,Nifuratel,6433427.0,CSCC1CN(C(=O)O1)N=CC2=CC=C(O2)[N+](=O)[O-],285.28,0.7,126.0,0.0,7.0,4.0,PubChem,Available
2079,Nigericin,34230.0,CC1CCC(OC1C(C)C(=O)O)CC2CC(C(C3(O2)C(CC(O3)(C)C4CCC(O4)(C)C5C(CC(O5)C6C(CC(C(O6)(CO)O)C)C)C)C)C)OC,725.0,5.5,142.0,3.0,11.0,9.0,PubChem,Available
2080,Nilotinib,644241.0,CC1=C(C=C(C=C1)C(=O)NC2=CC(=CC(=C2)C(F)(F)F)N3C=C(N=C3)C)NC4=NC=CC(=N4)C5=CN=CC=C5,529.5,4.9,97.6,2.0,9.0,6.0,PubChem,Available
2081,Niludipine,89767.0,CCCOCCOC(=O)C1=C(NC(=C(C1C2=CC(=CC=C2)[N+](=O)[O-])C(=O)OCCOCCC)C)C,490.5,3.9,129.0,1.0,9.0,15.0,PubChem,Available
2082,Nilutamide,4493.0,CC1(C(=O)N(C(=O)N1)C2=CC(=C(C=C2)[N+](=O)[O-])C(F)(F)F)C,317.22,2.0,95.2,1.0,7.0,1.0,PubChem,Available
2083,Nilvadipine,4494.0,CC1=C(C(C(=C(N1)C#N)C(=O)OC)C2=CC(=CC=C2)[N+](=O)[O-])C(=O)OC(C)C,385.4,2.9,134.0,1.0,8.0,6.0,PubChem,Available
2084,Nimesulide,4495.0,CS(=O)(=O)NC1=C(C=C(C=C1)[N+](=O)[O-])OC2=CC=CC=C2,308.31,2.6,110.0,1.0,6.0,4.0,PubChem,Available
2085,Nimodipine,4497.0,CC1=C(C(C(=C(N1)C)C(=O)OC(C)C)C2=CC(=CC=C2)[N+](=O)[O-])C(=O)OCCOC,418.4,3.1,120.0,1.0,8.0,9.0,PubChem,Available
2086,Nimustine,39214.0,CC1=NC=C(C(=N1)N)CNC(=O)N(CCCl)N=O,272.69,0.4,114.0,2.0,6.0,4.0,PubChem,Available
2087,Nintedanib,135423438.0,CN1CCN(CC1)CC(=O)N(C)C2=CC=C(C=C2)N=C(C3=CC=CC=C3)C4=C(NC5=C4C=CC(=C5)C(=O)OC)O,539.6,4.3,101.0,2.0,7.0,8.0,PubChem,Available
2088,Niperotidine,66753191.0,CN(C)CC1=CC=C(O1)CSCCNC(=C[N+](=O)[O-])NCC2=CC3=C(C=C2)OCO3,434.5,2.9,130.0,2.0,9.0,11.0,PubChem,Available
2089,Niraparib,24958200.0,C1CC(CNC1)C2=CC=C(C=C2)N3C=C4C=CC=C(C4=N3)C(=O)N,320.4,2.2,72.9,2.0,3.0,3.0,PubChem,Available
2090,Nirmatrelvir,155903259.0,CC1(C2C1C(N(C2)C(=O)C(C(C)(C)C)NC(=O)C(F)(F)F)C(=O)NC(CC3CCNC3=O)C#N)C,499.5,2.2,131.0,3.0,8.0,7.0,PubChem,Available
2091,Nirogacestat,46224413.0,CCCC(C(=O)NC1=CN(C=N1)C(C)(C)CNCC(C)(C)C)NC2CCC3=C(C2)C(=CC(=C3)F)F,489.6,4.8,71.0,3.0,6.0,11.0,PubChem,Available
2092,Nisoldipine,4499.0,CC1=C(C(C(=C(N1)C)C(=O)OCC(C)C)C2=CC=CC=C2[N+](=O)[O-])C(=O)OC,388.4,3.3,110.0,1.0,7.0,7.0,PubChem,Available
2093,Nisoxetine,4500.0,CNCCC(C1=CC=CC=C1)OC2=CC=CC=C2OC,271.35,3.1,30.5,1.0,3.0,7.0,PubChem,Available
2094,Nitrazepam,4506.0,C1C(=O)NC2=C(C=C(C=C2)[N+](=O)[O-])C(=N1)C3=CC=CC=C3,281.27,2.2,87.3,1.0,4.0,1.0,PubChem,Available
2095,Nitrendipine,4507.0,CCOC(=O)C1=C(NC(=C(C1C2=CC(=CC=C2)[N+](=O)[O-])C(=O)OC)C)C,360.4,2.9,110.0,1.0,7.0,6.0,PubChem,Available
2096,Nitric Oxide,145068.0,[N]=O,30.006,0.2,18.1,0.0,1.0,0.0,PubChem,Available
2097,Nitrite,946.0,N(=O)[O-],46.006,-0.8,52.5,0.0,3.0,0.0,PubChem,Available
2098,Nitroaspirin,119032.0,CC(=O)OC1=CC=CC=C1C(=O)OC2=CC=CC(=C2)CO[N+](=O)[O-],331.28,2.9,108.0,0.0,7.0,7.0,PubChem,Available
2099,Nitrofurantoin,6604200.0,C1C(=O)NC(=O)N1N=CC2=CC=C(O2)[N+](=O)[O-],238.16,-0.5,121.0,1.0,6.0,2.0,PubChem,Available
2100,Nitroglycerin,4510.0,C(C(CO[N+](=O)[O-])O[N+](=O)[O-])O[N+](=O)[O-],227.09,1.6,165.0,0.0,9.0,5.0,PubChem,Available
2101,Nitroprusside,,,,,,,,,,Unresolved
2102,Nitrous oxide,948.0,[N-]=[N+]=O,44.013,0.5,19.1,0.0,2.0,0.0,PubChem,Available
2103,Nizatidine,4513.0,CNC(=C[N+](=O)[O-])NCCSCC1=CSC(=N1)CN(C)C,331.5,1.6,140.0,2.0,8.0,9.0,PubChem,Available
2104,Nizofenone,4514.0,CCN(CC)CC1=NC=CN1C2=C(C=C(C=C2)[N+](=O)[O-])C(=O)C3=CC=CC=C3Cl,412.9,4.1,84.0,0.0,5.0,7.0,PubChem,Available
2105,Nocodazole,4122.0,COC(=O)NC1=NC2=C(N1)C=C(C=C2)C(=O)C3=CC=CS3,301.32,2.8,112.0,2.0,5.0,4.0,PubChem,Available
2106,Nolatrexed,135400184.0,CC1=C(C2=C(C=C1)N=C(NC2=O)N)SC3=CC=NC=C3,284.34,1.5,106.0,2.0,4.0,2.0,PubChem,Available
2107,Nomegestrol,68783.0,CC1=CC2C(CCC3(C2CCC3(C(=O)C)O)C)C4C1=CC(=O)CC4,328.4,2.0,54.4,1.0,3.0,1.0,PubChem,Available
2108,Nomegestrol acetate,91668.0,CC1=CC2C(CCC3(C2CCC3(C(=O)C)OC(=O)C)C)C4C1=CC(=O)CC4,370.5,2.6,60.4,0.0,4.0,3.0,PubChem,Available
2109,Nomifensine,4528.0,CN1CC(C2=C(C1)C(=CC=C2)N)C3=CC=CC=C3,238.33,2.6,29.3,1.0,2.0,1.0,PubChem,Available
2110,Nonoxynol-9,72385.0,CCCCCCCCCC1=CC=C(C=C1)OCCOCCOCCOCCOCCOCCOCCOCCOCCO,616.8,4.6,103.0,1.0,10.0,35.0,PubChem,Available
2111,Nordazepam,2997.0,C1C(=O)NC2=C(C=C(C=C2)Cl)C(=N1)C3=CC=CC=C3,270.71,2.9,41.5,1.0,2.0,1.0,PubChem,Available
2112,Norelgestromin,62930.0,CCC12CCC3C(C1CCC2(C#C)O)CCC4=CC(=NO)CCC34,327.5,3.6,52.8,2.0,3.0,2.0,PubChem,Available
2113,Norepinephrine,439260.0,C1=CC(=C(C=C1C(CN)O)O)O,169.18,-1.2,86.7,4.0,4.0,2.0,PubChem,Available
2114,Norethindrone enanthate,229295.0,CCCCCCC(=O)OC1(CCC2C1(CCC3C2CCC4=CC(=O)CCC34)C)C#C,410.6,6.0,43.4,0.0,3.0,8.0,PubChem,Available
2115,Norethisterone,6230.0,CC12CCC3C(C1CCC2(C#C)O)CCC4=CC(=O)CCC34,298.4,3.0,37.3,1.0,2.0,1.0,PubChem,Available
2116,Norethynodrel,6231.0,CC12CCC3C(C1CCC2(C#C)O)CCC4=C3CCC(=O)C4,298.4,2.1,37.3,1.0,2.0,1.0,PubChem,Available
2117,Norfenefrine,4538.0,C1=CC(=CC(=C1)O)C(CN)O,153.18,-0.8,66.5,3.0,3.0,2.0,PubChem,Available
2118,Norfloxacin,4539.0,CCN1C=C(C(=O)C2=CC(=C(C=C21)N3CCNCC3)F)C(=O)O,319.33,-1.0,72.9,2.0,7.0,3.0,PubChem,Available
2119,Norgestimate,6540478.0,CCC12CCC3C(C1CCC2(C#C)OC(=O)C)CCC4=CC(=NO)CCC34,369.5,4.1,58.9,1.0,4.0,4.0,PubChem,Available
2120,Norgestrienone,13313.0,CC12C=CC3=C4CCC(=O)C=C4CCC3C1CCC2(C#C)O,294.4,1.8,37.3,1.0,2.0,1.0,PubChem,Available
2121,Normethadone,10090.0,CCC(=O)C(CCN(C)C)(C1=CC=CC=C1)C2=CC=CC=C2,295.4,3.5,20.3,0.0,2.0,7.0,PubChem,Available
2122,Nortriptyline,4543.0,CNCCC=C1C2=CC=CC=C2CCC3=CC=CC=C31,263.4,4.5,12.0,1.0,1.0,3.0,PubChem,Available
2123,Noscapine,275196.0,CN1CCC2=CC3=C(C(=C2C1C4C5=C(C(=C(C=C5)OC)OC)C(=O)O4)OC)OCO3,413.4,2.7,75.7,0.0,8.0,4.0,PubChem,Available
2124,Novobiocin,54675769.0,CC1=C(C=CC2=C1OC(=O)C(=C2O)NC(=O)C3=CC(=C(C=C3)O)CC=C(C)C)OC4C(C(C(C(O4)(C)C)OC)OC(=O)N)O,612.6,3.3,196.0,5.0,11.0,9.0,PubChem,Available
2125,Nylidrin,4567.0,CC(CCC1=CC=CC=C1)NC(C)C(C2=CC=C(C=C2)O)O,299.4,3.5,52.5,3.0,3.0,7.0,PubChem,Available
2126,Nystatin,6433272.0,CC1C=CC=CCCC=CC=CC=CC=CC(CC2C(C(CC(O2)(CC(C(CCC(CC(CC(CC(=O)OC(C(C1O)C)C)O)O)O)O)O)O)O)C(=O)O)OC3C(C(C(C(O3)C)O)N)O,926.1,-0.2,320.0,12.0,18.0,3.0,PubChem,Available
2127,OBP-801,11178958.0,CC1C(=O)NC2CSSCCC=CC(CC(=O)N1)OC(=O)CC(C(NC2=O)C(C)C)O,473.6,0.4,184.0,4.0,8.0,1.0,PubChem,Available
2128,ONT-093,6450807.0,CCOCC=CC1=CC=C(C=C1)C2=NC(=C(N2)C3=CC=C(C=C3)NC(C)C)C4=CC=C(C=C4)NC(C)C,494.7,7.3,62.0,3.0,4.0,11.0,PubChem,Available
2129,ORM-12741,71301276.0,CC1(CCCN2C1C3=C(CC2)C4=CC=CC=C4O3)COC,285.4,3.3,25.6,0.0,3.0,2.0,PubChem,Available
2130,OXI-4503,6918546.0,COC1=C(C(=C(C=C1)C=CC2=CC(=C(C(=C2)OC)OC)OC)OP(=O)(O)O)OP(=O)(O)O,492.3,0.8,170.0,4.0,12.0,10.0,PubChem,Available
2131,Obeticholic acid,447715.0,CCC1C2CC(CCC2(C3CCC4(C(C3C1O)CCC4C(C)CCC(=O)O)C)C)O,420.6,5.7,77.8,3.0,4.0,5.0,PubChem,Available
2132,Ocinaplon,216456.0,C1=CC=NC(=C1)C(=O)C2=C3N=CC=C(N3N=C2)C4=CC=NC=C4,301.3,1.5,73.0,0.0,5.0,3.0,PubChem,Available
2133,Octamoxin,20811.0,CCCCCCC(C)NN,144.26,2.4,38.1,2.0,2.0,6.0,PubChem,Available
2134,Octinoxate,5355130.0,CCCCC(CC)COC(=O)C=CC1=CC=C(C=C1)OC,290.4,5.3,35.5,0.0,3.0,10.0,PubChem,Available
2135,Octopamine,4581.0,C1=CC(=CC=C1C(CN)O)O,153.18,-1.1,66.5,3.0,3.0,2.0,PubChem,Available
2136,Octylphenoxy polyethoxyethanol,,,,,,,,,,Unresolved
2137,Odanacatib,10152654.0,CC(C)(CC(C(=O)NC1(CC1)C#N)NC(C2=CC=C(C=C2)C3=CC=C(C=C3)S(=O)(=O)C)C(F)(F)F)F,525.6,4.1,107.0,2.0,9.0,9.0,PubChem,Available
2138,Olanzapine,135398745.0,CC1=CC2=C(S1)NC3=CC=CC=C3N=C2N4CCN(CC4)C,312.4,2.9,59.1,1.0,4.0,1.0,PubChem,Available
2139,Olaparib,23725625.0,C1CC1C(=O)N2CCN(CC2)C(=O)C3=C(C=CC(=C3)CC4=NNC(=O)C5=CC=CC=C54)F,434.5,1.9,82.1,1.0,5.0,4.0,PubChem,Available
2140,Oleandomycin,72493.0,CC1CC(C(C(O1)OC2C(CC3(CO3)C(=O)C(C(C(C(OC(=O)C(C(C2C)OC4CC(C(C(O4)C)O)OC)C)C)C)O)C)C)O)N(C)C,687.9,2.6,166.0,3.0,13.0,6.0,PubChem,Available
2141,Oleandrin,11541511.0,CC1C(C(CC(O1)OC2CCC3(C(C2)CCC4C3CCC5(C4(CC(C5C6=CC(=O)OC6)OC(=O)C)O)C)C)OC)O,576.7,2.4,121.0,2.0,9.0,6.0,PubChem,Available
2142,Oliceridine,66553195.0,COC1=C(SC=C1)CNCCC2(CCOC3(C2)CCCC3)C4=CC=CC=N4,386.6,3.5,71.6,1.0,5.0,7.0,PubChem,Available
2143,Olmesartan,158781.0,CCCC1=NC(=C(N1CC2=CC=C(C=C2)C3=CC=CC=C3C4=NNN=N4)C(=O)O)C(C)(C)O,446.5,3.2,130.0,3.0,7.0,8.0,PubChem,Available
2144,Olmutinib,54758501.0,CN1CCN(CC1)C2=CC=C(C=C2)NC3=NC4=C(C(=N3)OC5=CC=CC(=C5)NC(=O)C=C)SC=C4,486.6,4.7,111.0,2.0,8.0,7.0,PubChem,Available
2145,Olodaterol,11504295.0,CC(C)(CC1=CC=C(C=C1)OC)NCC(C2=C3C(=CC(=C2)O)NC(=O)CO3)O,386.4,1.8,100.0,4.0,6.0,7.0,PubChem,Available
2146,Olorofim,91885568.0,CC1=CC(=C(N1C)C(=O)C(=O)NC2=CC=C(C=C2)N3CCN(CC3)C4=NC=C(C=N4)F)C5=CC=CC=C5,498.6,4.2,83.4,1.0,7.0,6.0,PubChem,Available
2147,Olsalazine,22419.0,C1=CC(=C(C=C1N=NC2=CC(=C(C=C2)O)C(=O)O)C(=O)O)O,302.24,3.1,140.0,4.0,8.0,4.0,PubChem,Available
2148,Oltipraz,47318.0,CC1=C(SSC1=S)C2=NC=CN=C2,226.3,1.1,108.0,0.0,5.0,1.0,PubChem,Available
2149,Olutasidenib,118955396.0,CC(C1=CC2=C(C=CC(=C2)Cl)NC1=O)NC3=CC=C(N(C3=O)C)C#N,354.8,2.5,85.2,2.0,4.0,3.0,PubChem,Available
2150,Omacetaxine mepesuccinate,285033.0,CC(C)(CCCC(CC(=O)OC)(C(=O)OC1C2C3=CC4=C(C=C3CCN5C2(CCC5)C=C1OC)OCO4)O)O,545.6,0.8,124.0,2.0,10.0,11.0,PubChem,Available
2151,Omadacycline,54697325.0,CC(C)(C)CNCC1=CC(=C2CC3CC4C(C(=O)C(=C(C4(C(=O)C3=C(C2=C1O)O)O)O)C(=O)N)N(C)C)N(C)C,556.6,3.0,177.0,6.0,10.0,7.0,PubChem,Available
2152,Omapatrilat,656629.0,C1CC(N2C(C1)SCCC(C2=O)NC(=O)C(CC3=CC=CC=C3)S)C(=O)O,408.5,2.8,113.0,3.0,6.0,5.0,PubChem,Available
2153,Omarigliptin,46209133.0,CS(=O)(=O)N1C=C2CN(CC2=N1)C3CC(C(OC3)C4=C(C=CC(=C4)F)F)N,398.4,0.3,98.8,1.0,8.0,3.0,PubChem,Available
2154,Omaveloxolone,71811910.0,CC1(CCC2(CCC3(C(C2C1)C(=O)C=C4C3(CCC5C4(C=C(C(=O)C5(C)C)C#N)C)C)C)NC(=O)C(C)(F)F)C,554.7,6.7,87.0,1.0,6.0,2.0,PubChem,Available
2155,Ombitasvir,54767916.0,CC(C)C(C(=O)N1CCCC1C(=O)NC2=CC=C(C=C2)C3CCC(N3C4=CC=C(C=C4)C(C)(C)C)C5=CC=C(C=C5)NC(=O)C6CCCN6C(=O)C(C(C)C)NC(=O)OC)NC(=O)OC,894.1,7.9,179.0,4.0,9.0,16.0,PubChem,Available
2156,Onapristone,5311505.0,CC12CC(C3=C4CCC(=O)C=C4CCC3C1CCC2(CCCO)O)C5=CC=C(C=C5)N(C)C,449.6,3.2,60.8,2.0,4.0,5.0,PubChem,Available
2157,Ondansetron,4595.0,CC1=NC=CN1CC2CCC3=C(C2=O)C4=CC=CC=C4N3C,293.4,2.3,39.8,0.0,2.0,2.0,PubChem,Available
2158,Ondelopran,10457387.0,C1COCCC1CCNCC2=CC(=C(C=C2)OC3=NC=C(C=C3)C(=O)N)F,373.4,2.0,86.5,2.0,6.0,8.0,PubChem,Available
2159,Opicapone,135565903.0,CC1=C(C(=[N+](C(=C1Cl)C)[O-])Cl)C2=NOC(=N2)C3=CC(=C(C(=C3)O)O)[N+](=O)[O-],413.2,3.4,151.0,2.0,8.0,2.0,PubChem,Available
2160,Opipramol,9417.0,C1CN(CCN1CCCN2C3=CC=CC=C3C=CC4=CC=CC=C42)CCO,363.5,3.6,30.0,1.0,4.0,6.0,PubChem,Available
2161,Orbifloxacin,60605.0,CC1CN(CC(N1)C)C2=C(C3=C(C(=C2F)F)C(=O)C(=CN3C4CC4)C(=O)O)F,395.4,0.9,72.9,2.0,9.0,3.0,PubChem,Available
2162,Orciprenaline,4086.0,CC(C)NCC(C1=CC(=CC(=C1)O)O)O,211.26,0.7,72.7,4.0,4.0,4.0,PubChem,Available
2163,Oritavancin,16136912.0,CC1C(C(CC(O1)OC2C3C(=O)NC(C4=C(C(=CC(=C4)O)O)C5=C(C=CC(=C5)C(C(=O)N3)NC(=O)C6C7=CC(=C(C(=C7)OC8=C(C=C2C=C8)Cl)OC9C(C(C(C(O9)CO)O)O)OC1CC(C(C(O1)C)O)(C)NCC1=CC=C(C=C1)C1=CC=C(C=C1)Cl)OC1=C(C=C(C=C1)C(C(C(=O)NC(C(=O)N6)CC(=O)N)NC(=O)C(CC(C)C)NC)O)Cl)O)C(=O)O)(C)N)O,1793.1,1.5,561.0,20.0,29.0,19.0,PubChem,Available
2164,Orlistat,3034010.0,CCCCCCCCCCCC(CC1C(C(=O)O1)CCCCCC)OC(=O)C(CC(C)C)NC=O,495.7,10.0,81.7,1.0,5.0,23.0,PubChem,Available
2165,Ormeloxifene,35805.0,CC1(C(C(C2=C(O1)C=C(C=C2)OC)C3=CC=C(C=C3)OCCN4CCCC4)C5=CC=CC=C5)C,457.6,6.2,30.9,0.0,4.0,7.0,PubChem,Available
2166,Ornidazole,28061.0,CC1=NC=C(N1CC(CCl)O)[N+](=O)[O-],219.62,0.6,83.9,1.0,4.0,3.0,PubChem,Available
2167,Orphenadrine,4601.0,CC1=CC=CC=C1C(C2=CC=CC=C2)OCCN(C)C,269.4,3.8,12.5,0.0,2.0,6.0,PubChem,Available
2168,Orvepitant,9852175.0,CC1=C(C=CC(=C1)F)C2CC(CCN2C(=O)N(C)C(C)C3=CC(=CC(=C3)C(F)(F)F)C(F)(F)F)N4CCN5C(C4)CCC5=O,628.6,5.4,47.1,0.0,10.0,4.0,PubChem,Available
2169,Osanetant,219077.0,CC(=O)N(C)C1(CCN(CC1)CCCC2(CCCN(C2)C(=O)C3=CC=CC=C3)C4=CC(=C(C=C4)Cl)Cl)C5=CC=CC=C5,606.6,7.0,43.9,0.0,3.0,8.0,PubChem,Available
2170,Oseltamivir,65028.0,CCC(CC)OC1C=C(CC(C1NC(=O)C)N)C(=O)OCC,312.4,1.1,90.7,2.0,5.0,8.0,PubChem,Available
2171,Osilodrostat,44139752.0,C1CC2=CN=CN2C1C3=C(C=C(C=C3)C#N)F,227.24,1.9,41.6,0.0,3.0,1.0,PubChem,Available
2172,Osimertinib,71496458.0,CN1C=C(C2=CC=CC=C21)C3=NC(=NC=C3)NC4=C(C=C(C(=C4)NC(=O)C=C)N(C)CCN(C)C)OC,499.6,3.7,87.6,2.0,7.0,10.0,PubChem,Available
2173,Ospemifene,3036505.0,C1=CC=C(C=C1)C(=C(C2=CC=CC=C2)C3=CC=C(C=C3)OCCO)CCCl,378.9,6.5,29.5,1.0,2.0,8.0,PubChem,Available
2174,Otamixaban,5496659.0,CC(C(CC1=CC(=CC=C1)C(=N)N)C(=O)OC)NC(=O)C2=CC=C(C=C2)C3=CC=[N+](C=C3)[O-],446.5,2.0,131.0,3.0,5.0,9.0,PubChem,Available
2175,Oteseconazole,77050711.0,C1=CC(=CC=C1C2=CN=C(C=C2)C(C(CN3C=NN=N3)(C4=C(C=C(C=C4)F)F)O)(F)F)OCC(F)(F)F,527.4,4.2,86.0,1.0,13.0,8.0,PubChem,Available
2176,Otilonium,72093.0,CCCCCCCCOC1=CC=CC=C1C(=O)NC2=CC=C(C=C2)C(=O)OCC[N+](C)(CC)CC,483.7,6.8,64.6,1.0,4.0,17.0,PubChem,Available
2177,Ouabain,439501.0,CC1C(C(C(C(O1)OC2CC(C3(C4C(CCC3(C2)O)C5(CCC(C5(CC4O)C)C6=CC(=O)OC6)O)CO)O)O)O)O,584.7,-1.7,207.0,8.0,12.0,4.0,PubChem,Available
2178,Oxabolone cipionate,68952.0,CC12CCC3C(C1CCC2OC(=O)CCC4CCCC4)CCC5=C(C(=O)CCC35)O,414.6,5.7,63.6,1.0,4.0,5.0,PubChem,Available
2179,Oxacillin,6196.0,CC1=C(C(=NO1)C2=CC=CC=C2)C(=O)NC3C4N(C3=O)C(C(S4)(C)C)C(=O)O,401.4,2.4,138.0,2.0,7.0,4.0,PubChem,Available
2180,Oxaflozane,432824.0,CC(C)N1CCOC(C1)C2=CC(=CC=C2)C(F)(F)F,273.29,3.2,12.5,0.0,5.0,2.0,PubChem,Available
2181,Oxamniquine,4612.0,CC(C)NCC1CCC2=CC(=C(C=C2N1)[N+](=O)[O-])CO,279.33,2.2,90.1,3.0,5.0,4.0,PubChem,Available
2182,Oxandrolone,5878.0,CC12CCC3C(C1CCC2(C)O)CCC4C3(COC(=O)C4)C,306.4,3.7,46.5,1.0,3.0,0.0,PubChem,Available
2183,Oxaprotiline,38207.0,CNCC(CC12CCC(C3=CC=CC=C31)C4=CC=CC=C24)O,293.4,3.6,32.3,2.0,2.0,4.0,PubChem,Available
2184,Oxaprozin,4614.0,C1=CC=C(C=C1)C2=C(OC(=N2)CCC(=O)O)C3=CC=CC=C3,293.3,4.2,63.3,1.0,4.0,5.0,PubChem,Available
2185,Oxatomide,4615.0,C1CN(CCN1CCCN2C3=CC=CC=C3NC2=O)C(C4=CC=CC=C4)C5=CC=CC=C5,426.6,4.1,38.8,1.0,3.0,7.0,PubChem,Available
2186,Oxazepam,4616.0,C1=CC=C(C=C1)C2=NC(C(=O)NC3=C2C=C(C=C3)Cl)O,286.71,2.2,61.7,2.0,3.0,1.0,PubChem,Available
2187,Oxazepam acetate,102697.0,CC(=O)OC1C(=O)NC2=C(C=C(C=C2)Cl)C(=N1)C3=CC=CC=C3,328.7,3.0,67.8,1.0,4.0,3.0,PubChem,Available
2188,Oxcarbazepine,34312.0,C1C2=CC=CC=C2N(C3=CC=CC=C3C1=O)C(=O)N,252.27,1.7,63.4,1.0,2.0,0.0,PubChem,Available
2189,Oxetacaine,4621.0,CC(C)(CC1=CC=CC=C1)N(C)C(=O)CN(CCO)CC(=O)N(C)C(C)(C)CC2=CC=CC=C2,467.6,3.8,64.1,1.0,4.0,12.0,PubChem,Available
2190,Oxidronic acid,27304.0,C(O)(P(=O)(O)O)P(=O)(O)O,192.0,-3.9,135.0,5.0,7.0,2.0,PubChem,Available
2191,Oxiracetam,4626.0,C1C(CN(C1=O)CC(=O)N)O,158.16,-2.2,83.6,2.0,3.0,2.0,PubChem,Available
2192,Oxitriptan,439280.0,C1=CC2=C(C=C1O)C(=CN2)CC(C(=O)O)N,220.22,-1.2,99.3,4.0,4.0,3.0,PubChem,Available
2193,Oxitropium,6917866.0,CC[N+]1(C2CC(CC1C3C2O3)OC(=O)C(CO)C4=CC=CC=C4)C,332.4,1.7,59.1,1.0,4.0,6.0,PubChem,Available
2194,Oxolinic acid,4628.0,CCN1C=C(C(=O)C2=CC3=C(C=C21)OCO3)C(=O)O,261.23,-0.2,76.1,1.0,6.0,2.0,PubChem,Available
2195,Oxprenolol,4631.0,CC(C)NCC(COC1=CC=CC=C1OCC=C)O,265.35,2.1,50.7,2.0,4.0,9.0,PubChem,Available
2196,Oxybenzone,4632.0,COC1=CC(=C(C=C1)C(=O)C2=CC=CC=C2)O,228.24,3.6,46.5,1.0,3.0,3.0,PubChem,Available
2197,Oxybuprocaine,4633.0,CCCCOC1=C(C=CC(=C1)C(=O)OCCN(CC)CC)N,308.4,3.1,64.8,1.0,5.0,11.0,PubChem,Available
2198,Oxybutynin,4634.0,CCN(CC)CC#CCOC(=O)C(C1CCCCC1)(C2=CC=CC=C2)O,357.5,4.2,49.8,1.0,4.0,8.0,PubChem,Available
2199,Oxycodone,5284603.0,CN1CCC23C4C(=O)CCC2(C1CC5=C3C(=C(C=C5)OC)O4)O,315.4,1.2,59.0,1.0,5.0,1.0,PubChem,Available
2200,Oxyfedrine,5489013.0,CC(C(C1=CC=CC=C1)O)NCCC(=O)C2=CC(=CC=C2)OC,313.4,2.4,58.6,2.0,4.0,8.0,PubChem,Available
2201,Oxymetazoline,4636.0,CC1=CC(=C(C(=C1CC2=NCCN2)C)O)C(C)(C)C,260.37,2.9,44.6,2.0,2.0,3.0,PubChem,Available
2202,Oxymetholone,5281034.0,CC12CCC3C(C1CCC2(C)O)CCC4C3(CC(=CO)C(=O)C4)C,332.5,4.4,57.5,2.0,3.0,0.0,PubChem,Available
2203,Oxymorphone,5284604.0,CN1CCC23C4C(=O)CCC2(C1CC5=C3C(=C(C=C5)O)O4)O,301.34,0.8,70.0,2.0,5.0,0.0,PubChem,Available
2204,Oxypertine,4640.0,CC1=C(C2=CC(=C(C=C2N1)OC)OC)CCN3CCN(CC3)C4=CC=CC=C4,379.5,4.3,40.7,1.0,4.0,6.0,PubChem,Available
2205,Oxyphenbutazone,4641.0,CCCCC1C(=O)N(N(C1=O)C2=CC=C(C=C2)O)C3=CC=CC=C3,324.4,2.7,60.9,1.0,3.0,5.0,PubChem,Available
2206,Oxyphencyclimine,4642.0,CN1CCCN=C1COC(=O)C(C2CCCCC2)(C3=CC=CC=C3)O,344.4,2.9,62.1,1.0,4.0,6.0,PubChem,Available
2207,Oxyphenisatin,31315.0,C1=CC=C2C(=C1)C(C(=O)N2)(C3=CC=C(C=C3)O)C4=CC=C(C=C4)O,317.3,3.2,69.6,3.0,3.0,2.0,PubChem,Available
2208,Oxyphenisatin acetate,8269.0,CC(=O)OC1=CC=C(C=C1)C2(C3=CC=CC=C3NC2=O)C4=CC=C(C=C4)OC(=O)C,401.4,3.5,81.7,1.0,5.0,6.0,PubChem,Available
2209,Oxyphenonium,5749.0,CC[N+](C)(CC)CCOC(=O)C(C1CCCCC1)(C2=CC=CC=C2)O,348.5,4.1,46.5,1.0,3.0,9.0,PubChem,Available
2210,Oxytetracycline,54675779.0,CC1(C2C(C3C(C(=O)C(=C(C3(C(=O)C2=C(C4=C1C=CC=C4O)O)O)O)C(=O)N)N(C)C)O)O,460.4,-1.6,202.0,7.0,10.0,2.0,PubChem,Available
2211,Ozanimod,52938427.0,CC(C)OC1=C(C=C(C=C1)C2=NC(=NO2)C3=C4CCC(C4=CC=C3)NCCO)C#N,404.5,3.1,104.0,2.0,7.0,7.0,PubChem,Available
2212,PD173955,447077.0,CN1C2=NC(=NC=C2C=C(C1=O)C3=C(C=CC=C3Cl)Cl)NC4=CC(=CC=C4)SC,443.3,5.4,83.4,1.0,5.0,4.0,PubChem,Available
2213,PF-00610355,11505444.0,CC(C)(CC1=CC=CC(=C1)CC(=O)NCC2=CC(=CC=C2)C3=CC=C(C=C3)O)NCC(C4=CC(=C(C=C4)O)NS(=O)(=O)C)O,617.8,3.8,156.0,6.0,8.0,13.0,PubChem,Available
2214,PRX-08066,76972919.0,C1CN(CCC1NC2=C3C=C(SC3=NC=N2)Cl)CC4=CC(=C(C=C4)F)C#N.C(=CC(=O)O)C(=O)O,518.0,,168.0,3.0,11.0,6.0,PubChem,Available
2215,Paclitaxel,36314.0,CC1=C2C(C(=O)C3(C(CC4C(C3C(C(C2(C)C)(CC1OC(=O)C(C(C5=CC=CC=C5)NC(=O)C6=CC=CC=C6)O)O)OC(=O)C7=CC=CC=C7)(CO4)OC(=O)C)O)C)OC(=O)C,853.9,2.5,221.0,4.0,14.0,14.0,PubChem,Available
2216,Pacritinib,46216796.0,C1CCN(C1)CCOC2=C3COCC=CCOCC4=CC(=CC=C4)C5=NC(=NC=C5)NC(=C3)C=C2,472.6,3.8,68.7,1.0,7.0,4.0,PubChem,Available
2217,Padeliporfin,171041442.0,[H+].[H+].CCC1C(C2=NC1=CC3=C(C(=C([N-]3)C(=C4C(C(C(=N4)C=C5C(=C(C(=C2)[N-]5)C(=O)C)C)C)CCC(=O)[O-])CC(=O)OC)C(=O)NCCS(=O)(=O)[O-])C)C.[Pd+2],840.3,,205.0,3.0,13.0,10.0,PubChem,Available
2218,Pagoclone,131664.0,CC(C)CCC(=O)CC1C2=CC=CC=C2C(=O)N1C3=NC4=C(C=C3)C=CC(=N4)Cl,407.9,4.6,63.2,0.0,4.0,6.0,PubChem,Available
2219,Palbociclib,5330286.0,CC1=C(C(=O)N(C2=NC(=NC=C12)NC3=NC=C(C=C3)N4CCNCC4)C5CCCC5)C(=O)C,447.5,1.8,103.0,2.0,8.0,5.0,PubChem,Available
2220,Palifosfamide,100427.0,C(CCl)NP(=O)(NCCCl)O,221.02,-0.4,61.4,3.0,4.0,6.0,PubChem,Available
2221,Paliperidone,115237.0,CC1=C(C(=O)N2CCCC(C2=N1)O)CCN3CCC(CC3)C4=NOC5=C4C=CC(=C5)F,426.5,2.2,82.2,1.0,7.0,4.0,PubChem,Available
2222,Palmidrol,4671.0,CCCCCCCCCCCCCCCC(=O)NCCO,299.5,6.2,49.3,2.0,2.0,16.0,PubChem,Available
2223,Palonosetron,6337614.0,C1CC2CN(C(=O)C3=CC=CC(=C23)C1)C4CN5CCC4CC5,296.4,2.8,23.6,0.0,2.0,1.0,PubChem,Available
2224,Palovarotene,10295295.0,CC1(CCC(C2=C1C=C(C(=C2)C=CC3=CC=C(C=C3)C(=O)O)CN4C=CC=N4)(C)C)C,414.5,6.8,55.1,1.0,3.0,5.0,PubChem,Available
2225,Pamidronic acid,4674.0,C(CN)C(O)(P(=O)(O)O)P(=O)(O)O,235.07,-6.9,161.0,6.0,8.0,4.0,PubChem,Available
2226,Pancuronium,441289.0,CC(=O)OC1CC2CCC3C(C2(CC1[N+]4(CCCCC4)C)C)CCC5(C3CC(C5OC(=O)C)[N+]6(CCCCC6)C)C,572.9,6.6,52.6,0.0,4.0,6.0,PubChem,Available
2227,Panobinostat,6918837.0,CC1=C(C2=CC=CC=C2N1)CCNCC3=CC=C(C=C3)C=CC(=O)NO,349.4,3.0,77.2,4.0,3.0,7.0,PubChem,Available
2228,Pantoprazole,4679.0,COC1=C(C(=NC=C1)CS(=O)C2=NC3=C(N2)C=C(C=C3)OC(F)F)OC,383.4,2.4,106.0,1.0,9.0,7.0,PubChem,Available
2229,Pantothenic acid,6613.0,CC(C)(CO)C(C(=O)NCCC(=O)O)O,219.23,-1.1,107.0,4.0,5.0,6.0,PubChem,Available
2230,Papaverine,4680.0,COC1=C(C=C(C=C1)CC2=NC=CC3=CC(=C(C=C32)OC)OC)OC,339.4,3.9,49.8,0.0,5.0,6.0,PubChem,Available
2231,Paraldehyde,31264.0,CC1OC(OC(O1)C)C,132.16,0.7,27.7,0.0,3.0,0.0,PubChem,Available
2232,Paramethadione,8280.0,CCC1(C(=O)N(C(=O)O1)C)C,157.17,0.8,46.6,0.0,3.0,1.0,PubChem,Available
2233,Paramethasone,5875.0,CC1CC2C3CC(C4=CC(=O)C=CC4(C3C(CC2(C1(C(=O)CO)O)C)O)C)F,392.5,2.0,94.8,3.0,6.0,2.0,PubChem,Available
2234,Paraoxon,9395.0,CCOP(=O)(OCC)OC1=CC=C(C=C1)[N+](=O)[O-],275.19,2.0,90.6,0.0,6.0,6.0,PubChem,Available
2235,Parecoxib,119828.0,CCC(=O)NS(=O)(=O)C1=CC=C(C=C1)C2=C(ON=C2C3=CC=CC=C3)C,370.4,3.3,97.7,1.0,5.0,5.0,PubChem,Available
2236,Pargyline,4688.0,CN(CC#C)CC1=CC=CC=C1,159.23,2.1,3.2,0.0,1.0,3.0,PubChem,Available
2237,Paricalcitol,5281104.0,CC(C=CC(C)C(C)(C)O)C1CCC2C1(CCCC2=CC=C3CC(CC(C3)O)O)C,416.6,5.0,60.7,3.0,3.0,5.0,PubChem,Available
2238,Paritaprevir,45110509.0,CC1=CN=C(C=N1)C(=O)NC2CCCCCC=CC3CC3(NC(=O)C4CC(CN4C2=O)OC5=NC6=CC=CC=C6C7=CC=CC=C75)C(=O)NS(=O)(=O)C8CC8,765.9,4.7,198.0,3.0,10.0,7.0,PubChem,Available
2239,Paromomycin,165580.0,C1C(C(C(C(C1N)OC2C(C(C(C(O2)CO)O)O)N)OC3C(C(C(O3)CO)OC4C(C(C(C(O4)CN)O)O)N)O)O)N,615.6,-8.7,347.0,13.0,19.0,9.0,PubChem,Available
2240,Paroxetine,43815.0,C1CNCC(C1C2=CC=C(C=C2)F)COC3=CC4=C(C=C3)OCO4,329.4,3.5,39.7,1.0,5.0,4.0,PubChem,Available
2241,Pasireotide,9941444.0,C1C(CN2C1C(=O)NC(C(=O)NC(C(=O)NC(C(=O)NC(C(=O)NC(C2=O)CC3=CC=CC=C3)CC4=CC=C(C=C4)OCC5=CC=CC=C5)CCCCN)CC6=CNC7=CC=CC=C76)C8=CC=CC=C8)OC(=O)NCCN,1047.2,4.7,281.0,9.0,11.0,18.0,PubChem,Available
2242,Patent Blue,77074.0,CCN(CC)C1=CC=C(C=C1)C(=C2C=CC(=[N+](CC)CC)C=C2)C3=CC(=C(C=C3S(=O)(=O)O)S(=O)(=O)O)O,561.7,3.8,152.0,3.0,8.0,9.0,PubChem,Available
2243,Patupilone,448013.0,CC1CCCC2(C(O2)CC(OC(=O)CC(C(C(=O)C(C1O)C)(C)C)O)C(=CC3=CSC(=N3)C)C)C,507.7,4.2,137.0,2.0,8.0,2.0,PubChem,Available
2244,Pazopanib,10113978.0,CC1=C(C=C(C=C1)NC2=NC=CC(=N2)N(C)C3=CC4=NN(C(=C4C=C3)C)C)S(=O)(=O)N,437.5,3.1,127.0,2.0,8.0,5.0,PubChem,Available
2245,Pazufloxacin,65957.0,CC1COC2=C3N1C=C(C(=O)C3=CC(=C2C4(CC4)N)F)C(=O)O,318.3,-0.8,92.9,2.0,7.0,2.0,PubChem,Available
2246,Peficitinib,57928403.0,C1C2CC3CC(C2)(CC1C3NC4=C5C=CNC5=NC=C4C(=O)N)O,326.4,1.9,104.0,4.0,4.0,3.0,PubChem,Available
2247,Pefloxacin,51081.0,CCN1C=C(C(=O)C2=CC(=C(C=C21)N3CCN(CC3)C)F)C(=O)O,333.36,0.3,64.1,1.0,7.0,3.0,PubChem,Available
2248,Peldesine,135413525.0,C1=CC(=CN=C1)CC2=CNC3=C2N=C(NC3=O)N,241.25,0.1,96.2,3.0,3.0,2.0,PubChem,Available
2249,Pelitinib,6445562.0,CCOC1=C(C=C2C(=C1)N=CC(=C2NC3=CC(=C(C=C3)F)Cl)C#N)NC(=O)C=CCN(C)C,467.9,4.5,90.3,2.0,7.0,8.0,PubChem,Available
2250,Pemafibrate,11526038.0,CCC(C(=O)O)OC1=CC=CC(=C1)CN(CCCOC2=CC=C(C=C2)OC)C3=NC4=CC=CC=C4O3,490.5,6.2,94.3,1.0,8.0,13.0,PubChem,Available
2251,Pemetrexed,135410875.0,C1=CC(=CC=C1CCC2=CNC3=C2C(=O)NC(=N3)N)C(=O)NC(CCC(=O)O)C(=O)O,427.4,0.2,187.0,6.0,7.0,9.0,PubChem,Available
2252,Pemigatinib,86705695.0,CCN1C2=C3C=C(NC3=NC=C2CN(C1=O)C4=C(C(=CC(=C4F)OC)OC)F)CN5CCOCC5,487.5,1.8,83.2,1.0,8.0,6.0,PubChem,Available
2253,Penamecillin,10250769.0,CC(=O)OCOC(=O)C1C(SC2N1C(=O)C2NC(=O)CC3=CC=CC=C3)(C)C,406.5,2.1,127.0,1.0,7.0,8.0,PubChem,Available
2254,Penbutolol,37464.0,CC(C)(C)NCC(COC1=CC=CC=C1C2CCCC2)O,291.4,4.2,41.5,2.0,3.0,7.0,PubChem,Available
2255,Penciclovir,135398748.0,C1=NC2=C(N1CCC(CO)CO)N=C(NC2=O)N,253.26,-1.9,126.0,4.0,5.0,5.0,PubChem,Available
2256,Penclomedine,60203.0,COC1=C(C(=NC(=C1Cl)OC)C(Cl)(Cl)Cl)Cl,325.4,4.0,31.4,0.0,3.0,2.0,PubChem,Available
2257,Penfluridol,33630.0,C1CN(CCC1(C2=CC(=C(C=C2)Cl)C(F)(F)F)O)CCCC(C3=CC=C(C=C3)F)C4=CC=C(C=C4)F,524.0,7.3,23.5,1.0,7.0,7.0,PubChem,Available
2258,Penicillamine,5852.0,CC(C)(C(C(=O)O)N)S,149.21,-1.8,64.3,3.0,4.0,2.0,PubChem,Available
2259,Penicillin G Acyl-Serine,131704224.0,CC1(C(NC(S1)C(C(=O)OCC(C(=O)[O-])N)N=C(CC2=CC=CC=C2)[O-])C(=O)O)C,437.5,-2.6,203.0,3.0,11.0,9.0,PubChem,Available
2260,Penimepicycline,54686187.0,CC1(C(N2C(S1)C(C2=O)NC(=O)COC3=CC=CC=C3)C(=O)O)C.CC1(C2CC3C(C(=O)C(=C(C3(C(=O)C2=C(C4=C1C=CC=C4O)O)O)O)C(=O)NCN5CCN(CC5)CCO)N(C)C)O,937.0,,316.0,9.0,18.0,11.0,PubChem,Available
2261,Pentaerithrityl,8285.0,C(C(CO)(CO)CO)O,136.15,-2.4,80.9,4.0,4.0,4.0,PubChem,Available
2262,Pentaerythritol tetranitrate,6518.0,C(C(CO[N+](=O)[O-])(CO[N+](=O)[O-])CO[N+](=O)[O-])O[N+](=O)[O-],316.14,1.4,220.0,0.0,12.0,8.0,PubChem,Available
2263,Pentamidine,4735.0,C1=CC(=CC=C1C(=N)N)OCCCCCOC2=CC=C(C=C2)C(=N)N,340.4,2.6,118.0,4.0,4.0,10.0,PubChem,Available
2264,Pentazocine,441278.0,CC1C2CC3=C(C1(CCN2CC=C(C)C)C)C=C(C=C3)O,285.4,3.3,23.5,1.0,2.0,2.0,PubChem,Available
2265,Penthienate,6067.0,CC[N+](C)(CC)CCOC(=O)C(C1CCCC1)(C2=CC=CS2)O,340.5,3.3,74.8,1.0,4.0,9.0,PubChem,Available
2266,Pentifylline,70569.0,CCCCCCN1C(=O)C2=C(N=CN2C)N(C1=O)C,264.32,2.3,58.4,0.0,3.0,5.0,PubChem,Available
2267,Pentobarbital,4737.0,CCCC(C)C1(C(=O)NC(=O)NC1=O)CC,226.27,2.1,75.3,2.0,3.0,4.0,PubChem,Available
2268,Pentolinium,5850.0,C[N+]1(CCCC1)CCCCC[N+]2(CCCC2)C,240.43,2.4,0.0,0.0,0.0,6.0,PubChem,Available
2269,Pentosan polysulfate,,,,,,,,,,Unresolved
2270,Pentostatin,439693.0,C1C(C(OC1N2C=NC3=C2NC=NCC3O)CO)O,268.27,-2.1,112.0,4.0,6.0,2.0,PubChem,Available
2271,Pentoxifylline,4740.0,CC(=O)CCCCN1C(=O)C2=C(N=CN2C)N(C1=O)C,278.31,0.3,75.5,0.0,4.0,5.0,PubChem,Available
2272,Perampanel,9924495.0,C1=CC=C(C=C1)N2C=C(C=C(C2=O)C3=CC=CC=C3C#N)C4=CC=CC=N4,349.4,3.4,57.0,0.0,3.0,3.0,PubChem,Available
2273,Perazine,4744.0,CN1CCN(CC1)CCCN2C3=CC=CC=C3SC4=CC=CC=C42,339.5,4.1,35.0,0.0,4.0,4.0,PubChem,Available
2274,Perchlorate,123351.0,[O-]Cl(=O)(=O)=O,99.45,2.2,74.3,0.0,4.0,0.0,PubChem,Available
2275,Perflubutane,9638.0,C(C(C(F)(F)F)(F)F)(C(F)(F)F)(F)F,238.03,3.8,0.0,0.0,10.0,1.0,PubChem,Available
2276,Perflutren,6432.0,C(C(F)(F)F)(C(F)(F)F)(F)F,188.02,3.1,0.0,0.0,8.0,0.0,PubChem,Available
2277,Pergolide,47811.0,CCCN1CC(CC2C1CC3=CNC4=CC=CC2=C34)CSC,314.5,4.2,44.3,1.0,2.0,4.0,PubChem,Available
2278,Perhexiline,4746.0,C1CCC(CC1)C(CC2CCCCN2)C3CCCCC3,277.5,6.8,12.0,1.0,1.0,4.0,PubChem,Available
2279,Periciazine,4747.0,C1CN(CCC1O)CCCN2C3=CC=CC=C3SC4=C2C=C(C=C4)C#N,365.5,3.5,75.8,1.0,5.0,4.0,PubChem,Available
2280,Perillyl alcohol,10819.0,CC(=C)C1CCC(=CC1)CO,152.23,2.1,20.2,1.0,1.0,2.0,PubChem,Available
2281,Perindopril,107807.0,CCCC(C(=O)OCC)NC(C)C(=O)N1C2CCCCC2CC1C(=O)O,368.5,0.9,95.9,2.0,6.0,9.0,PubChem,Available
2282,Perindoprilat,72022.0,CCCC(C(=O)O)NC(C)C(=O)N1C2CCCCC2CC1C(=O)O,340.4,0.2,107.0,3.0,6.0,7.0,PubChem,Available
2283,Permethrin,40326.0,CC1(C(C1C(=O)OCC2=CC(=CC=C2)OC3=CC=CC=C3)C=C(Cl)Cl)C,391.3,6.5,35.5,0.0,3.0,7.0,PubChem,Available
2284,Perospirone,115368.0,C1CCC2C(C1)C(=O)N(C2=O)CCCCN3CCN(CC3)C4=NSC5=CC=CC=C54,426.6,3.9,85.0,0.0,6.0,6.0,PubChem,Available
2285,Perphenazine,4748.0,C1CN(CCN1CCCN2C3=CC=CC=C3SC4=C2C=C(C=C4)Cl)CCO,404.0,4.2,55.3,1.0,5.0,6.0,PubChem,Available
2286,Perphenazine enanthate,62871.0,CCCCCCC(=O)OCCN1CCN(CC1)CCCN2C3=CC=CC=C3SC4=C2C=C(C=C4)Cl,516.1,7.2,61.3,0.0,6.0,13.0,PubChem,Available
2287,Peruvoside,12314120.0,CC1C(C(C(C(O1)OC2CCC3(C(C2)CCC4C3CCC5(C4(CCC5C6=CC(=O)OC6)O)C)C=O)O)OC)O,548.7,0.7,132.0,3.0,9.0,5.0,PubChem,Available
2288,Pexidartinib,25151352.0,C1=CC(=NC=C1CC2=CNC3=C2C=C(C=N3)Cl)NCC4=CN=C(C=C4)C(F)(F)F,417.8,4.5,66.5,2.0,7.0,5.0,PubChem,Available
2289,Phenacemide,4753.0,C1=CC=C(C=C1)CC(=O)NC(=O)N,178.19,0.9,72.2,2.0,2.0,2.0,PubChem,Available
2290,Phenacetin,4754.0,CCOC1=CC=C(C=C1)NC(=O)C,179.22,1.6,38.3,1.0,2.0,3.0,PubChem,Available
2291,Phenazocine,14707.0,CC1C2CC3=C(C1(CCN2CCC4=CC=CC=C4)C)C=C(C=C3)O,321.5,3.8,23.5,1.0,2.0,3.0,PubChem,Available
2292,Phenazopyridine,4756.0,C1=CC=C(C=C1)N=NC2=C(N=C(C=C2)N)N,213.24,1.9,89.7,2.0,5.0,2.0,PubChem,Available
2293,Phencyclidine,6468.0,C1CCC(CC1)(C2=CC=CC=C2)N3CCCCC3,243.4,3.6,3.2,0.0,1.0,2.0,PubChem,Available
2294,Phendimetrazine,30487.0,CC1C(OCCN1C)C2=CC=CC=C2,191.27,1.9,12.5,0.0,2.0,1.0,PubChem,Available
2295,Phenelzine,3675.0,C1=CC=C(C=C1)CCNN,136.19,1.2,38.1,2.0,2.0,3.0,PubChem,Available
2296,Phenethyl Isothiocyanate,16741.0,C1=CC=C(C=C1)CCN=C=S,163.24,3.5,44.5,0.0,2.0,3.0,PubChem,Available
2297,Phenethylamine,1001.0,C1=CC=C(C=C1)CCN,121.18,1.4,26.0,1.0,1.0,2.0,PubChem,Available
2298,Pheneticillin,272833.0,CC(C(=O)NC1C2N(C1=O)C(C(S2)(C)C)C(=O)O)OC3=CC=CC=C3,364.4,2.2,121.0,2.0,6.0,5.0,PubChem,Available
2299,Pheneturide,72060.0,CCC(C1=CC=CC=C1)C(=O)NC(=O)N,206.24,1.8,72.2,2.0,2.0,3.0,PubChem,Available
2300,Phenformin,8249.0,C1=CC=C(C=C1)CCN=C(N)N=C(N)N,205.26,-0.8,103.0,3.0,1.0,4.0,PubChem,Available
2301,Phenglutarimide,102669.0,CCN(CC)CCC1(CCC(=O)NC1=O)C2=CC=CC=C2,288.4,2.1,49.4,1.0,3.0,6.0,PubChem,Available
2302,Phenibut,14113.0,C1=CC=C(C=C1)C(CC(=O)O)CN,179.22,-1.6,63.3,2.0,3.0,4.0,PubChem,Available
2303,Phenindamine,11291.0,CN1CCC2=C(C1)C(C3=CC=CC=C23)C4=CC=CC=C4,261.4,3.1,3.2,0.0,1.0,1.0,PubChem,Available
2304,Phenindione,4760.0,C1=CC=C(C=C1)C2C(=O)C3=CC=CC=C3C2=O,222.24,2.9,34.1,0.0,2.0,1.0,PubChem,Available
2305,Pheniprazine,5929.0,CC(CC1=CC=CC=C1)NN,150.22,1.3,38.1,2.0,2.0,3.0,PubChem,Available
2306,Pheniramine,4761.0,CN(C)CCC(C1=CC=CC=C1)C2=CC=CC=N2,240.34,2.8,16.1,0.0,2.0,5.0,PubChem,Available
2307,Phenmetrazine,4762.0,CC1C(OCCN1)C2=CC=CC=C2,177.24,1.4,21.3,1.0,2.0,1.0,PubChem,Available
2308,Phenobarbital,4763.0,CCC1(C(=O)NC(=O)NC1=O)C2=CC=CC=C2,232.23,1.5,75.3,2.0,3.0,2.0,PubChem,Available
2309,Phenol,996.0,C1=CC=C(C=C1)O,94.11,1.5,20.2,1.0,1.0,0.0,PubChem,Available
2310,Phenolphthalein,4764.0,C1=CC=C2C(=C1)C(=O)OC2(C3=CC=C(C=C3)O)C4=CC=C(C=C4)O,318.3,3.6,66.8,2.0,4.0,2.0,PubChem,Available
2311,Phenoperidine,11226.0,CCOC(=O)C1(CCN(CC1)CCC(C2=CC=CC=C2)O)C3=CC=CC=C3,367.5,3.7,49.8,1.0,4.0,8.0,PubChem,Available
2312,Phenothiazine,7108.0,C1=CC=C2C(=C1)NC3=CC=CC=C3S2,199.27,4.2,37.3,1.0,2.0,0.0,PubChem,Available
2313,Phenoxybenzamine,4768.0,CC(COC1=CC=CC=C1)N(CCCl)CC2=CC=CC=C2,303.8,4.4,12.5,0.0,2.0,8.0,PubChem,Available
2314,Phenoxymethylpenicillin,6869.0,CC1(C(N2C(S1)C(C2=O)NC(=O)COC3=CC=CC=C3)C(=O)O)C,350.4,2.1,121.0,2.0,6.0,5.0,PubChem,Available
2315,Phenoxypropazine,71467.0,CC(COC1=CC=CC=C1)NN,166.22,1.1,47.3,2.0,3.0,4.0,PubChem,Available
2316,Phenprobamate,4770.0,C1=CC=C(C=C1)CCCOC(=O)N,179.22,2.0,52.3,1.0,2.0,5.0,PubChem,Available
2317,Phenprocoumon,54680692.0,CCC(C1=CC=CC=C1)C2=C(C3=CC=CC=C3OC2=O)O,280.3,3.6,46.5,1.0,3.0,3.0,PubChem,Available
2318,Phenserine,192706.0,CC12CCN(C1N(C3=C2C=C(C=C3)OC(=O)NC4=CC=CC=C4)C)C,337.4,2.3,44.8,1.0,4.0,3.0,PubChem,Available
2319,Phensuximide,6839.0,CN1C(=O)CC(C1=O)C2=CC=CC=C2,189.21,0.8,37.4,0.0,2.0,1.0,PubChem,Available
2320,Phentermine,4771.0,CC(C)(CC1=CC=CC=C1)N,149.23,1.9,26.0,1.0,1.0,2.0,PubChem,Available
2321,Phentolamine,5775.0,CC1=CC=C(C=C1)N(CC2=NCCN2)C3=CC(=CC=C3)O,281.35,2.6,47.9,2.0,3.0,4.0,PubChem,Available
2322,Phenyl aminosalicylate,8609.0,C1=CC=C(C=C1)OC(=O)C2=C(C=C(C=C2)N)O,229.23,3.2,72.6,2.0,4.0,3.0,PubChem,Available
2323,Phenylacetic acid,999.0,C1=CC=C(C=C1)CC(=O)O,136.15,1.4,37.3,1.0,2.0,2.0,PubChem,Available
2324,Phenylbutazone,4781.0,CCCCC1C(=O)N(N(C1=O)C2=CC=CC=C2)C3=CC=CC=C3,308.4,3.2,40.6,0.0,2.0,5.0,PubChem,Available
2325,Phenylbutyric acid,4775.0,C1=CC=C(C=C1)CCCC(=O)O,164.2,2.4,37.3,1.0,2.0,4.0,PubChem,Available
2326,Phenylephrine,6041.0,CNCC(C1=CC(=CC=C1)O)O,167.2,-0.3,52.5,3.0,3.0,3.0,PubChem,Available
2327,Phenytoin,1775.0,C1=CC=C(C=C1)C2(C(=O)NC(=O)N2)C3=CC=CC=C3,252.27,2.5,58.2,2.0,2.0,2.0,PubChem,Available
2328,Pholcodine,5311356.0,CN1CCC23C4C1CC5=C2C(=C(C=C5)OCCN6CCOCC6)OC3C(C=C4)O,398.5,0.8,54.4,1.0,6.0,4.0,PubChem,Available
2329,Phosmet,12901.0,COP(=S)(OC)SCN1C(=O)C2=CC=CC=C2C1=O,317.3,2.8,113.0,0.0,6.0,5.0,PubChem,Available
2330,Phosphocreatine,9548602.0,CN(CC(=O)O)C(=NP(=O)(O)O)N,211.11,-2.6,136.0,4.0,6.0,4.0,PubChem,Available
2331,Phthalylsulfathiazole,4806.0,C1=CC=C(C(=C1)C(=O)NC2=CC=C(C=C2)S(=O)(=O)NC3=NC=CS3)C(=O)O,403.4,1.1,162.0,3.0,8.0,6.0,PubChem,Available
2332,Phylloquinone,5284607.0,CC1=C(C(=O)C2=CC=CC=C2C1=O)CC=C(C)CCCC(C)CCCC(C)CCCC(C)C,450.7,10.9,34.1,0.0,2.0,14.0,PubChem,Available
2333,Physostigmine,5983.0,CC12CCN(C1N(C3=C2C=C(C=C3)OC(=O)NC)C)C,275.35,0.7,44.8,1.0,4.0,2.0,PubChem,Available
2334,Pibrentasvir,58031952.0,CC(C(C(=O)N1CCCC1C2=NC3=C(N2)C=C(C(=C3)F)C4CCC(N4C5=CC(=C(C(=C5)F)N6CCC(CC6)C7=CC=C(C=C7)F)F)C8=CC9=C(C=C8F)N=C(N9)C1CCCN1C(=O)C(C(C)OC)NC(=O)OC)NC(=O)OC)OC,1113.2,7.4,200.0,4.0,17.0,17.0,PubChem,Available
2335,Piceatannol,667639.0,C1=CC(=C(C=C1C=CC2=CC(=CC(=C2)O)O)O)O,244.24,2.9,80.9,4.0,4.0,2.0,PubChem,Available
2336,Piclamilast,154575.0,COC1=C(C=C(C=C1)C(=O)NC2=C(C=NC=C2Cl)Cl)OC3CCCC3,381.2,4.2,60.5,1.0,4.0,5.0,PubChem,Available
2337,Piclozotan,9801640.0,C1CN(CC=C1C2=CC=CC=N2)CCCCN3C(=COC4=CC=CC=C4C3=O)Cl,409.9,3.6,45.7,0.0,4.0,6.0,PubChem,Available
2338,Picosulfuric acid,5243.0,C1=CC=NC(=C1)C(C2=CC=C(C=C2)OS(=O)(=O)O)C3=CC=C(C=C3)OS(=O)(=O)O,437.4,2.4,157.0,2.0,9.0,7.0,PubChem,Available
2339,Picotamide,4814.0,COC1=C(C=C(C=C1)C(=O)NCC2=CN=CC=C2)C(=O)NCC3=CN=CC=C3,376.4,1.3,93.2,2.0,5.0,7.0,PubChem,Available
2340,Pidotimod,65944.0,C1CC(=O)NC1C(=O)N2CSCC2C(=O)O,244.27,-0.7,112.0,2.0,5.0,2.0,PubChem,Available
2341,Pilocarpine,5910.0,CCC1C(COC1=O)CC2=CN=CN2C,208.26,1.1,44.1,0.0,3.0,3.0,PubChem,Available
2342,Pilsicainide,4820.0,CC1=C(C(=CC=C1)C)NC(=O)CC23CCCN2CCC3,272.4,2.7,32.3,1.0,2.0,3.0,PubChem,Available
2343,Pimavanserin,10071196.0,CC(C)COC1=CC=C(C=C1)CNC(=O)N(CC2=CC=C(C=C2)F)C3CCN(CC3)C,427.6,4.5,44.8,1.0,4.0,8.0,PubChem,Available
2344,Pimecrolimus,6509979.0,CCC1C=C(CC(CC(C2C(CC(C(O2)(C(=O)C(=O)N3CCCCC3C(=O)OC(C(C(CC1=O)O)C)C(=CC4CCC(C(C4)OC)Cl)C)O)C)OC)OC)C)C,810.4,3.8,158.0,2.0,11.0,6.0,PubChem,Available
2345,Pimozide,16362.0,C1CN(CCC1N2C3=CC=CC=C3NC2=O)CCCC(C4=CC=C(C=C4)F)C5=CC=C(C=C5)F,461.5,6.3,35.6,1.0,4.0,7.0,PubChem,Available
2346,Pinacidil,55329.0,CC(C(C)(C)C)N=C(NC#N)NC1=CC=NC=C1.O,263.34,,74.1,3.0,4.0,5.0,PubChem,Available
2347,Pinaverium,40704.0,CC1(C2CCC(C1C2)CCOCC[N+]3(CCOCC3)CC4=CC(=C(C=C4Br)OC)OC)C,511.5,5.4,36.9,0.0,4.0,10.0,PubChem,Available
2348,Pinazepam,40391.0,C#CCN1C(=O)CN=C(C2=C1C=CC(=C2)Cl)C3=CC=CC=C3,308.8,3.1,32.7,0.0,2.0,2.0,PubChem,Available
2349,Pindolol,4828.0,CC(C)NCC(COC1=CC=CC2=C1C=CN2)O,248.32,1.8,57.3,3.0,3.0,6.0,PubChem,Available
2350,Pinometostat,57345410.0,CC(C)N(CC1C(C(C(O1)N2C=NC3=C(N=CN=C32)N)O)O)C4CC(C4)CCC5=NC6=C(N5)C=C(C=C6)C(C)(C)C,562.7,4.3,151.0,4.0,9.0,9.0,PubChem,Available
2351,Pioglitazone,4829.0,CCC1=CN=C(C=C1)CCOC2=CC=C(C=C2)CC3C(=O)NC(=O)S3,356.4,3.8,93.6,1.0,5.0,7.0,PubChem,Available
2352,Pipamperone,4830.0,C1CCN(CC1)C2(CCN(CC2)CCCC(=O)C3=CC=C(C=C3)F)C(=O)N,375.5,2.0,66.6,1.0,5.0,7.0,PubChem,Available
2353,Pipecuronium,50192.0,CC(=O)OC1CC2CCC3C(C2(CC1N4CC[N+](CC4)(C)C)C)CCC5(C3CC(C5OC(=O)C)N6CC[N+](CC6)(C)C)C,602.9,4.5,59.1,0.0,6.0,6.0,PubChem,Available
2354,Pipemidic acid,4831.0,CCN1C=C(C(=O)C2=CN=C(N=C21)N3CCNCC3)C(=O)O,303.32,-2.1,98.7,2.0,8.0,3.0,PubChem,Available
2355,Pipenzolate,4832.0,CC[N+]1(CCCC(C1)OC(=O)C(C2=CC=CC=C2)(C3=CC=CC=C3)O)C,354.5,3.6,46.5,1.0,3.0,6.0,PubChem,Available
2356,Piperacillin,43672.0,CCN1CCN(C(=O)C1=O)C(=O)NC(C2=CC=CC=C2)C(=O)NC3C4N(C3=O)C(C(S4)(C)C)C(=O)O,517.6,0.5,182.0,3.0,8.0,6.0,PubChem,Available
2357,Piperaquine,122262.0,C1CN(CCN1CCCN2CCN(CC2)C3=C4C=CC(=CC4=NC=C3)Cl)C5=C6C=CC(=CC6=NC=C5)Cl,535.5,5.6,38.7,0.0,6.0,6.0,PubChem,Available
2358,Piperazine,4837.0,C1CNCCN1,86.14,-1.5,24.1,2.0,2.0,0.0,PubChem,Available
2359,Piperidolate,4839.0,CCN1CCCC(C1)OC(=O)C(C2=CC=CC=C2)C3=CC=CC=C3,323.4,4.4,29.5,0.0,3.0,6.0,PubChem,Available
2360,Piperine,638024.0,C1CCN(CC1)C(=O)C=CC=CC2=CC3=C(C=C2)OCO3,285.34,3.5,38.8,0.0,3.0,3.0,PubChem,Available
2361,Pipobroman,4842.0,C1CN(CCN1C(=O)CCBr)C(=O)CCBr,356.05,0.4,40.6,0.0,2.0,4.0,PubChem,Available
2362,Pipotiazine,62867.0,CN(C)S(=O)(=O)C1=CC2=C(C=C1)SC3=CC=CC=C3N2CCCN4CCC(CC4)CCO,475.7,3.5,97.8,1.0,7.0,8.0,PubChem,Available
2363,Piracetam,4843.0,C1CC(=O)N(C1)CC(=O)N,142.16,-1.3,63.4,1.0,2.0,2.0,PubChem,Available
2364,Pirarubicin,11296583.0,CC1C(C(CC(O1)OC2CC(CC3=C2C(=C4C(=C3O)C(=O)C5=C(C4=O)C(=CC=C5)OC)O)(C(=O)CO)O)N)OC6CCCCO6,627.6,2.7,204.0,5.0,13.0,7.0,PubChem,Available
2365,Pirbuterol,4845.0,CC(C)(C)NCC(C1=NC(=C(C=C1)O)CO)O,240.3,-0.1,85.6,4.0,5.0,5.0,PubChem,Available
2366,Pirenzepine,4848.0,CN1CCN(CC1)CC(=O)N2C3=CC=CC=C3C(=O)NC4=C2N=CC=C4,351.4,0.1,68.8,1.0,5.0,2.0,PubChem,Available
2367,Piretanide,4849.0,C1CCN(C1)C2=C(C(=CC(=C2)C(=O)O)S(=O)(=O)N)OC3=CC=CC=C3,362.4,2.2,118.0,2.0,7.0,5.0,PubChem,Available
2368,Piribedil,4850.0,C1CN(CCN1CC2=CC3=C(C=C2)OCO3)C4=NC=CC=N4,298.34,1.8,50.7,0.0,6.0,3.0,PubChem,Available
2369,Piritramide,9331.0,C1CCN(CC1)C2(CCN(CC2)CCC(C#N)(C3=CC=CC=C3)C4=CC=CC=C4)C(=O)N,430.6,3.7,73.4,1.0,4.0,7.0,PubChem,Available
2370,Piritrexim,54369.0,CC1=C2C(=NC(=NC2=NC=C1CC3=C(C=CC(=C3)OC)OC)N)N,325.4,2.1,109.0,2.0,7.0,4.0,PubChem,Available
2371,Pirlimycin,157385.0,CCC1CCNC(C1)C(=O)NC(C2C(C(C(C(O2)SC)O)O)O)C(C)Cl,411.0,1.7,136.0,5.0,7.0,6.0,PubChem,Available
2372,Pirlindole,68802.0,CC1=CC2=C(C=C1)N3CCNC4C3=C2CCC4,226.32,2.3,17.0,1.0,1.0,0.0,PubChem,Available
2373,Piromidic acid,4855.0,CCN1C=C(C(=O)C2=CN=C(N=C21)N3CCCC3)C(=O)O,288.3,1.3,86.6,1.0,7.0,3.0,PubChem,Available
2374,Piroxicam,54676228.0,CN1C(=C(C2=CC=CC=C2S1(=O)=O)O)C(=O)NC3=CC=CC=N3,331.3,3.1,108.0,2.0,6.0,2.0,PubChem,Available
2375,Pirprofen,35935.0,CC(C1=CC(=C(C=C1)N2CC=CC2)Cl)C(=O)O,251.71,2.9,40.5,1.0,3.0,3.0,PubChem,Available
2376,Pirtobrutinib,129269915.0,CC(C(F)(F)F)N1C(=C(C(=N1)C2=CC=C(C=C2)CNC(=O)C3=C(C=CC(=C3)F)OC)C(=O)N)N,479.4,3.3,125.0,3.0,9.0,7.0,PubChem,Available
2377,Pitavastatin,5282452.0,C1CC1C2=NC3=CC=CC=C3C(=C2C=CC(CC(CC(=O)O)O)O)C4=CC=C(C=C4)F,421.5,3.5,90.7,3.0,6.0,8.0,PubChem,Available
2378,Pitolisant,9948102.0,C1CCN(CC1)CCCOCCCC2=CC=C(C=C2)Cl,295.8,4.3,12.5,0.0,2.0,8.0,PubChem,Available
2379,Pivagabine,68888.0,CC(C)(C)C(=O)NCCCC(=O)O,187.24,0.8,66.4,2.0,3.0,5.0,PubChem,Available
2380,Pivampicillin,33478.0,CC1(C(N2C(S1)C(C2=O)NC(=O)C(C3=CC=CC=C3)N)C(=O)OCOC(=O)C(C)(C)C)C,463.5,2.9,153.0,2.0,8.0,9.0,PubChem,Available
2381,Pivhydrazine,9375.0,CC(C)(C)C(=O)NNCC1=CC=CC=C1,206.28,2.2,41.1,2.0,2.0,4.0,PubChem,Available
2382,Pivmecillinam,115163.0,CC1(C(N2C(S1)C(C2=O)N=CN3CCCCCC3)C(=O)OCOC(=O)C(C)(C)C)C,439.6,3.1,114.0,0.0,7.0,8.0,PubChem,Available
2383,Pixantrone,134019.0,C1=CC(=C2C(=C1NCCN)C(=O)C3=C(C2=O)C=NC=C3)NCCN,325.4,1.0,123.0,4.0,7.0,6.0,PubChem,Available
2384,Pizotifen,27400.0,CN1CCC(=C2C3=C(CCC4=CC=CC=C42)SC=C3)CC1,295.4,3.8,31.5,0.0,2.0,0.0,PubChem,Available
2385,Platelet Activating Factor,108156.0,CCCCCCCCCCCCCCCCOCC(COP(=O)([O-])OCC[N+](C)(C)C)OC(=O)C,523.7,6.5,94.1,0.0,7.0,26.0,PubChem,Available
2386,Platinum,23939.0,[Pt],195.08,,0.0,0.0,0.0,0.0,PubChem,Available
2387,Plazomicin,42613186.0,CC1(COC(C(C1NC)O)OC2C(CC(C(C2O)OC3C(CC=C(O3)CNCCO)N)N)NC(=O)C(CCN)O)O,592.7,-6.2,269.0,11.0,15.0,13.0,PubChem,Available
2388,Plecanatide,70693500.0,CC1C(=O)NC2CSSCC(C(=O)NC(C(=O)NC(C(=O)NC(CSSCC(NC(=O)CNC(=O)C(NC2=O)C(C)O)C(=O)NC(CC(C)C)C(=O)O)C(=O)NC(C(=O)NC(C(=O)NC(C(=O)N1)C(C)C)CC(=O)N)C(C)C)CC(C)C)CCC(=O)O)NC(=O)C(CCC(=O)O)NC(=O)C(CC(=O)O)NC(=O)C(CC(=O)N)N,1681.9,-8.2,819.0,23.0,31.0,28.0,PubChem,Available
2389,Plerixafor,65015.0,C1CNCCNCCCN(CCNC1)CC2=CC=C(C=C2)CN3CCCNCCNCCCNCC3,502.8,0.0,78.7,6.0,8.0,4.0,PubChem,Available
2390,Plevitrexed,135430970.0,CC1=CC2=C(C=C1CN(CC#C)C3=CC(=C(C=C3)C(=O)NC(CCC4=NNN=N4)C(=O)O)F)C(=O)NC(=N2)C,532.5,1.7,166.0,4.0,10.0,10.0,PubChem,Available
2391,Plicamycin,163659.0,CC1C(C(CC(O1)OC2CC(OC(C2O)C)OC3=CC4=CC5=C(C(=O)C(C(C5)C(C(=O)C(C(C)O)O)OC)OC6CC(C(C(O6)C)O)OC7CC(C(C(O7)C)O)OC8CC(C(C(O8)C)O)(C)O)C(=C4C(=C3C)O)O)O)O,1085.1,0.6,358.0,11.0,24.0,15.0,PubChem,Available
2392,Plitidepsin,9812534.0,CCC(C)C1C(CC(=O)OC(C(=O)C(C(=O)NC(C(=O)N2CCCC2C(=O)N(C(C(=O)OC(C(C(=O)N1)NC(=O)C(CC(C)C)N(C)C(=O)C3CCCN3C(=O)C(=O)C)C)CC4=CC=C(C=C4)OC)C)CC(C)C)C)C(C)C)O,1110.3,5.7,285.0,4.0,15.0,15.0,PubChem,Available
2393,Plumbagin,10205.0,CC1=CC(=O)C2=C(C1=O)C=CC=C2O,188.18,2.3,54.4,1.0,3.0,0.0,PubChem,Available
2394,Polaprezinc,9817450.0,C1=C(N=C[N-]1)CC(C(=O)[O-])NC(=O)CCN.[Zn+2],289.6,,109.0,2.0,6.0,5.0,PubChem,Available
2395,Poldine,11018.0,C[N+]1(CCCC1COC(=O)C(C2=CC=CC=C2)(C3=CC=CC=C3)O)C,340.4,3.2,46.5,1.0,3.0,6.0,PubChem,Available
2396,Polmacoxib,9841854.0,CC1(C(=O)C(=C(O1)C2=CC=C(C=C2)S(=O)(=O)N)C3=CC(=CC=C3)F)C,361.4,2.6,94.8,1.0,6.0,3.0,PubChem,Available
2397,Polythiazide,,,,,,,,,,Unresolved
2398,Pomalidomide,134780.0,C1CC(=O)NC(=O)C1N2C(=O)C3=C(C2=O)C(=CC=C3)N,273.24,0.2,110.0,2.0,5.0,1.0,PubChem,Available
2399,Ponatinib,24826799.0,CC1=C(C=C(C=C1)C(=O)NC2=CC(=C(C=C2)CN3CCN(CC3)C)C(F)(F)F)C#CC4=CN=C5N4N=CC=C5,532.6,4.1,65.8,1.0,8.0,6.0,PubChem,Available
2400,Ponesimod,11363176.0,CCCN=C1N(C(=O)C(=CC2=CC(=C(C=C2)OCC(CO)O)Cl)S1)C3=CC=CC=C3C,461.0,4.6,108.0,2.0,6.0,8.0,PubChem,Available
2401,Porfiromycin,13116.0,CC1=C(C(=O)C2=C(C1=O)N3CC4C(C3(C2COC(=O)N)OC)N4C)N,348.35,-0.4,128.0,2.0,8.0,4.0,PubChem,Available
2402,Posaconazole,468595.0,CCC(C(C)O)N1C(=O)N(C=N1)C2=CC=C(C=C2)N3CCN(CC3)C4=CC=C(C=C4)OCC5CC(OC5)(CN6C=NC=N6)C7=C(C=C(C=C7)F)F,700.8,4.6,112.0,1.0,11.0,12.0,PubChem,Available
2403,Posizolid,213049.0,C1CN(CC=C1C2=C(C=C(C=C2F)N3CC(OC3=O)COC4=NOC=C4)F)C(=O)C(CO)O,465.4,0.5,126.0,2.0,10.0,7.0,PubChem,Available
2404,Potassium,5462222.0,[K],39.0983,,0.0,0.0,0.0,0.0,PubChem,Available
2405,Potassium cation,813.0,[K+],39.0983,,0.0,0.0,0.0,0.0,PubChem,Available
2406,Potassium triiodide,105053.0,[K+].I[I-]I,419.8117,,0.0,0.0,1.0,0.0,PubChem,Available
2407,Pracinostat,49855250.0,CCCCC1=NC2=C(N1CCN(CC)CC)C=CC(=C2)C=CC(=O)NO,358.5,3.1,70.4,2.0,4.0,10.0,PubChem,Available
2408,Practolol,4883.0,CC(C)NCC(COC1=CC=C(C=C1)NC(=O)C)O,266.34,0.8,70.6,3.0,4.0,7.0,PubChem,Available
2409,Pradigastat,53387035.0,C1CC(CCC1CC(=O)O)C2=CC=C(C=C2)C3=NC=C(C=C3)NC4=CN=C(C=C4)C(F)(F)F,455.5,5.7,75.1,2.0,8.0,6.0,PubChem,Available
2410,Prajmaline,76959818.0,CCC[N+]12C3CC(C(C1O)CC)C4C2CC5(C3N(C6=CC=CC=C65)C)C4O,369.5,2.7,43.7,2.0,3.0,3.0,PubChem,Available
2411,Pralatrexate,148121.0,C#CCC(CC1=CN=C2C(=N1)C(=NC(=N2)N)N)C3=CC=C(C=C3)C(=O)NC(CCC(=O)O)C(=O)O,477.5,-0.9,207.0,5.0,11.0,10.0,PubChem,Available
2412,Pralidoxime,135398747.0,C[N+]1=CC=CC=C1C=NO,137.16,1.0,36.5,1.0,2.0,1.0,PubChem,Available
2413,Pralsetinib,129073603.0,CC1=CC(=NN1)NC2=NC(=NC(=C2)C)C3CCC(CC3)(C(=O)NC(C)C4=CN=C(C=C4)N5C=C(C=N5)F)OC,533.6,3.1,136.0,3.0,9.0,8.0,PubChem,Available
2414,Pramlintide,70691388.0,CCC(C)C(C(=O)NC(CC(C)C)C(=O)N1CCCC1C(=O)N2CCCC2C(=O)NC(C(C)O)C(=O)NC(CC(=O)N)C(=O)NC(C(C)C)C(=O)NCC(=O)NC(CO)C(=O)NC(CC(=O)N)C(=O)NC(C(C)O)C(=O)NC(CC3=CC=C(C=C3)O)C(=O)N)NC(=O)C4CCCN4C(=O)CNC(=O)C(CC5=CC=CC=C5)NC(=O)C(CC(=O)N)NC(=O)C(CC(=O)N)NC(=O)C(CO)NC(=O)C(CO)NC(=O)C(CC6=CNC=N6)NC(=O)C(C(C)C)NC(=O)C(CC(C)C)NC(=O)C(CC7=CC=CC=C7)NC(=O)C(CC(=O)N)NC(=O)C(C)NC(=O)C(CC(C)C)NC(=O)C(CCCNC(=N)N)NC(=O)C(CCC(=O)N)NC(=O)C(C(C)O)NC(=O)C(C)NC(=O)C8CSSCC(C(=O)NC(C(=O)NC(C(=O)NC(C(=O)NC(C(=O)N8)C(C)O)C)C(C)O)CC(=O)N)NC(=O)C(CCCCN)N,3949.0,-15.7,1740.0,56.0,59.0,110.0,PubChem,Available
2415,Pramocaine,4886.0,CCCCOC1=CC=C(C=C1)OCCCN2CCOCC2,293.4,3.1,30.9,0.0,4.0,9.0,PubChem,Available
2416,Pranlukast,4887.0,C1=CC=C(C=C1)CCCCOC2=CC=C(C=C2)C(=O)NC3=CC=CC4=C3OC(=CC4=O)C5=NNN=N5,481.5,4.2,119.0,2.0,7.0,9.0,PubChem,Available
2417,Pranoprofen,4888.0,CC(C1=CC2=C(C=C1)OC3=C(C2)C=CC=N3)C(=O)O,255.27,2.7,59.4,1.0,4.0,2.0,PubChem,Available
2418,Prasterone,5881.0,CC12CCC3C(C1CCC2=O)CC=C4C3(CCC(C4)O)C,288.4,3.2,37.3,1.0,2.0,0.0,PubChem,Available
2419,Prasterone enantate,163331.0,CCCCCCC(=O)OC1CCC2(C3CCC4(C(C3CC=C2C1)CCC4=O)C)C,400.6,6.3,43.4,0.0,3.0,7.0,PubChem,Available
2420,Prasterone sulfate,12594.0,CC12CCC3C(C1CCC2=O)CC=C4C3(CCC(C4)OS(=O)(=O)O)C,368.5,2.8,89.1,1.0,5.0,2.0,PubChem,Available
2421,Prasugrel,6918456.0,CC(=O)OC1=CC2=C(S1)CCN(C2)C(C3=CC=CC=C3F)C(=O)C4CC4,373.4,3.6,74.9,0.0,6.0,6.0,PubChem,Available
2422,Pravastatin,54687.0,CCC(C)C(=O)OC1CC(C=C2C1C(C(C=C2)C)CCC(CC(CC(=O)O)O)O)O,424.5,1.6,124.0,4.0,7.0,11.0,PubChem,Available
2423,Prazepam,4890.0,C1CC1CN2C(=O)CN=C(C3=C2C=CC(=C3)Cl)C4=CC=CC=C4,324.8,3.6,32.7,0.0,2.0,3.0,PubChem,Available
2424,Prazosin,4893.0,COC1=C(C=C2C(=C1)C(=NC(=N2)N3CCN(CC3)C(=O)C4=CC=CO4)N)OC,383.4,2.0,107.0,1.0,8.0,4.0,PubChem,Available
2425,Prednicarbate,6714002.0,CCC(=O)OCC(=O)C1(CCC2C1(CC(C3C2CCC4=CC(=O)C=CC34C)O)C)OC(=O)OCC,488.6,4.2,116.0,1.0,8.0,9.0,PubChem,Available
2426,Prednimustine,34457.0,CC12CC(C3C(C1CCC2(C(=O)COC(=O)CCCC4=CC=C(C=C4)N(CCCl)CCCl)O)CCC5=CC(=O)C=CC35C)O,646.6,6.0,104.0,2.0,7.0,13.0,PubChem,Available
2427,Prednisolone,5755.0,CC12CC(C3C(C1CCC2(C(=O)CO)O)CCC4=CC(=O)C=CC34C)O,360.4,1.6,94.8,3.0,5.0,2.0,PubChem,Available
2428,Prednisolone acetate,5834.0,CC(=O)OCC(=O)C1(CCC2C1(CC(C3C2CCC4=CC(=O)C=CC34C)O)C)O,402.5,2.4,101.0,2.0,6.0,4.0,PubChem,Available
2429,Prednisolone hemisuccinate,656804.0,CC12CC(C3C(C1CCC2(C(=O)COC(=O)CCC(=O)O)O)CCC4=CC(=O)C=CC34C)O,460.5,1.8,138.0,3.0,8.0,7.0,PubChem,Available
2430,Prednisolone phosphate,72078.0,CC12CC(C3C(C1CCC2(C(=O)COP(=O)(O)O)O)CCC4=CC(=O)C=CC34C)O,440.4,0.0,141.0,4.0,8.0,4.0,PubChem,Available
2431,Prednisone,5865.0,CC12CC(=O)C3C(C1CCC2(C(=O)CO)O)CCC4=CC(=O)C=CC34C,358.4,1.5,91.7,2.0,5.0,2.0,PubChem,Available
2432,Prednisone acetate,91438.0,CC(=O)OCC(=O)C1(CCC2C1(CC(=O)C3C2CCC4=CC(=O)C=CC34C)C)O,400.5,1.5,97.7,1.0,6.0,4.0,PubChem,Available
2433,Prednylidene,20055008.0,CC12CC(C3C(C1CC(=C)C2(C(=O)CO)O)CCC4=CC(=O)C=CC34C)O,372.5,1.6,94.8,3.0,5.0,2.0,PubChem,Available
2434,Pregabalin,5486971.0,CC(C)CC(CC(=O)O)CN,159.23,-1.6,63.3,2.0,3.0,5.0,PubChem,Available
2435,Pregnenolone,8955.0,CC(=O)C1CCC2C1(CCC3C2CC=C4C3(CCC(C4)O)C)C,316.5,4.2,37.3,1.0,2.0,1.0,PubChem,Available
2436,Prenalterol,42396.0,CC(C)NCC(COC1=CC=C(C=C1)O)O,225.28,1.4,61.7,3.0,4.0,6.0,PubChem,Available
2437,Prenylamine,9801.0,CC(CC1=CC=CC=C1)NCCC(C2=CC=CC=C2)C3=CC=CC=C3,329.5,6.0,12.0,1.0,1.0,8.0,PubChem,Available
2438,Pretomanid,456199.0,C1C(COC2=NC(=CN21)[N+](=O)[O-])OCC3=CC=C(C=C3)OC(F)(F)F,359.26,2.8,91.3,0.0,9.0,4.0,PubChem,Available
2439,Previtamin D(3),5281058.0,CC1=C(CC(CC1)O)C=CC2=CCCC3(C2CCC3C(C)CCCC(C)C)C,384.6,7.7,20.2,1.0,1.0,7.0,PubChem,Available
2440,Pridinol,4904.0,C1CCN(CC1)CCC(C2=CC=CC=C2)(C3=CC=CC=C3)O,295.4,3.8,23.5,1.0,2.0,5.0,PubChem,Available
2441,Prifinium,4905.0,CC[N+]1(CCC(=C(C2=CC=CC=C2)C3=CC=CC=C3)C1C)CC,306.5,5.1,0.0,0.0,0.0,4.0,PubChem,Available
2442,Prilocaine,4906.0,CCCNC(C)C(=O)NC1=CC=CC=C1C,220.31,2.1,41.1,2.0,2.0,5.0,PubChem,Available
2443,Primaquine,4908.0,CC(CCCN)NC1=C2C(=CC(=C1)OC)C=CC=N2,259.35,2.2,60.2,2.0,4.0,6.0,PubChem,Available
2444,Primidone,4909.0,CCC1(C(=O)NCNC1=O)C2=CC=CC=C2,218.25,0.9,58.2,2.0,2.0,2.0,PubChem,Available
2445,Probenecid,4911.0,CCCN(CCC)S(=O)(=O)C1=CC=C(C=C1)C(=O)O,285.36,3.2,83.1,1.0,5.0,7.0,PubChem,Available
2446,Probucol,4912.0,CC(C)(C)C1=CC(=CC(=C1O)C(C)(C)C)SC(C)(C)SC2=CC(=C(C(=C2)C(C)(C)C)O)C(C)(C)C,516.8,11.3,91.1,2.0,4.0,8.0,PubChem,Available
2447,Procainamide,4913.0,CCN(CC)CCNC(=O)C1=CC=C(C=C1)N,235.33,0.9,58.4,2.0,3.0,6.0,PubChem,Available
2448,Procaine,4914.0,CCN(CC)CCOC(=O)C1=CC=C(C=C1)N,236.31,1.9,55.6,1.0,4.0,7.0,PubChem,Available
2449,Procarbazine,4915.0,CC(C)NC(=O)C1=CC=C(C=C1)CNNC,221.3,0.1,53.2,3.0,3.0,5.0,PubChem,Available
2450,Procaterol,688563.0,CCC(C(C1=C2C=CC(=O)NC2=C(C=C1)O)O)NC(C)C,290.36,1.5,81.6,4.0,4.0,5.0,PubChem,Available
2451,Prochlorperazine,4917.0,CN1CCN(CC1)CCCN2C3=CC=CC=C3SC4=C2C=C(C=C4)Cl,373.9,4.9,35.0,0.0,4.0,4.0,PubChem,Available
2452,Procyclidine,4919.0,C1CCC(CC1)C(CCN2CCCC2)(C3=CC=CC=C3)O,287.4,4.1,23.5,1.0,2.0,5.0,PubChem,Available
2453,Profenamine,3290.0,CCN(CC)C(C)CN1C2=CC=CC=C2SC3=CC=CC=C31,312.5,4.8,31.8,0.0,3.0,5.0,PubChem,Available
2454,Progabide,44115.0,C1=CC(=CC=C1C(=NCCCC(=O)N)C2=C(C=CC(=C2)F)O)Cl,334.8,3.0,75.7,2.0,4.0,6.0,PubChem,Available
2455,Progesterone,5994.0,CC(=O)C1CCC2C1(CCC3C2CCC4=CC(=O)CCC34C)C,314.5,3.9,34.1,0.0,2.0,1.0,PubChem,Available
2456,Proglumetacin,4921.0,CCCN(CCC)C(=O)C(CCC(=O)OCCCN1CCN(CC1)CCOC(=O)CC2=C(N(C3=C2C=C(C=C3)OC)C(=O)C4=CC=C(C=C4)Cl)C)NC(=O)C5=CC=CC=C5,844.4,7.3,140.0,1.0,10.0,23.0,PubChem,Available
2457,Proguanil,6178111.0,CC(C)N=C(N)N=C(N)NC1=CC=C(C=C1)Cl,253.73,1.5,88.8,3.0,1.0,4.0,PubChem,Available
2458,Promazine,4926.0,CN(C)CCCN1C2=CC=CC=C2SC3=CC=CC=C31,284.4,4.5,31.8,0.0,3.0,4.0,PubChem,Available
2459,Promegestone,36709.0,CCC(=O)C1(CCC2C1(CCC3=C4CCC(=O)C=C4CCC23)C)C,326.5,3.3,34.1,0.0,2.0,2.0,PubChem,Available
2460,Promethazine,4927.0,CC(CN1C2=CC=CC=C2SC3=CC=CC=C31)N(C)C,284.4,4.8,31.8,0.0,3.0,3.0,PubChem,Available
2461,Propacetamol,68865.0,CCN(CC)CC(=O)OC1=CC=C(C=C1)NC(=O)C,264.32,1.1,58.6,1.0,4.0,7.0,PubChem,Available
2462,Propanidid,15004.0,CCCOC(=O)CC1=CC(=C(C=C1)OCC(=O)N(CC)CC)OC,337.4,2.8,65.1,0.0,5.0,11.0,PubChem,Available
2463,Propantheline,4934.0,CC(C)[N+](C)(CCOC(=O)C1C2=CC=CC=C2OC3=CC=CC=C13)C(C)C,368.5,4.2,35.5,0.0,3.0,7.0,PubChem,Available
2464,Proparacaine,4935.0,CCCOC1=C(C=C(C=C1)C(=O)OCCN(CC)CC)N,294.39,2.7,64.8,1.0,5.0,10.0,PubChem,Available
2465,Propatyl nitrate,66261.0,CCC(CO[N+](=O)[O-])(CO[N+](=O)[O-])CO[N+](=O)[O-],269.17,2.0,165.0,0.0,9.0,7.0,PubChem,Available
2466,Propenidazole,6446788.0,CCOC(=O)C(=CC1=NC=C(N1C)[N+](=O)[O-])C(=O)C,267.24,0.4,107.0,0.0,6.0,5.0,PubChem,Available
2467,Propentofylline,4938.0,CCCN1C=NC2=C1C(=O)N(C(=O)N2C)CCCCC(=O)C,306.36,0.7,75.5,0.0,4.0,7.0,PubChem,Available
2468,Propicillin,92879.0,CCC(C(=O)NC1C2N(C1=O)C(C(S2)(C)C)C(=O)O)OC3=CC=CC=C3,378.4,2.7,121.0,2.0,6.0,6.0,PubChem,Available
2469,Propiomazine,4940.0,CCC(=O)C1=CC2=C(C=C1)SC3=CC=CC=C3N2CC(C)N(C)C,340.5,4.8,48.9,0.0,4.0,5.0,PubChem,Available
2470,Propiopromazine,24352.0,CCC(=O)C1=CC2=C(C=C1)SC3=CC=CC=C3N2CCCN(C)C,340.5,4.7,48.9,0.0,4.0,6.0,PubChem,Available
2471,Propiverine,4942.0,CCCOC(C1=CC=CC=C1)(C2=CC=CC=C2)C(=O)OC3CCN(CC3)C,367.5,4.7,38.8,0.0,4.0,8.0,PubChem,Available
2472,Propofol,4943.0,CC(C)C1=C(C(=CC=C1)C(C)C)O,178.27,3.8,20.2,1.0,1.0,2.0,PubChem,Available
2473,Propoxycaine,6843.0,CCCOC1=C(C=CC(=C1)N)C(=O)OCCN(CC)CC,294.39,3.1,64.8,1.0,5.0,10.0,PubChem,Available
2474,Propylthiouracil,657298.0,CCCC1=CC(=O)NC(=S)N1,170.23,0.8,73.2,2.0,2.0,2.0,PubChem,Available
2475,Propyphenazone,3778.0,CC1=C(C(=O)N(N1C)C2=CC=CC=C2)C(C)C,230.31,1.7,23.6,0.0,2.0,2.0,PubChem,Available
2476,Proquazone,31508.0,CC1=CC2=C(C=C1)C(=NC(=O)N2C(C)C)C3=CC=CC=C3,278.3,3.0,32.7,0.0,1.0,2.0,PubChem,Available
2477,Proscillaridin,5284613.0,CC1C(C(C(C(O1)OC2CCC3(C4CCC5(C(CCC5(C4CCC3=C2)O)C6=COC(=O)C=C6)C)C)O)O)O,530.6,1.9,126.0,4.0,8.0,3.0,PubChem,Available
2478,Prostaglandin B2,5280881.0,CCCCCC(C=CC1=C(C(=O)CC1)CC=CCCCC(=O)O)O,334.4,3.3,74.6,2.0,4.0,12.0,PubChem,Available
2479,Prostaglandin D2,448457.0,CCCCCC(C=CC1C(C(CC1=O)O)CC=CCCCC(=O)O)O,352.5,2.6,94.8,3.0,5.0,12.0,PubChem,Available
2480,Prostaglandin G2,5280883.0,CCCCCC(C=CC1C2CC(C1CC=CCCCC(=O)O)OO2)OO,368.5,3.8,85.2,2.0,6.0,13.0,PubChem,Available
2481,Prostalene,6436031.0,CCCCCC(C)(C=CC1C(CC(C1CC=C=CCCC(=O)OC)O)O)O,380.5,2.5,87.0,3.0,5.0,12.0,PubChem,Available
2482,Prothipendyl,14670.0,CN(C)CCCN1C2=CC=CC=C2SC3=C1N=CC=C3,285.4,3.4,44.7,0.0,4.0,4.0,PubChem,Available
2483,Protionamide,666418.0,CCCC1=NC=CC(=C1)C(=S)N,180.27,1.5,71.0,1.0,2.0,3.0,PubChem,Available
2484,Protirelin,638678.0,C1CC(N(C1)C(=O)C(CC2=CN=CN2)NC(=O)C3CCC(=O)N3)C(=O)N,362.38,-2.5,150.0,4.0,5.0,6.0,PubChem,Available
2485,Protocatechualdehyde,8768.0,C1=CC(=C(C=C1C=O)O)O,138.12,1.3,57.5,2.0,3.0,1.0,PubChem,Available
2486,Protokylol,4969.0,CC(CC1=CC2=C(C=C1)OCO2)NCC(C3=CC(=C(C=C3)O)O)O,331.4,2.1,91.2,4.0,6.0,6.0,PubChem,Available
2487,Protriptyline,4976.0,CNCCCC1C2=CC=CC=C2C=CC3=CC=CC=C13,263.4,4.4,12.0,1.0,1.0,4.0,PubChem,Available
2488,Proxibarbal,17336.0,CC(CC1(C(=O)NC(=O)NC1=O)CC=C)O,226.23,0.2,95.5,3.0,4.0,4.0,PubChem,Available
2489,Proxyphylline,4977.0,CC(CN1C=NC2=C1C(=O)N(C(=O)N2C)C)O,238.24,-0.8,78.7,1.0,4.0,2.0,PubChem,Available
2490,Prucalopride,3052762.0,COCCCN1CCC(CC1)NC(=O)C2=CC(=C(C3=C2OCC3)N)Cl,367.9,2.0,76.8,2.0,5.0,6.0,PubChem,Available
2491,Prulifloxacin,65947.0,CC1N2C3=CC(=C(C=C3C(=O)C(=C2S1)C(=O)O)F)N4CCN(CC4)CC5=C(OC(=O)O5)C,461.5,1.0,125.0,1.0,11.0,4.0,PubChem,Available
2492,Prussian blue,2724251.0,[C-]#N.[C-]#N.[C-]#N.[C-]#N.[C-]#N.[C-]#N.[C-]#N.[C-]#N.[C-]#N.[C-]#N.[C-]#N.[C-]#N.[C-]#N.[C-]#N.[C-]#N.[C-]#N.[C-]#N.[C-]#N.[Fe+2].[Fe+2].[Fe+2].[Fe+3].[Fe+3].[Fe+3].[Fe+3],859.2,,428.0,0.0,36.0,0.0,PubChem,Available
2493,Psilocybin,10624.0,CN(C)CCC1=CNC2=C1C(=CC=C2)OP(=O)(O)O,284.25,-1.6,85.8,3.0,5.0,5.0,PubChem,Available
2494,Puromycin,439530.0,CN(C)C1=NC=NC2=C1N=CN2C3C(C(C(O3)CO)NC(=O)C(CC4=CC=C(C=C4)OC)N)O,471.5,0.0,161.0,4.0,10.0,8.0,PubChem,Available
2495,Pyrantel,708857.0,CN1CCCN=C1C=CC2=CC=CS2,206.31,1.6,43.8,0.0,2.0,2.0,PubChem,Available
2496,Pyrazinamide,1046.0,C1=CN=C(C=N1)C(=O)N,123.11,-0.6,68.9,1.0,3.0,1.0,PubChem,Available
2497,Pyrazolam,12562545.0,CC1=NN=C2N1C3=C(C=C(C=C3)Br)C(=NC2)C4=CC=CC=N4,354.2,1.4,56.0,0.0,4.0,1.0,PubChem,Available
2498,Pyridostigmine,4991.0,C[N+]1=CC=CC(=C1)OC(=O)N(C)C,181.21,0.7,33.4,0.0,2.0,2.0,PubChem,Available
2499,Pyrimethamine,4993.0,CCC1=C(C(=NC(=N1)N)N)C2=CC=C(C=C2)Cl,248.71,2.7,77.8,2.0,4.0,2.0,PubChem,Available
2500,Pyrithyldione,4994.0,CCC1(C(=O)C=CNC1=O)CC,167.2,1.0,46.2,1.0,2.0,2.0,PubChem,Available
2501,Pyronaridine,107771.0,COC1=NC2=C(C3=C(C=C(C=C3)Cl)N=C2C=C1)NC4=CC(=C(C(=C4)CN5CCCC5)O)CN6CCCC6,518.0,5.3,73.8,2.0,7.0,7.0,PubChem,Available
2502,Quazepam,4999.0,C1C(=S)N(C2=C(C=C(C=C2)Cl)C(=N1)C3=CC=CC=C3F)CC(F)(F)F,386.8,4.0,47.7,0.0,6.0,2.0,PubChem,Available
2503,Quercetin,5280343.0,C1=CC(=C(C=C1C2=C(C(=O)C3=C(C=C(C=C3O2)O)O)O)O)O,302.23,1.5,127.0,5.0,7.0,1.0,PubChem,Available
2504,Quetiapine,5002.0,C1CN(CCN1CCOCCO)C2=NC3=CC=CC=C3SC4=CC=CC=C42,383.5,2.1,73.6,1.0,5.0,6.0,PubChem,Available
2505,Quifenadine,65600.0,C1CN2CCC1C(C2)C(C3=CC=CC=C3)(C4=CC=CC=C4)O,293.4,3.4,23.5,1.0,2.0,3.0,PubChem,Available
2506,Quinacrine,237.0,CCN(CC)CCCC(C)NC1=C2C=C(C=CC2=NC3=C1C=CC(=C3)Cl)OC,400.0,6.0,37.4,1.0,4.0,9.0,PubChem,Available
2507,Quinagolide,3086401.0,CCCN1CC(CC2C1CC3=C(C2)C(=CC=C3)O)NS(=O)(=O)N(CC)CC,395.6,3.1,81.3,2.0,6.0,7.0,PubChem,Available
2508,Quinapril,54892.0,CCOC(=O)C(CCC1=CC=CC=C1)NC(C)C(=O)N2CC3=CC=CC=C3CC2C(=O)O,438.5,1.2,95.9,2.0,6.0,10.0,PubChem,Available
2509,Quinaprilat,107994.0,CC(C(=O)N1CC2=CC=CC=C2CC1C(=O)O)NC(CCC3=CC=CC=C3)C(=O)O,410.5,0.5,107.0,3.0,6.0,8.0,PubChem,Available
2510,Quinestrol,9046.0,CC12CCC3C(C1CCC2(C#C)O)CCC4=C3C=CC(=C4)OC5CCCC5,364.5,5.3,29.5,1.0,2.0,3.0,PubChem,Available
2511,Quinethazone,6307.0,CCC1NC2=CC(=C(C=C2C(=O)N1)S(=O)(=O)N)Cl,289.74,1.2,110.0,3.0,5.0,2.0,PubChem,Available
2512,Quingestanol,9842127.0,CC12CCC3C4CCC(=CC4=CCC3C1CCC2(C#C)O)OC5CCCC5,366.5,4.7,29.5,1.0,2.0,3.0,PubChem,Available
2513,Quingestanol acetate,18142.0,CC(=O)OC1(CCC2C1(CCC3C2CC=C4C3CCC(=C4)OC5CCCC5)C)C#C,408.6,5.3,35.5,0.0,3.0,5.0,PubChem,Available
2514,Quinidine,441074.0,COC1=CC2=C(C=CN=C2C=C1)C(C3CC4CCN3CC4C=C)O,324.4,2.9,45.6,1.0,4.0,4.0,PubChem,Available
2515,Quinisocaine,6857.0,CCCCC1=CC2=CC=CC=C2C(=N1)OCCN(C)C,272.4,4.2,25.4,0.0,3.0,7.0,PubChem,Available
2516,Quinupramine,93154.0,C1CN2CCC1C(C2)N3C4=CC=CC=C4CCC5=CC=CC=C53,304.4,4.5,6.5,0.0,2.0,1.0,PubChem,Available
2517,Quinupristin,5388937.0,CCC1C(=O)N2CCCC2C(=O)N(C(C(=O)N3CC(C(=O)CC3C(=O)NC(C(=O)OC(C(C(=O)N1)NC(=O)C4=C(C=CC=N4)O)C)C5=CC=CC=C5)CSC6CN7CCC6CC7)CC8=CC=C(C=C8)N(C)C)C,1022.2,4.2,257.0,4.0,14.0,10.0,PubChem,Available
2518,Quizartinib,24889392.0,CC(C)(C)C1=CC(=NO1)NC(=O)NC2=CC=C(C=C2)C3=CN4C5=C(C=C(C=C5)OCCN6CCOCC6)SC4=N3,560.7,5.6,134.0,2.0,8.0,8.0,PubChem,Available
2519,"R,S-Warfarin alcohol",54736486.0,CC(CC(C1=CC=CC=C1)C2=C(C3=CC=CC=C3OC2=O)O)O,310.3,2.6,66.8,2.0,4.0,4.0,PubChem,Available
2520,R-306465,10309899.0,C1CN(CCN1C2=NC=C(C=N2)C(=O)NO)S(=O)(=O)C3=CC4=CC=CC=C4C=C3,413.5,1.3,124.0,2.0,8.0,4.0,PubChem,Available
2521,Raclopride,3033769.0,CCN1CCCC1CNC(=O)C2=C(C(=CC(=C2OC)Cl)Cl)O,347.2,2.9,61.8,2.0,4.0,5.0,PubChem,Available
2522,Ractopamine,56052.0,CC(CCC1=CC=C(C=C1)O)NCC(C2=CC=C(C=C2)O)O,301.4,2.7,72.7,4.0,4.0,7.0,PubChem,Available
2523,Radezolid,11224409.0,CC(=O)NCC1CN(C(=O)O1)C2=CC(=C(C=C2)C3=CC=C(C=C3)CNCC4=NNN=C4)F,438.5,1.1,112.0,3.0,7.0,8.0,PubChem,Available
2524,Radium Ra-223 cation,,,,,,,,,,Unresolved
2525,Raloxifene,5035.0,C1CCN(CC1)CCOC2=CC=C(C=C2)C(=O)C3=C(SC4=C3C=CC(=C4)O)C5=CC=C(C=C5)O,473.6,6.1,98.2,2.0,6.0,7.0,PubChem,Available
2526,Raltegravir,54671008.0,CC1=NN=C(O1)C(=O)NC(C)(C)C2=NC(=C(C(=O)N2C)O)C(=O)NCC3=CC=C(C=C3)F,444.4,1.1,150.0,3.0,9.0,6.0,PubChem,Available
2527,Raltitrexed,135400182.0,CC1=NC2=C(C=C(C=C2)CN(C)C3=CC=C(S3)C(=O)NC(CCC(=O)O)C(=O)O)C(=O)N1,458.5,1.4,177.0,4.0,9.0,9.0,PubChem,Available
2528,Ramatroban,123879.0,C1CC2=C(CC1NS(=O)(=O)C3=CC=C(C=C3)F)C4=CC=CC=C4N2CCC(=O)O,416.5,2.9,96.8,2.0,6.0,6.0,PubChem,Available
2529,Ramelteon,208902.0,CCC(=O)NCCC1CCC2=C1C3=C(C=C2)OCC3,259.34,2.7,38.3,1.0,2.0,4.0,PubChem,Available
2530,Ramipril,5362129.0,CCOC(=O)C(CCC1=CC=CC=C1)NC(C)C(=O)N2C3CCCC3CC2C(=O)O,416.5,1.4,95.9,2.0,6.0,10.0,PubChem,Available
2531,Ramiprilat,5464096.0,CC(C(=O)N1C2CCCC2CC1C(=O)O)NC(CCC3=CC=CC=C3)C(=O)O,388.5,0.7,107.0,3.0,6.0,8.0,PubChem,Available
2532,Ramosetron,108000.0,CN1C=C(C2=CC=CC=C21)C(=O)C3CCC4=C(C3)NC=N4,279.34,2.2,50.7,1.0,2.0,2.0,PubChem,Available
2533,Ranitidine,3001055.0,CNC(=C[N+](=O)[O-])NCCSCC1=CC=C(O1)CN(C)C,314.41,0.3,112.0,2.0,7.0,9.0,PubChem,Available
2534,Ranolazine,56959.0,CC1=C(C(=CC=C1)C)NC(=O)CN2CCN(CC2)CC(COC3=CC=CC=C3OC)O,427.5,2.7,74.3,2.0,6.0,9.0,PubChem,Available
2535,Rapacuronium,5311399.0,CCC(=O)OC1C(CC2C1(CCC3C2CCC4C3(CC(C(C4)OC(=O)C)N5CCCCC5)C)C)[N+]6(CCCCC6)CC=C,597.9,7.6,55.8,0.0,5.0,9.0,PubChem,Available
2536,Ravuconazole,467825.0,CC(C1=NC(=CS1)C2=CC=C(C=C2)C#N)C(CN3C=NC=N3)(C4=C(C=C(C=C4)F)F)O,437.5,3.5,116.0,1.0,8.0,6.0,PubChem,Available
2537,Rebastinib,25066467.0,CC(C)(C)C1=NN(C(=C1)NC(=O)NC2=C(C=C(C=C2)OC3=CC(=NC=C3)C(=O)NC)F)C4=CC5=C(C=C4)N=CC=C5,553.6,4.9,123.0,3.0,7.0,7.0,PubChem,Available
2538,Regadenoson,219024.0,CNC(=O)C1=CN(N=C1)C2=NC(=C3C(=N2)N(C=N3)C4C(C(C(O4)CO)O)O)N,390.35,-1.5,186.0,5.0,10.0,4.0,PubChem,Available
2539,Regorafenib,11167602.0,CNC(=O)C1=NC=CC(=C1)OC2=CC(=C(C=C2)NC(=O)NC3=CC(=C(C=C3)Cl)C(F)(F)F)F,482.8,4.2,92.4,3.0,8.0,5.0,PubChem,Available
2540,Relcovaptan,60943.0,COC1=C(C=C(C=C1)S(=O)(=O)N2C(C(C3=C2C=CC(=C3)Cl)(C4=CC=CC=C4Cl)O)C(=O)N5CCCC5C(=O)N)OC,620.5,3.8,148.0,2.0,8.0,7.0,PubChem,Available
2541,Relebactam,44129647.0,C1CC(N2CC1N(C2=O)OS(=O)(=O)O)C(=O)NC3CCNCC3,348.38,-3.6,137.0,3.0,7.0,4.0,PubChem,Available
2542,Relugolix,10348973.0,CN(C)CC1=C(SC2=C1C(=O)N(C(=O)N2CC3=C(C=CC=C3F)F)C4=NN=C(C=C4)OC)C5=CC=C(C=C5)NC(=O)NOC,623.6,3.2,157.0,2.0,11.0,9.0,PubChem,Available
2543,Remacemide,60511.0,CC(CC1=CC=CC=C1)(C2=CC=CC=C2)NC(=O)CN,268.35,2.3,55.1,2.0,2.0,5.0,PubChem,Available
2544,Remdesivir,121304016.0,CCC(CC)COC(=O)C(C)NP(=O)(OCC1C(C(C(O1)(C#N)C2=CC=C3N2N=CN=C3N)O)O)OC4=CC=CC=C4,602.6,1.9,204.0,4.0,13.0,14.0,PubChem,Available
2545,Remifentanil,60815.0,CCC(=O)N(C1=CC=CC=C1)C2(CCN(CC2)CCC(=O)OC)C(=O)OC,376.4,1.9,76.2,0.0,6.0,9.0,PubChem,Available
2546,Remikiren,6324659.0,CC(C)(C)S(=O)(=O)CC(CC1=CC=CC=C1)C(=O)NC(CC2=CN=CN2)C(=O)NC(CC3CCCCC3)C(C(C4CC4)O)O,630.8,4.0,170.0,5.0,7.0,16.0,PubChem,Available
2547,Remimazolam,9867812.0,CC1=CN=C2N1C3=C(C=C(C=C3)Br)C(=NC2CCC(=O)OC)C4=CC=CC=N4,439.3,3.4,69.4,0.0,5.0,5.0,PubChem,Available
2548,Remogliflozin etabonate,9871420.0,CCOC(=O)OCC1C(C(C(C(O1)OC2=NN(C(=C2CC3=CC=C(C=C3)OC(C)C)C)C(C)C)O)O)O,522.6,3.0,142.0,3.0,10.0,12.0,PubChem,Available
2549,Remoxipride,54477.0,CCN1CCCC1CNC(=O)C2=C(C=CC(=C2OC)Br)OC,371.27,2.1,50.8,1.0,4.0,6.0,PubChem,Available
2550,Renzapride,119574.0,COC1=CC(=C(C=C1C(=O)NC2CCN3CCCC2C3)Cl)N,323.82,2.1,67.6,2.0,4.0,3.0,PubChem,Available
2551,Repaglinide,65981.0,CCOC1=C(C=CC(=C1)CC(=O)NC(CC(C)C)C2=CC=CC=C2N3CCCCC3)C(=O)O,452.6,5.2,78.9,2.0,5.0,10.0,PubChem,Available
2552,Repinotan,198757.0,C1CC2=CC=CC=C2OC1CNCCCCN3C(=O)C4=CC=CC=C4S3(=O)=O,400.5,3.0,84.1,1.0,5.0,7.0,PubChem,Available
2553,Reposal,19254.0,CCC1(C(=O)NC(=O)NC1=O)C2=CC3CCC(C3)C2,262.3,1.7,75.3,2.0,3.0,2.0,PubChem,Available
2554,Repotrectinib,135565923.0,CC1CNC(=O)C2=C3N=C(C=CN3N=C2)NC(C4=C(O1)C=CC(=C4)F)C,355.4,2.1,80.6,2.0,6.0,0.0,PubChem,Available
2555,Reproterol,25654.0,CN1C2=C(C(=O)N(C1=O)C)N(C=N2)CCCNCC(C3=CC(=CC(=C3)O)O)O,389.4,-0.5,131.0,4.0,7.0,7.0,PubChem,Available
2556,Rescinnamine,5280954.0,COC1C(CC2CN3CCC4=C(C3CC2C1C(=O)OC)NC5=C4C=CC(=C5)OC)OC(=O)C=CC6=CC(=C(C(=C6)OC)OC)OC,634.7,4.5,118.0,1.0,10.0,11.0,PubChem,Available
2557,Reserpine,5770.0,COC1C(CC2CN3CCC4=C(C3CC2C1C(=O)OC)NC5=C4C=CC(=C5)OC)OC(=O)C6=CC(=C(C(=C6)OC)OC)OC,608.7,4.0,118.0,1.0,10.0,10.0,PubChem,Available
2558,Resmetirom,15981237.0,CC(C)C1=CC(=NNC1=O)OC2=C(C=C(C=C2Cl)N3C(=O)NC(=O)C(=N3)C#N)Cl,435.2,2.7,136.0,2.0,7.0,4.0,PubChem,Available
2559,Resorcinol,5054.0,C1=CC(=CC(=C1)O)O,110.11,0.8,40.5,2.0,2.0,0.0,PubChem,Available
2560,Resveratrol,445154.0,C1=CC(=CC=C1C=CC2=CC(=CC(=C2)O)O)O,228.24,3.1,60.7,3.0,3.0,2.0,PubChem,Available
2561,Retapamulin,6918462.0,CC1CCC23CCC(=O)C2C1(C(CC(C(C3C)O)(C)C=C)OC(=O)CSC4CC5CCC(C4)N5C)C,517.8,6.1,92.1,1.0,6.0,6.0,PubChem,Available
2562,Revefenacin,11753673.0,CN(CCN1CCC(CC1)OC(=O)NC2=CC=CC=C2C3=CC=CC=C3)C(=O)C4=CC=C(C=C4)CN5CCC(CC5)C(=O)N,597.7,4.1,108.0,2.0,6.0,11.0,PubChem,Available
2563,Revumenib,132212657.0,CCN(C(C)C)C(=O)C1=C(C=CC(=C1)F)OC2=CN=CN=C2N3CC4(C3)CCN(CC4)CC5CCC(CC5)NS(=O)(=O)CC,630.8,4.3,116.0,1.0,10.0,11.0,PubChem,Available
2564,Rhein,10168.0,C1=CC2=C(C(=C1)O)C(=O)C3=C(C2=O)C=C(C=C3O)C(=O)O,284.22,2.2,112.0,3.0,6.0,1.0,PubChem,Available
2565,Ribociclib,44631912.0,CN(C)C(=O)C1=CC2=CN=C(N=C2N1C3CCCC3)NC4=NC=C(C=C4)N5CCNCC5,434.5,2.2,91.2,2.0,7.0,5.0,PubChem,Available
2566,Ribostamycin,33042.0,C1C(C(C(C(C1N)OC2C(C(C(C(O2)CN)O)O)N)OC3C(C(C(O3)CO)O)O)O)N,454.5,-6.3,262.0,10.0,14.0,6.0,PubChem,Available
2567,Ricolinostat,53340666.0,C1=CC=C(C=C1)N(C2=CC=CC=C2)C3=NC=C(C=N3)C(=O)NCCCCCCC(=O)NO,433.5,3.4,107.0,3.0,6.0,11.0,PubChem,Available
2568,Ridaforolimus,11520894.0,CC1CCC2CC(C(=CC=CC=CC(CC(C(=O)C(C(C(=CC(C(=O)CC(OC(=O)C3CCCCN3C(=O)C(=O)C1(O2)O)C(C)CC4CCC(C(C4)OC)OP(=O)(C)C)C)C)O)OC)C)C)C)OC,990.2,5.9,202.0,2.0,14.0,8.0,PubChem,Available
2569,Ridogrel,5362391.0,C1=CC(=CC(=C1)C(F)(F)F)C(=NOCCCCC(=O)O)C2=CN=CC=C2,366.3,3.9,71.8,1.0,8.0,8.0,PubChem,Available
2570,Rifabutin,135415564.0,CC1C=CC=C(C(=O)NC2=C(C3=C(C4=C(C(=C3O)C)OC(C4=O)(OC=CC(C(C(C(C(C(C1O)C)O)C)OC(=O)C)C)OC)C)C5=NC6(CCN(CC6)CC(C)C)N=C25)O)C,847.0,5.6,209.0,5.0,14.0,5.0,PubChem,Available
2571,Rifalazil,135431094.0,CC1C=CC=C(C(=O)NC2=C3C(=C4C(=C(C(=C5C4=C(C(O5)(OC=CC(C(C(C(C(C(C1O)C)O)C)OC(=O)C)C)OC)C)O)C)O)C2=O)N=C6C(=CC(=CC6=O)N7CCN(CC7)CC(C)C)O3)C,941.1,3.3,226.0,5.0,16.0,6.0,PubChem,Available
2572,Rifampin,135398735.0,CC1C=CC=C(C(=O)NC2=C(C(=C3C(=C2O)C(=C(C4=C3C(=O)C(O4)(OC=CC(C(C(C(C(C(C1O)C)O)C)OC(=O)C)C)OC)C)C)O)O)C=NN5CCN(CC5)C)C,822.9,4.9,220.0,6.0,15.0,5.0,PubChem,Available
2573,Rifamycin,6324616.0,CC1C=CC=C(C(=O)NC2=CC(=C3C(=C2O)C(=C(C4=C3C(=O)C(O4)(OC=CC(C(C(C(C(C(C1O)C)O)C)OC(=O)C)C)OC)C)C)O)O)C,697.8,4.9,201.0,6.0,12.0,3.0,PubChem,Available
2574,Rifapentine,135403821.0,CC1C=CC=C(C(=O)NC2=C(C(=C3C(=C2O)C(=C(C4=C3C(=O)C(O4)(OC=CC(C(C(C(C(C(C1O)C)O)C)OC(=O)C)C)OC)C)C)O)O)C=NN5CCN(CC5)C6CCCC6)C,877.0,6.7,220.0,6.0,15.0,6.0,PubChem,Available
2575,Rifaximin,6436173.0,CC1C=CC=C(C(=O)NC2=C(C3=C(C4=C(C(=C3O)C)OC(C4=O)(OC=CC(C(C(C(C(C(C1O)C)O)C)OC(=O)C)C)OC)C)C5=C2N6C=CC(=CC6=N5)C)O)C,785.9,6.9,198.0,5.0,12.0,3.0,PubChem,Available
2576,Rigosertib,6918736.0,COC1=C(C=C(C=C1)CS(=O)(=O)C=CC2=C(C=C(C=C2OC)OC)OC)NCC(=O)O,451.5,2.5,129.0,2.0,9.0,11.0,PubChem,Available
2577,Rilmenidine,68712.0,C1CC1C(C2CC2)NC3=NCCO3,180.25,1.2,33.6,1.0,2.0,4.0,PubChem,Available
2578,Rilpivirine,6451164.0,CC1=CC(=CC(=C1NC2=NC(=NC=C2)NC3=CC=C(C=C3)C#N)C)C=CC#N,366.4,4.5,97.4,2.0,6.0,5.0,PubChem,Available
2579,Riluzole,5070.0,C1=CC2=C(C=C1OC(F)(F)F)SC(=N2)N,234.2,3.6,76.4,1.0,7.0,1.0,PubChem,Available
2580,Rimegepant,51049968.0,C1CC(C2=C(C=CC=N2)C(C1C3=C(C(=CC=C3)F)F)N)OC(=O)N4CCC(CC4)N5C6=C(NC5=O)N=CC=C6,534.6,2.3,114.0,2.0,8.0,4.0,PubChem,Available
2581,Rimexolone,5311412.0,CCC(=O)C1(C(CC2C1(CC(C3C2CCC4=CC(=O)C=CC34C)O)C)C)C,370.5,3.5,54.4,1.0,3.0,2.0,PubChem,Available
2582,Rimiterol,46886609.0,C1CCNC(C1)C(C2=CC(=C(C=C2)O)O)O,223.27,0.8,72.7,4.0,4.0,2.0,PubChem,Available
2583,Rimonabant,104850.0,CC1=C(N(N=C1C(=O)NN2CCCCC2)C3=C(C=C(C=C3)Cl)Cl)C4=CC=C(C=C4)Cl,463.8,6.5,50.2,1.0,3.0,4.0,PubChem,Available
2584,Riociguat,11304743.0,CN(C1=C(N=C(N=C1N)C2=NN(C3=C2C=CC=N3)CC4=CC=CC=C4F)N)C(=O)OC,422.4,1.6,138.0,2.0,9.0,5.0,PubChem,Available
2585,Ripretinib,71584930.0,CCN1C2=CC(=NC=C2C=C(C1=O)C3=CC(=C(C=C3Br)F)NC(=O)NC4=CC=CC=C4)NC,510.4,4.1,86.4,3.0,5.0,5.0,PubChem,Available
2586,Risdiplam,118513932.0,CC1=CC(=NN2C1=NC(=C2)C)C3=CC(=O)N4C=C(C=CC4=N3)N5CCNC6(C5)CC6,401.5,0.5,78.1,1.0,6.0,2.0,PubChem,Available
2587,Risedronic acid,5245.0,C1=CC(=CN=C1)CC(O)(P(=O)(O)O)P(=O)(O)O,283.11,-3.1,148.0,5.0,8.0,4.0,PubChem,Available
2588,Risperidone,5073.0,CC1=C(C(=O)N2CCCCC2=N1)CCN3CCC(CC3)C4=NOC5=C4C=CC(=C5)F,410.5,2.7,61.9,0.0,6.0,4.0,PubChem,Available
2589,Ritanserin,5074.0,CC1=C(C(=O)N2C=CSC2=N1)CCN3CCC(=C(C4=CC=C(C=C4)F)C5=CC=C(C=C5)F)CC3,477.6,5.2,61.2,0.0,6.0,5.0,PubChem,Available
2590,Ritlecitinib,118115473.0,CC1CCC(CN1C(=O)C=C)NC2=NC=NC3=C2C=CN3,285.34,2.1,73.9,2.0,4.0,3.0,PubChem,Available
2591,Ritobegron,9820882.0,CC1=CC(=C(C=C1OCC(=O)O)C)CCNC(C)C(C2=CC=C(C=C2)O)O,373.4,0.7,99.0,4.0,6.0,9.0,PubChem,Available
2592,Ritodrine,33572.0,CC(C(C1=CC=C(C=C1)O)O)NCCC2=CC=C(C=C2)O,287.35,2.3,72.7,4.0,4.0,6.0,PubChem,Available
2593,Ritonavir,392622.0,CC(C)C1=NC(=CS1)CN(C)C(=O)NC(C(C)C)C(=O)NC(CC2=CC=CC=C2)CC(C(CC3=CC=CC=C3)NC(=O)OCC4=CN=CS4)O,720.9,6.0,202.0,4.0,9.0,18.0,PubChem,Available
2594,Rivaroxaban,9875401.0,C1COCC(=O)N1C2=CC=C(C=C2)N3CC(OC3=O)CNC(=O)C4=CC=C(S4)Cl,435.9,2.5,116.0,1.0,6.0,5.0,PubChem,Available
2595,Rivastigmine,77991.0,CCN(C)C(=O)OC1=CC=CC(=C1)C(C)N(C)C,250.34,2.3,32.8,0.0,3.0,5.0,PubChem,Available
2596,Rivoceranib,11315474.0,C1CCC(C1)(C#N)C2=CC=C(C=C2)NC(=O)C3=C(N=CC=C3)NCC4=CC=NC=C4,397.5,4.1,90.7,2.0,5.0,6.0,PubChem,Available
2597,Rivoglitazone,3055168.0,CN1C2=C(C=CC(=C2)OC)N=C1COC3=CC=C(C=C3)CC4C(=O)NC(=O)S4,397.4,3.1,108.0,1.0,6.0,6.0,PubChem,Available
2598,Rizatriptan,5078.0,CN(C)CCC1=CNC2=C1C=C(C=C2)CN3C=NC=N3,269.34,1.7,49.7,1.0,3.0,5.0,PubChem,Available
2599,Ro 12-7310,6438583.0,CC1=CC(=C(C(=C1C=CC(=CC=CC(=CC(=O)O)C)C)C)C)O,312.4,5.8,57.5,2.0,3.0,5.0,PubChem,Available
2600,Robenacoxib,6433107.0,CCC1=CC(=C(C=C1)NC2=C(C(=CC(=C2F)F)F)F)CC(=O)O,327.27,4.1,49.3,2.0,7.0,5.0,PubChem,Available
2601,Rociletinib,57335384.0,CC(=O)N1CCN(CC1)C2=CC(=C(C=C2)NC3=NC=C(C(=N3)NC4=CC(=CC=C4)NC(=O)C=C)C(F)(F)F)OC,555.6,4.0,112.0,3.0,11.0,8.0,PubChem,Available
2602,Rociverine,24892842.0,CCN(CC)CC(C)OC(=O)C1CCCCC1(C2CCCCC2)O,339.5,4.8,49.8,1.0,4.0,8.0,PubChem,Available
2603,Rocuronium,441290.0,CC(=O)OC1C(CC2C1(CCC3C2CCC4C3(CC(C(C4)O)N5CCOCC5)C)C)[N+]6(CCCC6)CC=C,529.8,5.0,59.0,1.0,5.0,6.0,PubChem,Available
2604,Rofecoxib,5090.0,CS(=O)(=O)C1=CC=C(C=C1)C2=C(C(=O)OC2)C3=CC=CC=C3,314.4,2.3,68.8,0.0,4.0,3.0,PubChem,Available
2605,Roflumilast,449193.0,C1CC1COC2=C(C=CC(=C2)C(=O)NC3=C(C=NC=C3Cl)Cl)OC(F)F,403.2,4.6,60.5,1.0,6.0,7.0,PubChem,Available
2606,Rokitamycin,5282211.0,CCCC(=O)OC1C(OC(CC1(C)OC(=O)CC)OC2C(OC(C(C2N(C)C)O)OC3C(CC(C(C=CC=CCC(OC(=O)CC(C3OC)O)C)O)C)CC=O)C)C,828.0,3.0,206.0,3.0,16.0,15.0,PubChem,Available
2607,Rolapitant,10311306.0,CC(C1=CC(=CC(=C1)C(F)(F)F)C(F)(F)F)OCC2(CCC3(CCC(=O)N3)CN2)C4=CC=CC=C4,500.5,4.4,50.4,2.0,9.0,5.0,PubChem,Available
2608,Rolitetracycline,54682938.0,CC1(C2CC3C(C(=O)C(=C(C3(C(=O)C2=C(C4=C1C=CC=C4O)O)O)O)C(=O)NCN5CCCC5)N(C)C)O,527.6,-0.9,171.0,6.0,10.0,4.0,PubChem,Available
2609,Rolofylline,11948288.0,CCCN1C2=C(C(=O)N(C1=O)CCC)NC(=N2)C34CC5CC(C3)CC4C5,356.5,4.9,69.3,1.0,3.0,5.0,PubChem,Available
2610,Romidepsin,5352062.0,CC=C1C(=O)NC(C(=O)OC2CC(=O)NC(C(=O)NC(CSSCCC=C2)C(=O)N1)C(C)C)C(C)C,540.7,2.2,193.0,4.0,8.0,2.0,PubChem,Available
2611,Romifidine,71969.0,C1CN=C(N1)NC2=C(C=CC=C2Br)F,258.09,1.4,36.4,2.0,2.0,2.0,PubChem,Available
2612,Ronifibrate,68671.0,CC(C)(C(=O)OCCCOC(=O)C1=CN=CC=C1)OC2=CC=C(C=C2)Cl,377.8,3.9,74.7,0.0,6.0,10.0,PubChem,Available
2613,Ropinirole,5095.0,CCCN(CCC)CCC1=C2CC(=O)NC2=CC=C1,260.37,2.7,32.3,1.0,2.0,7.0,PubChem,Available
2614,Ropivacaine,175805.0,CCCN1CCCCC1C(=O)NC2=C(C=CC=C2C)C,274.4,2.9,32.3,1.0,2.0,4.0,PubChem,Available
2615,Roquinimex,54676478.0,CN1C2=CC=CC=C2C(=C(C1=O)C(=O)N(C)C3=CC=CC=C3)O,308.3,2.7,60.9,1.0,3.0,2.0,PubChem,Available
2616,Rosiglitazone,77999.0,CN(CCOC1=CC=C(C=C1)CC2C(=O)NC(=O)S2)C3=CC=CC=N3,357.4,3.1,96.8,1.0,6.0,7.0,PubChem,Available
2617,Rosoxacin,287180.0,CCN1C=C(C(=O)C2=C1C=C(C=C2)C3=CC=NC=C3)C(=O)O,294.3,0.6,70.5,1.0,5.0,3.0,PubChem,Available
2618,Rosuvastatin,446157.0,CC(C)C1=NC(=NC(=C1C=CC(CC(CC(=O)O)O)O)C2=CC=C(C=C2)F)N(C)S(=O)(=O)C,481.5,1.6,149.0,3.0,10.0,10.0,PubChem,Available
2619,Rotigotine,59227.0,CCCN(CCC1=CC=CS1)C2CCC3=C(C2)C=CC=C3O,315.5,4.9,51.7,1.0,3.0,6.0,PubChem,Available
2620,Roxadustat,11256664.0,CC1=C2C=C(C=CC2=C(C(=N1)C(=O)NCC(=O)O)O)OC3=CC=CC=C3,352.3,3.4,109.0,3.0,6.0,5.0,PubChem,Available
2621,Roxarsone,5104.0,C1=CC(=C(C=C1[As](=O)(O)O)[N+](=O)[O-])O,263.04,,124.0,3.0,6.0,1.0,PubChem,Available
2622,Roxatidine acetate,5105.0,CC(=O)OCC(=O)NCCCOC1=CC=CC(=C1)CN2CCCCC2,348.4,2.1,67.9,1.0,5.0,10.0,PubChem,Available
2623,Roxithromycin,6915744.0,CCC1C(C(C(C(=NOCOCCOC)C(CC(C(C(C(C(C(=O)O1)C)OC2CC(C(C(O2)C)O)(C)OC)C)OC3C(C(CC(O3)C)N(C)C)O)(C)O)C)C)O)(C)O,837.0,3.1,217.0,5.0,17.0,13.0,PubChem,Available
2624,Rucaparib,9931954.0,CNCC1=CC=C(C=C1)C2=C3CCNC(=O)C4=C3C(=CC(=C4)F)N2,323.4,2.5,56.9,3.0,3.0,3.0,PubChem,Available
2625,Rufinamide,129228.0,C1=CC(=C(C(=C1)F)CN2C=C(N=N2)C(=O)N)F,238.19,0.7,73.8,1.0,5.0,3.0,PubChem,Available
2626,Rufloxacin,58258.0,CN1CCN(CC1)C2=C(C=C3C4=C2SCCN4C=C(C3=O)C(=O)O)F,363.4,-0.3,89.4,1.0,8.0,2.0,PubChem,Available
2627,Rupatadine,133017.0,CC1=CC(=CN=C1)CN2CCC(=C3C4=C(CCC5=C3N=CC=C5)C=C(C=C4)Cl)CC2,416.0,5.8,29.0,0.0,3.0,2.0,PubChem,Available
2628,S-Ethylisothiourea,5139.0,CCSC(=N)N,104.18,0.5,75.2,2.0,2.0,2.0,PubChem,Available
2629,SC-236,9865808.0,C1=CC(=CC=C1C2=CC(=NN2C3=CC=C(C=C3)S(=O)(=O)N)C(F)(F)F)Cl,401.8,3.7,86.4,1.0,7.0,3.0,PubChem,Available
2630,SN-38,104842.0,CCC1=C2CN3C(=CC4=C(C3=O)COC(=O)C4(CC)O)C2=NC5=C1C=C(C=C5)O,392.4,1.4,100.0,2.0,6.0,2.0,PubChem,Available
2631,Sacubitril,9811834.0,CCOC(=O)C(C)CC(CC1=CC=C(C=C1)C2=CC=CC=C2)NC(=O)CCC(=O)O,411.5,3.7,92.7,2.0,5.0,12.0,PubChem,Available
2632,Safinamide,131682.0,CC(C(=O)N)NCC1=CC=C(C=C1)OCC2=CC(=CC=C2)F,302.34,2.2,64.4,2.0,4.0,7.0,PubChem,Available
2633,Safrazine,34042.0,CC(CCC1=CC2=C(C=C1)OCO2)NN,208.26,1.8,56.5,2.0,4.0,4.0,PubChem,Available
2634,Sagopilone,11284169.0,CC1CCCC2(C(O2)CC(OC(=O)CC(C(C(=O)C(C1O)CC=C)(C)C)O)C3=CC4=C(C=C3)SC(=N4)C)C,543.7,4.9,137.0,2.0,8.0,3.0,PubChem,Available
2635,Salicylamide,5147.0,C1=CC=C(C(=C1)C(=O)N)O,137.14,1.3,63.3,2.0,2.0,1.0,PubChem,Available
2636,Salinomycin,3085092.0,CCC(C1CCC(C(O1)C(C)C(C(C)C(=O)C(CC)C2C(CC(C3(O2)C=CC(C4(O3)CCC(O4)(C)C5CCC(C(O5)C)(CC)O)O)C)C)O)C)C(=O)O,751.0,5.7,161.0,4.0,11.0,12.0,PubChem,Available
2637,Salirasib,5469318.0,CC(=CCCC(=CCCC(=CCSC1=CC=CC=C1C(=O)O)C)C)C,358.5,7.2,62.6,1.0,3.0,10.0,PubChem,Available
2638,Salmeterol,5152.0,C1=CC=C(C=C1)CCCCOCCCCCCNCC(C2=CC(=C(C=C2)O)CO)O,415.6,3.9,82.0,4.0,5.0,16.0,PubChem,Available
2639,Salsalate,5161.0,C1=CC=C(C(=C1)C(=O)OC2=CC=CC=C2C(=O)O)O,258.23,3.0,83.8,2.0,5.0,4.0,PubChem,Available
2640,Salvinorin A,128563.0,CC(=O)OC1CC(C2(CCC3C(=O)OC(CC3(C2C1=O)C)C4=COC=C4)C)C(=O)OC,432.5,2.5,109.0,0.0,8.0,5.0,PubChem,Available
2641,Samidorphan,11667832.0,C1CC1CN2CCC34CC(=O)CCC3(C2CC5=C4C(=C(C=C5)C(=O)N)O)O,370.4,1.1,104.0,3.0,5.0,3.0,PubChem,Available
2642,Sapacitabine,153970.0,CCCCCCCCCCCCCCCC(=O)NC1=NC(=O)N(C=C1)C2C(C(C(O2)CO)O)C#N,490.6,5.2,135.0,3.0,6.0,17.0,PubChem,Available
2643,Saprisartan,60921.0,CCC1=NC(=C(N1CC2=CC3=C(C=C2)OC(=C3Br)C4=CC=CC=C4NS(=O)(=O)C(F)(F)F)C(=O)N)C5CC5,611.4,5.2,129.0,2.0,9.0,8.0,PubChem,Available
2644,Saquinavir,441243.0,CC(C)(C)NC(=O)C1CC2CCCCC2CN1CC(C(CC3=CC=CC=C3)NC(=O)C(CC(=O)N)NC(=O)C4=NC5=CC=CC=C5C=C4)O,670.8,4.2,167.0,5.0,7.0,13.0,PubChem,Available
2645,"Sar9, Met (O2)11-Substance P",163829.0,CC(C)CC(C(=O)NC(CCS(=O)(=O)C)C(=O)N)NC(=O)CN(C)C(=O)C(CC1=CC=CC=C1)NC(=O)C(CC2=CC=CC=C2)NC(=O)C(CCC(=O)N)NC(=O)C(CCC(=O)N)NC(=O)C3CCCN3C(=O)C(CCCCN)NC(=O)C4CCCN4C(=O)C(CCCN=C(N)N)N,1393.7,-3.4,553.0,14.0,18.0,42.0,PubChem,Available
2646,Saracatinib,10302451.0,CN1CCN(CC1)CCOC2=CC3=C(C(=C2)OC4CCOCC4)C(=NC=N3)NC5=C(C=CC6=C5OCO6)Cl,542.0,4.1,90.4,1.0,10.0,8.0,PubChem,Available
2647,Sarafloxacin,56208.0,C1CN(CCN1)C2=C(C=C3C(=C2)N(C=C(C3=O)C(=O)O)C4=CC=C(C=C4)F)F,385.4,0.3,72.9,2.0,8.0,3.0,PubChem,Available
2648,Saralasin,6324663.0,CC(C)C(C(=O)NC(CC1=CC=C(C=C1)O)C(=O)NC(C(C)C)C(=O)NC(CC2=CN=CN2)C(=O)N3CCCC3C(=O)NC(C)C(=O)O)NC(=O)C(CCCN=C(N)N)NC(=O)CNC,912.0,-2.6,358.0,12.0,13.0,25.0,PubChem,Available
2649,Sarecycline,54681908.0,CN(C)C1C2CC3CC4=C(C=CC(=C4C(=C3C(=O)C2(C(=C(C1=O)C(=O)N)O)O)O)O)CN(C)OC,487.5,1.1,174.0,5.0,10.0,5.0,PubChem,Available
2650,Saredutant,104974.0,CC(=O)NC1(CCN(CC1)CCC(CN(C)C(=O)C2=CC=CC=C2)C3=CC(=C(C=C3)Cl)Cl)C4=CC=CC=C4,552.5,5.9,52.7,1.0,3.0,9.0,PubChem,Available
2651,Sarpogrelate,5160.0,CN(C)CC(COC1=CC=CC=C1CCC2=CC(=CC=C2)OC)OC(=O)CCC(=O)O,429.5,1.2,85.3,1.0,7.0,14.0,PubChem,Available
2652,Scopolamine,3000322.0,CN1C2CC(CC1C3C2O3)OC(=O)C(CO)C4=CC=CC=C4,303.35,0.9,62.3,1.0,5.0,5.0,PubChem,Available
2653,Secobarbital,5193.0,CCCC(C)C1(C(=O)NC(=O)NC1=O)CC=C,238.28,2.0,75.3,2.0,3.0,5.0,PubChem,Available
2654,Segesterone acetate,108059.0,CC(=O)C1(C(=C)CC2C1(CCC3C2CCC4=CC(=O)CCC34)C)OC(=O)C,370.5,2.9,60.4,0.0,4.0,3.0,PubChem,Available
2655,Seladelpar,11236126.0,CCOC(COC1=CC=C(C=C1)C(F)(F)F)CSC2=CC(=C(C=C2)OCC(=O)O)C,444.5,5.2,90.3,1.0,9.0,11.0,PubChem,Available
2656,Selamectin,9578507.0,CC1CCC2(CC3CC(O2)CC=C(C(C(C=CC=C4COC5C4(C(C=C(C5=NO)C)C(=O)O3)O)C)OC6CC(C(C(O6)C)O)OC)C)OC1C7CCCCC7,770.0,5.4,155.0,3.0,12.0,4.0,PubChem,Available
2657,Selenious acid,1091.0,O[Se](=O)O,128.99,,57.5,2.0,3.0,0.0,PubChem,Available
2658,Selenium,6326970.0,[Se],78.97,,0.0,0.0,0.0,0.0,PubChem,Available
2659,Seletracetam,9942725.0,CCC(C(=O)N)N1CC(CC1=O)C=C(F)F,232.23,0.3,63.4,1.0,4.0,4.0,PubChem,Available
2660,Selexipag,9913767.0,CC(C)N(CCCCOCC(=O)NS(=O)(=O)C)C1=CN=C(C(=N1)C2=CC=CC=C2)C3=CC=CC=C3,496.6,3.8,110.0,1.0,7.0,12.0,PubChem,Available
2661,Seliciclib,160355.0,CCC(CO)NC1=NC(=C2C(=N1)N(C=N2)C(C)C)NCC3=CC=CC=C3,354.4,3.2,87.9,3.0,6.0,8.0,PubChem,Available
2662,Selinexor,71481097.0,C1=CN=C(C=N1)NNC(=O)C=CN2C=NC(=N2)C3=CC(=CC(=C3)C(F)(F)F)C(F)(F)F,443.3,3.0,97.6,2.0,12.0,5.0,PubChem,Available
2663,Selpercatinib,134436906.0,CC(C)(COC1=CN2C(=C(C=N2)C#N)C(=C1)C3=CN=C(C=C3)N4CC5CC(C4)N5CC6=CN=C(C=C6)OC)O,525.6,2.5,112.0,1.0,9.0,8.0,PubChem,Available
2664,Selumetinib,10127622.0,CN1C=NC2=C1C=C(C(=C2F)NC3=C(C=C(C=C3)Br)Cl)C(=O)NOCCO,457.7,3.6,88.4,3.0,6.0,6.0,PubChem,Available
2665,Semaglutide,56843331.0,CCC(C)C(C(=O)NC(C)C(=O)NC(CC1=CNC2=CC=CC=C21)C(=O)NC(CC(C)C)C(=O)NC(C(C)C)C(=O)NC(CCCNC(=N)N)C(=O)NCC(=O)NC(CCCNC(=N)N)C(=O)NCC(=O)O)NC(=O)C(CC3=CC=CC=C3)NC(=O)C(CCC(=O)O)NC(=O)C(CCCCNC(=O)COCCOCCNC(=O)COCCOCCNC(=O)CCC(C(=O)O)NC(=O)CCCCCCCCCCCCCCCCC(=O)O)NC(=O)C(C)NC(=O)C(C)NC(=O)C(CCC(=O)N)NC(=O)CNC(=O)C(CCC(=O)O)NC(=O)C(CC(C)C)NC(=O)C(CC4=CC=C(C=C4)O)NC(=O)C(CO)NC(=O)C(CO)NC(=O)C(C(C)C)NC(=O)C(CC(=O)O)NC(=O)C(CO)NC(=O)C(C(C)O)NC(=O)C(CC5=CC=CC=C5)NC(=O)C(C(C)O)NC(=O)CNC(=O)C(CCC(=O)O)NC(=O)C(C)(C)NC(=O)C(CC6=CN=CN6)N,4114.0,-5.8,1650.0,57.0,63.0,151.0,PubChem,Available
2666,Semaxanib,5329098.0,CC1=CC(=C(N1)C=C2C3=CC=CC=C3NC2=O)C,238.28,2.5,44.9,2.0,1.0,1.0,PubChem,Available
2667,Sennosides,5199.0,C1=CC2=C(C(=C1)OC3C(C(C(C(O3)CO)O)O)O)C(=O)C4=C(C2C5C6=C(C(=CC=C6)OC7C(C(C(C(O7)CO)O)O)O)C(=O)C8=C5C=C(C=C8O)C(=O)O)C=C(C=C4O)C(=O)O,862.7,1.2,348.0,12.0,20.0,9.0,PubChem,Available
2668,Seocalcitol,5288149.0,CCC(CC)(C=CC=CC(C)C1CCC2C1(CCCC2=CC=C3CC(CC(C3=C)O)O)C)O,454.7,5.8,60.7,3.0,3.0,7.0,PubChem,Available
2669,Seproxetine,3058751.0,C1=CC=C(C=C1)C(CCN)OC2=CC=C(C=C2)C(F)(F)F,295.3,3.5,35.3,1.0,5.0,5.0,PubChem,Available
2670,Seratrodast,2449.0,CC1=C(C(=O)C(=C(C1=O)C)C(CCCCCC(=O)O)C2=CC=CC=C2)C,354.4,4.4,71.4,1.0,4.0,8.0,PubChem,Available
2671,Serdexmethylphenidate,134823895.0,COC(=O)C(C1CCCCN1C(=O)OC[N+]2=CC=CC(=C2)C(=O)NC(CO)C(=O)[O-])C3=CC=CC=C3,499.5,2.2,149.0,2.0,8.0,10.0,PubChem,Available
2672,Serotonin,5202.0,C1=CC2=C(C=C1O)C(=CN2)CCN,176.21,0.2,62.0,3.0,2.0,2.0,PubChem,Available
2673,Sertindole,60149.0,C1CN(CCC1C2=CN(C3=C2C=C(C=C3)Cl)C4=CC=C(C=C4)F)CCN5CCNC5=O,440.9,4.1,40.5,1.0,3.0,5.0,PubChem,Available
2674,Sertraline,68617.0,CNC1CCC(C2=CC=CC=C12)C3=CC(=C(C=C3)Cl)Cl,306.2,4.8,12.0,1.0,1.0,2.0,PubChem,Available
2675,Setiptiline,5205.0,CN1CCC2=C(C1)C3=CC=CC=C3CC4=CC=CC=C24,261.4,3.3,3.2,0.0,1.0,0.0,PubChem,Available
2676,Setrobuvir,135565932.0,CS(=O)(=O)NC1=CC2=C(C=C1)NC(=NS2(=O)=O)C3=C(C4C5CCC(C5)C4N(C3=O)CC6=CC=C(C=C6)F)O,560.6,1.7,162.0,3.0,9.0,5.0,PubChem,Available
2677,Sevelamer,,,,,,,,,,Unresolved
2678,Sevoflurane,5206.0,C(OC(C(F)(F)F)C(F)(F)F)F,200.05,2.8,9.2,0.0,8.0,2.0,PubChem,Available
2679,Sibutramine,5210.0,CC(C)CC(C1(CCC1)C2=CC=C(C=C2)Cl)N(C)C,279.8,5.4,3.2,0.0,1.0,5.0,PubChem,Available
2680,Sildenafil,135398744.0,CCCC1=NN(C2=C1N=C(NC2=O)C3=C(C=CC(=C3)S(=O)(=O)N4CCN(CC4)C)OCC)C,474.6,1.5,118.0,1.0,8.0,7.0,PubChem,Available
2681,Silibinin,31553.0,COC1=C(C=CC(=C1)C2C(OC3=C(O2)C=C(C=C3)C4C(C(=O)C5=C(C=C(C=C5O4)O)O)O)CO)O,482.4,2.4,155.0,5.0,10.0,4.0,PubChem,Available
2682,Silodosin,5312125.0,CC(CC1=CC2=C(C(=C1)C(=O)N)N(CC2)CCCO)NCCOC3=CC=CC=C3OCC(F)(F)F,495.5,3.6,97.1,3.0,9.0,13.0,PubChem,Available
2683,Silver sulfadiazine,441244.0,C1=CN=C(N=C1)[N-]S(=O)(=O)C2=CC=C(C=C2)N.[Ag+],357.14,,95.3,1.0,6.0,3.0,PubChem,Available
2684,Simeprevir,24873435.0,CC1=C(C=CC2=C1N=C(C=C2OC3CC4C(C3)C(=O)N(CCCCC=CC5CC5(NC4=O)C(=O)NS(=O)(=O)C6CC6)C)C7=NC(=CS7)C(C)C)OC,749.9,4.8,194.0,2.0,10.0,8.0,PubChem,Available
2685,Simfibrate,5217.0,CC(C)(C(=O)OCCCOC(=O)C(C)(C)OC1=CC=C(C=C1)Cl)OC2=CC=C(C=C2)Cl,469.4,6.2,71.1,0.0,6.0,12.0,PubChem,Available
2686,Simvastatin,54454.0,CCC(C)(C)C(=O)OC1CC(C=C2C1C(C(C=C2)C)CCC3CC(CC(=O)O3)O)C,418.6,4.7,72.8,1.0,5.0,7.0,PubChem,Available
2687,Sinefungin,65482.0,C1=NC(=C2C(=N1)N(C=N2)C3C(C(C(O3)CC(CCC(C(=O)O)N)N)O)O)N,381.39,-4.3,209.0,6.0,11.0,7.0,PubChem,Available
2688,Siponimod,44599207.0,CCC1=C(C=CC(=C1)C(=NOCC2=CC(=C(C=C2)C3CCCCC3)C(F)(F)F)C)CN4CC(C4)C(=O)O,516.6,4.8,62.1,1.0,8.0,9.0,PubChem,Available
2689,Sirolimus,5284616.0,CC1CCC2CC(C(=CC=CC=CC(CC(C(=O)C(C(C(=CC(C(=O)CC(OC(=O)C3CCCCN3C(=O)C(=O)C1(O2)O)C(C)CC4CCC(C(C4)OC)O)C)C)O)OC)C)C)C)OC,914.2,6.0,195.0,3.0,13.0,6.0,PubChem,Available
2690,Sisomicin,36119.0,CC1(COC(C(C1NC)O)OC2C(CC(C(C2O)OC3C(CC=C(O3)CN)N)N)N)O,447.5,-5.1,214.0,8.0,12.0,6.0,PubChem,Available
2691,Sitafloxacin,461399.0,C1CC12CN(CC2N)C3=C(C=C4C(=C3Cl)N(C=C(C4=O)C(=O)O)C5CC5F)F,409.8,0.7,86.9,2.0,8.0,3.0,PubChem,Available
2692,Sitagliptin,4369359.0,C1CN2C(=NN=C2C(F)(F)F)CN1C(=O)CC(CC3=CC(=C(C=C3F)F)F)N,407.31,0.7,77.0,1.0,10.0,4.0,PubChem,Available
2693,Sitaxentan,216235.0,CC1=CC2=C(C=C1CC(=O)C3=C(C=CS3)S(=O)(=O)NC4=C(C(=NO4)C)Cl)OCO2,454.9,3.7,144.0,1.0,9.0,6.0,PubChem,Available
2694,Soblidotin,6918315.0,CCC(C)C(C(CC(=O)N1CCCC1C(C(C)C(=O)NCCC2=CC=CC=C2)OC)OC)N(C)C(=O)C(C(C)C)NC(=O)C(C(C)C)N(C)C,702.0,5.2,121.0,2.0,7.0,20.0,PubChem,Available
2695,Sodium aurothiomalate,22318.0,C(C(C(=O)[O-])[S-])C(=O)[O-].[Na+].[Na+].[Au+],390.08,,81.3,0.0,5.0,1.0,PubChem,Available
2696,Sodium aurotiosulfate,161780.0,O.O.[O-]S(=O)(=S)[O-].[O-]S(=O)(=S)[O-].[Na+].[Na+].[Na+].[Au+],526.2,,209.0,2.0,10.0,0.0,PubChem,Available
2697,Sodium cation,923.0,[Na+],22.9897693,,0.0,0.0,0.0,0.0,PubChem,Available
2698,Sodium feredetate,27461.0,C(CN(CC(=O)[O-])CC(=O)[O-])N(CC(=O)[O-])CC(=O)[O-].[Na+].[Fe+3],367.05,,167.0,0.0,10.0,7.0,PubChem,Available
2699,Sodium tetradecyl sulfate,23665772.0,CCCCC(CC)CCC(CC(C)C)OS(=O)(=O)[O-].[Na+],316.43,,74.8,0.0,4.0,11.0,PubChem,Available
2700,Sodium zirconium cyclosilicate,155804812.0,[O-][Si]1(O[Si](O[Si](O1)([O-])[O-])([O-])[O-])[O-].[Na+].[Na+].[Zr+4],365.45,,166.0,0.0,9.0,0.0,PubChem,Available
2701,Sofosbuvir,45375808.0,CC(C)OC(=O)C(C)NP(=O)(OCC1C(C(C(O1)N2C=CC(=O)NC2=O)(C)F)O)OC3=CC=CC=C3,529.5,1.0,153.0,3.0,11.0,11.0,PubChem,Available
2702,Sofpironium,86301317.0,CCOC(=O)C[N+]1(CCC(C1)OC(=O)C(C2CCCC2)(C3=CC=CC=C3)O)C,390.5,3.3,72.8,1.0,5.0,9.0,PubChem,Available
2703,Solabegron,9887812.0,C1=CC(=CC(=C1)C(=O)O)C2=CC(=CC=C2)NCCNCC(C3=CC(=CC=C3)Cl)O,410.9,1.8,81.6,4.0,5.0,9.0,PubChem,Available
2704,Solifenacin,154059.0,C1CN2CCC1C(C2)OC(=O)N3CCC4=CC=CC=C4C3C5=CC=CC=C5,362.5,4.0,32.8,0.0,3.0,3.0,PubChem,Available
2705,Solithromycin,25242512.0,CCC1C2(C(C(C(=O)C(CC(C(C(C(=O)C(C(=O)O1)(C)F)C)OC3C(C(CC(O3)C)N(C)C)O)(C)OC)C)C)N(C(=O)O2)CCCCN4C=C(N=N4)C5=CC(=CC=C5)N)C,845.0,4.3,198.0,2.0,15.0,11.0,PubChem,Available
2706,Solriamfetol,10130337.0,C1=CC=C(C=C1)CC(COC(=O)N)N,194.23,0.6,78.3,2.0,3.0,5.0,PubChem,Available
2707,Somatostatin,16129706.0,CC(C1C(=O)NC(C(=O)NC(C(=O)NC(C(=O)NC(CSSCC(C(=O)NC(C(=O)NC(C(=O)NC(C(=O)NC(C(=O)NC(C(=O)NC(C(=O)N1)CCCCN)CC2=CNC3=CC=CC=C32)CC4=CC=CC=C4)CC5=CC=CC=C5)CC(=O)N)CCCCN)NC(=O)CNC(=O)C(C)N)C(=O)O)CO)C(C)O)CC6=CC=CC=C6)O,1637.9,-3.1,664.0,22.0,24.0,26.0,PubChem,Available
2708,Sonidegib,24775005.0,CC1CN(CC(O1)C)C2=NC=C(C=C2)NC(=O)C3=CC=CC(=C3C)C4=CC=C(C=C4)OC(F)(F)F,485.5,5.8,63.7,1.0,8.0,5.0,PubChem,Available
2709,Sotagliflozin,24831714.0,CCOC1=CC=C(C=C1)CC2=C(C=CC(=C2)C3C(C(C(C(O3)SC)O)O)O)Cl,424.9,3.2,104.0,3.0,6.0,6.0,PubChem,Available
2710,Sotalol,5253.0,CC(C)NCC(C1=CC=C(C=C1)NS(=O)(=O)C)O,272.37,0.2,86.8,3.0,5.0,6.0,PubChem,Available
2711,Sotorasib,137278711.0,CC1CN(CCN1C2=NC(=O)N(C3=NC(=C(C=C32)F)C4=C(C=CC=C4F)O)C5=C(C=CN=C5C(C)C)C)C(=O)C=C,560.6,4.0,102.0,1.0,7.0,5.0,PubChem,Available
2712,Sparfloxacin,60464.0,CC1CN(CC(N1)C)C2=C(C(=C3C(=C2F)N(C=C(C3=O)C(=O)O)C4CC4)N)F,392.4,0.1,98.9,3.0,9.0,3.0,PubChem,Available
2713,Sparfosic acid,39981.0,C(C(C(=O)O)NC(=O)CP(=O)(O)O)C(=O)O,255.12,-3.1,161.0,5.0,8.0,6.0,PubChem,Available
2714,Sparsentan,10257882.0,CCCCC1=NC2(CCCC2)C(=O)N1CC3=CC(=C(C=C3)C4=CC=CC=C4S(=O)(=O)NC5=NOC(=C5C)C)COCC,592.8,5.0,122.0,1.0,8.0,12.0,PubChem,Available
2715,Sparsomycin,9543443.0,CC1=C(C(=O)NC(=O)N1)C=CC(=O)NC(CO)CS(=O)CSC,361.4,-1.7,169.0,4.0,7.0,8.0,PubChem,Available
2716,Spectinomycin,15541.0,CC1CC(=O)C2(C(O1)OC3C(C(C(C(C3O2)NC)O)NC)O)O,332.35,-3.1,130.0,5.0,9.0,2.0,PubChem,Available
2717,Spermidine,1102.0,C(CCNCCCN)CN,145.25,-1.0,64.1,3.0,3.0,7.0,PubChem,Available
2718,Spermine,1103.0,C(CCNCCCN)CNCCCN,202.34,-1.1,76.1,4.0,4.0,11.0,PubChem,Available
2719,Spiradoline,55652.0,CN(C1CCC2(CCCO2)CC1N3CCCC3)C(=O)CC4=CC(=C(C=C4)Cl)Cl,425.4,4.3,32.8,0.0,3.0,4.0,PubChem,Available
2720,Spiramycin,5284619.0,CC1CC=CC=CC(C(CC(C(C(C(CC(=O)O1)O)OC)OC2C(C(C(C(O2)C)OC3CC(C(C(O3)C)O)(C)O)N(C)C)O)CC=O)C)OC4CCC(C(O4)C)N(C)C,843.1,2.1,195.0,4.0,16.0,11.0,PubChem,Available
2721,Spirapril,5311447.0,CCOC(=O)C(CCC1=CC=CC=C1)NC(C)C(=O)N2CC3(CC2C(=O)O)SCCS3,466.6,0.9,147.0,2.0,8.0,10.0,PubChem,Available
2722,Spironolactone,5833.0,CC(=O)SC1CC2=CC(=O)CCC2(C3C1C4CCC5(C4(CC3)C)CCC(=O)O5)C,416.6,2.9,85.7,0.0,5.0,2.0,PubChem,Available
2723,Squalamine,72495.0,CC(C)C(CCC(C)C1CCC2C1(CCC3C2C(CC4C3(CCC(C4)NCCCNCCCCN)C)O)C)OS(=O)(=O)O,628.0,4.3,142.0,5.0,8.0,16.0,PubChem,Available
2724,Stanolone acetate,11809740.0,CC(=O)OC1CCC2C1(CCC3C2CCC4C3(CCC(=O)C4)C)C,332.5,4.2,43.4,0.0,3.0,2.0,PubChem,Available
2725,Stanozolol,25249.0,CC12CCC3C(C1CCC2(C)O)CCC4C3(CC5=C(C4)NN=C5)C,328.5,4.5,48.9,2.0,2.0,0.0,PubChem,Available
2726,Stavudine,18283.0,CC1=CN(C(=O)NC1=O)C2C=CC(O2)CO,224.21,-0.8,78.9,2.0,4.0,2.0,PubChem,Available
2727,Stepronin,54120.0,CC(C(=O)NCC(=O)O)SC(=O)C1=CC=CS1,273.3,1.7,137.0,2.0,6.0,6.0,PubChem,Available
2728,Stiripentol,5311454.0,CC(C)(C)C(C=CC1=CC2=C(C=C1)OCO2)O,234.29,3.6,38.7,1.0,3.0,3.0,PubChem,Available
2729,Streptolydigin,54708748.0,CC1C2C=CC3(CO3)C(O2)(OC1C(C)C=C(C)C=CC(=C4C(=O)C(N(C4=O)C5CCC(C(O5)C)O)C(C)C(=O)NC)O)C,600.7,3.1,147.0,3.0,9.0,7.0,PubChem,Available
2730,Streptomycin,19649.0,CC1C(C(C(O1)OC2C(C(C(C(C2O)O)N=C(N)N)O)N=C(N)N)OC3C(C(C(C(O3)CO)O)O)NC)(C=O)O,581.6,-8.0,336.0,12.0,15.0,9.0,PubChem,Available
2731,Streptozocin,29327.0,CN(C(=O)NC1C(C(C(OC1O)CO)O)O)N=O,265.22,-1.4,152.0,5.0,8.0,2.0,PubChem,Available
2732,Strontium cation Sr-89,3083408.0,[Sr+2],88.9074508,,0.0,0.0,0.0,0.0,PubChem,Available
2733,Strontium ranelate,6918182.0,C(C1=C(SC(=C1C#N)N(CC(=O)[O-])CC(=O)[O-])C(=O)[O-])C(=O)[O-].[Sr+2].[Sr+2],513.5,,216.0,0.0,11.0,4.0,PubChem,Available
2734,Styramate,7186.0,C1=CC=C(C=C1)C(COC(=O)N)O,181.19,0.4,72.6,2.0,3.0,4.0,PubChem,Available
2735,Succinylcholine,5314.0,C[N+](C)(C)CCOC(=O)CCC(=O)OCC[N+](C)(C)C,290.4,0.6,52.6,0.0,4.0,11.0,PubChem,Available
2736,Succinylsulfathiazole,5315.0,C1=CC(=CC=C1NC(=O)CCC(=O)O)S(=O)(=O)NC2=NC=CS2,355.4,-0.7,162.0,3.0,8.0,7.0,PubChem,Available
2737,Sucralfate,,,,,,,,,,Unresolved
2738,Sufentanil,41693.0,CCC(=O)N(C1=CC=CC=C1)C2(CCN(CC2)CCC3=CC=CS3)COC,386.6,4.0,61.0,0.0,4.0,8.0,PubChem,Available
2739,Sugammadex,6918585.0,C(CSCC1C2C(C(C(O1)OC3C(OC(C(C3O)O)OC4C(OC(C(C4O)O)OC5C(OC(C(C5O)O)OC6C(OC(C(C6O)O)OC7C(OC(C(C7O)O)OC8C(OC(C(C8O)O)OC9C(OC(O2)C(C9O)O)CSCCC(=O)O)CSCCC(=O)O)CSCCC(=O)O)CSCCC(=O)O)CSCCC(=O)O)CSCCC(=O)O)CSCCC(=O)O)O)O)C(=O)O,2002.2,-10.5,972.0,24.0,56.0,40.0,PubChem,Available
2740,Sulbactam,130313.0,CC1(C(N2C(S1(=O)=O)CC2=O)C(=O)O)C,233.24,-1.0,100.0,1.0,5.0,1.0,PubChem,Available
2741,Sulbenicillin,20055036.0,CC1(C(N2C(S1)C(C2=O)NC(=O)C(C3=CC=CC=C3)S(=O)(=O)O)C(=O)O)C,414.5,1.1,175.0,3.0,8.0,5.0,PubChem,Available
2742,Sulconazole,5318.0,C1=CC(=CC=C1CSC(CN2C=CN=C2)C3=C(C=C(C=C3)Cl)Cl)Cl,397.7,6.1,43.1,0.0,2.0,6.0,PubChem,Available
2743,Sulfacetamide,5320.0,CC(=O)NS(=O)(=O)C1=CC=C(C=C1)N,214.24,-1.0,97.6,2.0,4.0,2.0,PubChem,Available
2744,Sulfadicramide,8281.0,CC(=CC(=O)NS(=O)(=O)C1=CC=C(C=C1)N)C,254.31,0.5,97.6,2.0,4.0,3.0,PubChem,Available
2745,Sulfadimethoxine,5323.0,COC1=NC(=NC(=C1)NS(=O)(=O)C2=CC=C(C=C2)N)OC,310.33,1.6,125.0,2.0,8.0,5.0,PubChem,Available
2746,Sulfadoxine,17134.0,COC1=C(N=CN=C1OC)NS(=O)(=O)C2=CC=C(C=C2)N,310.33,0.7,125.0,2.0,8.0,5.0,PubChem,Available
2747,Sulfaethoxypyridazine,13755.0,CCOC1=NN=C(C=C1)NS(=O)(=O)C2=CC=C(C=C2)N,294.33,0.7,116.0,2.0,7.0,5.0,PubChem,Available
2748,Sulfaguanidine,5324.0,C1=CC(=CC=C1N)S(=O)(=O)N=C(N)N,214.25,-0.7,133.0,3.0,4.0,2.0,PubChem,Available
2749,Sulfaisodimidine,5343.0,CC1=CC(=NC(=N1)C)NS(=O)(=O)C2=CC=C(C=C2)N,278.33,1.2,106.0,2.0,6.0,3.0,PubChem,Available
2750,Sulfamazone,187764.0,CC1=C(C(=O)N(N1C)C2=CC=CC=C2)C(NC3=CC=C(C=C3)S(=O)(=O)NC4=NN=C(C=C4)OC)S(=O)(=O)O,560.6,1.6,188.0,3.0,12.0,9.0,PubChem,Available
2751,Sulfamerazine,5325.0,CC1=NC(=NC=C1)NS(=O)(=O)C2=CC=C(C=C2)N,264.31,0.1,106.0,2.0,6.0,3.0,PubChem-Recovered,Available
2752,Sulfameter,5326.0,COC1=CN=C(N=C1)NS(=O)(=O)C2=CC=C(C=C2)N,280.31,0.4,116.0,2.0,7.0,4.0,PubChem,Available
2753,Sulfamethazine,5327.0,CC1=CC(=NC(=N1)NS(=O)(=O)C2=CC=C(C=C2)N)C,278.33,0.3,106.0,2.0,6.0,3.0,PubChem,Available
2754,Sulfamethizole,5328.0,CC1=NN=C(S1)NS(=O)(=O)C2=CC=C(C=C2)N,270.3,0.5,135.0,2.0,7.0,3.0,PubChem,Available
2755,Sulfamethoxazole,5329.0,CC1=CC(=NO1)NS(=O)(=O)C2=CC=C(C=C2)N,253.28,0.9,107.0,2.0,6.0,3.0,PubChem,Available
2756,Sulfamethoxypyridazine,5330.0,COC1=NN=C(C=C1)NS(=O)(=O)C2=CC=C(C=C2)N,280.31,0.3,116.0,2.0,7.0,4.0,PubChem,Available
2757,Sulfametomidine,19596.0,CC1=NC(=CC(=N1)OC)NS(=O)(=O)C2=CC=C(C=C2)N,294.33,0.6,116.0,2.0,7.0,4.0,PubChem,Available
2758,Sulfametopyrazine,9047.0,COC1=NC=CN=C1NS(=O)(=O)C2=CC=C(C=C2)N,280.31,0.7,116.0,2.0,7.0,4.0,PubChem,Available
2759,Sulfametrole,64939.0,COC1=NSN=C1NS(=O)(=O)C2=CC=C(C=C2)N,286.3,0.8,144.0,2.0,8.0,4.0,PubChem,Available
2760,Sulfamoxole,12894.0,CC1=C(OC(=N1)NS(=O)(=O)C2=CC=C(C=C2)N)C,267.31,1.3,107.0,2.0,6.0,3.0,PubChem,Available
2761,Sulfanilamide,5333.0,C1=CC(=CC=C1N)S(=O)(=O)N,172.21,-0.6,94.6,2.0,4.0,1.0,PubChem,Available
2762,Sulfanitran,5334.0,CC(=O)NC1=CC=C(C=C1)S(=O)(=O)NC2=CC=C(C=C2)[N+](=O)[O-],335.34,2.0,129.0,2.0,6.0,4.0,PubChem,Available
2763,Sulfaperin,68933.0,CC1=CN=C(N=C1)NS(=O)(=O)C2=CC=C(C=C2)N,264.31,0.3,106.0,2.0,6.0,3.0,PubChem,Available
2764,Sulfaphenazole,5335.0,C1=CC=C(C=C1)N2C(=CC=N2)NS(=O)(=O)C3=CC=C(C=C3)N,314.4,1.5,98.4,2.0,5.0,4.0,PubChem,Available
2765,Sulfapyridine,5336.0,C1=CC=NC(=C1)NS(=O)(=O)C2=CC=C(C=C2)N,249.29,0.0,93.5,2.0,5.0,3.0,PubChem,Available
2766,Sulfaquinoxaline,5338.0,C1=CC=C2C(=C1)N=CC(=N2)NS(=O)(=O)C3=CC=C(C=C3)N,300.34,1.7,106.0,2.0,6.0,3.0,PubChem,Available
2767,Sulfasalazine,5339.0,C1=CC=NC(=C1)NS(=O)(=O)C2=CC=C(C=C2)N=NC3=CC(=C(C=C3)O)C(=O)O,398.4,-0.7,150.0,3.0,9.0,6.0,PubChem,Available
2768,Sulfathiourea,3000579.0,C1=CC(=CC=C1N)S(=O)(=O)NC(=S)N,231.3,-0.7,139.0,3.0,4.0,2.0,PubChem,Available
2769,Sulfinpyrazone,5342.0,C1=CC=C(C=C1)N2C(=O)C(C(=O)N2C3=CC=CC=C3)CCS(=O)C4=CC=CC=C4,404.5,2.3,76.9,0.0,4.0,6.0,PubChem,Available
2770,Sulfisoxazole,5344.0,CC1=C(ON=C1C)NS(=O)(=O)C2=CC=C(C=C2)N,267.31,1.0,107.0,2.0,6.0,3.0,PubChem,Available
2771,Sulforaphane,5350.0,CS(=O)CCCCN=C=S,177.3,1.4,80.7,0.0,4.0,5.0,PubChem,Available
2772,Sulindac,1548887.0,CC1=C(C2=C(C1=CC3=CC=C(C=C3)S(=O)C)C=CC(=C2)F)CC(=O)O,356.4,3.4,73.6,1.0,5.0,4.0,PubChem,Available
2773,Sulopenem etzadroxil,23642298.0,CCC(CC)C(=O)OCOC(=O)C1=C(SC2N1C(=O)C2C(C)O)SC3CCS(=O)C3,477.6,2.1,180.0,1.0,10.0,11.0,PubChem,Available
2774,Sulprostone,5312153.0,CS(=O)(=O)NC(=O)CCCC=CCC1C(C(CC1=O)O)C=CC(COC2=CC=CC=C2)O,465.6,1.5,138.0,3.0,7.0,12.0,PubChem,Available
2775,Sultamicillin,444022.0,CC1(C(N2C(S1)C(C2=O)NC(=O)C(C3=CC=CC=C3)N)C(=O)OCOC(=O)C4C(S(=O)(=O)C5N4C(=O)C5)(C)C)C,594.7,0.7,216.0,2.0,11.0,9.0,PubChem,Available
2776,Sulthiame,5356.0,C1CCS(=O)(=O)N(C1)C2=CC=C(C=C2)S(=O)(=O)N,290.4,0.1,114.0,1.0,6.0,2.0,PubChem,Available
2777,Sultopride,5357.0,CCN1CCCC1CNC(=O)C2=C(C=CC(=C2)S(=O)(=O)CC)OC,354.5,1.6,84.1,1.0,5.0,7.0,PubChem,Available
2778,Sumatriptan,5358.0,CNS(=O)(=O)CC1=CC2=C(C=C1)NC=C2CCN(C)C,295.4,0.9,73.6,2.0,4.0,6.0,PubChem,Available
2779,Sunitinib,5329102.0,CCN(CC)CCNC(=O)C1=C(NC(=C1C)C=C2C3=C(C=CC(=C3)F)NC2=O)C,398.5,2.6,77.2,3.0,4.0,7.0,PubChem,Available
2780,Suprofen,5359.0,CC(C1=CC=C(C=C1)C(=O)C2=CC=CS2)C(=O)O,260.31,3.3,82.6,1.0,4.0,4.0,PubChem,Available
2781,Surinabant,9849616.0,CCC1=C(N(N=C1C(=O)NN2CCCCC2)C3=C(C=C(C=C3)Cl)Cl)C4=CC=C(C=C4)Br,522.3,7.0,50.2,1.0,3.0,5.0,PubChem,Available
2782,Suvorexant,24965990.0,CC1CCN(CCN1C(=O)C2=C(C=CC(=C2)C)N3N=CC=N3)C4=NC5=C(O4)C=CC(=C5)Cl,450.9,4.9,80.3,0.0,6.0,3.0,PubChem,Available
2783,Suxibuzone,5362.0,CCCCC1(C(=O)N(N(C1=O)C2=CC=CC=C2)C3=CC=CC=C3)COC(=O)CCC(=O)O,438.5,3.6,104.0,1.0,6.0,11.0,PubChem,Available
2784,Synephrine,7172.0,CNCC(C1=CC=C(C=C1)O)O,167.2,-0.6,52.5,3.0,3.0,3.0,PubChem,Available
2785,TNP-470,369976.0,CC(=CCC1C(O1)(C)C2C(C(CCC23CO3)OC(=O)NC(=O)CCl)OC)C,401.9,2.5,89.7,1.0,6.0,7.0,PubChem,Available
2786,Tacrine,1935.0,C1CCC2=NC3=CC=CC=C3C(=C2C1)N,198.26,2.7,38.9,1.0,2.0,0.0,PubChem,Available
2787,Tacrolimus,445643.0,CC1CC(C2C(CC(C(O2)(C(=O)C(=O)N3CCCCC3C(=O)OC(C(C(CC(=O)C(C=C(C1)C)CC=C)O)C)C(=CC4CCC(C(C4)OC)O)C)O)C)OC)OC,804.0,2.7,178.0,3.0,12.0,7.0,PubChem,Available
2788,Tadalafil,110635.0,CN1CC(=O)N2C(C1=O)CC3=C(C2C4=CC5=C(C=C4)OCO5)NC6=CC=CC=C36,389.4,2.3,74.9,1.0,4.0,1.0,PubChem,Available
2789,Tafamidis,11001318.0,C1=CC2=C(C=C1C(=O)O)OC(=N2)C3=CC(=CC(=C3)Cl)Cl,308.1,4.2,63.3,1.0,4.0,2.0,PubChem,Available
2790,Tafenoquine,115358.0,CC1=CC(=NC2=C1C(=C(C=C2NC(C)CCCN)OC)OC3=CC=CC(=C3)C(F)(F)F)OC,463.5,5.4,78.6,2.0,9.0,9.0,PubChem,Available
2791,Tafluprost,9868491.0,CC(C)OC(=O)CCCC=CCC1C(CC(C1C=CC(COC2=CC=CC=C2)(F)F)O)O,452.5,4.5,76.0,2.0,7.0,13.0,PubChem,Available
2792,Talampicillin,71447.0,CC1(C(N2C(S1)C(C2=O)NC(=O)C(C3=CC=CC=C3)N)C(=O)OC4C5=CC=CC=C5C(=O)O4)C,481.5,2.7,153.0,2.0,8.0,6.0,PubChem,Available
2793,Talastine,65624.0,CN(C)CCN1C(=O)C2=CC=CC=C2C(=N1)CC3=CC=CC=C3,307.4,2.8,35.9,0.0,3.0,5.0,PubChem,Available
2794,Talazoparib,135565082.0,CN1C(=NC=N1)C2C(NC3=CC(=CC4=C3C2=NNC4=O)F)C5=CC=C(C=C5)F,380.4,2.3,84.2,2.0,7.0,2.0,PubChem,Available
2795,Talbutal,8275.0,CCC(C)C1(C(=O)NC(=O)NC1=O)CC=C,224.26,1.4,75.3,2.0,3.0,4.0,PubChem,Available
2796,Talinolol,68770.0,CC(C)(C)NCC(COC1=CC=C(C=C1)NC(=O)NC2CCCCC2)O,363.5,2.6,82.6,4.0,4.0,8.0,PubChem,Available
2797,Tallimustine,65924.0,CN1C=C(C=C1C(=O)NC2=CN(C(=C2)C(=O)NC3=CN(C(=C3)C(=O)NCCC(=N)N)C)C)NC(=O)C4=CC=C(C=C4)N(CCCl)CCCl,697.6,1.2,184.0,6.0,6.0,15.0,PubChem,Available
2798,Talniflumate,48229.0,C1=CC=C2C(=C1)C(OC2=O)OC(=O)C3=C(N=CC=C3)NC4=CC=CC(=C4)C(F)(F)F,414.3,5.3,77.5,1.0,9.0,5.0,PubChem,Available
2799,Talopram,23573.0,CC1(C2=CC=CC=C2C(O1)(CCCNC)C3=CC=CC=C3)C,295.4,3.5,21.3,1.0,2.0,5.0,PubChem,Available
2800,Tamoxifen,2733526.0,CCC(=C(C1=CC=CC=C1)C2=CC=C(C=C2)OCCN(C)C)C3=CC=CC=C3,371.5,7.1,12.5,0.0,2.0,8.0,PubChem,Available
2801,Tamsulosin,129211.0,CCOC1=CC=CC=C1OCCNC(C)CC2=CC(=C(C=C2)OC)S(=O)(=O)N,408.5,2.7,108.0,2.0,7.0,11.0,PubChem,Available
2802,Tandospirone,91273.0,C1CC2CC1C3C2C(=O)N(C3=O)CCCCN4CCN(CC4)C5=NC=CC=N5,383.5,1.9,69.6,0.0,6.0,6.0,PubChem,Available
2803,Tandutinib,3038522.0,CC(C)OC1=CC=C(C=C1)NC(=O)N2CCN(CC2)C3=NC=NC4=CC(=C(C=C43)OC)OCCCN5CCCCC5,562.7,4.6,92.3,1.0,8.0,10.0,PubChem,Available
2804,Tapentadol,9838022.0,CCC(C1=CC(=CC=C1)O)C(C)CN(C)C,221.34,3.5,23.5,1.0,2.0,5.0,PubChem,Available
2805,Taranabant,11226090.0,CC(C(CC1=CC=C(C=C1)Cl)C2=CC=CC(=C2)C#N)NC(=O)C(C)(C)OC3=NC=C(C=C3)C(F)(F)F,516.0,6.5,75.0,1.0,7.0,8.0,PubChem,Available
2806,Tariquidar,148201.0,COC1=C(C=C2CN(CCC2=C1)CCC3=CC=C(C=C3)NC(=O)C4=CC(=C(C=C4NC(=O)C5=CC6=CC=CC=C6N=C5)OC)OC)OC,646.7,6.1,111.0,2.0,8.0,11.0,PubChem,Available
2807,Tasimelteon,10220503.0,CCC(=O)NCC1CC1C2=C3CCOC3=CC=C2,245.32,2.2,38.3,1.0,2.0,4.0,PubChem,Available
2808,Tasosartan,60919.0,CC1=C2CCC(=O)N(C2=NC(=N1)C)CC3=CC=C(C=C3)C4=CC=CC=C4C5=NNN=N5,411.5,3.0,101.0,1.0,6.0,4.0,PubChem,Available
2809,Taspoglutide,56842233.0,CCC(C)C(C(=O)NC(C)C(=O)NC(CC1=CNC2=CC=CC=C21)C(=O)NC(CC(C)C)C(=O)NC(C(C)C)C(=O)NC(CCCCN)C(=O)NC(C)(C)C(=O)NC(CCCNC(=N)N)C(=O)N)NC(=O)C(CC3=CC=CC=C3)NC(=O)C(CCC(=O)O)NC(=O)C(CCCCN)NC(=O)C(C)NC(=O)C(C)NC(=O)C(CCC(=O)N)NC(=O)CNC(=O)C(CCC(=O)O)NC(=O)C(CC(C)C)NC(=O)C(CC4=CC=C(C=C4)O)NC(=O)C(CO)NC(=O)C(CO)NC(=O)C(C(C)C)NC(=O)C(CC(=O)O)NC(=O)C(CO)NC(=O)C(C(C)O)NC(=O)C(CC5=CC=CC=C5)NC(=O)C(C(C)O)NC(=O)CNC(=O)C(CCC(=O)O)NC(=O)C(C)(C)NC(=O)C(CC6=CN=CN6)N,3339.7,-13.4,1390.0,49.0,50.0,109.0,PubChem,Available
2810,Taurochenodeoxycholic acid,387316.0,CC(CCC(=O)NCCS(=O)(=O)O)C1CCC2C1(CCC3C2C(CC4C3(CCC(C4)O)C)O)C,499.7,3.6,132.0,4.0,6.0,7.0,PubChem,Available
2811,Taurocholic acid,6675.0,CC(CCC(=O)NCCS(=O)(=O)O)C1CCC2C1(C(CC3C2C(CC4C3(CCC(C4)O)C)O)O)C,515.7,2.2,153.0,5.0,7.0,7.0,PubChem,Available
2812,Taurolidine,29566.0,C1CS(=O)(=O)NCN1CN2CCS(=O)(=O)NC2,284.4,-1.7,116.0,2.0,8.0,2.0,PubChem,Available
2813,Taxifolin,439533.0,C1=CC(=C(C=C1C2C(C(=O)C3=C(C=C(C=C3O2)O)O)O)O)O,304.25,1.5,127.0,5.0,7.0,1.0,PubChem,Available
2814,Tazarotene,5381.0,CCOC(=O)C1=CN=C(C=C1)C#CC2=CC3=C(C=C2)SCCC3(C)C,351.5,4.9,64.5,0.0,4.0,5.0,PubChem,Available
2815,Tazemetostat,66558664.0,CCN(C1CCOCC1)C2=CC(=CC(=C2C)C(=O)NCC3=C(C=C(NC3=O)C)C)C4=CC=C(C=C4)CN5CCOCC5,572.7,4.2,83.1,2.0,6.0,9.0,PubChem,Available
2816,Tazobactam,123630.0,CC1(C(N2C(S1(=O)=O)CC2=O)C(=O)O)CN3C=CN=N3,300.29,-2.0,131.0,1.0,7.0,3.0,PubChem,Available
2817,Tecarfarin,54718618.0,CC(C(F)(F)F)(C(F)(F)F)OC(=O)C1=CC=C(C=C1)CC2=C(C3=CC=CC=C3OC2=O)O,460.3,5.5,72.8,1.0,11.0,5.0,PubChem,Available
2818,Technetium Tc-99m sestamibi,22617237.0,CC(C)(C[N+]#[C-])OC.CC(C)(C[N+]#[C-])OC.CC(C)(C[N+]#[C-])OC.CC(C)(C[N+]#[C-])OC.CC(C)(C[N+]#[C-])OC.CC(C)(C[N+]#[C-])OC.[Tc],775.9,,81.5,0.0,12.0,12.0,PubChem,Available
2819,Tecovirimat,16124688.0,C1C2C1C3C=CC2C4C3C(=O)N(C4=O)NC(=O)C5=CC=C(C=C5)C(F)(F)F,376.3,2.6,66.5,1.0,6.0,1.0,PubChem,Available
2820,Tedisamil,65825.0,C1CCC2(C1)C3CN(CC2CN(C3)CC4CC4)CC5CC5,288.5,3.9,6.5,0.0,2.0,4.0,PubChem,Available
2821,Tedizolid,11234049.0,CN1N=C(N=N1)C2=NC=C(C=C2)C3=C(C=C(C=C3)N4CC(OC4=O)CO)F,370.3,1.4,106.0,1.0,8.0,4.0,PubChem,Available
2822,Tedizolid phosphate,11476460.0,CN1N=C(N=N1)C2=NC=C(C=C2)C3=C(C=C(C=C3)N4CC(OC4=O)COP(=O)(O)O)F,450.3,0.3,153.0,2.0,11.0,6.0,PubChem,Available
2823,Tefinostat,15940949.0,C1CCC(C1)OC(=O)C(C2=CC=CC=C2)NCC3=CC=C(C=C3)NC(=O)CCCCCCC(=O)NO,495.6,3.8,117.0,4.0,6.0,15.0,PubChem,Available
2824,Tegafur,5386.0,C1CC(OC1)N2C=C(C(=O)NC2=O)F,200.17,-0.3,58.6,1.0,4.0,1.0,PubChem,Available
2825,Tegaserod,135409453.0,CCCCCN=C(N)NN=CC1=CNC2=C1C=C(C=C2)OC,301.39,2.6,87.8,3.0,3.0,8.0,PubChem,Available
2826,Tegoprazan,23582846.0,CC1=NC2=C(N1)C=C(C=C2OC3CCOC4=C3C(=CC(=C4)F)F)C(=O)N(C)C,387.4,3.2,67.5,1.0,6.0,3.0,PubChem,Available
2827,Teicoplanin,133065662.0,CCCCCCCCCC(=O)NC1C(C(C(OC1OC2=C3C=C4C=C2OC5=C(C=C(C=C5)C(C6C(=O)NC(C7=C(C(=CC(=C7)O)OC8C(C(C(C(O8)CO)O)O)O)C9=C(C=CC(=C9)C(C(=O)N6)NC(=O)C4NC(=O)C1C2=CC(=CC(=C2)OC2=C(C=CC(=C2)C(C(=O)NC(CC2=CC(=C(O3)C=C2)Cl)C(=O)N1)N)O)O)O)C(=O)O)OC1C(C(C(C(O1)CO)O)O)NC(=O)C)Cl)CO)O)O,1879.7,0.5,662.0,24.0,34.0,20.0,PubChem,Available
2828,Telaprevir,3010818.0,CCCC(C(=O)C(=O)NC1CC1)NC(=O)C2C3CCCC3CN2C(=O)C(C(C)(C)C)NC(=O)C(C4CCCCC4)NC(=O)C5=NC=CN=C5,679.8,4.2,180.0,4.0,8.0,14.0,PubChem,Available
2829,Telavancin,3081362.0,CCCCCCCCCCNCCNC1(CC(OC(C1O)C)OC2C(C(C(OC2OC3=C4C=C5C=C3OC6=C(C=C(C=C6)C(C(C(=O)NC(C(=O)NC5C(=O)NC7C8=CC(=C(C=C8)O)C9=C(C(=C(C=C9C(NC(=O)C(C(C1=CC(=C(O4)C=C1)Cl)O)NC7=O)C(=O)O)O)CNCP(=O)(O)O)O)CC(=O)N)NC(=O)C(CC(C)C)NC)O)Cl)CO)O)O)C,1755.6,-2.1,598.0,23.0,31.0,30.0,PubChem,Available
2830,Telithromycin,3002190.0,CCC1C2(C(C(C(=O)C(CC(C(C(C(=O)C(C(=O)O1)C)C)OC3C(C(CC(O3)C)N(C)C)O)(C)OC)C)C)N(C(=O)O2)CCCCN4C=C(N=C4)C5=CN=CC=C5)C,812.0,4.2,172.0,1.0,13.0,11.0,PubChem,Available
2831,Telmisartan,65999.0,CCCC1=NC2=C(N1CC3=CC=C(C=C3)C4=CC=CC=C4C(=O)O)C=C(C=C2C)C5=NC6=CC=CC=C6N5C,514.6,6.9,72.9,1.0,4.0,7.0,PubChem,Available
2832,Telotristat ethyl,25181577.0,CCOC(=O)C(CC1=CC=C(C=C1)C2=CC(=NC(=N2)N)OC(C3=C(C=C(C=C3)Cl)N4C=CC(=N4)C)C(F)(F)F)N,575.0,5.1,131.0,2.0,11.0,10.0,PubChem,Available
2833,Temafloxacin,60021.0,CC1CN(CCN1)C2=C(C=C3C(=C2)N(C=C(C3=O)C(=O)O)C4=C(C=C(C=C4)F)F)F,417.4,0.6,72.9,2.0,9.0,3.0,PubChem,Available
2834,Temazepam,5391.0,CN1C2=C(C=C(C=C2)Cl)C(=NC(C1=O)O)C3=CC=CC=C3,300.74,2.2,52.9,1.0,3.0,1.0,PubChem,Available
2835,Temefos,5392.0,COP(=S)(OC)OC1=CC=C(C=C1)SC2=CC=C(C=C2)OP(=S)(OC)OC,466.5,6.0,145.0,0.0,9.0,10.0,PubChem,Available
2836,Temocapril,443874.0,CCOC(=O)C(CCC1=CC=CC=C1)NC2CSC(CN(C2=O)CC(=O)O)C3=CC=CS3,476.6,1.0,149.0,2.0,8.0,11.0,PubChem,Available
2837,Temocillin,171758.0,CC1(C(N2C(S1)C(C2=O)(NC(=O)C(C3=CSC=C3)C(=O)O)OC)C(=O)O)C,414.5,1.1,187.0,3.0,9.0,6.0,PubChem,Available
2838,Temozolomide,5394.0,CN1C(=O)N2C=NC(=C2N=N1)C(=O)N,194.15,-1.1,106.0,1.0,5.0,1.0,PubChem,Available
2839,Temsirolimus,6918289.0,CC1CCC2CC(C(=CC=CC=CC(CC(C(=O)C(C(C(=CC(C(=O)CC(OC(=O)C3CCCCN3C(=O)C(=O)C1(O2)O)C(C)CC4CCC(C(C4)OC)OC(=O)C(C)(CO)CO)C)C)O)OC)C)C)C)OC,1030.3,5.6,242.0,4.0,16.0,11.0,PubChem,Available
2840,Tenamfetamine,1614.0,CC(CC1=CC2=C(C=C1)OCO2)N,179.22,1.6,44.5,1.0,3.0,2.0,PubChem,Available
2841,Tenapanor,71587953.0,CN1CC(C2=C(C1)C(=CC(=C2)Cl)Cl)C3=CC(=CC=C3)S(=O)(=O)NCCOCCOCCNC(=O)NCCCCNC(=O)NCCOCCOCCNS(=O)(=O)C4=CC=CC(=C4)C5CN(CC6=C5C=C(C=C6Cl)Cl)C,1145.0,5.1,235.0,6.0,14.0,29.0,PubChem,Available
2842,Teneligliptin,11949652.0,CC1=NN(C(=C1)N2CCN(CC2)C3CC(NC3)C(=O)N4CCSC4)C5=CC=CC=C5,426.6,2.4,81.9,1.0,6.0,4.0,PubChem,Available
2843,Tenidap,60712.0,C1=CSC(=C1)C(=O)C2=C(N(C3=C2C=C(C=C3)Cl)C(=O)N)O,320.8,3.8,114.0,2.0,4.0,2.0,PubChem,Available
2844,Teniposide,452548.0,COC1=CC(=CC(=C1O)OC)C2C3C(COC3=O)C(C4=CC5=C(C=C24)OCO5)OC6C(C(C7C(O6)COC(O7)C8=CC=CS8)O)O,656.7,1.2,189.0,3.0,14.0,6.0,PubChem,Available
2845,Tenofovir,464205.0,CC(CN1C=NC2=C(N=CN=C21)N)OCP(=O)(O)O,287.21,-1.6,136.0,3.0,8.0,5.0,PubChem,Available
2846,Tenofovir alafenamide,9574768.0,CC(C)OC(=O)C(C)NP(=O)(COC(C)CN1C=NC2=C(N=CN=C21)N)OC3=CC=CC=C3,476.5,1.9,143.0,2.0,10.0,12.0,PubChem,Available
2847,Tenofovir disoproxil,5481350.0,CC(C)OC(=O)OCOP(=O)(COC(C)CN1C=NC2=C(N=CN=C21)N)OCOC(=O)OC(C)C,519.4,1.6,185.0,1.0,14.0,17.0,PubChem,Available
2848,Tenoxicam,54677971.0,CN1C(=C(C2=C(S1(=O)=O)C=CS2)O)C(=O)NC3=CC=CC=N3,337.4,1.1,136.0,2.0,7.0,2.0,PubChem,Available
2849,Tepotinib,25171648.0,CN1CCC(CC1)COC2=CN=C(N=C2)C3=CC=CC(=C3)CN4C(=O)C=CC(=N4)C5=CC=CC(=C5)C#N,492.6,3.4,94.7,0.0,7.0,7.0,PubChem,Available
2850,Tepoxalin,59757.0,CN(C(=O)CCC1=NN(C(=C1)C2=CC=C(C=C2)Cl)C3=CC=C(C=C3)OC)O,385.8,3.4,67.6,1.0,4.0,6.0,PubChem,Available
2851,Terazosin,5401.0,COC1=C(C=C2C(=C1)C(=NC(=N2)N3CCN(CC3)C(=O)C4CCCO4)N)OC,387.4,1.4,103.0,1.0,8.0,4.0,PubChem,Available
2852,Terbinafine,1549008.0,CC(C)(C)C#CC=CCN(C)CC1=CC=CC2=CC=CC=C21,291.4,5.6,3.2,0.0,1.0,5.0,PubChem,Available
2853,Terbutaline,5403.0,CC(C)(C)NCC(C1=CC(=CC(=C1)O)O)O,225.28,0.9,72.7,4.0,4.0,4.0,PubChem,Available
2854,Terfenadine,5405.0,CC(C)(C)C1=CC=C(C=C1)C(CCCN2CCC(CC2)C(C3=CC=CC=C3)(C4=CC=CC=C4)O)O,471.7,6.6,43.7,2.0,3.0,9.0,PubChem,Available
2855,Terguride,443951.0,CCN(CC)C(=O)NC1CC2C(CC3=CNC4=CC=CC2=C34)N(C1)C,340.5,2.5,51.4,2.0,2.0,3.0,PubChem,Available
2856,Teriflunomide,54684141.0,CC(=C(C#N)C(=O)NC1=CC=C(C=C1)C(F)(F)F)O,270.21,3.3,73.1,2.0,6.0,2.0,PubChem,Available
2857,Terodiline,23480.0,CC(CC(C1=CC=CC=C1)C2=CC=CC=C2)NC(C)(C)C,281.4,5.0,12.0,1.0,1.0,6.0,PubChem,Available
2858,Tertatolol,36920.0,CC(C)(C)NCC(COC1=CC=CC2=C1SCCC2)O,295.4,2.7,66.8,2.0,4.0,6.0,PubChem,Available
2859,Tesevatinib,10458325.0,CN1CC2CC(CC2C1)COC3=C(C=C4C(=C3)N=CN=C4NC5=C(C(=C(C=C5)Cl)Cl)F)OC,491.4,5.8,59.5,1.0,7.0,6.0,PubChem,Available
2860,Tesmilifene,108092.0,CCN(CC)CCOC1=CC=C(C=C1)CC2=CC=CC=C2,283.4,4.6,12.5,0.0,2.0,8.0,PubChem,Available
2861,Testolactone,13769.0,CC12CCC3C(C1CCC(=O)O2)CCC4=CC(=O)C=CC34C,300.4,3.0,43.4,0.0,3.0,0.0,PubChem,Available
2862,Testosterone cypionate,441404.0,CC12CCC3C(C1CCC2OC(=O)CCC4CCCC4)CCC5=CC(=O)CCC35C,412.6,6.4,43.4,0.0,3.0,5.0,PubChem,Available
2863,Testosterone decanoate,155143.0,CCCCCCCCCC(=O)OC1CCC2C1(CCC3C2CCC4=CC(=O)CCC34C)C,442.7,8.0,43.4,0.0,3.0,10.0,PubChem,Available
2864,Testosterone enantate benzilic acid hydrazone,76971566.0,CCCCCCC(=O)OC1CCC2C1(CCC3C2CCC4=CC(=NNC(=O)C(C5=CC=CC=C5)(C6=CC=CC=C6)O)CCC34C)C,624.9,8.7,88.0,2.0,5.0,11.0,PubChem,Available
2865,Testosterone enanthate,9416.0,CCCCCCC(=O)OC1CCC2C1(CCC3C2CCC4=CC(=O)CCC34C)C,400.6,6.3,43.4,0.0,3.0,7.0,PubChem,Available
2866,Testosterone isocaproate,231084.0,CC(C)CCC(=O)OC1CCC2C1(CCC3C2CCC4=CC(=O)CCC34C)C,386.6,5.5,43.4,0.0,3.0,5.0,PubChem,Available
2867,Testosterone phenylpropionate,14743.0,CC12CCC3C(C1CCC2OC(=O)CCC4=CC=CC=C4)CCC5=CC(=O)CCC35C,420.6,5.8,43.4,0.0,3.0,5.0,PubChem,Available
2868,Testosterone propionate,5995.0,CCC(=O)OC1CCC2C1(CCC3C2CCC4=CC(=O)CCC34C)C,344.5,4.4,43.4,0.0,3.0,3.0,PubChem,Available
2869,Testosterone succinate,119202.0,CC12CCC3C(C1CCC2OC(=O)CCC(=O)O)CCC4=CC(=O)CCC34C,388.5,3.3,80.7,1.0,5.0,5.0,PubChem,Available
2870,Testosterone undecanoate,65157.0,CCCCCCCCCCC(=O)OC1CCC2C1(CCC3C2CCC4=CC(=O)CCC34C)C,456.7,8.5,43.4,0.0,3.0,11.0,PubChem,Available
2871,Tetracaine,5411.0,CCCCNC1=CC=C(C=C1)C(=O)OCCN(C)C,264.36,3.7,41.6,1.0,4.0,9.0,PubChem,Available
2872,Tetracosactide,16129617.0,CC(C)C(C(=O)NCC(=O)NC(CCCCN)C(=O)NC(CCCCN)C(=O)NC(CCCNC(=N)N)C(=O)NC(CCCNC(=N)N)C(=O)N1CCCC1C(=O)NC(C(C)C)C(=O)NC(CCCCN)C(=O)NC(C(C)C)C(=O)NC(CC2=CC=C(C=C2)O)C(=O)N3CCCC3C(=O)O)NC(=O)C4CCCN4C(=O)C(CCCCN)NC(=O)CNC(=O)C(CC5=CNC6=CC=CC=C65)NC(=O)C(CCCNC(=N)N)NC(=O)C(CC7=CC=CC=C7)NC(=O)C(CC8=CNC=N8)NC(=O)C(CCC(=O)O)NC(=O)C(CCSC)NC(=O)C(CO)NC(=O)C(CC9=CC=C(C=C9)O)NC(=O)C(CO)N,2933.4,-7.9,1180.0,42.0,41.0,96.0,PubChem,Available
2873,Tetracycline,54675776.0,CC1(C2CC3C(C(=O)C(=C(C3(C(=O)C2=C(C4=C1C=CC=C4O)O)O)O)C(=O)N)N(C)C)O,444.4,-2.0,182.0,6.0,9.0,2.0,PubChem,Available
2874,Tetrahydrocannabivarin,93147.0,CCCC1=CC(=C2C3C=C(CCC3C(OC2=C1)(C)C)C)O,286.4,5.9,29.5,1.0,2.0,2.0,PubChem,Available
2875,Tetrahydropalmatine,72301.0,COC1=C(C2=C(CC3C4=CC(=C(C=C4CCN3C2)OC)OC)C=C1)OC,355.4,3.2,40.2,0.0,5.0,4.0,PubChem,Available
2876,Tetrandrine,73078.0,CN1CCC2=CC(=C3C=C2C1CC4=CC=C(C=C4)OC5=C(C=CC(=C5)CC6C7=C(O3)C(=C(C=C7CCN6C)OC)OC)OC)OC,622.7,6.4,61.9,0.0,8.0,4.0,PubChem,Available
2877,Tetrazepam,25215.0,CN1C(=O)CN=C(C2=C1C=CC(=C2)Cl)C3=CCCCC3,288.77,3.2,32.7,0.0,2.0,1.0,PubChem,Available
2878,Tetrodotoxin,11174599.0,C(C1(C2C3C(N=C(NC34C(C1OC(C4O)(O2)O)O)N)O)O)O,319.27,-5.9,190.0,8.0,9.0,1.0,PubChem,Available
2879,Tetryzoline,5419.0,C1CC(C2=CC=CC=C2C1)C3=NCCN3,200.28,1.8,24.4,1.0,1.0,1.0,PubChem,Available
2880,Tezacaftor,46199646.0,CC(C)(CO)C1=CC2=CC(=C(C=C2N1CC(CO)O)F)NC(=O)C3(CC3)C4=CC5=C(C=C4)OC(O5)(F)F,520.5,2.9,113.0,4.0,9.0,8.0,PubChem,Available
2881,Tezacitabine,6435808.0,C1=CN(C(=O)N=C1N)C2C(=CF)C(C(O2)CO)O,257.22,-2.3,108.0,3.0,5.0,2.0,PubChem,Available
2882,Tezosentan,151174.0,CC(C)C1=CN=C(C=C1)S(=O)(=O)NC2=C(C(=NC(=N2)C3=CC(=NC=C3)C4=NNN=N4)OCCO)OC5=CC=CC=C5OC,605.6,2.4,208.0,3.0,14.0,12.0,PubChem,Available
2883,Thalidomide,5426.0,C1CC(=O)NC(=O)C1N2C(=O)C3=CC=CC=C3C2=O,258.23,0.3,83.6,1.0,4.0,1.0,PubChem,Available
2884,Theobromine,5429.0,CN1C=NC2=C1C(=O)NC(=O)N2C,180.16,-0.8,67.2,1.0,3.0,0.0,PubChem,Available
2885,Theodrenaline,71857.0,CN1C2=C(C(=O)N(C1=O)C)N(C=N2)CCNCC(C3=CC(=C(C=C3)O)O)O,375.4,-0.8,131.0,4.0,7.0,6.0,PubChem,Available
2886,Thiabendazole,5430.0,C1=CC=C2C(=C1)NC(=N2)C3=CSC=N3,201.25,2.5,69.8,1.0,3.0,1.0,PubChem,Available
2887,Thiamine,1130.0,CC1=C(SC=[N+]1CC2=CN=C(N=C2N)C)CCO,265.36,1.0,104.0,2.0,5.0,4.0,PubChem,Available
2888,Thiamphenicol,27200.0,CS(=O)(=O)C1=CC=C(C=C1)C(C(CO)NC(=O)C(Cl)Cl)O,356.2,-0.3,112.0,3.0,5.0,6.0,PubChem,Available
2889,Thiamylal,3032285.0,CCCC(C)C1(C(=O)NC(=S)NC1=O)CC=C,254.35,3.2,90.3,2.0,3.0,5.0,PubChem,Available
2890,Thiazinam,6016.0,CC(CN1C2=CC=CC=C2SC3=CC=CC=C31)[N+](C)(C)C,299.5,4.8,28.5,0.0,2.0,3.0,PubChem,Available
2891,Thiethylperazine,5440.0,CCSC1=CC2=C(C=C1)SC3=CC=CC=C3N2CCCN4CCN(CC4)C,399.6,5.4,60.3,0.0,5.0,6.0,PubChem,Available
2892,Thiocolchicoside,9915886.0,CC(=O)NC1CCC2=CC(=C(C(=C2C3=CC=C(C(=O)C=C13)SC)OC)OC)OC4C(C(C(C(O4)CO)O)O)O,563.6,-0.4,189.0,5.0,11.0,7.0,PubChem,Available
2893,Thiopental,3000715.0,CCCC(C)C1(C(=O)NC(=S)NC1=O)CC,242.34,2.9,90.3,2.0,3.0,4.0,PubChem,Available
2894,Thiopropazate,6762.0,CC(=O)OCCN1CCN(CC1)CCCN2C3=CC=CC=C3SC4=C2C=C(C=C4)Cl,446.0,4.8,61.3,0.0,6.0,8.0,PubChem,Available
2895,Thioproperazine,9429.0,CN1CCN(CC1)CCCN2C3=CC=CC=C3SC4=C2C=C(C=C4)S(=O)(=O)N(C)C,446.6,3.7,80.8,0.0,7.0,6.0,PubChem,Available
2896,Thiopyrophosphate,5289158.0,OP(=O)(O)OP(=S)(O)[O-],193.04,-1.5,142.0,3.0,7.0,2.0,PubChem,Available
2897,Thioridazine,5452.0,CN1CCCCC1CCN2C3=CC=CC=C3SC4=C2C=C(C=C4)SC,370.6,5.9,57.1,0.0,4.0,4.0,PubChem,Available
2898,Thiosalicylic acid,5443.0,C1=CC=C(C(=C1)C(=O)O)S,154.19,2.4,38.3,2.0,3.0,1.0,PubChem,Available
2899,Thiostrepton,16129666.0,CCC(C)C1C(=O)NC(C(=O)NC(=C)C(=O)NC(C(=O)NC23CCC(=NC2C4=CSC(=N4)C(C(OC(=O)C5=NC6=C(C=CC(C6O)N1)C(=C5)C(C)O)C)NC(=O)C7=CSC(=N7)C(NC(=O)C8CSC(=N8)C(=CC)NC(=O)C(NC(=O)C9=CSC3=N9)C(C)O)C(C)(C(C)O)O)C1=NC(=CS1)C(=O)NC(=C)C(=O)NC(=C)C(=O)N)C)C,1664.9,0.6,701.0,17.0,31.0,12.0,PubChem,Available
2900,Thiotepa,5453.0,C1CN1P(=S)(N2CC2)N3CC3,189.22,0.5,41.1,0.0,4.0,3.0,PubChem,Available
2901,Thiothixene,941651.0,CN1CCN(CC1)CCC=C2C3=CC=CC=C3SC4=C2C=C(C=C4)S(=O)(=O)N(C)C,443.6,3.8,77.5,0.0,6.0,5.0,PubChem,Available
2902,Thonzylamine,5457.0,CN(C)CCN(CC1=CC=C(C=C1)OC)C2=NC=CC=N2,286.37,2.6,41.5,0.0,5.0,7.0,PubChem,Available
2903,Thymol,6989.0,CC1=CC(=C(C=C1)C(C)C)O,150.22,3.3,20.2,1.0,1.0,1.0,PubChem,Available
2904,Tiagabine,60648.0,CC1=C(SC=C1)C(=CCCN2CCCC(C2)C(=O)O)C3=C(C=CS3)C,375.6,2.7,97.0,1.0,5.0,6.0,PubChem,Available
2905,Tiamulin,656958.0,CCN(CC)CCSCC(=O)OC1CC(C(C(C23CCC(C1(C2C(=O)CC3)C)C)C)O)(C)C=C,493.7,5.6,92.1,1.0,6.0,10.0,PubChem,Available
2906,Tianeptine,68870.0,CN1C2=CC=CC=C2C(C3=C(S1(=O)=O)C=C(C=C3)Cl)NCCCCCCC(=O)O,437.0,1.2,95.1,2.0,6.0,8.0,PubChem,Available
2907,Tiapride,5467.0,CCN(CC)CCNC(=O)C1=C(C=CC(=C1)S(=O)(=O)C)OC,328.4,0.9,84.1,1.0,5.0,8.0,PubChem,Available
2908,Tiaprofenic acid,5468.0,CC(C1=CC=C(S1)C(=O)C2=CC=CC=C2)C(=O)O,260.31,3.3,82.6,1.0,4.0,4.0,PubChem,Available
2909,Tibolone,444008.0,CC1CC2=C(CCC(=O)C2)C3C1C4CCC(C4(CC3)C)(C#C)O,312.4,2.4,37.3,1.0,2.0,1.0,PubChem,Available
2910,Ticagrelor,9871419.0,CCCSC1=NC(=C2C(=N1)N(N=N2)C3CC(C(C3O)O)OCCO)NC4CC4C5=CC(=C(C=C5)F)F,522.6,2.0,164.0,4.0,12.0,10.0,PubChem,Available
2911,Ticarcillin,36921.0,CC1(C(N2C(S1)C(C2=O)NC(=O)C(C3=CSC=C3)C(=O)O)C(=O)O)C,384.4,0.8,178.0,3.0,8.0,5.0,PubChem,Available
2912,Ticlopidine,5472.0,C1CN(CC2=C1SC=C2)CC3=CC=CC=C3Cl,263.8,3.6,31.5,0.0,2.0,2.0,PubChem,Available
2913,Tiemonium iodide,72142.0,C[N+]1(CCOCC1)CCC(C2=CC=CC=C2)(C3=CC=CS3)O.[I-],445.4,,57.7,1.0,4.0,5.0,PubChem,Available
2914,Tienilic acid,38409.0,C1=CSC(=C1)C(=O)C2=C(C(=C(C=C2)OCC(=O)O)Cl)Cl,331.2,4.1,91.8,1.0,5.0,5.0,PubChem,Available
2915,Tigecycline,54686904.0,CC(C)(C)NCC(=O)NC1=CC(=C2CC3CC4C(C(=O)C(=C(C4(C(=O)C3=C(C2=C1O)O)O)O)C(=O)N)N(C)C)N(C)C,585.6,1.1,206.0,7.0,11.0,7.0,PubChem,Available
2916,Tildipirosin,24860548.0,CCC1C(C=C(C=CC(=O)C(CC(C(C(C(CC(=O)O1)O)C)OC2C(C(C(C(O2)C)O)N(C)C)O)CCN3CCCCC3)C)C)CN4CCCCC4,734.0,4.3,132.0,3.0,11.0,9.0,PubChem,Available
2917,Tiletamine,26533.0,CCNC1(CCCCC1=O)C2=CC=CS2,223.34,2.0,57.3,1.0,3.0,3.0,PubChem,Available
2918,Tilmicosin,5282521.0,CCC1C(C=C(C=CC(=O)C(CC(C(C(C(CC(=O)O1)O)C)OC2C(C(C(C(O2)C)O)N(C)C)O)CCN3CC(CC(C3)C)C)C)C)COC4C(C(C(C(O4)C)O)OC)OC,869.1,3.6,186.0,4.0,15.0,12.0,PubChem,Available
2919,Tiludronic acid,60937.0,C1=CC(=CC=C1SC(P(=O)(O)O)P(=O)(O)O)Cl,318.61,-0.3,140.0,4.0,7.0,4.0,PubChem,Available
2920,Timepidium,5476.0,C[N+]1(CC(CC(=C(C2=CC=CS2)C3=CC=CS3)C1)OC)C,320.5,3.3,65.7,0.0,3.0,3.0,PubChem,Available
2921,Timolol,33624.0,CC(C)(C)NCC(COC1=NSN=C1N2CCOCC2)O,316.42,1.8,108.0,2.0,8.0,7.0,PubChem,Available
2922,Tinidazole,5479.0,CCS(=O)(=O)CCN1C(=NC=C1[N+](=O)[O-])C,247.27,-0.4,106.0,0.0,5.0,4.0,PubChem,Available
2923,Tinoridine,5480.0,CCOC(=O)C1=C(SC2=C1CCN(C2)CC3=CC=CC=C3)N,316.4,3.4,83.8,1.0,5.0,5.0,PubChem,Available
2924,Tioclomarol,54708299.0,C1=CC=C2C(=C1)C(=C(C(=O)O2)C(CC(C3=CC=C(C=C3)Cl)O)C4=CC=C(S4)Cl)O,447.3,5.5,95.0,2.0,5.0,5.0,PubChem,Available
2925,Tioconazole,5482.0,C1=CC(=C(C=C1Cl)Cl)C(CN2C=CN=C2)OCC3=C(SC=C3)Cl,387.7,5.3,55.3,0.0,3.0,6.0,PubChem,Available
2926,Tioguanine,2723601.0,C1=NC2=C(N1)C(=S)N=C(N2)N,167.19,-0.1,111.0,3.0,2.0,0.0,PubChem,Available
2927,Tiopronin,5483.0,CC(C(=O)NCC(=O)O)S,163.2,-0.1,67.4,3.0,4.0,3.0,PubChem,Available
2928,Tiotropium,5487427.0,C[N+]1(C2CC(CC1C3C2O3)OC(=O)C(C4=CC=CS4)(C5=CC=CS5)O)C,392.5,2.3,116.0,1.0,6.0,5.0,PubChem,Available
2929,Tipifarnib,159324.0,CN1C=NC=C1C(C2=CC=C(C=C2)Cl)(C3=CC4=C(C=C3)N(C(=O)C=C4C5=CC(=CC=C5)Cl)C)N,489.4,4.1,64.2,1.0,3.0,4.0,PubChem,Available
2930,Tipiracil,6323266.0,C1CC(=N)N(C1)CC2=C(C(=O)NC(=O)N2)Cl,242.66,-0.7,85.3,3.0,3.0,2.0,PubChem,Available
2931,Tipranavir,54682461.0,CCCC1(CC(=C(C(=O)O1)C(CC)C2=CC(=CC=C2)NS(=O)(=O)C3=NC=C(C=C3)C(F)(F)F)O)CCC4=CC=CC=C4,602.7,7.0,114.0,2.0,10.0,11.0,PubChem,Available
2932,Tiracizine,71264.0,CCOC(=O)NC1=CC2=C(CCC3=CC=CC=C3N2C(=O)CN(C)C)C=C1,367.4,3.1,61.9,1.0,4.0,5.0,PubChem,Available
2933,Tirapazamine,135413511.0,C1=CC=C2C(=C1)[N+](=C(N=[N+]2[O-])N)[O-],178.15,-0.3,89.8,1.0,4.0,0.0,PubChem,Available
2934,Tiratricol,5803.0,C1=CC(=C(C=C1OC2=C(C=C(C=C2I)CC(=O)O)I)I)O,621.93,4.5,66.8,2.0,4.0,4.0,PubChem,Available
2935,Tirofiban,60947.0,CCCCS(=O)(=O)NC(CC1=CC=C(C=C1)OCCCCC2CCNCC2)C(=O)O,440.6,1.4,113.0,3.0,7.0,14.0,PubChem,Available
2936,Tisopurine,135445058.0,C1=NNC2=C1C(=S)N=CN2,152.18,0.0,85.2,2.0,2.0,0.0,PubChem,Available
2937,Tivozanib,9911830.0,CC1=CC(=NO1)NC(=O)NC2=C(C=C(C=C2)OC3=C4C=C(C(=CC4=NC=C3)OC)OC)Cl,454.9,4.0,108.0,2.0,7.0,6.0,PubChem,Available
2938,Tixocortol,162955.0,CC12CCC(=O)C=C1CCC3C2C(CC4(C3CCC4(C(=O)CS)O)C)O,378.5,2.0,75.6,3.0,5.0,2.0,PubChem,Available
2939,Tizanidine,5487.0,C1CN=C(N1)NC2=C(C=CC3=NSN=C32)Cl,253.71,1.1,90.4,2.0,4.0,2.0,PubChem,Available
2940,Tobramycin,36294.0,C1C(C(C(C(C1N)OC2C(C(C(C(O2)CO)O)N)O)O)OC3C(CC(C(O3)CN)O)N)N,467.5,-6.2,268.0,10.0,14.0,6.0,PubChem,Available
2941,Tocainide,38945.0,CC1=C(C(=CC=C1)C)NC(=O)C(C)N,192.26,0.8,55.1,2.0,2.0,2.0,PubChem,Available
2942,Tocladesine,100299.0,C1C2C(C(C(O2)N3C4=NC=NC(=C4N=C3Cl)N)O)OP(=O)(O1)O,363.65,-1.6,155.0,3.0,10.0,1.0,PubChem,Available
2943,Tocopherylquinone,2734086.0,CC1=C(C(=O)C(=C(C1=O)C)CCC(C)(CCCC(C)CCCC(C)CCCC(C)C)O)C,446.7,8.8,54.4,1.0,3.0,15.0,PubChem,Available
2944,Tocotrienol,9929901.0,CC(=CCCC(=CCCC(=CCCC1(CCC2=C(O1)C=CC(=C2)O)C)C)C)C,382.6,8.2,29.5,1.0,2.0,9.0,PubChem,Available
2945,Tofacitinib,9926791.0,CC1CCN(CC1N(C)C2=NC=NC3=C2C=CN3)C(=O)CC#N,312.37,1.5,88.9,1.0,5.0,3.0,PubChem,Available
2946,Tofogliflozin,46908929.0,CCC1=CC=C(C=C1)CC2=CC3=C(COC34C(C(C(C(O4)CO)O)O)O)C=C2,386.4,1.5,99.4,4.0,6.0,4.0,PubChem,Available
2947,Tolazamide,5503.0,CC1=CC=C(C=C1)S(=O)(=O)NC(=O)NN2CCCCCC2,311.4,1.5,86.9,2.0,4.0,3.0,PubChem,Available
2948,Tolazoline,5504.0,C1CN=C(N1)CC2=CC=CC=C2,160.22,2.6,24.4,1.0,1.0,2.0,PubChem,Available
2949,Tolbutamide,5505.0,CCCCNC(=O)NS(=O)(=O)C1=CC=C(C=C1)C,270.35,2.3,83.7,2.0,3.0,5.0,PubChem,Available
2950,Tolcapone,4659569.0,CC1=CC=C(C=C1)C(=O)C2=CC(=C(C(=C2)O)O)[N+](=O)[O-],273.24,3.3,103.0,2.0,5.0,2.0,PubChem,Available
2951,Tolfenamic acid,610479.0,CC1=C(C=CC=C1Cl)NC2=CC=CC=C2C(=O)O,261.7,5.2,49.3,2.0,3.0,3.0,PubChem,Available
2952,Tolmetin,5509.0,CC1=CC=C(C=C1)C(=O)C2=CC=C(N2C)CC(=O)O,257.28,2.8,59.3,1.0,3.0,4.0,PubChem,Available
2953,Tolonidine,72138.0,CC1=CC(=C(C=C1)NC2=NCCN2)Cl,209.67,1.8,36.4,2.0,1.0,2.0,PubChem,Available
2954,Toloxatone,34521.0,CC1=CC(=CC=C1)N2CC(OC2=O)CO,207.23,1.2,49.8,1.0,3.0,2.0,PubChem,Available
2955,Tolperisone,5511.0,CC1=CC=C(C=C1)C(=O)C(C)CN2CCCCC2,245.36,3.4,20.3,0.0,2.0,4.0,PubChem,Available
2956,Tolterodine,443879.0,CC1=CC(=C(C=C1)O)C(CCN(C(C)C)C(C)C)C2=CC=CC=C2,325.5,5.6,23.5,1.0,2.0,7.0,PubChem,Available
2957,Tolvaptan,216237.0,CC1=CC=CC=C1C(=O)NC2=CC(=C(C=C2)C(=O)N3CCCC(C4=C3C=CC(=C4)Cl)O)C,448.9,4.8,69.6,2.0,3.0,3.0,PubChem,Available
2958,Topiramate,5284627.0,CC1(OC2COC3(C(C2O1)OC(O3)(C)C)COS(=O)(=O)N)C,339.36,-0.8,124.0,1.0,9.0,3.0,PubChem,Available
2959,Topiroxostat,5288320.0,C1=CN=CC=C1C2=NC(=NN2)C3=CC(=NC=C3)C#N,248.24,1.2,91.1,1.0,5.0,2.0,PubChem,Available
2960,Topotecan,60700.0,CCC1(C2=C(COC1=O)C(=O)N3CC4=CC5=C(C=CC(=C5CN(C)C)O)N=C4C3=C2)O,421.4,0.5,103.0,2.0,7.0,3.0,PubChem,Available
2961,Torasemide,41781.0,CC1=CC(=CC=C1)NC2=C(C=NC=C2)S(=O)(=O)NC(=O)NC(C)C,348.4,2.7,109.0,3.0,5.0,5.0,PubChem,Available
2962,Toremifene,3005573.0,CN(C)CCOC1=CC=C(C=C1)C(=C(CCCl)C2=CC=CC=C2)C3=CC=CC=C3,406.0,7.2,12.5,0.0,2.0,9.0,PubChem,Available
2963,Tovorafenib,25161177.0,CC(C1=NC=C(S1)C(=O)NC2=NC=C(C(=C2)C(F)(F)F)Cl)NC(=O)C3=C(C(=NC=N3)N)Cl,506.3,3.0,164.0,3.0,11.0,5.0,PubChem,Available
2964,Toyocamycin,11824.0,C1=C(C2=C(N=CN=C2N1C3C(C(C(O3)CO)O)O)N)C#N,291.26,-1.6,150.0,4.0,8.0,2.0,PubChem,Available
2965,Trabectedin,108150.0,CC1=CC2=C(C3C4C5C6=C(C(=C7C(=C6C(N4C(C(C2)N3C)O)COC(=O)C8(CS5)C9=CC(=C(C=C9CCN8)O)OC)OCO7)C)OC(=O)C)C(=C1OC)O,761.8,3.4,194.0,4.0,15.0,4.0,PubChem,Available
2966,Tramadol,33741.0,CN(C)CC1CCCCC1(C2=CC(=CC=C2)OC)O,263.37,2.6,32.7,1.0,3.0,4.0,PubChem,Available
2967,Tramazoline,5524.0,C1CCC2=C(C1)C=CC=C2NC3=NCCN3,215.29,2.0,36.4,2.0,1.0,2.0,PubChem,Available
2968,Trametinib,11707110.0,CC1=C2C(=C(N(C1=O)C)NC3=C(C=C(C=C3)I)F)C(=O)N(C(=O)N2C4=CC=CC(=C4)NC(=O)C)C5CC5,615.4,3.4,102.0,2.0,6.0,5.0,PubChem,Available
2969,Tramiprosate,1646.0,C(CN)CS(=O)(=O)O,139.18,-3.8,88.8,2.0,4.0,3.0,PubChem,Available
2970,Trandolapril,5484727.0,CCOC(=O)C(CCC1=CC=CC=C1)NC(C)C(=O)N2C3CCCCC3CC2C(=O)O,430.5,2.0,95.9,2.0,6.0,10.0,PubChem,Available
2971,Trandolaprilat,5464097.0,CC(C(=O)N1C2CCCCC2CC1C(=O)O)NC(CCC3=CC=CC=C3)C(=O)O,402.5,1.2,107.0,3.0,6.0,8.0,PubChem,Available
2972,Tranexamic acid,5526.0,C1CC(CCC1CN)C(=O)O,157.21,-2.0,63.3,2.0,3.0,2.0,PubChem,Available
2973,Tranilast,5282230.0,COC1=C(C=C(C=C1)C=CC(=O)NC2=CC=CC=C2C(=O)O)OC,327.3,3.2,84.9,2.0,5.0,6.0,PubChem,Available
2974,Transcrocetinate,5281232.0,CC(=CC=CC=C(C)C=CC=C(C)C(=O)O)C=CC=C(C)C(=O)O,328.4,5.4,74.6,2.0,4.0,8.0,PubChem,Available
2975,Trapidil,5531.0,CCN(CC)C1=CC(=NC2=NC=NN12)C,205.26,1.7,46.3,0.0,4.0,3.0,PubChem,Available
2976,Travoprost,5282226.0,CC(C)OC(=O)CCCC=CCC1C(CC(C1C=CC(COC2=CC=CC(=C2)C(F)(F)F)O)O)O,500.5,4.1,96.2,3.0,9.0,13.0,PubChem,Available
2977,Trazodone,5533.0,C1CN(CCN1CCCN2C(=O)N3C=CC=CC3=N2)C4=CC(=CC=C4)Cl,371.9,2.8,42.4,0.0,4.0,5.0,PubChem,Available
2978,Treosulfan,9882105.0,CS(=O)(=O)OCC(C(COS(=O)(=O)C)O)O,278.3,-2.2,144.0,2.0,8.0,7.0,PubChem,Available
2979,Treprostinil,6918140.0,CCCCCC(CCC1C(CC2C1CC3=C(C2)C(=CC=C3)OCC(=O)O)O)O,390.5,4.5,87.0,3.0,5.0,10.0,PubChem,Available
2980,Trestolone,9838899.0,CC1CC2=CC(=O)CCC2C3C1C4CCC(C4(CC3)C)O,288.4,2.9,37.3,1.0,2.0,0.0,PubChem,Available
2981,Trestolone acetate,10246085.0,CC1CC2=CC(=O)CCC2C3C1C4CCC(C4(CC3)C)OC(=O)C,330.5,3.4,43.4,0.0,3.0,2.0,PubChem,Available
2982,Tretamine,5799.0,C1CN1C2=NC(=NC(=N2)N3CC3)N4CC4,204.23,0.7,47.7,0.0,6.0,3.0,PubChem,Available
2983,Tretazicar,89105.0,C1CN1C2=C(C=C(C(=C2)C(=O)N)[N+](=O)[O-])[N+](=O)[O-],252.18,0.0,138.0,1.0,6.0,2.0,PubChem,Available
2984,Tretoquinol,65772.0,COC1=CC(=CC(=C1OC)OC)CC2C3=CC(=C(C=C3CCN2)O)O,345.4,2.5,80.2,3.0,6.0,5.0,PubChem,Available
2985,Triamcinolone,31307.0,CC12CC(C3(C(C1CC(C2(C(=O)CO)O)O)CCC4=CC(=O)C=CC43C)F)O,394.4,1.2,115.0,4.0,7.0,2.0,PubChem,Available
2986,Triamterene,5546.0,C1=CC=C(C=C1)C2=NC3=C(N=C(N=C3N=C2N)N)N,253.26,1.0,130.0,3.0,7.0,1.0,PubChem,Available
2987,Triaziquone,6235.0,C1CN1C2=CC(=O)C(=C(C2=O)N3CC3)N4CC4,231.25,-0.1,43.2,0.0,5.0,3.0,PubChem,Available
2988,Triazolam,5556.0,CC1=NN=C2N1C3=C(C=C(C=C3)Cl)C(=NC2)C4=CC=CC=C4Cl,343.2,2.4,43.1,0.0,3.0,1.0,PubChem,Available
2989,Tricaine,11400.0,CCOC(=O)C1=CC(=CC=C1)N,165.19,1.8,52.3,1.0,3.0,3.0,PubChem,Available
2990,Trichloroethylene,6575.0,C(=C(Cl)Cl)Cl,131.38,2.6,0.0,0.0,0.0,0.0,PubChem,Available
2991,Trichostatin A,444732.0,CC(C=C(C)C=CC(=O)NO)C(=O)C1=CC=C(C=C1)N(C)C,302.37,2.7,69.6,2.0,4.0,6.0,PubChem,Available
2992,Triclabendazole,50248.0,CSC1=NC2=CC(=C(C=C2N1)Cl)OC3=C(C(=CC=C3)Cl)Cl,359.7,5.7,63.2,1.0,3.0,3.0,PubChem,Available
2993,Triclofos,5563.0,C(C(Cl)(Cl)Cl)OP(=O)(O)O,229.38,0.3,66.8,2.0,4.0,2.0,PubChem,Available
2994,Tridihexethyl,20299.0,CC[N+](CC)(CC)CCC(C1CCCCC1)(C2=CC=CC=C2)O,318.5,4.8,20.2,1.0,1.0,8.0,PubChem,Available
2995,Triethylenetetramine,5565.0,C(CNCCNCCN)N,146.23,-2.5,76.1,4.0,4.0,7.0,PubChem,Available
2996,Trifluoperazine,5566.0,CN1CCN(CC1)CCCN2C3=CC=CC=C3SC4=C2C=C(C=C4)C(F)(F)F,407.5,5.0,35.0,0.0,7.0,4.0,PubChem,Available
2997,Trifluperidol,5567.0,C1CN(CCC1(C2=CC(=CC=C2)C(F)(F)F)O)CCCC(=O)C3=CC=C(C=C3)F,409.4,3.5,40.5,1.0,7.0,6.0,PubChem,Available
2998,Triflupromazine,5568.0,CN(C)CCCN1C2=CC=CC=C2SC3=C1C=C(C=C3)C(F)(F)F,352.4,5.2,31.8,0.0,6.0,4.0,PubChem,Available
2999,Trifluridine,6256.0,C1C(C(OC1N2C=C(C(=O)NC2=O)C(F)(F)F)CO)O,296.2,-0.5,99.1,3.0,8.0,2.0,PubChem,Available
3000,Triflusal,9458.0,CC(=O)OC1=C(C=CC(=C1)C(F)(F)F)C(=O)O,248.15,2.1,63.6,1.0,7.0,3.0,PubChem,Available
3001,Triglu-5-formyl-tetrahydrofolate,135403827.0,C1C(N(C2=C(N1)N=C(NC2=O)N)C=O)CNC3=CC=C(C=C3)C(=O)NC(CCC(=O)NC(CCC(=O)NC(CCC(=O)O)C(=O)O)C(=O)O)C(=O)O,731.7,-2.8,348.0,11.0,16.0,19.0,PubChem,Available
3002,Trihexyphenidyl,5572.0,C1CCC(CC1)C(CCN2CCCCC2)(C3=CC=CC=C3)O,301.5,4.5,23.5,1.0,2.0,5.0,PubChem,Available
3003,Trilaciclib,68029831.0,CN1CCN(CC1)C2=CN=C(C=C2)NC3=NC=C4C=C5C(=O)NCC6(N5C4=N3)CCCCC6,446.5,2.6,91.2,2.0,7.0,3.0,PubChem,Available
3004,Trilostane,656583.0,CC12CCC3C(C1CCC2O)CCC45C3(CC(=C(C4O5)O)C#N)C,329.4,2.9,76.8,2.0,4.0,0.0,PubChem,Available
3005,Trimazosin,37264.0,CC(C)(COC(=O)N1CCN(CC1)C2=NC3=C(C(=C(C=C3C(=N2)N)OC)OC)OC)O,435.5,1.2,133.0,2.0,10.0,7.0,PubChem,Available
3006,Trimebutine,5573.0,CCC(COC(=O)C1=CC(=C(C(=C1)OC)OC)OC)(C2=CC=CC=C2)N(C)C,387.5,4.0,57.2,0.0,6.0,10.0,PubChem,Available
3007,Trimethadione,5576.0,CC1(C(=O)N(C(=O)O1)C)C,143.14,0.3,46.6,0.0,3.0,0.0,PubChem,Available
3008,Trimethaphan,23576.0,C1CC2C3C(C[S+]2C1)N(C(=O)N3CC4=CC=CC=C4)CC5=CC=CC=C5,365.5,3.6,24.6,0.0,1.0,4.0,PubChem,Available
3009,Trimethobenzamide,5577.0,CN(C)CCOC1=CC=C(C=C1)CNC(=O)C2=CC(=C(C(=C2)OC)OC)OC,388.5,2.3,69.3,1.0,6.0,10.0,PubChem,Available
3010,Trimetrexate,5583.0,CC1=C(C=CC2=C1C(=NC(=N2)N)N)CNC3=CC(=C(C(=C3)OC)OC)OC,369.4,2.5,118.0,3.0,8.0,6.0,PubChem,Available
3011,Trimipramine,5584.0,CC(CN1C2=CC=CC=C2CCC3=CC=CC=C31)CN(C)C,294.4,5.8,6.5,0.0,2.0,4.0,PubChem,Available
3012,Trioxsalen,5585.0,CC1=CC(=O)OC2=C1C=C3C=C(OC3=C2C)C,228.24,3.0,39.4,0.0,3.0,0.0,PubChem,Available
3013,Tripamide,5282210.0,C1CC2CC1C3C2CN(C3)NC(=O)C4=CC(=C(C=C4)Cl)S(=O)(=O)N,369.9,2.6,101.0,2.0,5.0,3.0,PubChem,Available
3014,Tripelennamine,5587.0,CN(C)CCN(CC1=CC=CC=C1)C2=CC=CC=N2,255.36,3.3,19.4,0.0,3.0,6.0,PubChem,Available
3015,Triprolidine,5282443.0,CC1=CC=C(C=C1)C(=CCN2CCCC2)C3=CC=CC=N3,278.4,3.9,16.1,0.0,2.0,4.0,PubChem,Available
3016,Triptolide,107985.0,CC(C)C12C(O1)C3C4(O3)C5(CCC6=C(C5CC7C4(C2O)O7)COC6=O)C,360.4,0.2,84.1,1.0,6.0,1.0,PubChem,Available
3017,Triptorelin,25074470.0,CC(C)CC(C(=O)NC(CCCN=C(N)N)C(=O)N1CCCC1C(=O)NCC(=O)N)NC(=O)C(CC2=CNC3=CC=CC=C32)NC(=O)C(CC4=CC=C(C=C4)O)NC(=O)C(CO)NC(=O)C(CC5=CNC6=CC=CC=C65)NC(=O)C(CC7=CN=CN7)NC(=O)C8CCC(=O)N8,1311.4,-0.3,490.0,17.0,15.0,33.0,PubChem,Available
3018,Trofinetide,11318905.0,CC1(CCCN1C(=O)CN)C(=O)NC(CCC(=O)O)C(=O)O,315.32,-3.9,150.0,4.0,7.0,7.0,PubChem,Available
3019,Trofosfamide,65702.0,C1CN(P(=O)(OC1)N(CCCl)CCCl)CCCl,323.6,1.8,32.8,0.0,4.0,7.0,PubChem,Available
3020,Trolamine,7618.0,C(CO)N(CCO)CCO,149.19,-1.0,63.9,3.0,4.0,6.0,PubChem,Available
3021,Troleandomycin,202225.0,CC1CC(C(C(O1)OC2C(CC3(CO3)C(=O)C(C(C(C(OC(=O)C(C(C2C)OC4CC(C(C(O4)C)OC(=O)C)OC)C)C)C)OC(=O)C)C)C)OC(=O)C)N(C)C,814.0,4.3,184.0,0.0,16.0,12.0,PubChem,Available
3022,Trolnitrate,11499.0,C(CO[N+](=O)[O-])N(CCO[N+](=O)[O-])CCO[N+](=O)[O-],284.18,1.1,168.0,0.0,10.0,9.0,PubChem,Available
3023,Tropatepine,3034047.0,CN1C2CCC1CC(=C3C4=CC=CC=C4CSC5=CC=CC=C53)C2,333.5,4.8,28.5,0.0,2.0,0.0,PubChem,Available
3024,Tropicamide,5593.0,CCN(CC1=CC=NC=C1)C(=O)C(CO)C2=CC=CC=C2,284.35,1.5,53.4,1.0,3.0,6.0,PubChem,Available
3025,Tropisetron,656665.0,CN1C2CCC1CC(C2)OC(=O)C3=CNC4=CC=CC=C43,284.35,3.8,45.3,1.0,3.0,3.0,PubChem,Available
3026,Trospium,5284632.0,C1CC[N+]2(C1)C3CCC2CC(C3)OC(=O)C(C4=CC=CC=C4)(C5=CC=CC=C5)O,392.5,4.4,46.5,1.0,3.0,5.0,PubChem,Available
3027,Trovafloxacin,62959.0,C1C2C(C2N)CN1C3=C(C=C4C(=O)C(=CN(C4=N3)C5=C(C=C(C=C5)F)F)C(=O)O)F,416.4,0.3,99.8,2.0,10.0,3.0,PubChem,Available
3028,Troxacitabine,454194.0,C1C(OC(O1)CO)N2C=CC(=NC2=O)N,213.19,-1.7,97.4,2.0,4.0,2.0,PubChem,Available
3029,Troxerutin,5486699.0,CC1C(C(C(C(O1)OCC2C(C(C(C(O2)OC3=C(OC4=CC(=CC(=C4C3=O)O)OCCO)C5=CC(=C(C=C5)OCCO)OCCO)O)O)O)O)O)O,742.7,-2.4,293.0,10.0,19.0,15.0,PubChem,Available
3030,Tubercidin,6245.0,C1=CN(C2=NC=NC(=C21)N)C3C(C(C(O3)CO)O)O,266.25,-1.3,127.0,4.0,7.0,2.0,PubChem,Available
3031,Tubocurarine,6000.0,CN1CCC2=CC(=C3C=C2C1CC4=CC=C(C=C4)OC5=C6C(CC7=CC(=C(C=C7)O)O3)[N+](CCC6=CC(=C5O)OC)(C)C)OC,609.7,6.0,80.6,2.0,7.0,2.0,PubChem,Available
3032,Tucaresol,55223.0,C1=CC(=C(C(=C1)OCC2=CC=C(C=C2)C(=O)O)C=O)O,272.25,2.6,83.8,2.0,5.0,5.0,PubChem,Available
3033,Tucatinib,51039094.0,CC1=C(C=CC(=C1)NC2=NC=NC3=C2C=C(C=C3)NC4=NC(CO4)(C)C)OC5=CC6=NC=NN6C=C5,480.5,4.0,111.0,2.0,8.0,6.0,PubChem,Available
3034,Tucidinostat,12136798.0,C1=CC(=CN=C1)C=CC(=O)NCC2=CC=C(C=C2)C(=O)NC3=C(C=C(C=C3)F)N,390.4,2.3,97.1,3.0,5.0,6.0,PubChem,Available
3035,Tulathromycin A,9832301.0,CCCNCC1(C(OC(CC1(C)OC)OC2C(C(C(CC(CNC(C(C(C(OC(=O)C2C)CC)(C)O)O)C)C)(C)O)OC3C(C(CC(O3)C)N(C)C)O)C)C)O,806.1,3.8,201.0,7.0,15.0,11.0,PubChem,Available
3036,Tulobuterol,5606.0,CC(C)(C)NCC(C1=CC=CC=C1Cl)O,227.73,2.3,32.3,2.0,2.0,4.0,PubChem,Available
3037,Tylosin,5280440.0,CCC1C(C=C(C=CC(=O)C(CC(C(C(C(CC(=O)O1)O)C)OC2C(C(C(C(O2)C)OC3CC(C(C(O3)C)O)(C)O)N(C)C)O)CC=O)C)C)COC4C(C(C(C(O4)C)O)OC)OC,916.1,1.0,239.0,5.0,18.0,13.0,PubChem,Available
3038,Tylvalosin,6441094.0,CCC1C(C=C(C=CC(=O)C(CC(C(C(C(CC(=O)O1)OC(=O)C)C)OC2C(C(C(C(O2)C)OC3CC(C(C(O3)C)OC(=O)CC(C)C)(C)O)N(C)C)O)CC=O)C)C)COC4C(C(C(C(O4)C)O)OC)OC,1042.3,3.4,251.0,3.0,20.0,19.0,PubChem,Available
3039,Tyramine,5610.0,C1=CC(=CC=C1CCN)O,137.18,1.1,46.3,2.0,2.0,2.0,PubChem,Available
3040,Ubenimex,72172.0,CC(C)CC(C(=O)O)NC(=O)C(C(CC1=CC=CC=C1)N)O,308.37,-1.0,113.0,4.0,5.0,8.0,PubChem,Available
3041,Ubidecarenone,5281915.0,CC1=C(C(=O)C(=C(C1=O)OC)OC)CC=C(C)CCC=C(C)CCC=C(C)CCC=C(C)CCC=C(C)CCC=C(C)CCC=C(C)CCC=C(C)CCC=C(C)CCC=C(C)C,863.3,19.4,52.6,0.0,4.0,31.0,PubChem,Available
3042,Ubrogepant,68748835.0,CC1C(CC(C(=O)N1CC(F)(F)F)NC(=O)C2=CC3=C(CC4(C3)C5=C(NC4=O)N=CC=C5)N=C2)C6=CC=CC=C6,549.5,3.1,104.0,2.0,8.0,4.0,PubChem,Available
3043,Udenafil,135413547.0,CCCC1=NN(C2=C1N=C(NC2=O)C3=C(C=CC(=C3)S(=O)(=O)NCCC4CCCN4C)OCCC)C,516.7,3.0,126.0,2.0,8.0,11.0,PubChem,Available
3044,Ularitide,16132416.0,CCC(C)C1C(=O)NCC(=O)NC(C(=O)NC(C(=O)NC(C(=O)NCC(=O)NC(C(=O)NCC(=O)NC(CSSCC(C(=O)NC(C(=O)NCC(=O)NCC(=O)NC(C(=O)NC(C(=O)NC(C(=O)NC(C(=O)N1)CCCNC(=N)N)CC(=O)O)CCSC)CCCNC(=N)N)CC2=CC=CC=C2)NC(=O)C(CO)NC(=O)C(CO)NC(=O)C(CCCNC(=N)N)NC(=O)C(CCCNC(=N)N)NC(=O)C(CC(C)C)NC(=O)C(CO)NC(=O)C(CCCNC(=N)N)NC(=O)C3CCCN3C(=O)C(C)NC(=O)C(C(C)O)N)C(=O)NC(CC(=O)N)C(=O)NC(CO)C(=O)NC(CC4=CC=CC=C4)C(=O)NC(CCCNC(=N)N)C(=O)NC(CC5=CC=C(C=C5)O)C(=O)O)CC(C)C)CO)CCC(=O)N)C,3505.9,-17.1,1670.0,60.0,54.0,88.0,PubChem,Available
3045,Ulipristal,13559281.0,CC(=O)C1(CCC2C1(CC(C3=C4CCC(=O)C=C4CCC23)C5=CC=C(C=C5)N(C)C)C)O,433.6,2.9,57.6,1.0,4.0,3.0,PubChem,Available
3046,Ulobetasol,5311167.0,CC1CC2C3CC(C4=CC(=O)C=CC4(C3(C(CC2(C1(C(=O)CCl)O)C)O)F)C)F,428.9,2.7,74.6,2.0,6.0,2.0,PubChem,Available
3047,Umbralisib,72950888.0,CC(C)OC1=C(C=C(C=C1)C2=NN(C3=NC=NC(=C23)N)C(C)C4=C(C(=O)C5=C(O4)C=CC(=C5)F)C6=CC(=CC=C6)F)F,571.5,5.8,105.0,1.0,10.0,6.0,PubChem,Available
3048,Umeclidinium,11519070.0,C1C[N+]2(CCC1(CC2)C(C3=CC=CC=C3)(C4=CC=CC=C4)O)CCOCC5=CC=CC=C5,428.6,4.7,29.5,1.0,2.0,8.0,PubChem,Available
3049,Umifenovir,131411.0,CCOC(=O)C1=C(N(C2=CC(=C(C(=C21)CN(C)C)O)Br)C)CSC3=CC=CC=C3,477.4,4.4,80.0,1.0,5.0,8.0,PubChem,Available
3050,Unoprostone,5311236.0,CCCCCCCC(=O)CCC1C(CC(C1CC=CCCCC(=O)O)O)O,382.5,3.7,94.8,3.0,5.0,15.0,PubChem,Available
3051,Upadacitinib,58557659.0,CCC1CN(CC1C2=CN=C3N2C4=C(NC=C4)N=C3)C(=O)NCC(F)(F)F,380.4,2.7,78.3,2.0,6.0,3.0,PubChem,Available
3052,Uracil,1174.0,C1=CNC(=O)NC1=O,112.09,-1.1,58.2,2.0,2.0,0.0,PubChem,Available
3053,Uracil mustard,6194.0,C1=C(C(=O)NC(=O)N1)N(CCCl)CCCl,252.09,0.5,61.4,2.0,3.0,5.0,PubChem,Available
3054,Urapidil,5639.0,CN1C(=CC(=O)N(C1=O)C)NCCCN2CCN(CC2)C3=CC=CC=C3OC,387.5,1.5,68.4,1.0,6.0,7.0,PubChem,Available
3055,Urethane,5641.0,CCOC(=O)N,89.09,-0.2,52.3,1.0,2.0,2.0,PubChem,Available
3056,Uric acid,1175.0,C12=C(NC(=O)N1)NC(=O)NC2=O,168.11,-1.9,99.3,4.0,3.0,0.0,PubChem,Available
3057,Vabicaserin,11521822.0,C1CC2CN3CCNCC4=C3C(=CC=C4)C2C1,228.33,2.5,15.3,1.0,2.0,0.0,PubChem,Available
3058,Vaborbactam,56649692.0,B1(C(CCC(O1)CC(=O)O)NC(=O)CC2=CC=CS2)O,297.14,,124.0,3.0,6.0,5.0,PubChem,Available
3059,Vadadustat,23634441.0,C1=CC(=CC(=C1)Cl)C2=CC(=C(N=C2)C(=O)NCC(=O)O)O,306.7,2.5,99.5,3.0,5.0,4.0,PubChem,Available
3060,Vadimezan,123964.0,CC1=C(C2=C(C=C1)C(=O)C3=CC=CC(=C3O2)CC(=O)O)C,282.29,3.2,63.6,1.0,4.0,2.0,PubChem,Available
3061,Valaciclovir,135398742.0,CC(C)C(C(=O)OCCOCN1C=NC2=C1N=C(NC2=O)N)N,324.34,-0.9,147.0,3.0,7.0,8.0,PubChem,Available
3062,Valbenazine,24795069.0,CC(C)CC1CN2CCC3=CC(=C(C=C3C2CC1OC(=O)C(C(C)C)N)OC)OC,418.6,4.3,74.0,1.0,6.0,8.0,PubChem,Available
3063,Valdecoxib,119607.0,CC1=C(C(=NO1)C2=CC=CC=C2)C3=CC=C(C=C3)S(=O)(=O)N,314.4,2.6,94.6,1.0,5.0,3.0,PubChem,Available
3064,Valganciclovir,135413535.0,CC(C)C(C(=O)OCC(CO)OCN1C=NC2=C1N=C(NC2=O)N)N,354.36,-1.5,167.0,4.0,8.0,9.0,PubChem,Available
3065,Valinomycin,3000706.0,CC1C(=O)NC(C(=O)OC(C(=O)NC(C(=O)OC(C(=O)NC(C(=O)OC(C(=O)NC(C(=O)OC(C(=O)NC(C(=O)OC(C(=O)NC(C(=O)O1)C(C)C)C(C)C)C(C)C)C)C(C)C)C(C)C)C(C)C)C)C(C)C)C(C)C)C(C)C,1111.3,9.1,332.0,6.0,18.0,9.0,PubChem,Available
3066,Valnoctamide,20140.0,CCC(C)C(CC)C(=O)N,143.23,1.9,43.1,1.0,1.0,4.0,PubChem,Available
3067,Valomaciclovir,135544014.0,CC(C)C(C(=O)OCCC(CN1C=NC2=C1N=C(NC2=O)N)CO)N,352.39,-0.9,158.0,4.0,7.0,9.0,PubChem,Available
3068,Valproate bismuth,20835964.0,CCCC(CCC)C(=O)[O-].CCCC(CCC)C(=O)[O-].CCCC(CCC)C(=O)[O-].[Bi+3],638.6,,120.0,0.0,6.0,12.0,PubChem,Available
3069,Valpromide,71113.0,CCCC(CCC)C(=O)N,143.23,2.1,43.1,1.0,1.0,5.0,PubChem,Available
3070,Valrubicin,454216.0,CCCCC(=O)OCC(=O)C1(CC(C2=C(C1)C(=C3C(=C2O)C(=O)C4=C(C3=O)C=CC=C4OC)O)OC5CC(C(C(O5)C)O)NC(=O)C(F)(F)F)O,723.6,4.0,215.0,5.0,16.0,11.0,PubChem,Available
3071,Valsartan,60846.0,CCCCC(=O)N(CC1=CC=C(C=C1)C2=CC=CC=C2C3=NNN=N3)C(C(C)C)C(=O)O,435.5,4.4,112.0,2.0,6.0,10.0,PubChem,Available
3072,Valspodar,5281884.0,CC=CCC(C)C(=O)C1C(=O)NC(C(=O)N(CC(=O)N(C(C(=O)NC(C(=O)N(C(C(=O)NC(C(=O)NC(C(=O)N(C(C(=O)N(C(C(=O)N(C(C(=O)N1C)C(C)C)C)CC(C)C)C)CC(C)C)C)C)C)CC(C)C)C)C(C)C)CC(C)C)C)C)C(C)C,1214.6,7.7,276.0,4.0,12.0,15.0,PubChem,Available
3073,Vamorolone,3035000.0,CC1CC2C3CCC4=CC(=O)C=CC4(C3=CCC2(C1(C(=O)CO)O)C)C,356.5,2.7,74.6,2.0,4.0,2.0,PubChem,Available
3074,Vancomycin,14969.0,CC1C(C(CC(O1)OC2C(C(C(OC2OC3=C4C=C5C=C3OC6=C(C=C(C=C6)C(C(C(=O)NC(C(=O)NC5C(=O)NC7C8=CC(=C(C=C8)O)C9=C(C=C(C=C9O)O)C(NC(=O)C(C(C1=CC(=C(O4)C=C1)Cl)O)NC7=O)C(=O)O)CC(=O)N)NC(=O)C(CC(C)C)NC)O)Cl)CO)O)O)(C)N)O,1449.2,-2.6,530.0,19.0,26.0,13.0,PubChem,Available
3075,Vandetanib,3081361.0,CN1CCC(CC1)COC2=C(C=C3C(=C2)N=CN=C3NC4=C(C=C(C=C4)Br)F)OC,475.4,4.9,59.5,1.0,7.0,6.0,PubChem,Available
3076,Vanoxerine,3455.0,C1CN(CCN1CCCC2=CC=CC=C2)CCOC(C3=CC=C(C=C3)F)C4=CC=C(C=C4)F,450.6,5.6,15.7,0.0,5.0,10.0,PubChem,Available
3077,Vardenafil,135400189.0,CCCC1=NC(=C2N1N=C(NC2=O)C3=C(C=CC(=C3)S(=O)(=O)N4CCN(CC4)CC)OCC)C,488.6,2.5,118.0,1.0,8.0,8.0,PubChem,Available
3078,Varenicline,5310966.0,C1C2CNCC1C3=CC4=NC=CN=C4C=C23,211.26,0.8,37.8,1.0,3.0,0.0,PubChem,Available
3079,Vatalanib,151194.0,C1=CC=C2C(=C1)C(=NN=C2NC3=CC=C(C=C3)Cl)CC4=CC=NC=C4,346.8,4.5,50.7,1.0,4.0,4.0,PubChem,Available
3080,Vecuronium,39765.0,CC(=O)OC1CC2CCC3C(C2(CC1N4CCCCC4)C)CCC5(C3CC(C5OC(=O)C)[N+]6(CCCCC6)C)C,557.8,6.5,55.8,0.0,5.0,6.0,PubChem,Available
3081,Velpatasvir,67683363.0,CC1CCC(N1C(=O)C(C(C)C)NC(=O)OC)C2=NC3=C(N2)C=CC4=CC5=C(C=C43)OCC6=C5C=CC(=C6)C7=CN=C(N7)C8CC(CN8C(=O)C(C9=CC=CC=C9)NC(=O)OC)COC,883.0,6.2,193.0,4.0,10.0,13.0,PubChem,Available
3082,Vemurafenib,42611257.0,CCCS(=O)(=O)NC1=C(C(=C(C=C1)F)C(=O)C2=CNC3=C2C=C(C=N3)C4=CC=C(C=C4)Cl)F,489.9,5.0,100.0,2.0,7.0,7.0,PubChem,Available
3083,Venetoclax,49846579.0,CC1(CCC(=C(C1)C2=CC=C(C=C2)Cl)CN3CCN(CC3)C4=CC(=C(C=C4)C(=O)NS(=O)(=O)C5=CC(=C(C=C5)NCC6CCOCC6)[N+](=O)[O-])OC7=CN=C8C(=C7)C=CN8)C,868.4,8.2,183.0,3.0,11.0,12.0,PubChem,Available
3084,Venlafaxine,5656.0,CN(C)CC(C1=CC=C(C=C1)OC)C2(CCCCC2)O,277.4,2.9,32.7,1.0,3.0,5.0,PubChem,Available
3085,Veralipride,47979.0,COC1=CC(=CC(=C1OC)C(=O)NCC2CCCN2CC=C)S(=O)(=O)N,383.5,0.8,119.0,2.0,7.0,8.0,PubChem,Available
3086,Vericiguat,54674461.0,COC(=O)NC1=C(N=C(N=C1N)C2=NN(C3=C2C=C(C=N3)F)CC4=CC=CC=C4F)N,426.4,1.5,147.0,3.0,10.0,5.0,PubChem,Available
3087,Verinurad,54767229.0,CC(C)(C(=O)O)SC1=C(C=NC=C1)C2=CC=C(C3=CC=CC=C32)C#N,348.4,4.1,99.3,1.0,5.0,4.0,PubChem,Available
3088,Vernakalant,9930049.0,COC1=C(C=C(C=C1)CCOC2CCCCC2N3CCC(C3)O)OC,349.5,2.9,51.2,1.0,5.0,7.0,PubChem,Available
3089,Vesnarinone,5663.0,COC1=C(C=C(C=C1)C(=O)N2CCN(CC2)C3=CC4=C(C=C3)NC(=O)CC4)OC,395.5,2.1,71.1,1.0,5.0,4.0,PubChem,Available
3090,Vibegron,44472635.0,C1CC(NC1CC2=CC=C(C=C2)NC(=O)C3CCC4=NC=CC(=O)N34)C(C5=CC=CC=C5)O,444.5,1.8,94.0,3.0,5.0,6.0,PubChem,Available
3091,Vicriviroc,3009355.0,CC1CN(CCN1C(COC)C2=CC=C(C=C2)C(F)(F)F)C3(CCN(CC3)C(=O)C4=C(N=CN=C4C)C)C,533.6,3.7,61.8,0.0,9.0,6.0,PubChem,Available
3092,Vigabatrin,5665.0,C=CC(CCC(=O)O)N,129.16,-2.2,63.3,2.0,3.0,4.0,PubChem,Available
3093,Vilanterol,10184665.0,C1=CC(=C(C(=C1)Cl)COCCOCCCCCCNCC(C2=CC(=C(C=C2)O)CO)O)Cl,486.4,3.8,91.2,4.0,6.0,16.0,PubChem,Available
3094,Vilazodone,6918314.0,C1CN(CCN1CCCCC2=CNC3=C2C=C(C=C3)C#N)C4=CC5=C(C=C4)OC(=C5)C(=O)N,441.5,4.0,102.0,2.0,5.0,7.0,PubChem,Available
3095,Vildagliptin,6918537.0,C1CC(N(C1)C(=O)CNC23CC4CC(C2)CC(C4)(C3)O)C#N,303.4,0.9,76.4,2.0,4.0,3.0,PubChem,Available
3096,Viloxazine,5666.0,CCOC1=CC=CC=C1OCC2CNCCO2,237.29,1.5,39.7,1.0,4.0,5.0,PubChem,Available
3097,Vinbarbital,5284636.0,CCC=C(C)C1(C(=O)NC(=O)NC1=O)CC,224.26,1.7,75.3,2.0,3.0,3.0,PubChem,Available
3098,Vinblastine,13342.0,CCC1(CC2CC(C3=C(CCN(C2)C1)C4=CC=CC=C4N3)(C5=C(C=C6C(=C5)C78CCN9C7C(C=CC9)(C(C(C8N6C)(C(=O)OC)O)OC(=O)C)CC)OC)C(=O)OC)O,811.0,3.7,154.0,3.0,12.0,10.0,PubChem,Available
3099,Vincamine,15376.0,CCC12CCCN3C1C4=C(CC3)C5=CC=CC=C5N4C(C2)(C(=O)OC)O,354.4,2.9,54.7,1.0,4.0,3.0,PubChem,Available
3100,Vincristine,5978.0,CCC1(CC2CC(C3=C(CCN(C2)C1)C4=CC=CC=C4N3)(C5=C(C=C6C(=C5)C78CCN9C7C(C=CC9)(C(C(C8N6C=O)(C(=O)OC)O)OC(=O)C)CC)OC)C(=O)OC)O,825.0,2.8,171.0,3.0,12.0,10.0,PubChem,Available
3101,Vindesine,40839.0,CCC1(CC2CC(C3=C(CCN(C2)C1)C4=CC=CC=C4N3)(C5=C(C=C6C(=C5)C78CCN9C7C(C=CC9)(C(C(C8N6C)(C(=O)N)O)O)CC)OC)C(=O)OC)O,753.9,2.7,165.0,5.0,10.0,7.0,PubChem,Available
3102,Vinflunine,10629256.0,CCC12C=CCN3C1C4(CC3)C(C(C2OC(=O)C)(C(=O)OC)O)N(C5=CC(=C(C=C45)C6(CC7CC(CN(C7)CC8=C6NC9=CC=CC=C89)C(C)(F)F)C(=O)OC)OC)C,816.9,4.4,134.0,2.0,13.0,10.0,PubChem,Available
3103,Vinorelbine,5311497.0,CCC1=CC2CC(C3=C(CN(C2)C1)C4=CC=CC=C4N3)(C5=C(C=C6C(=C5)C78CCN9C7C(C=CC9)(C(C(C8N6C)(C(=O)OC)O)OC(=O)C)CC)OC)C(=O)OC,778.9,3.6,134.0,2.0,11.0,10.0,PubChem,Available
3104,Vinpocetine,443955.0,CCC12CCCN3C1C4=C(CC3)C5=CC=CC=C5N4C(=C2)C(=O)OCC,350.5,4.1,34.5,0.0,3.0,4.0,PubChem,Available
3105,Vintafolide,25014653.0,CCC1(CC2CC(C3=C(CCN(C2)C1)C4=CC=CC=C4N3)(C5=C(C=C6C(=C5)C78CCN9C7C(C=CC9)(C(C(C8N6C)(C(=O)NNC(=O)OCCSSCC(C(=O)O)NC(=O)C(CC(=O)O)NC(=O)C(CC(=O)O)NC(=O)C(CCCNC(=N)N)NC(=O)C(CC(=O)O)NC(=O)CCC(C(=O)O)NC(=O)C1=CC=C(C=C1)NCC1=CN=C2C(=N1)C(=O)NC(=N2)N)O)O)CC)OC)C(=O)OC)O,1917.0,-6.7,768.0,23.0,36.0,44.0,PubChem,Available
3106,Vinyl ether,8024.0,C=COC=C,70.09,1.3,9.2,0.0,1.0,2.0,PubChem,Available
3107,Vinylbital,72135.0,CCCC(C)C1(C(=O)NC(=O)NC1=O)C=C,224.26,2.0,75.3,2.0,3.0,4.0,PubChem,Available
3108,Viomycin,135398671.0,C1C(N=C(NC1O)N)C2C(=O)NCC(C(=O)NC(C(=O)NC(C(=O)NC(=CNC(=O)N)C(=O)N2)CO)CO)NC(=O)CC(CCCN)N,685.7,-7.0,393.0,15.0,13.0,10.0,PubChem,Available
3109,Vismodegib,24776445.0,CS(=O)(=O)C1=CC(=C(C=C1)C(=O)NC2=CC(=C(C=C2)Cl)C3=CC=CC=N3)Cl,421.3,3.8,84.5,1.0,4.0,4.0,PubChem,Available
3110,Vitamin A,445354.0,CC1=C(C(CCC1)(C)C)C=CC(=CC=CC(=CCO)C)C,286.5,5.7,20.2,1.0,1.0,5.0,PubChem,Available
3111,Voclosporin,6918486.0,CCC1C(=O)N(CC(=O)N(C(C(=O)NC(C(=O)N(C(C(=O)NC(C(=O)NC(C(=O)N(C(C(=O)N(C(C(=O)N(C(C(=O)N(C(C(=O)N1)C(C(C)CC=CC=C)O)C)C(C)C)C)CC(C)C)C)CC(C)C)C)C)C)CC(C)C)C)C(C)C)CC(C)C)C)C,1214.6,7.9,279.0,5.0,12.0,16.0,PubChem,Available
3112,Voglibose,444020.0,C1C(C(C(C(C1(CO)O)O)O)O)NC(CO)CO,267.28,-4.1,154.0,8.0,8.0,5.0,PubChem,Available
3113,Volasertib,10461508.0,CCC1C(=O)N(C2=CN=C(N=C2N1C(C)C)NC3=C(C=C(C=C3)C(=O)NC4CCC(CC4)N5CCN(CC5)CC6CC6)OC)C,618.8,4.6,106.0,2.0,9.0,10.0,PubChem,Available
3114,Vonoprazan,15981397.0,CNCC1=CN(C(=C1)C2=CC=CC=C2F)S(=O)(=O)C3=CN=CC=C3,345.4,2.0,72.4,1.0,5.0,5.0,PubChem,Available
3115,Vorapaxar,10077130.0,CCOC(=O)NC1CCC2C(C1)CC3C(C2C=CC4=NC=C(C=C4)C5=CC(=CC=C5)F)C(OC3=O)C,492.6,5.3,77.5,1.0,6.0,6.0,PubChem,Available
3116,Vorasidenib,117817422.0,CC(C(F)(F)F)NC1=NC(=NC(=N1)C2=NC(=CC=C2)Cl)NC(C)C(F)(F)F,414.74,5.3,75.6,2.0,12.0,5.0,PubChem,Available
3117,Voriconazole,71616.0,CC(C1=NC=NC=C1F)C(CN2C=NC=N2)(C3=C(C=C(C=C3)F)F)O,349.31,1.5,76.7,1.0,8.0,5.0,PubChem,Available
3118,Vorinostat,5311.0,C1=CC=C(C=C1)NC(=O)CCCCCCC(=O)NO,264.32,1.9,78.4,3.0,3.0,8.0,PubChem,Available
3119,Vortioxetine,9966051.0,CC1=CC(=C(C=C1)SC2=CC=CC=C2N3CCNCC3)C,298.4,4.2,40.6,1.0,3.0,3.0,PubChem,Available
3120,Vosaroxin,9952884.0,CNC1CN(CC1OC)C2=NC3=C(C=C2)C(=O)C(=CN3C4=NC=CS4)C(=O)O,401.4,-0.3,136.0,2.0,10.0,5.0,PubChem,Available
3121,Voxelotor,71602803.0,CC(C)N1C(=CC=N1)C2=C(C=CC=N2)COC3=CC=CC(=C3C=O)O,337.4,2.7,77.2,1.0,5.0,6.0,PubChem,Available
3122,Voxilaprevir,89921642.0,CCC1C2CN(C1C(=O)NC3(CC3C(F)F)C(=O)NS(=O)(=O)C4(CC4)C)C(=O)C(NC(=O)OC5CC5CCCCC(C6=NC7=C(C=C(C=C7)OC)N=C6O2)(F)F)C(C)(C)C,868.9,5.9,204.0,3.0,15.0,9.0,PubChem,Available
3123,WIN 55212-2,5311501.0,CC1=C(C2=C3N1C(COC3=CC=C2)CN4CCOCC4)C(=O)C5=CC=CC6=CC=CC=C65,426.5,4.4,43.7,0.0,4.0,4.0,PubChem,Available
3124,Wortmannin,312145.0,CC(=O)OC1CC2(C(CCC2=O)C3=C1C4(C(OC(=O)C5=COC(=C54)C3=O)COC)C)C,428.4,1.2,109.0,0.0,8.0,4.0,PubChem,Available
3125,Xamoterol,155774.0,C1COCCN1C(=O)NCCNCC(COC2=CC=C(C=C2)O)O,339.39,-0.6,103.0,4.0,6.0,8.0,PubChem,Available
3126,Xanomeline,60809.0,CCCCCCOC1=NSN=C1C2=CCCN(C2)C,281.42,3.3,66.5,0.0,5.0,7.0,PubChem,Available
3127,Xanthine,1188.0,C1=NC2=C(N1)C(=O)NC(=O)N2,152.11,-0.7,86.9,3.0,3.0,0.0,PubChem,Available
3128,Xenon,23991.0,[Xe],131.29,,0.0,0.0,0.0,0.0,PubChem,Available
3129,Ximelagatran,9574101.0,CCOC(=O)CNC(C1CCCCC1)C(=O)N2CCC2C(=O)NCC3=CC=C(C=C3)C(=NO)N,473.6,2.2,146.0,4.0,7.0,11.0,PubChem,Available
3130,Xipamide,26618.0,CC1=C(C(=CC=C1)C)NC(=O)C2=CC(=C(C=C2O)Cl)S(=O)(=O)N,354.8,2.9,118.0,3.0,5.0,3.0,PubChem,Available
3131,Xylazine,5707.0,CC1=C(C(=CC=C1)C)NC2=NCCCS2,220.34,2.8,49.7,1.0,2.0,2.0,PubChem,Available
3132,Xylometazoline,5709.0,CC1=CC(=CC(=C1CC2=NCCN2)C)C(C)(C)C,244.37,3.2,24.4,1.0,1.0,3.0,PubChem,Available
3133,Yohimbine,8969.0,COC(=O)C1C(CCC2C1CC3C4=C(CCN3C2)C5=CC=CC=C5N4)O,354.4,2.9,65.6,2.0,4.0,2.0,PubChem,Available
3134,Zafirlukast,5717.0,CC1=CC=CC=C1S(=O)(=O)NC(=O)C2=CC(=C(C=C2)CC3=CN(C4=C3C=C(C=C4)NC(=O)OC5CCCC5)C)OC,575.7,5.5,124.0,2.0,6.0,9.0,PubChem,Available
3135,Zalcitabine,24066.0,C1CC(OC1CO)N2C=CC(=NC2=O)N,211.22,-1.3,88.2,2.0,3.0,2.0,PubChem,Available
3136,Zaleplon,5719.0,CCN(C1=CC=CC(=C1)C2=CC=NC3=C(C=NN23)C#N)C(=O)C,305.33,1.0,74.3,0.0,4.0,3.0,PubChem,Available
3137,Zaltoprofen,5720.0,CC(C1=CC2=C(C=C1)SC3=CC=CC=C3C(=O)C2)C(=O)O,298.4,3.5,79.7,1.0,4.0,2.0,PubChem,Available
3138,Zanamivir,60855.0,CC(=O)NC1C(C=C(OC1C(C(CO)O)O)C(=O)O)N=C(N)N,332.31,-3.2,201.0,7.0,8.0,6.0,PubChem,Available
3139,Zanubrutinib,135565884.0,C=CC(=O)N1CCC(CC1)C2CCNC3=C(C(=NN23)C4=CC=C(C=C4)OC5=CC=CC=C5)C(=O)N,471.5,3.5,102.0,2.0,5.0,6.0,PubChem,Available
3140,Zavegepant,53472683.0,CC1=CC(=CC2=C1NN=C2)CC(C(=O)N3CCN(CC3)C4CCN(CC4)C)NC(=O)N5CCC(CC5)C6=CC7=CC=CC=C7NC6=O,638.8,3.1,117.0,3.0,6.0,6.0,PubChem,Available
3141,Zelavespib,9549213.0,CC(C)NCCCN1C2=NC=NC(=C2N=C1SC3=C(C=C4C(=C3)OCO4)I)N,512.4,3.2,125.0,2.0,8.0,7.0,PubChem,Available
3142,Zeranol,2999413.0,CC1CCCC(CCCCCC2=C(C(=CC(=C2)O)O)C(=O)O1)O,322.4,4.3,87.0,3.0,5.0,0.0,PubChem,Available
3143,Zidovudine,35370.0,CC1=CN(C(=O)NC1=O)C2CC(C(O2)CO)N=[N+]=[N-],267.24,0.0,93.2,2.0,6.0,3.0,PubChem,Available
3144,Zileuton,60490.0,CC(C1=CC2=CC=CC=C2S1)N(C(=O)N)O,236.29,1.6,94.8,2.0,3.0,2.0,PubChem,Available
3145,Zilucoplan,133083018.0,CCCCCCCCCCCCCCCC(=O)NC(CCC(=O)NCCOCCOCCOCCOCCOCCOCCOCCOCCOCCOCCOCCOCCOCCOCCOCCOCCOCCOCCOCCOCCOCCOCCOCCOCCC(=O)NCCCCC(C(=O)O)NC(=O)C(C1CCCCC1)NC(=O)C2CCCN2C(=O)C(CC3=CC=C(C=C3)O)NC(=O)C(CCC(=O)O)NC(=O)C(CC4=CNC5=C4C=CC=N5)NC(=O)C(CC6=CC=C(C=C6)O)NC(=O)C(C(C)(C)C)NC(=O)C(CC(=O)O)N(C)C(=O)C7CC(=O)NCCCCC(C(=O)NC(C(=O)NC(C(=O)NC(C(=O)NC(C(=O)N7)CC8=CC=CC=C8)CCCNC(=N)N)CCC(=O)O)C(C)C)NC(=O)C)C(=O)O,3562.0,4.8,1070.0,28.0,57.0,142.0,PubChem,Available
3146,Zimelidine,5365247.0,CN(C)CC=C(C1=CC=C(C=C1)Br)C2=CN=CC=C2,317.22,3.9,16.1,0.0,2.0,4.0,PubChem,Available
3147,Zinc,23994.0,[Zn],65.4,,0.0,0.0,0.0,0.0,PubChem,Available
3148,Zinc Substituted Heme C,6323369.0,CC=C1C(=C2C=C3C(=CC)C(=C([N-]3)C=C4C(=C(C(=CC5=C(C(=C([N-]5)C=C1[N-]2)C)CCC(=O)O)[N-]4)CCC(=O)O)C)C)C.[Zn],628.0,,78.6,2.0,8.0,6.0,PubChem,Available
3149,Zinc cation,32051.0,[Zn+2],65.4,,0.0,0.0,0.0,0.0,PubChem,Available
3150,Zinc oxide,3007857.0,[O-2].[Zn+2],81.4,,1.0,0.0,1.0,0.0,PubChem,Available
3151,Ziprasidone,60854.0,C1CN(CCN1CCC2=C(C=C3C(=C2)CC(=O)N3)Cl)C4=NSC5=CC=CC=C54,412.9,4.0,76.7,1.0,5.0,4.0,PubChem,Available
3152,Zofenopril,92400.0,CC(CSC(=O)C1=CC=CC=C1)C(=O)N2CC(CC2C(=O)O)SC3=CC=CC=C3,429.6,4.4,125.0,1.0,6.0,8.0,PubChem,Available
3153,Zolazepam,35775.0,CC1=NN(C2=C1C(=NCC(=O)N2C)C3=CC=CC=C3F)C,286.3,1.7,50.5,0.0,4.0,1.0,PubChem,Available
3154,"Zoledronate D,L-Lysine Monohydrate",91826755.0,C1=CN(C=N1)CC(O)(P(=O)(O)O)P(=O)(O)O.C(CCN)CC(C(=O)O)N.O,436.29,,243.0,9.0,13.0,9.0,PubChem,Available
3155,Zolmitriptan,60857.0,CN(C)CCC1=CNC2=C1C=C(C=C2)CC3COC(=O)N3,287.36,2.2,57.4,2.0,3.0,5.0,PubChem,Available
3156,Zolpidem,5732.0,CC1=CC=C(C=C1)C2=C(N3C=C(C=CC3=N2)C)CC(=O)N(C)C,307.4,2.5,37.6,0.0,2.0,3.0,PubChem,Available
3157,Zomepirac,5733.0,CC1=C(N(C(=C1)CC(=O)O)C)C(=O)C2=CC=C(C=C2)Cl,291.73,2.8,59.3,1.0,3.0,4.0,PubChem,Available
3158,Zonisamide,5734.0,C1=CC=C2C(=C1)C(=NO2)CS(=O)(=O)N,212.23,0.2,94.6,1.0,5.0,2.0,PubChem,Available
3159,Zorubicin,57164040.0,CC1C(C(CC(O1)OC2CC(CC3=C2C(=C4C(=C3O)C(=O)C5=C(C4=O)C(=CC=C5)OC)O)(C(=NNC(=O)C6=CC=CC=C6)C)O)N)O,645.7,3.8,210.0,6.0,12.0,6.0,PubChem,Available
3160,Zosuquidar,3036703.0,C1CN(CCN1CC(COC2=CC=CC3=C2C=CC=N3)O)C4C5=CC=CC=C5C6C(C6(F)F)C7=CC=CC=C47,527.6,4.9,48.8,1.0,7.0,6.0,PubChem,Available
3161,Zotepine,5736.0,CN(C)CCOC1=CC2=CC=CC=C2SC3=C1C=C(C=C3)Cl,331.9,4.8,37.8,0.0,3.0,4.0,PubChem,Available
3162,Zuranolone,86294073.0,CC1(CCC2C(C1)CCC3C2CCC4(C3CCC4C(=O)CN5C=C(C=N5)C#N)C)O,409.6,4.5,78.9,1.0,4.0,3.0,PubChem,Available
3163,beta-D-Galactosamine,449462.0,C(C1C(C(C(C(O1)O)N)O)O)O,179.17,-2.8,116.0,5.0,6.0,1.0,PubChem,Available
3164,beta-Isosparteine,168213.0,C1CCN2CC3CC(C2C1)CN4C3CCCC4,234.38,2.5,6.5,0.0,2.0,0.0,PubChem,Available
3165,beta-Naphthoflavone,2361.0,C1=CC=C(C=C1)C2=CC(=O)C3=C(O2)C=CC4=CC=CC=C43,272.3,4.4,26.3,0.0,2.0,1.0,PubChem,Available
3166,cis-Diamminechlorocholylglycinateplatinum(II),154095.0,CC(CCC(=O)NCC(=O)[O-])C1CCC2C1(C(CC3C2C(CC4C3(CCC(C4)O)C)O)O)C.N.N.[Cl-].[Pt+2],729.2,,132.0,6.0,9.0,5.0,PubChem,Available
3167,gamma-Hydroxybutyric acid,10413.0,C(CC(=O)O)CO,104.1,-0.6,57.5,2.0,3.0,3.0,PubChem,Available
3168,m-Chlorophenylpiperazine,1355.0,C1CN(CCN1)C2=CC(=CC=C2)Cl,196.67,1.7,15.3,1.0,2.0,1.0,PubChem,Available
3169,trans-2-hydroxycinnamic acid,637540.0,C1=CC=C(C(=C1)C=CC(=O)O)O,164.16,1.5,57.5,2.0,3.0,2.0,PubChem,Available
